  0
SECTION
  2
HEADER
  9
$ACADVER
  1
AC1024
  9
$ACADMAINTVER
 70
6
  9
$DWGCODEPAGE
  3
ANSI_1252
  9
$LASTSAVEDBY
  1
ezdxf
  9
$INSBASE
 10
0.0
 20
0.0
 30
0.0
  9
$EXTMIN
 10
1e+20
 20
1e+20
 30
1e+20
  9
$EXTMAX
 10
-1e+20
 20
-1e+20
 30
-1e+20
  9
$LIMMIN
 10
0.0
 20
0.0
  9
$LIMMAX
 10
420.0
 20
297.0
  9
$ORTHOMODE
 70
0
  9
$REGENMODE
 70
1
  9
$FILLMODE
 70
1
  9
$QTEXTMODE
 70
0
  9
$MIRRTEXT
 70
1
  9
$LTSCALE
 40
1.0
  9
$ATTMODE
 70
1
  9
$TEXTSIZE
 40
2.5
  9
$TRACEWID
 40
1.0
  9
$TEXTSTYLE
  7
Standard
  9
$CLAYER
  8
0
  9
$CELTYPE
  6
ByLayer
  9
$CECOLOR
 62
256
  9
$CELTSCALE
 40
1.0
  9
$DISPSILH
 70
0
  9
$DIMSCALE
 40
1.0
  9
$DIMASZ
 40
2.5
  9
$DIMEXO
 40
0.625
  9
$DIMDLI
 40
3.75
  9
$DIMRND
 40
0.0
  9
$DIMDLE
 40
0.0
  9
$DIMEXE
 40
1.25
  9
$DIMTP
 40
0.0
  9
$DIMTM
 40
0.0
  9
$DIMTXT
 40
2.5
  9
$DIMCEN
 40
2.5
  9
$DIMTSZ
 40
0.0
  9
$DIMTOL
 70
0
  9
$DIMLIM
 70
0
  9
$DIMTIH
 70
0
  9
$DIMTOH
 70
0
  9
$DIMSE1
 70
0
  9
$DIMSE2
 70
0
  9
$DIMTAD
 70
1
  9
$DIMZIN
 70
8
  9
$DIMBLK
  1

  9
$DIMASO
 70
1
  9
$DIMSHO
 70
1
  9
$DIMPOST
  1

  9
$DIMAPOST
  1

  9
$DIMALT
 70
0
  9
$DIMALTD
 70
3
  9
$DIMALTF
 40
0.03937007874
  9
$DIMLFAC
 40
1.0
  9
$DIMTOFL
 70
1
  9
$DIMTVP
 40
0.0
  9
$DIMTIX
 70
0
  9
$DIMSOXD
 70
0
  9
$DIMSAH
 70
0
  9
$DIMBLK1
  1

  9
$DIMBLK2
  1

  9
$DIMSTYLE
  2
ISO-25
  9
$DIMCLRD
 70
0
  9
$DIMCLRE
 70
0
  9
$DIMCLRT
 70
0
  9
$DIMTFAC
 40
1.0
  9
$DIMGAP
 40
0.625
  9
$DIMJUST
 70
0
  9
$DIMSD1
 70
0
  9
$DIMSD2
 70
0
  9
$DIMTOLJ
 70
0
  9
$DIMTZIN
 70
8
  9
$DIMALTZ
 70
0
  9
$DIMALTTZ
 70
0
  9
$DIMUPT
 70
0
  9
$DIMDEC
 70
2
  9
$DIMTDEC
 70
2
  9
$DIMALTU
 70
2
  9
$DIMALTTD
 70
3
  9
$DIMTXSTY
  7
Standard
  9
$DIMAUNIT
 70
0
  9
$DIMADEC
 70
0
  9
$DIMALTRND
 40
0.0
  9
$DIMAZIN
 70
0
  9
$DIMDSEP
 70
44
  9
$DIMATFIT
 70
3
  9
$DIMFRAC
 70
0
  9
$DIMLDRBLK
  1

  9
$DIMLUNIT
 70
2
  9
$DIMLWD
 70
-2
  9
$DIMLWE
 70
-2
  9
$DIMTMOVE
 70
0
  9
$DIMFXL
 40
1.0
  9
$DIMFXLON
 70
0
  9
$DIMJOGANG
 40
0.785398163397
  9
$DIMTFILL
 70
0
  9
$DIMTFILLCLR
 70
0
  9
$DIMARCSYM
 70
0
  9
$DIMLTYPE
  6

  9
$DIMLTEX1
  6

  9
$DIMLTEX2
  6

  9
$DIMTXTDIRECTION
 70
0
  9
$LUNITS
 70
2
  9
$LUPREC
 70
4
  9
$SKETCHINC
 40
1.0
  9
$FILLETRAD
 40
10.0
  9
$AUNITS
 70
0
  9
$AUPREC
 70
2
  9
$MENU
  1
.
  9
$ELEVATION
 40
0.0
  9
$PELEVATION
 40
0.0
  9
$THICKNESS
 40
0.0
  9
$LIMCHECK
 70
0
  9
$CHAMFERA
 40
0.0
  9
$CHAMFERB
 40
0.0
  9
$CHAMFERC
 40
0.0
  9
$CHAMFERD
 40
0.0
  9
$SKPOLY
 70
0
  9
$TDCREATE
 40
2461291.368923611
  9
$TDUCREATE
 40
2458532.153996898
  9
$TDUPDATE
 40
2461291.368923611
  9
$TDUUPDATE
 40
2458532.1544311
  9
$TDINDWG
 40
0.0
  9
$TDUSRTIMER
 40
0.0
  9
$USRTIMER
 70
1
  9
$ANGBASE
 50
0.0
  9
$ANGDIR
 70
0
  9
$PDMODE
 70
0
  9
$PDSIZE
 40
0.0
  9
$PLINEWID
 40
0.0
  9
$SPLFRAME
 70
0
  9
$SPLINETYPE
 70
6
  9
$SPLINESEGS
 70
8
  9
$HANDSEED
  5
872
  9
$SURFTAB1
 70
6
  9
$SURFTAB2
 70
6
  9
$SURFTYPE
 70
6
  9
$SURFU
 70
6
  9
$SURFV
 70
6
  9
$UCSBASE
  2

  9
$UCSNAME
  2

  9
$UCSORG
 10
0.0
 20
0.0
 30
0.0
  9
$UCSXDIR
 10
1.0
 20
0.0
 30
0.0
  9
$UCSYDIR
 10
0.0
 20
1.0
 30
0.0
  9
$UCSORTHOREF
  2

  9
$UCSORTHOVIEW
 70
0
  9
$UCSORGTOP
 10
0.0
 20
0.0
 30
0.0
  9
$UCSORGBOTTOM
 10
0.0
 20
0.0
 30
0.0
  9
$UCSORGLEFT
 10
0.0
 20
0.0
 30
0.0
  9
$UCSORGRIGHT
 10
0.0
 20
0.0
 30
0.0
  9
$UCSORGFRONT
 10
0.0
 20
0.0
 30
0.0
  9
$UCSORGBACK
 10
0.0
 20
0.0
 30
0.0
  9
$PUCSBASE
  2

  9
$PUCSNAME
  2

  9
$PUCSORG
 10
0.0
 20
0.0
 30
0.0
  9
$PUCSXDIR
 10
1.0
 20
0.0
 30
0.0
  9
$PUCSYDIR
 10
0.0
 20
1.0
 30
0.0
  9
$PUCSORTHOREF
  2

  9
$PUCSORTHOVIEW
 70
0
  9
$PUCSORGTOP
 10
0.0
 20
0.0
 30
0.0
  9
$PUCSORGBOTTOM
 10
0.0
 20
0.0
 30
0.0
  9
$PUCSORGLEFT
 10
0.0
 20
0.0
 30
0.0
  9
$PUCSORGRIGHT
 10
0.0
 20
0.0
 30
0.0
  9
$PUCSORGFRONT
 10
0.0
 20
0.0
 30
0.0
  9
$PUCSORGBACK
 10
0.0
 20
0.0
 30
0.0
  9
$USERI1
 70
0
  9
$USERI2
 70
0
  9
$USERI3
 70
0
  9
$USERI4
 70
0
  9
$USERI5
 70
0
  9
$USERR1
 40
0.0
  9
$USERR2
 40
0.0
  9
$USERR3
 40
0.0
  9
$USERR4
 40
0.0
  9
$USERR5
 40
0.0
  9
$WORLDVIEW
 70
1
  9
$SHADEDGE
 70
3
  9
$SHADEDIF
 70
70
  9
$TILEMODE
 70
1
  9
$MAXACTVP
 70
64
  9
$PINSBASE
 10
0.0
 20
0.0
 30
0.0
  9
$PLIMCHECK
 70
0
  9
$PEXTMIN
 10
1e+20
 20
1e+20
 30
1e+20
  9
$PEXTMAX
 10
-1e+20
 20
-1e+20
 30
-1e+20
  9
$PLIMMIN
 10
0.0
 20
0.0
  9
$PLIMMAX
 10
420.0
 20
297.0
  9
$UNITMODE
 70
0
  9
$VISRETAIN
 70
1
  9
$PLINEGEN
 70
0
  9
$PSLTSCALE
 70
1
  9
$TREEDEPTH
 70
3020
  9
$CMLSTYLE
  2
Standard
  9
$CMLJUST
 70
0
  9
$CMLSCALE
 40
20.0
  9
$PROXYGRAPHICS
 70
1
  9
$MEASUREMENT
 70
1
  9
$CELWEIGHT
370
-1
  9
$ENDCAPS
280
0
  9
$JOINSTYLE
280
0
  9
$LWDISPLAY
290
0
  9
$INSUNITS
 70
4
  9
$HYPERLINKBASE
  1

  9
$STYLESHEET
  1

  9
$XEDIT
290
1
  9
$CEPSNTYPE
380
0
  9
$PSTYLEMODE
290
1
  9
$FINGERPRINTGUID
  2
{6C8ACA3E-B101-4AA6-AE2E-B00DE53674EE}
  9
$VERSIONGUID
  2
{17D50AAC-D664-45F9-B53C-8A08980A5B9C}
  9
$EXTNAMES
290
1
  9
$PSVPSCALE
 40
0.0
  9
$OLESTARTUP
290
0
  9
$SORTENTS
280
127
  9
$INDEXCTL
280
0
  9
$HIDETEXT
280
1
  9
$XCLIPFRAME
280
1
  9
$HALOGAP
280
0
  9
$OBSCOLOR
 70
257
  9
$OBSLTYPE
280
0
  9
$INTERSECTIONDISPLAY
280
0
  9
$INTERSECTIONCOLOR
 70
257
  9
$DIMASSOC
280
2
  9
$PROJECTNAME
  1

  9
$CAMERADISPLAY
290
0
  9
$LENSLENGTH
 40
50.0
  9
$CAMERAHEIGHT
 40
0.0
  9
$STEPSPERSEC
 40
24.0
  9
$STEPSIZE
 40
100.0
  9
$3DDWFPREC
 40
2.0
  9
$PSOLWIDTH
 40
0.005
  9
$PSOLHEIGHT
 40
0.08
  9
$LOFTANG1
 40
1.570796326795
  9
$LOFTANG2
 40
1.570796326795
  9
$LOFTMAG1
 40
0.0
  9
$LOFTMAG2
 40
0.0
  9
$LOFTPARAM
 70
7
  9
$LOFTNORMALS
280
1
  9
$LATITUDE
 40
37.795
  9
$LONGITUDE
 40
-122.394
  9
$NORTHDIRECTION
 40
0.0
  9
$TIMEZONE
 70
-8000
  9
$LIGHTGLYPHDISPLAY
280
1
  9
$TILEMODELIGHTSYNCH
280
1
  9
$CMATERIAL
347
20
  9
$SOLIDHIST
280
0
  9
$SHOWHIST
280
1
  9
$DWFFRAME
280
2
  9
$DGNFRAME
280
2
  9
$REALWORLDSCALE
290
1
  9
$INTERFERECOLOR
 62
256
  9
$CSHADOW
280
0
  9
$SHADOWPLANELOCATION
 40
0.0
  0
ENDSEC
  0
SECTION
  2
CLASSES
  0
CLASS
  1
ACDBDICTIONARYWDFLT
  2
AcDbDictionaryWithDefault
  3
ObjectDBX Classes
 90
0
 91
0
280
0
281
0
  0
CLASS
  1
SUN
  2
AcDbSun
  3
SCENEOE
 90
1153
 91
0
280
0
281
0
  0
CLASS
  1
VISUALSTYLE
  2
AcDbVisualStyle
  3
ObjectDBX Classes
 90
4095
 91
0
280
0
281
0
  0
CLASS
  1
MATERIAL
  2
AcDbMaterial
  3
ObjectDBX Classes
 90
1153
 91
0
280
0
281
0
  0
CLASS
  1
SCALE
  2
AcDbScale
  3
ObjectDBX Classes
 90
1153
 91
0
280
0
281
0
  0
CLASS
  1
TABLESTYLE
  2
AcDbTableStyle
  3
ObjectDBX Classes
 90
4095
 91
0
280
0
281
0
  0
CLASS
  1
MLEADERSTYLE
  2
AcDbMLeaderStyle
  3
ACDB_MLEADERSTYLE_CLASS
 90
4095
 91
0
280
0
281
0
  0
CLASS
  1
DICTIONARYVAR
  2
AcDbDictionaryVar
  3
ObjectDBX Classes
 90
0
 91
0
280
0
281
0
  0
CLASS
  1
CELLSTYLEMAP
  2
AcDbCellStyleMap
  3
ObjectDBX Classes
 90
1152
 91
0
280
0
281
0
  0
CLASS
  1
MENTALRAYRENDERSETTINGS
  2
AcDbMentalRayRenderSettings
  3
SCENEOE
 90
1024
 91
0
280
0
281
0
  0
CLASS
  1
ACDBDETAILVIEWSTYLE
  2
AcDbDetailViewStyle
  3
ObjectDBX Classes
 90
1025
 91
0
280
0
281
0
  0
CLASS
  1
ACDBSECTIONVIEWSTYLE
  2
AcDbSectionViewStyle
  3
ObjectDBX Classes
 90
1025
 91
0
280
0
281
0
  0
CLASS
  1
RASTERVARIABLES
  2
AcDbRasterVariables
  3
ISM
 90
0
 91
0
280
0
281
0
  0
CLASS
  1
ACDBPLACEHOLDER
  2
AcDbPlaceHolder
  3
ObjectDBX Classes
 90
0
 91
0
280
0
281
0
  0
CLASS
  1
LAYOUT
  2
AcDbLayout
  3
ObjectDBX Classes
 90
0
 91
0
280
0
281
0
  0
ENDSEC
  0
SECTION
  2
TABLES
  0
TABLE
  2
VPORT
  5
8
330
0
100
AcDbSymbolTable
 70
1
  0
VPORT
  5
23
330
8
100
AcDbSymbolTableRecord
100
AcDbViewportTableRecord
  2
*Active
 70
0
 10
0.0
 20
0.0
 11
1.0
 21
1.0
 12
0.0
 22
0.0
 13
0.0
 23
0.0
 14
0.5
 24
0.5
 15
0.5
 25
0.5
 16
0.0
 26
0.0
 36
1.0
 17
0.0
 27
0.0
 37
0.0
 40
1000.0
 41
1.34
 42
50.0
 43
0.0
 44
0.0
 50
0.0
 51
0.0
 71
0
 72
1000
 73
1
 74
3
 75
0
 76
0
 77
0
 78
0
281
0
 65
0
146
0.0
  0
ENDTAB
  0
TABLE
  2
LTYPE
  5
2
330
0
100
AcDbSymbolTable
 70
3
  0
LTYPE
  5
24
330
2
100
AcDbSymbolTableRecord
100
AcDbLinetypeTableRecord
  2
ByBlock
 70
0
  3

 72
65
 73
0
 40
0.0
  0
LTYPE
  5
25
330
2
100
AcDbSymbolTableRecord
100
AcDbLinetypeTableRecord
  2
ByLayer
 70
0
  3

 72
65
 73
0
 40
0.0
  0
LTYPE
  5
26
330
2
100
AcDbSymbolTableRecord
100
AcDbLinetypeTableRecord
  2
Continuous
 70
0
  3

 72
65
 73
0
 40
0.0
  0
ENDTAB
  0
TABLE
  2
LAYER
  5
1
330
0
100
AcDbSymbolTable
 70
5
  0
LAYER
  5
27
330
1
100
AcDbSymbolTableRecord
100
AcDbLayerTableRecord
  2
0
 70
0
 62
7
  6
Continuous
370
-3
390
13
347
21
  0
LAYER
  5
28
330
1
100
AcDbSymbolTableRecord
100
AcDbLayerTableRecord
  2
Defpoints
 70
0
 62
7
  6
Continuous
290
0
370
-3
390
13
347
21
  0
LAYER
  5
2F
330
1
100
AcDbSymbolTableRecord
100
AcDbLayerTableRecord
  2
CUT
 70
0
 62
1
  6
Continuous
370
-3
390
13
347
21
  0
LAYER
  5
131
330
1
100
AcDbSymbolTableRecord
100
AcDbLayerTableRecord
  2
ENGRAVE
 70
0
 62
5
  6
Continuous
370
-3
390
13
347
21
  0
LAYER
  5
215
330
1
100
AcDbSymbolTableRecord
100
AcDbLayerTableRecord
  2
LABELS
 70
0
 62
8
  6
Continuous
370
-3
390
13
347
21
  0
ENDTAB
  0
TABLE
  2
STYLE
  5
5
330
0
100
AcDbSymbolTable
 70
1
  0
STYLE
  5
29
330
5
100
AcDbSymbolTableRecord
100
AcDbTextStyleTableRecord
  2
Standard
 70
0
 40
0.0
 41
1.0
 50
0.0
 71
0
 42
2.5
  3
txt
  4

  0
ENDTAB
  0
TABLE
  2
VIEW
  5
7
330
0
100
AcDbSymbolTable
 70
0
  0
ENDTAB
  0
TABLE
  2
UCS
  5
6
330
0
100
AcDbSymbolTable
 70
0
  0
ENDTAB
  0
TABLE
  2
APPID
  5
3
330
0
100
AcDbSymbolTable
 70
3
  0
APPID
  5
2A
330
3
100
AcDbSymbolTableRecord
100
AcDbRegAppTableRecord
  2
ACAD
 70
0
  0
APPID
  5
86F
330
3
100
AcDbSymbolTableRecord
100
AcDbRegAppTableRecord
  2
HATCHBACKGROUNDCOLOR
 70
0
  0
APPID
  5
870
330
3
100
AcDbSymbolTableRecord
100
AcDbRegAppTableRecord
  2
EZDXF
 70
0
  0
ENDTAB
  0
TABLE
  2
DIMSTYLE
  5
4
330
0
100
AcDbSymbolTable
 70
1
100
AcDbDimStyleTable
  0
DIMSTYLE
105
2B
330
4
100
AcDbSymbolTableRecord
100
AcDbDimStyleTableRecord
  2
Standard
 70
0
 40
1.0
 41
2.5
 42
0.625
 43
3.75
 44
1.25
 45
0.0
 46
0.0
 47
0.0
 48
0.0
 49
2.5
140
2.5
141
2.5
142
0.0
143
0.03937007874
144
1.0
145
0.0
146
1.0
147
0.625
148
0.0
 69
0
 70
0
 71
0
 72
0
 73
0
 74
0
 75
0
 76
0
 77
1
 78
8
 79
3
170
0
171
3
172
1
173
0
174
0
175
0
176
0
177
0
178
0
179
2
271
2
272
2
273
2
274
3
275
0
276
0
277
2
278
44
279
0
280
0
281
0
282
0
283
0
284
8
285
0
286
0
288
0
289
3
290
0
371
-2
372
-2
  0
ENDTAB
  0
TABLE
  2
BLOCK_RECORD
  5
9
330
0
100
AcDbSymbolTable
 70
2
  0
BLOCK_RECORD
  5
17
330
9
100
AcDbSymbolTableRecord
100
AcDbBlockTableRecord
  2
*Model_Space
340
1A
 70
0
280
1
281
0
  0
BLOCK_RECORD
  5
1B
330
9
100
AcDbSymbolTableRecord
100
AcDbBlockTableRecord
  2
*Paper_Space
340
1E
 70
0
280
1
281
0
  0
ENDTAB
  0
ENDSEC
  0
SECTION
  2
BLOCKS
  0
BLOCK
  5
18
330
17
100
AcDbEntity
  8
0
100
AcDbBlockBegin
  2
*Model_Space
 70
0
 10
0.0
 20
0.0
 30
0.0
  3
*Model_Space
  1

  0
ENDBLK
  5
19
330
17
100
AcDbEntity
  8
0
100
AcDbBlockEnd
  0
BLOCK
  5
1C
330
1B
100
AcDbEntity
  8
0
100
AcDbBlockBegin
  2
*Paper_Space
 70
0
 10
0.0
 20
0.0
 30
0.0
  3
*Paper_Space
  1

  0
ENDBLK
  5
1D
330
1B
100
AcDbEntity
  8
0
100
AcDbBlockEnd
  0
ENDSEC
  0
SECTION
  2
ENTITIES
  0
LWPOLYLINE
  5
30
330
17
100
AcDbEntity
  8
CUT
100
AcDbPolyline
 90
204
 70
1
 10
8.00000000000001
 20
96.32709012191997
 10
8.00000000000001
 20
96.45209012191997
 10
8.00000000000001
 20
106.52709012191997
 10
8.025000000000016
 20
106.52709012191997
 10
8.025000000000016
 20
118.43428907479955
 10
8.00000000000001
 20
118.43428907479955
 10
8.00000000000001
 20
128.50928907479954
 10
8.00000000000001
 20
128.63428907479954
 10
8.00000000000001
 20
138.70928907479953
 10
8.025000000000016
 20
138.70928907479953
 10
8.025000000000016
 20
151.68036237322883
 10
8.00000000000001
 20
151.68036237322883
 10
8.00000000000001
 20
166.80536237322883
 10
8.025000000000016
 20
166.80536237322883
 10
8.025000000000016
 20
169.33088593343825
 10
8.00000000000001
 20
169.33088593343825
 10
8.00000000000001
 20
184.45588593343828
 10
8.025000000000016
 20
184.45588593343828
 10
8.025000000000016
 20
204.91576813239118
 10
8.00000000000001
 20
204.91576813239118
 10
8.00000000000001
 20
215.11576813239114
 10
8.025000000000016
 20
215.11576813239114
 10
8.025000000000016
 20
215.49076813239114
 10
12.53815445026181
 20
215.49076813239114
 10
12.53815445026181
 20
217.07826813239114
 10
12.91315445026181
 20
217.07826813239114
 10
12.91315445026181
 20
217.10326813239115
 10
23.1131544502618
 20
217.10326813239115
 10
23.1131544502618
 20
217.07826813239114
 10
72.33933246073299
 20
217.07826813239114
 10
72.33933246073299
 20
217.10326813239115
 10
82.53933246073298
 20
217.10326813239115
 10
82.53933246073298
 20
217.07826813239114
 10
88.6070462478185
 20
217.07826813239114
 10
88.6070462478185
 20
217.10326813239115
 10
98.80704624781849
 20
217.10326813239115
 10
98.80704624781849
 20
217.07826813239114
 10
106.96531413612568
 20
217.07826813239114
 10
106.96531413612568
 20
241.5777445721817
 10
106.94031413612568
 20
241.5777445721817
 10
106.94031413612568
 20
251.7777445721817
 10
106.96531413612568
 20
251.7777445721817
 10
106.96531413612568
 20
252.1527445721817
 10
108.55281413612569
 20
252.1527445721817
 10
108.55281413612569
 20
255.3777445721817
 10
108.92781413612569
 20
255.3777445721817
 10
108.92781413612569
 20
255.40274457218172
 10
119.12781413612568
 20
255.40274457218172
 10
119.12781413612568
 20
255.3777445721817
 10
169.36027486910996
 20
255.3777445721817
 10
169.36027486910996
 20
255.40274457218172
 10
179.56027486910995
 20
255.40274457218172
 10
179.56027486910995
 20
255.3777445721817
 10
229.7927356020942
 20
255.3777445721817
 10
229.7927356020942
 20
255.40274457218172
 10
239.99273560209423
 20
255.40274457218172
 10
239.99273560209423
 20
255.3777445721817
 10
240.36773560209423
 20
255.3777445721817
 10
240.36773560209423
 20
252.1527445721817
 10
241.95523560209423
 20
252.1527445721817
 10
241.95523560209423
 20
251.7777445721817
 10
241.98023560209424
 20
251.7777445721817
 10
241.98023560209424
 20
241.5777445721817
 10
241.95523560209423
 20
241.5777445721817
 10
241.95523560209423
 20
179.68435451982572
 10
241.98023560209424
 20
179.68435451982572
 10
241.98023560209424
 20
174.28232572401419
 10
248.65451570680628
 20
174.28232572401419
 10
248.65451570680628
 20
174.25732572401418
 10
296.82814136125654
 20
174.25732572401418
 10
296.82814136125654
 20
177.9846153846154
 10
268.05690010251527
 20
177.9846153846154
 10
268.05690010251527
 20
179.15681818181818
 10
266.43190010251527
 20
179.15681818181818
 10
266.43190010251527
 20
186.53181818181818
 10
284.0920399626551
 20
186.53181818181818
 10
284.0920399626551
 20
184.52902097902094
 10
291.33749450810967
 20
184.52902097902094
 10
291.33749450810967
 20
186.53181818181818
 10
301.53749450810966
 20
186.53181818181818
 10
301.53749450810966
 20
180.29763986013984
 10
301.9781413612565
 20
180.29763986013984
 10
301.9781413612565
 20
174.25732572401418
 10
311.71106020942403
 20
174.25732572401418
 10
311.71106020942403
 20
174.28232572401419
 10
321.9110602094241
 20
174.28232572401419
 10
321.9110602094241
 20
174.25732572401418
 10
322.2860602094241
 20
174.25732572401418
 10
322.2860602094241
 20
171.03232572401416
 10
324.93743455497383
 20
171.03232572401416
 10
324.93743455497383
 20
170.65732572401416
 10
324.9624345549738
 20
170.65732572401416
 10
324.9624345549738
 20
160.45732572401417
 10
324.93743455497383
 20
160.45732572401417
 10
324.93743455497383
 20
98.81400111668437
 10
324.9624345549738
 20
98.81400111668437
 10
324.9624345549738
 20
92.36400111668436
 10
330.5728403141361
 20
92.36400111668436
 10
330.5728403141361
 20
92.33900111668437
 10
335.3185209424084
 20
92.33900111668437
 10
335.3185209424084
 20
89.11400111668436
 10
337.70392670157065
 20
89.11400111668436
 10
337.70392670157065
 20
89.08900111668436
 10
337.7289267015707
 20
89.08900111668436
 10
337.7289267015707
 20
83.68900111668435
 10
337.70392670157065
 20
83.68900111668435
 10
337.70392670157065
 20
68.66295399626551
 10
337.7289267015707
 20
68.66295399626551
 10
337.7289267015707
 20
63.26295399626551
 10
337.70392670157065
 20
63.26295399626551
 10
337.70392670157065
 20
63.2379539962655
 10
335.3185209424084
 20
63.2379539962655
 10
335.3185209424084
 20
60.01295399626551
 10
330.5728403141361
 20
60.01295399626551
 10
330.5728403141361
 20
59.98795399626552
 10
324.9624345549738
 20
59.98795399626552
 10
324.9624345549738
 20
53.537953996265514
 10
324.93743455497383
 20
53.537953996265514
 10
324.93743455497383
 20
49.60981263500898
 10
324.9624345549738
 20
49.60981263500898
 10
324.9624345549738
 20
39.534812635008976
 10
324.9624345549738
 20
39.409812635008976
 10
324.9624345549738
 20
29.334812635008973
 10
324.93743455497383
 20
29.334812635008973
 10
324.93743455497383
 20
27.49273148317651
 10
324.9624345549738
 20
27.49273148317651
 10
324.9624345549738
 20
17.29273148317651
 10
324.93743455497383
 20
17.29273148317651
 10
324.93743455497383
 20
16.91773148317651
 10
321.48815445026173
 20
16.91773148317651
 10
321.48815445026173
 20
14.266357137626771
 10
321.11315445026173
 20
14.266357137626771
 10
321.11315445026173
 20
14.241357137626771
 10
316.4156413612565
 20
14.241357137626771
 10
316.4156413612565
 20
11.08513986013986
 10
315.92490709552226
 20
11.08513986013986
 10
315.92490709552226
 20
8.90576923076923
 10
314.29990709552226
 20
8.90576923076923
 10
314.29990709552226
 20
7.999999999999999
 10
275.51703996265513
 20
7.999999999999999
 10
275.51703996265513
 20
8.90576923076923
 10
275.28982551044066
 20
8.90576923076923
 10
275.28982551044066
 20
14.266357137626771
 10
256.6335732984293
 20
14.266357137626771
 10
256.6335732984293
 20
14.241357137626771
 10
242.75314136125652
 20
14.241357137626771
 10
242.75314136125652
 20
14.033765514590122
 10
241.16564136125652
 20
14.033765514590122
 10
241.16564136125652
 20
10.808765514590121
 10
240.79064136125652
 20
10.808765514590121
 10
240.79064136125652
 20
10.783765514590122
 10
230.59064136125653
 20
10.783765514590122
 10
230.59064136125653
 20
10.808765514590121
 10
189.87545811518322
 20
10.808765514590121
 10
189.87545811518322
 20
10.783765514590122
 10
179.67545811518323
 20
10.783765514590122
 10
179.67545811518323
 20
10.808765514590121
 10
179.30045811518323
 20
10.808765514590121
 10
179.30045811518323
 20
14.033765514590122
 10
177.71295811518323
 20
14.033765514590122
 10
177.71295811518323
 20
14.396265514590121
 10
161.35281413612563
 20
14.396265514590121
 10
161.35281413612563
 20
27.69469483396185
 10
154.70359947643976
 20
27.69469483396185
 10
154.70359947643976
 20
42.69999588108226
 10
147.03076701570677
 20
42.69999588108226
 10
147.03076701570677
 20
42.724995881082265
 10
115.93619109947643
 20
42.724995881082265
 10
115.93619109947643
 20
42.69999588108226
 10
105.73619109947644
 20
42.69999588108226
 10
105.73619109947644
 20
42.724995881082265
 10
105.36119109947644
 20
42.724995881082265
 10
105.36119109947644
 20
45.94999588108226
 10
103.77369109947644
 20
45.94999588108226
 10
103.77369109947644
 20
46.32499588108226
 10
103.74869109947643
 20
46.32499588108226
 10
103.74869109947643
 20
49.083241954380696
 10
97.70294502617803
 20
49.083241954380696
 10
97.70294502617803
 20
49.10824195438069
 10
95.36001308900522
 20
49.10824195438069
 10
95.36001308900522
 20
49.083241954380696
 10
87.59613874345551
 20
49.083241954380696
 10
87.59613874345551
 20
49.10824195438069
 10
86.05111256544502
 20
49.10824195438069
 10
86.05111256544502
 20
49.083241954380696
 10
63.56236910994768
 20
49.083241954380696
 10
63.56236910994768
 20
49.10824195438069
 10
20.18750000000001
 20
49.10824195438069
 10
20.18750000000001
 20
49.083241954380696
 10
9.987500000000022
 20
49.083241954380696
 10
9.987500000000022
 20
49.10824195438069
 10
9.612500000000022
 20
49.10824195438069
 10
9.612500000000022
 20
52.33324195438068
 10
8.025000000000016
 20
52.33324195438068
 10
8.025000000000016
 20
52.70824195438068
 10
8.00000000000001
 20
52.70824195438068
 10
8.00000000000001
 20
62.908241954380685
 10
8.025000000000016
 20
62.908241954380685
 10
8.025000000000016
 20
70.26216865595137
 10
8.00000000000001
 20
70.26216865595137
 10
8.00000000000001
 20
80.46216865595139
 10
8.025000000000016
 20
80.46216865595139
 10
8.025000000000016
 20
86.25209012191996
 10
8.00000000000001
 20
86.25209012191996
  0
LWPOLYLINE
  5
31
330
17
100
AcDbEntity
  8
CUT
100
AcDbPolyline
 90
4
 70
1
 10
332.50392670157066
 20
86.93900111668435
 10
332.50392670157066
 20
85.83900111668436
 10
335.57892670157065
 20
85.83900111668436
 10
335.57892670157065
 20
86.93900111668435
  0
LWPOLYLINE
  5
32
330
17
100
AcDbEntity
  8
CUT
100
AcDbPolyline
 90
4
 70
1
 10
335.57892670157065
 20
66.51295399626551
 10
332.50392670157066
 20
66.51295399626551
 10
332.50392670157066
 20
65.41295399626551
 10
335.57892670157065
 20
65.41295399626551
  0
LWPOLYLINE
  5
33
330
17
100
AcDbEntity
  8
CUT
100
AcDbPolyline
 90
4
 70
1
 10
322.5228403141361
 20
90.21400111668436
 10
322.5228403141361
 20
87.13900111668437
 10
328.4228403141361
 20
87.13900111668437
 10
328.4228403141361
 20
90.21400111668436
  0
LWPOLYLINE
  5
34
330
17
100
AcDbEntity
  8
CUT
100
AcDbPolyline
 90
4
 70
1
 10
322.5228403141361
 20
65.21295399626551
 10
322.5228403141361
 20
62.13795399626552
 10
328.4228403141361
 20
62.13795399626552
 10
328.4228403141361
 20
65.21295399626551
  0
LWPOLYLINE
  5
35
330
17
100
AcDbEntity
  8
CUT
100
AcDbPolyline
 90
4
 70
1
 10
322.8124345549738
 20
168.50732572401418
 10
319.73743455497385
 20
168.50732572401418
 10
319.73743455497385
 20
162.60732572401415
 10
322.8124345549738
 20
162.60732572401415
  0
LWPOLYLINE
  5
36
330
17
100
AcDbEntity
  8
CUT
100
AcDbPolyline
 90
4
 70
1
 10
322.8124345549738
 20
96.66400111668436
 10
319.73743455497385
 20
96.66400111668436
 10
319.73743455497385
 20
90.76400111668437
 10
322.8124345549738
 20
90.76400111668437
  0
LWPOLYLINE
  5
37
330
17
100
AcDbEntity
  8
CUT
100
AcDbPolyline
 90
4
 70
1
 10
322.8124345549738
 20
66.51295399626551
 10
319.73743455497385
 20
66.51295399626551
 10
319.73743455497385
 20
65.41295399626551
 10
322.8124345549738
 20
65.41295399626551
  0
LWPOLYLINE
  5
38
330
17
100
AcDbEntity
  8
CUT
100
AcDbPolyline
 90
4
 70
1
 10
322.8124345549738
 20
37.38481263500897
 10
319.73743455497385
 20
37.38481263500897
 10
319.73743455497385
 20
31.48481263500897
 10
322.8124345549738
 20
31.48481263500897
  0
LWPOLYLINE
  5
39
330
17
100
AcDbEntity
  8
CUT
100
AcDbPolyline
 90
4
 70
1
 10
319.73743455497385
 20
86.93900111668435
 10
319.73743455497385
 20
85.83900111668436
 10
322.8124345549738
 20
85.83900111668436
 10
322.8124345549738
 20
86.93900111668435
  0
LWPOLYLINE
  5
3A
330
17
100
AcDbEntity
  8
CUT
100
AcDbPolyline
 90
4
 70
1
 10
319.73743455497385
 20
61.58795399626551
 10
319.73743455497385
 20
55.68795399626552
 10
322.8124345549738
 20
55.68795399626552
 10
322.8124345549738
 20
61.58795399626551
  0
LWPOLYLINE
  5
3B
330
17
100
AcDbEntity
  8
CUT
100
AcDbPolyline
 90
4
 70
1
 10
319.73743455497385
 20
47.45981263500897
 10
319.73743455497385
 20
41.55981263500897
 10
322.8124345549738
 20
41.55981263500897
 10
322.8124345549738
 20
47.45981263500897
  0
LWPOLYLINE
  5
3C
330
17
100
AcDbEntity
  8
CUT
100
AcDbPolyline
 90
4
 70
1
 10
319.73743455497385
 20
25.34273148317651
 10
319.73743455497385
 20
19.44273148317651
 10
322.8124345549738
 20
19.44273148317651
 10
322.8124345549738
 20
25.34273148317651
  0
LWPOLYLINE
  5
3D
330
17
100
AcDbEntity
  8
CUT
100
AcDbPolyline
 90
4
 70
1
 10
320.8249345549738
 20
41.00981263500897
 10
314.92493455497385
 20
41.00981263500897
 10
314.92493455497385
 20
37.93481263500897
 10
320.8249345549738
 20
37.93481263500897
  0
LWPOLYLINE
  5
3E
330
17
100
AcDbEntity
  8
CUT
100
AcDbPolyline
 90
4
 70
1
 10
313.86106020942407
 20
172.1323257240142
 10
313.86106020942407
 20
169.05732572401416
 10
319.76106020942404
 20
169.05732572401416
 10
319.76106020942404
 20
172.1323257240142
  0
LWPOLYLINE
  5
3F
330
17
100
AcDbEntity
  8
CUT
100
AcDbPolyline
 90
4
 70
1
 10
313.0631544502617
 20
19.466357137626773
 10
313.0631544502617
 20
16.39135713762677
 10
318.96315445026175
 20
16.39135713762677
 10
318.96315445026175
 20
19.466357137626773
  0
LWPOLYLINE
  5
40
330
17
100
AcDbEntity
  8
CUT
100
AcDbPolyline
 90
4
 70
1
 10
307.87490709552225
 20
14.13076923076923
 10
307.87490709552225
 20
11.055769230769231
 10
313.7749070955223
 20
11.055769230769231
 10
313.7749070955223
 20
14.13076923076923
  0
LWPOLYLINE
  5
41
330
17
100
AcDbEntity
  8
CUT
100
AcDbPolyline
 90
4
 70
1
 10
299.3835732984293
 20
41.00981263500897
 10
299.3835732984293
 20
37.93481263500897
 10
305.2835732984293
 20
37.93481263500897
 10
305.2835732984293
 20
41.00981263500897
  0
LWPOLYLINE
  5
42
330
17
100
AcDbEntity
  8
CUT
100
AcDbPolyline
 90
4
 70
1
 10
297.88959241020757
 20
14.13076923076923
 10
297.88959241020757
 20
11.055769230769231
 10
303.7895924102076
 20
11.055769230769231
 10
303.7895924102076
 20
14.13076923076923
  0
LWPOLYLINE
  5
43
330
17
100
AcDbEntity
  8
CUT
100
AcDbPolyline
 90
4
 70
1
 10
297.3960732984293
 20
25.916357137626772
 10
297.3960732984293
 20
20.01635713762677
 10
300.4710732984293
 20
20.01635713762677
 10
300.4710732984293
 20
25.916357137626772
  0
LWPOLYLINE
  5
44
330
17
100
AcDbEntity
  8
CUT
100
AcDbPolyline
 90
4
 70
1
 10
297.3960732984293
 20
47.45981263500897
 10
297.3960732984293
 20
41.55981263500897
 10
300.4710732984293
 20
41.55981263500897
 10
300.4710732984293
 20
47.45981263500897
  0
LWPOLYLINE
  5
45
330
17
100
AcDbEntity
  8
CUT
100
AcDbPolyline
 90
4
 70
1
 10
299.3874945081097
 20
184.3818181818182
 10
293.4874945081097
 20
184.3818181818182
 10
293.4874945081097
 20
181.30681818181816
 10
299.3874945081097
 20
181.30681818181816
  0
LWPOLYLINE
  5
46
330
17
100
AcDbEntity
  8
CUT
100
AcDbPolyline
 90
4
 70
1
 10
291.2287532493684
 20
14.13076923076923
 10
291.2287532493684
 20
11.055769230769231
 10
296.1895924102076
 20
11.055769230769231
 10
296.1895924102076
 20
14.13076923076923
  0
LWPOLYLINE
  5
47
330
17
100
AcDbEntity
  8
CUT
100
AcDbPolyline
 90
4
 70
1
 10
289.07875324936845
 20
14.266357137626771
 10
285.4898255104407
 20
14.266357137626771
 10
285.4898255104407
 20
14.01153846153846
 10
289.07875324936845
 20
14.01153846153846
  0
LWPOLYLINE
  5
48
330
17
100
AcDbEntity
  8
CUT
100
AcDbPolyline
 90
4
 70
1
 10
277.4398255104407
 20
14.13076923076923
 10
277.4398255104407
 20
11.055769230769231
 10
283.3398255104407
 20
11.055769230769231
 10
283.3398255104407
 20
14.13076923076923
  0
LWPOLYLINE
  5
49
330
17
100
AcDbEntity
  8
CUT
100
AcDbPolyline
 90
4
 70
1
 10
281.94203996265514
 20
184.3818181818182
 10
276.0420399626551
 20
184.3818181818182
 10
276.0420399626551
 20
181.30681818181816
 10
281.94203996265514
 20
181.30681818181816
  0
LWPOLYLINE
  5
4A
330
17
100
AcDbEntity
  8
CUT
100
AcDbPolyline
 90
4
 70
1
 10
268.58190010251525
 20
184.3818181818182
 10
268.58190010251525
 20
181.30681818181816
 10
274.3420399626551
 20
181.30681818181816
 10
274.3420399626551
 20
184.3818181818182
  0
LWPOLYLINE
  5
4B
330
17
100
AcDbEntity
  8
CUT
100
AcDbPolyline
 90
4
 70
1
 10
257.0245574451726
 20
47.30174825174825
 10
251.1245574451726
 20
47.30174825174825
 10
251.1245574451726
 20
44.22674825174825
 10
257.0245574451726
 20
44.22674825174825
  0
LWPOLYLINE
  5
4C
330
17
100
AcDbEntity
  8
CUT
100
AcDbPolyline
 90
4
 70
1
 10
253.5280539486691
 20
66.96633644133644
 10
253.5280539486691
 20
61.066336441336446
 10
256.6030539486691
 20
61.066336441336446
 10
256.6030539486691
 20
66.96633644133644
  0
LWPOLYLINE
  5
4D
330
17
100
AcDbEntity
  8
CUT
100
AcDbPolyline
 90
4
 70
1
 10
253.5280539486691
 20
53.59073426573427
 10
253.5280539486691
 20
47.69073426573428
 10
256.6030539486691
 20
47.69073426573428
 10
256.6030539486691
 20
53.59073426573427
  0
LWPOLYLINE
  5
4E
330
17
100
AcDbEntity
  8
CUT
100
AcDbPolyline
 90
4
 70
1
 10
254.4835732984293
 20
19.466357137626773
 10
248.58357329842931
 20
19.466357137626773
 10
248.58357329842931
 20
16.39135713762677
 10
254.4835732984293
 20
16.39135713762677
  0
LWPOLYLINE
  5
4F
330
17
100
AcDbEntity
  8
CUT
100
AcDbPolyline
 90
4
 70
1
 10
244.20287912349428
 20
68.63828671328672
 10
244.20287912349428
 20
62.738286713286726
 10
247.2778791234943
 20
62.738286713286726
 10
247.2778791234943
 20
68.63828671328672
  0
LWPOLYLINE
  5
50
330
17
100
AcDbEntity
  8
CUT
100
AcDbPolyline
 90
4
 70
1
 10
244.20287912349428
 20
53.59073426573427
 10
244.20287912349428
 20
47.69073426573428
 10
247.2778791234943
 20
47.69073426573428
 10
247.2778791234943
 20
53.59073426573427
  0
LWPOLYLINE
  5
51
330
17
100
AcDbEntity
  8
CUT
100
AcDbPolyline
 90
4
 70
1
 10
246.5063756269908
 20
47.30174825174825
 10
240.6063756269908
 20
47.30174825174825
 10
240.6063756269908
 20
44.22674825174825
 10
246.5063756269908
 20
44.22674825174825
  0
LWPOLYLINE
  5
52
330
17
100
AcDbEntity
  8
CUT
100
AcDbPolyline
 90
4
 70
1
 10
240.60451570680627
 20
172.1323257240142
 10
240.60451570680627
 20
169.05732572401416
 10
246.50451570680627
 20
169.05732572401416
 10
246.50451570680627
 20
172.1323257240142
  0
LWPOLYLINE
  5
53
330
17
100
AcDbEntity
  8
CUT
100
AcDbPolyline
 90
4
 70
1
 10
245.02179319371726
 20
19.466357137626773
 10
241.66839005235602
 20
19.466357137626773
 10
241.66839005235602
 20
16.39135713762677
 10
245.02179319371726
 20
16.39135713762677
  0
LWPOLYLINE
  5
54
330
17
100
AcDbEntity
  8
CUT
100
AcDbPolyline
 90
4
 70
1
 10
237.55314136125654
 20
62.91779692820269
 10
237.55314136125654
 20
57.0177969282027
 10
240.62814136125652
 20
57.0177969282027
 10
240.62814136125652
 20
62.91779692820269
  0
LWPOLYLINE
  5
55
330
17
100
AcDbEntity
  8
CUT
100
AcDbPolyline
 90
4
 70
1
 10
237.55314136125654
 20
27.97590616190093
 10
237.55314136125654
 20
22.075906161900928
 10
240.62814136125652
 20
22.075906161900928
 10
240.62814136125652
 20
27.97590616190093
  0
LWPOLYLINE
  5
56
330
17
100
AcDbEntity
  8
CUT
100
AcDbPolyline
 90
4
 70
1
 10
236.75523560209422
 20
177.53435451982574
 10
236.75523560209422
 20
171.6343545198257
 10
239.83023560209423
 20
171.6343545198257
 10
239.83023560209423
 20
177.53435451982574
  0
LWPOLYLINE
  5
57
330
17
100
AcDbEntity
  8
CUT
100
AcDbPolyline
 90
4
 70
1
 10
236.75523560209422
 20
105.44096446746971
 10
236.75523560209422
 20
99.54096446746972
 10
239.83023560209423
 20
99.54096446746972
 10
239.83023560209423
 20
105.44096446746971
  0
LWPOLYLINE
  5
58
330
17
100
AcDbEntity
  8
CUT
100
AcDbPolyline
 90
4
 70
1
 10
239.83023560209423
 20
249.6277445721817
 10
236.75523560209422
 20
249.6277445721817
 10
236.75523560209422
 20
243.72774457218168
 10
239.83023560209423
 20
243.72774457218168
  0
LWPOLYLINE
  5
59
330
17
100
AcDbEntity
  8
CUT
100
AcDbPolyline
 90
4
 70
1
 10
232.74064136125654
 20
16.00876551459012
 10
232.74064136125654
 20
12.933765514590121
 10
238.64064136125654
 20
12.933765514590121
 10
238.64064136125654
 20
16.00876551459012
  0
LWPOLYLINE
  5
5A
330
17
100
AcDbEntity
  8
CUT
100
AcDbPolyline
 90
4
 70
1
 10
238.64064136125654
 20
98.99096446746971
 10
232.7406413612565
 20
98.99096446746971
 10
232.7406413612565
 20
95.91596446746972
 10
238.64064136125654
 20
95.91596446746972
  0
LWPOLYLINE
  5
5B
330
17
100
AcDbEntity
  8
CUT
100
AcDbPolyline
 90
4
 70
1
 10
231.94273560209422
 20
253.25274457218174
 10
231.94273560209422
 20
250.1777445721817
 10
237.84273560209422
 20
250.1777445721817
 10
237.84273560209422
 20
253.25274457218174
  0
LWPOLYLINE
  5
5C
330
17
100
AcDbEntity
  8
CUT
100
AcDbPolyline
 90
4
 70
1
 10
226.32563263525304
 20
66.54279692820269
 10
226.32563263525304
 20
63.4677969282027
 10
232.22563263525305
 20
63.4677969282027
 10
232.22563263525305
 20
66.54279692820269
  0
LWPOLYLINE
  5
5D
330
17
100
AcDbEntity
  8
CUT
100
AcDbPolyline
 90
4
 70
1
 10
181.82545811518324
 20
16.00876551459012
 10
181.82545811518324
 20
12.933765514590121
 10
187.72545811518322
 20
12.933765514590121
 10
187.72545811518322
 20
16.00876551459012
  0
LWPOLYLINE
  5
5E
330
17
100
AcDbEntity
  8
CUT
100
AcDbPolyline
 90
4
 70
1
 10
179.83795811518323
 20
72.99279692820268
 10
179.83795811518323
 20
67.09279692820269
 10
182.91295811518322
 20
67.09279692820269
 10
182.91295811518322
 20
72.99279692820268
  0
LWPOLYLINE
  5
5F
330
17
100
AcDbEntity
  8
CUT
100
AcDbPolyline
 90
4
 70
1
 10
179.83795811518323
 20
54.90693305385713
 10
179.83795811518323
 20
49.00693305385714
 10
182.91295811518322
 20
49.00693305385714
 10
182.91295811518322
 20
54.90693305385713
  0
LWPOLYLINE
  5
60
330
17
100
AcDbEntity
  8
CUT
100
AcDbPolyline
 90
4
 70
1
 10
179.83795811518323
 20
44.83193305385714
 10
179.83795811518323
 20
38.931933053857136
 10
182.91295811518322
 20
38.931933053857136
 10
182.91295811518322
 20
44.83193305385714
  0
LWPOLYLINE
  5
61
330
17
100
AcDbEntity
  8
CUT
100
AcDbPolyline
 90
4
 70
1
 10
179.83795811518323
 20
22.45876551459012
 10
179.83795811518323
 20
16.55876551459012
 10
182.91295811518322
 20
16.55876551459012
 10
182.91295811518322
 20
22.45876551459012
  0
LWPOLYLINE
  5
62
330
17
100
AcDbEntity
  8
CUT
100
AcDbPolyline
 90
4
 70
1
 10
175.02545811518323
 20
48.45693305385713
 10
175.02545811518323
 20
45.38193305385714
 10
180.92545811518323
 20
45.38193305385714
 10
180.92545811518323
 20
48.45693305385713
  0
LWPOLYLINE
  5
63
330
17
100
AcDbEntity
  8
CUT
100
AcDbPolyline
 90
4
 70
1
 10
172.3513120169534
 20
98.99096446746971
 10
172.3513120169534
 20
95.91596446746972
 10
178.25131201695336
 20
95.91596446746972
 10
178.25131201695336
 20
98.99096446746971
  0
LWPOLYLINE
  5
64
330
17
100
AcDbEntity
  8
CUT
100
AcDbPolyline
 90
4
 70
1
 10
171.51027486910994
 20
253.25274457218174
 10
171.51027486910994
 20
250.1777445721817
 10
177.41027486910994
 20
250.1777445721817
 10
177.41027486910994
 20
253.25274457218174
  0
LWPOLYLINE
  5
65
330
17
100
AcDbEntity
  8
CUT
100
AcDbPolyline
 90
4
 70
1
 10
165.60137434554974
 20
48.45693305385713
 10
165.60137434554974
 20
45.38193305385714
 10
171.50137434554972
 20
45.38193305385714
 10
171.50137434554972
 20
48.45693305385713
  0
LWPOLYLINE
  5
66
330
17
100
AcDbEntity
  8
CUT
100
AcDbPolyline
 90
4
 70
1
 10
164.5375
 20
84.89462938893566
 10
164.5375
 20
81.81962938893567
 10
170.4375
 20
81.81962938893567
 10
170.4375
 20
84.89462938893566
  0
LWPOLYLINE
  5
67
330
17
100
AcDbEntity
  8
CUT
100
AcDbPolyline
 90
4
 70
1
 10
164.5375
 20
66.54279692820269
 10
164.5375
 20
63.4677969282027
 10
170.4375
 20
63.4677969282027
 10
170.4375
 20
66.54279692820269
  0
LWPOLYLINE
  5
68
330
17
100
AcDbEntity
  8
CUT
100
AcDbPolyline
 90
4
 70
1
 10
162.55
 20
54.90693305385713
 10
162.55
 20
49.00693305385714
 10
165.625
 20
49.00693305385714
 10
165.625
 20
54.90693305385713
  0
LWPOLYLINE
  5
69
330
17
100
AcDbEntity
  8
CUT
100
AcDbPolyline
 90
4
 70
1
 10
162.55
 20
72.99279692820268
 10
162.55
 20
67.09279692820269
 10
165.625
 20
67.09279692820269
 10
165.625
 20
72.99279692820268
  0
LWPOLYLINE
  5
6A
330
17
100
AcDbEntity
  8
CUT
100
AcDbPolyline
 90
4
 70
1
 10
156.13645287958116
 20
84.89462938893566
 10
150.23645287958112
 20
84.89462938893566
 10
150.23645287958112
 20
81.81962938893567
 10
156.13645287958116
 20
81.81962938893567
  0
LWPOLYLINE
  5
6B
330
17
100
AcDbEntity
  8
CUT
100
AcDbPolyline
 90
4
 70
1
 10
155.08076701570678
 20
47.92499588108227
 10
149.1807670157068
 20
47.92499588108227
 10
149.1807670157068
 20
44.849995881082265
 10
155.08076701570678
 20
44.849995881082265
  0
LWPOLYLINE
  5
6C
330
17
100
AcDbEntity
  8
CUT
100
AcDbPolyline
 90
4
 70
1
 10
132.4955497382199
 20
54.374995881082256
 10
132.4955497382199
 20
48.474995881082265
 10
135.57054973821988
 20
48.474995881082265
 10
135.57054973821988
 20
54.374995881082256
  0
LWPOLYLINE
  5
6D
330
17
100
AcDbEntity
  8
CUT
100
AcDbPolyline
 90
4
 70
1
 10
132.4955497382199
 20
81.26962938893566
 10
132.4955497382199
 20
75.36962938893566
 10
135.57054973821988
 20
75.36962938893566
 10
135.57054973821988
 20
81.26962938893566
  0
LWPOLYLINE
  5
6E
330
17
100
AcDbEntity
  8
CUT
100
AcDbPolyline
 90
4
 70
1
 10
111.07781413612567
 20
253.25274457218174
 10
111.07781413612567
 20
250.1777445721817
 10
116.97781413612567
 20
250.1777445721817
 10
116.97781413612567
 20
253.25274457218174
  0
LWPOLYLINE
  5
6F
330
17
100
AcDbEntity
  8
CUT
100
AcDbPolyline
 90
4
 70
1
 10
110.01393979057592
 20
98.99096446746971
 10
110.01393979057592
 20
95.91596446746972
 10
115.91393979057592
 20
95.91596446746972
 10
115.91393979057592
 20
98.99096446746971
  0
LWPOLYLINE
  5
70
330
17
100
AcDbEntity
  8
CUT
100
AcDbPolyline
 90
4
 70
1
 10
113.78619109947643
 20
47.92499588108227
 10
107.88619109947642
 20
47.92499588108227
 10
107.88619109947642
 20
44.849995881082265
 10
113.78619109947643
 20
44.849995881082265
  0
LWPOLYLINE
  5
71
330
17
100
AcDbEntity
  8
CUT
100
AcDbPolyline
 90
4
 70
1
 10
112.16531413612567
 20
249.6277445721817
 10
109.09031413612566
 20
249.6277445721817
 10
109.09031413612566
 20
243.72774457218168
 10
112.16531413612567
 20
243.72774457218168
  0
LWPOLYLINE
  5
72
330
17
100
AcDbEntity
  8
CUT
100
AcDbPolyline
 90
4
 70
1
 10
112.16531413612567
 20
105.44096446746971
 10
109.09031413612566
 20
105.44096446746971
 10
109.09031413612566
 20
99.54096446746972
 10
112.16531413612567
 20
99.54096446746972
  0
LWPOLYLINE
  5
73
330
17
100
AcDbEntity
  8
CUT
100
AcDbPolyline
 90
4
 70
1
 10
109.09031413612566
 20
177.53435451982574
 10
109.09031413612566
 20
171.6343545198257
 10
112.16531413612567
 20
171.6343545198257
 10
112.16531413612567
 20
177.53435451982574
  0
LWPOLYLINE
  5
74
330
17
100
AcDbEntity
  8
CUT
100
AcDbPolyline
 90
4
 70
1
 10
109.14256108202444
 20
84.89462938893566
 10
103.24256108202444
 20
84.89462938893566
 10
103.24256108202444
 20
81.81962938893567
 10
109.14256108202444
 20
81.81962938893567
  0
LWPOLYLINE
  5
75
330
17
100
AcDbEntity
  8
CUT
100
AcDbPolyline
 90
8
 70
1
 10
108.97369109947645
 20
81.26962938893566
 10
105.89869109947641
 20
81.26962938893566
 10
105.89869109947641
 20
77.41468531468533
 10
103.52595604657121
 20
77.41468531468533
 10
103.52595604657121
 20
71.51468531468532
 10
106.60095604657126
 20
71.51468531468532
 10
106.60095604657126
 20
75.36962938893566
 10
108.97369109947645
 20
75.36962938893566
  0
LWPOLYLINE
  5
76
330
17
100
AcDbEntity
  8
CUT
100
AcDbPolyline
 90
4
 70
1
 10
105.89869109947641
 20
50.17499588108227
 10
105.89869109947641
 20
48.474995881082265
 10
108.97369109947645
 20
48.474995881082265
 10
108.97369109947645
 20
50.17499588108227
  0
LWPOLYLINE
  5
77
330
17
100
AcDbEntity
  8
CUT
100
AcDbPolyline
 90
10
 70
1
 10
101.1224595430747
 20
60.22377622377623
 10
101.1224595430747
 20
57.14877622377624
 10
105.89869109947641
 20
57.14877622377624
 10
105.89869109947641
 20
54.85824195438069
 10
108.97369109947645
 20
54.85824195438069
 10
108.97369109947645
 20
60.75824195438068
 10
106.60095604657126
 20
60.75824195438068
 10
106.60095604657126
 20
66.11311188811189
 10
103.52595604657121
 20
66.11311188811189
 10
103.52595604657121
 20
60.22377622377623
  0
LWPOLYLINE
  5
78
330
17
100
AcDbEntity
  8
CUT
100
AcDbPolyline
 90
4
 70
1
 10
102.56681937172773
 20
54.30824195438069
 10
102.56681937172773
 20
51.2332419543807
 10
105.12231675392671
 20
51.2332419543807
 10
105.12231675392671
 20
54.30824195438069
  0
LWPOLYLINE
  5
79
330
17
100
AcDbEntity
  8
CUT
100
AcDbPolyline
 90
4
 70
1
 10
100.95294502617803
 20
54.30824195438069
 10
99.852945026178
 20
54.30824195438069
 10
99.852945026178
 20
51.2332419543807
 10
100.95294502617803
 20
51.2332419543807
  0
LWPOLYLINE
  5
7A
330
17
100
AcDbEntity
  8
CUT
100
AcDbPolyline
 90
4
 70
1
 10
93.66791408852923
 20
79.02919580419581
 10
93.66791408852923
 20
73.12919580419582
 10
96.74291408852928
 20
73.12919580419582
 10
96.74291408852928
 20
79.02919580419581
  0
LWPOLYLINE
  5
7B
330
17
100
AcDbEntity
  8
CUT
100
AcDbPolyline
 90
8
 70
1
 10
96.74291408852928
 20
60.2131118881119
 10
96.74291408852928
 20
66.11311188811189
 10
93.66791408852923
 20
66.11311188811189
 10
93.66791408852923
 20
60.22377622377623
 10
90.07141059202574
 20
60.22377622377623
 10
90.07141059202574
 20
57.14877622377624
 10
95.97141059202578
 20
57.14877622377624
 10
95.97141059202578
 20
60.2131118881119
  0
LWPOLYLINE
  5
7C
330
17
100
AcDbEntity
  8
CUT
100
AcDbPolyline
 90
4
 70
1
 10
90.75704624781848
 20
214.95326813239117
 10
90.75704624781848
 20
211.87826813239113
 10
96.65704624781851
 20
211.87826813239113
 10
96.65704624781851
 20
214.95326813239117
  0
LWPOLYLINE
  5
7D
330
17
100
AcDbEntity
  8
CUT
100
AcDbPolyline
 90
4
 70
1
 10
92.11001308900522
 20
54.30824195438069
 10
92.11001308900522
 20
51.2332419543807
 10
93.21001308900524
 20
51.2332419543807
 10
93.21001308900524
 20
54.30824195438069
  0
LWPOLYLINE
  5
7E
330
17
100
AcDbEntity
  8
CUT
100
AcDbPolyline
 90
4
 70
1
 10
89.74613874345549
 20
54.30824195438069
 10
89.74613874345549
 20
51.2332419543807
 10
90.84613874345551
 20
51.2332419543807
 10
90.84613874345551
 20
54.30824195438069
  0
LWPOLYLINE
  5
7F
330
17
100
AcDbEntity
  8
CUT
100
AcDbPolyline
 90
4
 70
1
 10
89.29201570680631
 20
159.73036237322881
 10
86.21701570680627
 20
159.73036237322881
 10
86.21701570680627
 20
153.8303623732288
 10
89.29201570680631
 20
153.8303623732288
  0
LWPOLYLINE
  5
80
330
17
100
AcDbEntity
  8
CUT
100
AcDbPolyline
 90
4
 70
1
 10
89.29201570680631
 20
136.55928907479952
 10
86.21701570680627
 20
136.55928907479952
 10
86.21701570680627
 20
130.65928907479955
 10
89.29201570680631
 20
130.65928907479955
  0
LWPOLYLINE
  5
81
330
17
100
AcDbEntity
  8
CUT
100
AcDbPolyline
 90
4
 70
1
 10
89.29201570680631
 20
81.26962938893566
 10
86.21701570680627
 20
81.26962938893566
 10
86.21701570680627
 20
75.36962938893566
 10
89.29201570680631
 20
75.36962938893566
  0
LWPOLYLINE
  5
82
330
17
100
AcDbEntity
  8
CUT
100
AcDbPolyline
 90
4
 70
1
 10
86.21701570680627
 20
126.48428907479955
 10
86.21701570680627
 20
120.58428907479956
 10
89.29201570680631
 20
120.58428907479956
 10
89.29201570680631
 20
126.48428907479955
  0
LWPOLYLINE
  5
83
330
17
100
AcDbEntity
  8
CUT
100
AcDbPolyline
 90
4
 70
1
 10
86.21701570680627
 20
104.37709012191996
 10
86.21701570680627
 20
98.47709012191997
 10
89.29201570680631
 20
98.47709012191997
 10
89.29201570680631
 20
104.37709012191996
  0
LWPOLYLINE
  5
84
330
17
100
AcDbEntity
  8
CUT
100
AcDbPolyline
 90
4
 70
1
 10
86.21701570680627
 20
94.65209012191995
 10
86.21701570680627
 20
93.55209012191996
 10
89.29201570680631
 20
93.55209012191996
 10
89.29201570680631
 20
94.65209012191995
  0
LWPOLYLINE
  5
85
330
17
100
AcDbEntity
  8
CUT
100
AcDbPolyline
 90
4
 70
1
 10
86.21701570680627
 20
86.19462938893567
 10
86.21701570680627
 20
85.09462938893567
 10
89.29201570680631
 20
85.09462938893567
 10
89.29201570680631
 20
86.19462938893567
  0
LWPOLYLINE
  5
86
330
17
100
AcDbEntity
  8
CUT
100
AcDbPolyline
 90
4
 70
1
 10
86.21701570680627
 20
65.88608881301943
 10
86.21701570680627
 20
59.986088813019435
 10
89.29201570680631
 20
59.986088813019435
 10
89.29201570680631
 20
65.88608881301943
  0
LWPOLYLINE
  5
87
330
17
100
AcDbEntity
  8
CUT
100
AcDbPolyline
 90
4
 70
1
 10
81.40451570680627
 20
163.35536237322884
 10
81.40451570680627
 20
160.2803623732288
 10
87.3045157068063
 20
160.2803623732288
 10
87.3045157068063
 20
163.35536237322884
  0
LWPOLYLINE
  5
88
330
17
100
AcDbEntity
  8
CUT
100
AcDbPolyline
 90
4
 70
1
 10
81.40451570680627
 20
97.92709012191996
 10
81.40451570680627
 20
94.85209012191997
 10
87.3045157068063
 20
94.85209012191997
 10
87.3045157068063
 20
97.92709012191996
  0
LWPOLYLINE
  5
89
330
17
100
AcDbEntity
  8
CUT
100
AcDbPolyline
 90
4
 70
1
 10
81.40451570680627
 20
130.10928907479953
 10
81.40451570680627
 20
127.03428907479956
 10
87.3045157068063
 20
127.03428907479956
 10
87.3045157068063
 20
130.10928907479953
  0
LWPOLYLINE
  5
8A
330
17
100
AcDbEntity
  8
CUT
100
AcDbPolyline
 90
4
 70
1
 10
84.95870418848166
 20
73.45798017427599
 10
84.95870418848166
 20
70.382980174276
 10
86.05870418848168
 20
70.382980174276
 10
86.05870418848168
 20
73.45798017427599
  0
LWPOLYLINE
  5
8B
330
17
100
AcDbEntity
  8
CUT
100
AcDbPolyline
 90
4
 70
1
 10
82.80111256544502
 20
54.30824195438069
 10
82.80111256544502
 20
51.2332419543807
 10
83.90111256544505
 20
51.2332419543807
 10
83.90111256544505
 20
54.30824195438069
  0
LWPOLYLINE
  5
8C
330
17
100
AcDbEntity
  8
CUT
100
AcDbPolyline
 90
4
 70
1
 10
82.37683246073301
 20
207.09713499850935
 10
79.30183246073297
 20
207.09713499850935
 10
79.30183246073297
 20
201.1971349985093
 10
82.37683246073301
 20
201.1971349985093
  0
LWPOLYLINE
  5
8D
330
17
100
AcDbEntity
  8
CUT
100
AcDbPolyline
 90
4
 70
1
 10
82.37683246073301
 20
182.3058859334383
 10
79.30183246073297
 20
182.3058859334383
 10
79.30183246073297
 20
176.40588593343827
 10
82.37683246073301
 20
176.40588593343827
  0
LWPOLYLINE
  5
8E
330
17
100
AcDbEntity
  8
CUT
100
AcDbPolyline
 90
4
 70
1
 10
79.30183246073297
 20
191.38062415333357
 10
79.30183246073297
 20
185.48062415333354
 10
82.37683246073301
 20
185.48062415333354
 10
82.37683246073301
 20
191.38062415333357
  0
LWPOLYLINE
  5
8F
330
17
100
AcDbEntity
  8
CUT
100
AcDbPolyline
 90
4
 70
1
 10
74.48933246073297
 20
195.0056241533336
 10
74.48933246073297
 20
191.93062415333355
 10
80.389332460733
 20
191.93062415333355
 10
80.389332460733
 20
195.0056241533336
  0
LWPOLYLINE
  5
90
330
17
100
AcDbEntity
  8
CUT
100
AcDbPolyline
 90
4
 70
1
 10
74.48933246073297
 20
214.95326813239117
 10
74.48933246073297
 20
211.87826813239113
 10
80.389332460733
 20
211.87826813239113
 10
80.389332460733
 20
214.95326813239117
  0
LWPOLYLINE
  5
91
330
17
100
AcDbEntity
  8
CUT
100
AcDbPolyline
 90
4
 70
1
 10
73.84221204188482
 20
83.03284928422363
 10
73.84221204188482
 20
79.95784928422364
 10
79.74221204188486
 20
79.95784928422364
 10
79.74221204188486
 20
83.03284928422363
  0
LWPOLYLINE
  5
92
330
17
100
AcDbEntity
  8
CUT
100
AcDbPolyline
 90
4
 70
1
 10
73.31027486910993
 20
54.30824195438069
 10
73.31027486910993
 20
51.2332419543807
 10
79.21027486910997
 20
51.2332419543807
 10
79.21027486910997
 20
54.30824195438069
  0
LWPOLYLINE
  5
93
330
17
100
AcDbEntity
  8
CUT
100
AcDbPolyline
 90
4
 70
1
 10
73.13645287958114
 20
175.8558859334383
 10
73.13645287958114
 20
172.78088593343824
 10
79.03645287958118
 20
172.78088593343824
 10
79.03645287958118
 20
175.8558859334383
  0
LWPOLYLINE
  5
94
330
17
100
AcDbEntity
  8
CUT
100
AcDbPolyline
 90
4
 70
1
 10
73.49221204188483
 20
73.45798017427599
 10
73.49221204188483
 20
70.382980174276
 10
74.59221204188485
 20
70.382980174276
 10
74.59221204188485
 20
73.45798017427599
  0
LWPOLYLINE
  5
95
330
17
100
AcDbEntity
  8
CUT
100
AcDbPolyline
 90
4
 70
1
 10
73.5998691099477
 20
78.60784928422363
 10
70.52486910994766
 20
78.60784928422363
 10
70.52486910994766
 20
74.00798017427599
 10
73.5998691099477
 20
74.00798017427599
  0
LWPOLYLINE
  5
96
330
17
100
AcDbEntity
  8
CUT
100
AcDbPolyline
 90
4
 70
1
 10
73.5998691099477
 20
60.75824195438068
 10
70.52486910994766
 20
60.75824195438068
 10
70.52486910994766
 20
54.85824195438069
 10
73.5998691099477
 20
54.85824195438069
  0
LWPOLYLINE
  5
97
330
17
100
AcDbEntity
  8
CUT
100
AcDbPolyline
 90
4
 70
1
 10
70.52486910994766
 20
69.83298017427599
 10
70.52486910994766
 20
63.932980174276
 10
73.5998691099477
 20
63.932980174276
 10
73.5998691099477
 20
69.83298017427599
  0
LWPOLYLINE
  5
98
330
17
100
AcDbEntity
  8
CUT
100
AcDbPolyline
 90
4
 70
1
 10
65.71236910994766
 20
54.30824195438069
 10
65.71236910994766
 20
51.2332419543807
 10
71.61236910994766
 20
51.2332419543807
 10
71.61236910994766
 20
54.30824195438069
  0
LWPOLYLINE
  5
99
330
17
100
AcDbEntity
  8
CUT
100
AcDbPolyline
 90
4
 70
1
 10
68.01452879581156
 20
182.3058859334383
 10
64.93952879581151
 20
182.3058859334383
 10
64.93952879581151
 20
176.40588593343827
 10
68.01452879581156
 20
176.40588593343827
  0
LWPOLYLINE
  5
9A
330
17
100
AcDbEntity
  8
CUT
100
AcDbPolyline
 90
4
 70
1
 10
64.93952879581151
 20
191.38062415333357
 10
64.93952879581151
 20
185.48062415333354
 10
68.01452879581156
 20
185.48062415333354
 10
68.01452879581156
 20
191.38062415333357
  0
LWPOLYLINE
  5
9B
330
17
100
AcDbEntity
  8
CUT
100
AcDbPolyline
 90
4
 70
1
 10
54.11921566653241
 20
175.8558859334383
 10
54.11921566653241
 20
172.78088593343824
 10
60.01921566653242
 20
172.78088593343824
 10
60.01921566653242
 20
175.8558859334383
  0
LWPOLYLINE
  5
9C
330
17
100
AcDbEntity
  8
CUT
100
AcDbPolyline
 90
4
 70
1
 10
58.730693717277504
 20
195.0056241533336
 10
52.83069371727747
 20
195.0056241533336
 10
52.83069371727747
 20
191.93062415333355
 10
58.730693717277504
 20
191.93062415333355
  0
LWPOLYLINE
  5
9D
330
17
100
AcDbEntity
  8
CUT
100
AcDbPolyline
 90
4
 70
1
 10
53.76884816753925
 20
81.53559797532311
 10
53.76884816753925
 20
75.63559797532312
 10
56.84384816753929
 20
75.63559797532312
 10
56.84384816753929
 20
81.53559797532311
  0
LWPOLYLINE
  5
9E
330
17
100
AcDbEntity
  8
CUT
100
AcDbPolyline
 90
4
 70
1
 10
53.76884816753925
 20
60.75824195438068
 10
53.76884816753925
 20
54.85824195438069
 10
56.84384816753929
 20
54.85824195438069
 10
56.84384816753929
 20
60.75824195438068
  0
LWPOLYLINE
  5
9F
330
17
100
AcDbEntity
  8
CUT
100
AcDbPolyline
 90
4
 70
1
 10
50.84319371727743
 20
201.45562415333362
 10
50.84319371727743
 20
195.55562415333358
 10
53.918193717277475
 20
195.55562415333358
 10
53.918193717277475
 20
201.45562415333362
  0
LWPOLYLINE
  5
A0
330
17
100
AcDbEntity
  8
CUT
100
AcDbPolyline
 90
4
 70
1
 10
53.918193717277475
 20
211.32826813239114
 10
50.84319371727743
 20
211.32826813239114
 10
50.84319371727743
 20
205.4282681323911
 10
53.918193717277475
 20
205.4282681323911
  0
LWPOLYLINE
  5
A1
330
17
100
AcDbEntity
  8
CUT
100
AcDbPolyline
 90
4
 70
1
 10
53.918193717277475
 20
182.3058859334383
 10
50.84319371727743
 20
182.3058859334383
 10
50.84319371727743
 20
176.40588593343827
 10
53.918193717277475
 20
176.40588593343827
  0
LWPOLYLINE
  5
A2
330
17
100
AcDbEntity
  8
CUT
100
AcDbPolyline
 90
4
 70
1
 10
46.25071989528796
 20
85.16059797532311
 10
46.25071989528796
 20
82.08559797532313
 10
52.15071989528796
 20
82.08559797532313
 10
52.15071989528796
 20
85.16059797532311
  0
LWPOLYLINE
  5
A3
330
17
100
AcDbEntity
  8
CUT
100
AcDbPolyline
 90
4
 70
1
 10
38.734358638743444
 20
192.0799697030718
 10
38.734358638743444
 20
189.00496970307177
 10
44.63435863874348
 20
189.00496970307177
 10
44.63435863874348
 20
192.0799697030718
  0
LWPOLYLINE
  5
A4
330
17
100
AcDbEntity
  8
CUT
100
AcDbPolyline
 90
4
 70
1
 10
36.746858638743404
 20
203.32933161406658
 10
36.746858638743404
 20
197.42933161406654
 10
39.82185863874345
 20
197.42933161406654
 10
39.82185863874345
 20
203.32933161406658
  0
LWPOLYLINE
  5
A5
330
17
100
AcDbEntity
  8
CUT
100
AcDbPolyline
 90
4
 70
1
 10
39.82185863874345
 20
182.3058859334383
 10
36.746858638743404
 20
182.3058859334383
 10
36.746858638743404
 20
176.40588593343827
 10
39.82185863874345
 20
176.40588593343827
  0
LWPOLYLINE
  5
A6
330
17
100
AcDbEntity
  8
CUT
100
AcDbPolyline
 90
4
 70
1
 10
38.4920157068063
 20
78.31216865595137
 10
35.417015706806254
 20
78.31216865595137
 10
35.417015706806254
 20
72.41216865595138
 10
38.4920157068063
 20
72.41216865595138
  0
LWPOLYLINE
  5
A7
330
17
100
AcDbEntity
  8
CUT
100
AcDbPolyline
 90
4
 70
1
 10
35.417015706806254
 20
60.75824195438068
 10
35.417015706806254
 20
54.85824195438069
 10
38.4920157068063
 20
54.85824195438069
 10
38.4920157068063
 20
60.75824195438068
  0
LWPOLYLINE
  5
A8
330
17
100
AcDbEntity
  8
CUT
100
AcDbPolyline
 90
4
 70
1
 10
30.60451570680625
 20
71.86216865595138
 10
30.60451570680625
 20
68.78716865595139
 10
36.50451570680629
 20
68.78716865595139
 10
36.50451570680629
 20
71.86216865595138
  0
LWPOLYLINE
  5
A9
330
17
100
AcDbEntity
  8
CUT
100
AcDbPolyline
 90
4
 70
1
 10
31.287238219895254
 20
85.16059797532311
 10
31.287238219895254
 20
82.08559797532313
 10
34.374672774869126
 20
82.08559797532313
 10
34.374672774869126
 20
85.16059797532311
  0
LWPOLYLINE
  5
AA
330
17
100
AcDbEntity
  8
CUT
100
AcDbPolyline
 90
4
 70
1
 10
29.299738219895243
 20
94.65209012191995
 10
29.299738219895243
 20
93.55209012191996
 10
32.37473821989529
 20
93.55209012191996
 10
32.37473821989529
 20
94.65209012191995
  0
LWPOLYLINE
  5
AB
330
17
100
AcDbEntity
  8
CUT
100
AcDbPolyline
 90
4
 70
1
 10
29.299738219895243
 20
86.46059797532313
 10
29.299738219895243
 20
85.36059797532313
 10
32.37473821989529
 20
85.36059797532313
 10
32.37473821989529
 20
86.46059797532313
  0
LWPOLYLINE
  5
AC
330
17
100
AcDbEntity
  8
CUT
100
AcDbPolyline
 90
4
 70
1
 10
29.299738219895243
 20
78.31216865595137
 10
29.299738219895243
 20
72.41216865595138
 10
32.37473821989529
 20
72.41216865595138
 10
32.37473821989529
 20
78.31216865595137
  0
LWPOLYLINE
  5
AD
330
17
100
AcDbEntity
  8
CUT
100
AcDbPolyline
 90
4
 70
1
 10
30.778926701570708
 20
104.37709012191996
 10
27.703926701570662
 20
104.37709012191996
 10
27.703926701570662
 20
98.47709012191997
 10
30.778926701570708
 20
98.47709012191997
  0
LWPOLYLINE
  5
AE
330
17
100
AcDbEntity
  8
CUT
100
AcDbPolyline
 90
4
 70
1
 10
27.703926701570662
 20
159.73036237322881
 10
27.703926701570662
 20
153.8303623732288
 10
30.778926701570708
 20
153.8303623732288
 10
30.778926701570708
 20
159.73036237322881
  0
LWPOLYLINE
  5
AF
330
17
100
AcDbEntity
  8
CUT
100
AcDbPolyline
 90
4
 70
1
 10
27.703926701570662
 20
136.55928907479952
 10
27.703926701570662
 20
130.65928907479955
 10
30.778926701570708
 20
130.65928907479955
 10
30.778926701570708
 20
136.55928907479952
  0
LWPOLYLINE
  5
B0
330
17
100
AcDbEntity
  8
CUT
100
AcDbPolyline
 90
4
 70
1
 10
27.703926701570662
 20
126.48428907479955
 10
27.703926701570662
 20
120.58428907479956
 10
30.778926701570708
 20
120.58428907479956
 10
30.778926701570708
 20
126.48428907479955
  0
LWPOLYLINE
  5
B1
330
17
100
AcDbEntity
  8
CUT
100
AcDbPolyline
 90
4
 70
1
 10
15.063154450261788
 20
214.95326813239117
 10
15.063154450261788
 20
211.87826813239113
 10
20.963154450261822
 20
211.87826813239113
 10
20.963154450261822
 20
214.95326813239117
  0
LWPOLYLINE
  5
B2
330
17
100
AcDbEntity
  8
CUT
100
AcDbPolyline
 90
4
 70
1
 10
18.037500000000033
 20
163.35536237322884
 10
12.1375
 20
163.35536237322884
 10
12.1375
 20
160.2803623732288
 10
18.037500000000033
 20
160.2803623732288
  0
LWPOLYLINE
  5
B3
330
17
100
AcDbEntity
  8
CUT
100
AcDbPolyline
 90
4
 70
1
 10
12.1375
 20
175.8558859334383
 10
12.1375
 20
172.78088593343824
 10
18.037500000000033
 20
172.78088593343824
 10
18.037500000000033
 20
175.8558859334383
  0
LWPOLYLINE
  5
B4
330
17
100
AcDbEntity
  8
CUT
100
AcDbPolyline
 90
4
 70
1
 10
12.1375
 20
130.10928907479953
 10
12.1375
 20
127.03428907479956
 10
18.037500000000033
 20
127.03428907479956
 10
18.037500000000033
 20
130.10928907479953
  0
LWPOLYLINE
  5
B5
330
17
100
AcDbEntity
  8
CUT
100
AcDbPolyline
 90
4
 70
1
 10
12.1375
 20
97.92709012191996
 10
12.1375
 20
94.85209012191997
 10
18.037500000000033
 20
94.85209012191997
 10
18.037500000000033
 20
97.92709012191996
  0
LWPOLYLINE
  5
B6
330
17
100
AcDbEntity
  8
CUT
100
AcDbPolyline
 90
4
 70
1
 10
12.1375
 20
71.86216865595138
 10
12.1375
 20
68.78716865595139
 10
18.037500000000033
 20
68.78716865595139
 10
18.037500000000033
 20
71.86216865595138
  0
LWPOLYLINE
  5
B7
330
17
100
AcDbEntity
  8
CUT
100
AcDbPolyline
 90
4
 70
1
 10
12.1375
 20
54.30824195438069
 10
12.1375
 20
51.2332419543807
 10
18.037500000000033
 20
51.2332419543807
 10
18.037500000000033
 20
54.30824195438069
  0
LWPOLYLINE
  5
B8
330
17
100
AcDbEntity
  8
CUT
100
AcDbPolyline
 90
4
 70
1
 10
13.225000000000033
 20
212.96576813239116
 10
10.149999999999988
 20
212.96576813239116
 10
10.149999999999988
 20
207.06576813239116
 10
13.225000000000033
 20
207.06576813239116
  0
LWPOLYLINE
  5
B9
330
17
100
AcDbEntity
  8
CUT
100
AcDbPolyline
 90
4
 70
1
 10
13.225000000000033
 20
104.37709012191996
 10
10.149999999999988
 20
104.37709012191996
 10
10.149999999999988
 20
98.47709012191997
 10
13.225000000000033
 20
98.47709012191997
  0
LWPOLYLINE
  5
BA
330
17
100
AcDbEntity
  8
CUT
100
AcDbPolyline
 90
4
 70
1
 10
13.225000000000033
 20
78.31216865595137
 10
10.149999999999988
 20
78.31216865595137
 10
10.149999999999988
 20
72.41216865595138
 10
13.225000000000033
 20
72.41216865595138
  0
LWPOLYLINE
  5
BB
330
17
100
AcDbEntity
  8
CUT
100
AcDbPolyline
 90
4
 70
1
 10
13.225000000000033
 20
164.65536237322885
 10
10.149999999999988
 20
164.65536237322885
 10
10.149999999999988
 20
163.55536237322883
 10
13.225000000000033
 20
163.55536237322883
  0
LWPOLYLINE
  5
BC
330
17
100
AcDbEntity
  8
CUT
100
AcDbPolyline
 90
4
 70
1
 10
10.149999999999988
 20
172.58088593343825
 10
10.149999999999988
 20
171.48088593343823
 10
13.225000000000033
 20
171.48088593343823
 10
13.225000000000033
 20
172.58088593343825
  0
LWPOLYLINE
  5
BD
330
17
100
AcDbEntity
  8
CUT
100
AcDbPolyline
 90
4
 70
1
 10
10.149999999999988
 20
159.73036237322881
 10
10.149999999999988
 20
153.8303623732288
 10
13.225000000000033
 20
153.8303623732288
 10
13.225000000000033
 20
159.73036237322881
  0
LWPOLYLINE
  5
BE
330
17
100
AcDbEntity
  8
CUT
100
AcDbPolyline
 90
4
 70
1
 10
10.149999999999988
 20
136.55928907479952
 10
10.149999999999988
 20
130.65928907479955
 10
13.225000000000033
 20
130.65928907479955
 10
13.225000000000033
 20
136.55928907479952
  0
LWPOLYLINE
  5
BF
330
17
100
AcDbEntity
  8
CUT
100
AcDbPolyline
 90
4
 70
1
 10
10.149999999999988
 20
126.48428907479955
 10
10.149999999999988
 20
120.58428907479956
 10
13.225000000000033
 20
120.58428907479956
 10
13.225000000000033
 20
126.48428907479955
  0
LWPOLYLINE
  5
C0
330
17
100
AcDbEntity
  8
CUT
100
AcDbPolyline
 90
4
 70
1
 10
10.149999999999988
 20
94.30209012191996
 10
10.149999999999988
 20
88.40209012191997
 10
13.225000000000033
 20
88.40209012191997
 10
13.225000000000033
 20
94.30209012191996
  0
LWPOLYLINE
  5
C1
330
17
100
AcDbEntity
  8
CUT
100
AcDbPolyline
 90
4
 70
1
 10
10.149999999999988
 20
60.75824195438068
 10
10.149999999999988
 20
54.85824195438069
 10
13.225000000000033
 20
54.85824195438069
 10
13.225000000000033
 20
60.75824195438068
  0
LWPOLYLINE
  5
C2
330
17
100
AcDbEntity
  8
CUT
100
AcDbPolyline
 90
4
 70
1
 10
10.149999999999988
 20
182.3058859334383
 10
10.149999999999988
 20
176.40588593343827
 10
13.225000000000033
 20
176.40588593343827
 10
13.225000000000033
 20
182.3058859334383
  0
LWPOLYLINE
  5
C3
330
17
100
AcDbEntity
  8
CUT
100
AcDbPolyline
 90
20
 70
1
 10
137.6767015706806
 20
261.57774457218176
 10
137.2767015706806
 20
261.57774457218176
 10
137.2767015706806
 20
258.40274457218175
 10
131.1267015706806
 20
258.40274457218175
 10
131.1267015706806
 20
261.57774457218176
 10
76.88737222637745
 20
261.57774457218176
 10
76.88737222637745
 20
258.40274457218175
 10
70.73737222637745
 20
258.40274457218175
 10
70.73737222637745
 20
261.57774457218176
 10
30.6072722513089
 20
261.57774457218176
 10
30.6072722513089
 20
272.2477445721817
 10
22.7782722513089
 20
272.2477445721817
 10
22.7782722513089
 20
261.57774457218176
 10
14.55
 20
261.57774457218176
 10
14.55
 20
258.40274457218175
 10
8.399999999999999
 20
258.40274457218175
 10
8.399999999999999
 20
261.57774457218176
 10
7.999999999999999
 20
261.57774457218176
 10
7.999999999999999
 20
279.88874457218174
 10
137.6767015706806
 20
279.88874457218174
  0
LWPOLYLINE
  5
C4
330
17
100
AcDbEntity
  8
CUT
100
AcDbPolyline
 90
12
 70
1
 10
220.8832460732984
 20
279.88874457218174
 10
220.8832460732984
 20
261.57774457218176
 10
220.4832460732984
 20
261.57774457218176
 10
220.4832460732984
 20
258.40274457218175
 10
214.3332460732984
 20
258.40274457218175
 10
214.3332460732984
 20
261.57774457218176
 10
147.2267015706806
 20
261.57774457218176
 10
147.2267015706806
 20
258.40274457218175
 10
141.0767015706806
 20
258.40274457218175
 10
141.0767015706806
 20
261.57774457218176
 10
140.67670157068062
 20
261.57774457218176
 10
140.67670157068062
 20
279.88874457218174
  0
LWPOLYLINE
  5
C5
330
17
100
AcDbEntity
  8
CUT
100
AcDbPolyline
 90
4
 70
1
 10
219.1332460732984
 20
263.52774457218175
 10
219.1332460732984
 20
277.93874457218175
 10
209.4180254300673
 20
277.93874457218175
 10
209.4180254300673
 20
263.52774457218175
  0
LWPOLYLINE
  5
C6
330
17
100
AcDbEntity
  8
CUT
100
AcDbPolyline
 90
4
 70
1
 10
207.9680254300673
 20
263.52774457218175
 10
207.9680254300673
 20
277.93874457218175
 10
198.25280478683618
 20
277.93874457218175
 10
198.25280478683618
 20
263.52774457218175
  0
LWPOLYLINE
  5
C7
330
17
100
AcDbEntity
  8
CUT
100
AcDbPolyline
 90
4
 70
1
 10
196.8028047868362
 20
263.52774457218175
 10
196.8028047868362
 20
277.93874457218175
 10
187.08758414360508
 20
277.93874457218175
 10
187.08758414360508
 20
263.52774457218175
  0
LWPOLYLINE
  5
C8
330
17
100
AcDbEntity
  8
CUT
100
AcDbPolyline
 90
4
 70
1
 10
185.63758414360507
 20
263.52774457218175
 10
185.63758414360507
 20
277.93874457218175
 10
175.92236350037396
 20
277.93874457218175
 10
175.92236350037396
 20
263.52774457218175
  0
LWPOLYLINE
  5
C9
330
17
100
AcDbEntity
  8
CUT
100
AcDbPolyline
 90
4
 70
1
 10
174.47236350037394
 20
263.52774457218175
 10
174.47236350037394
 20
277.93874457218175
 10
164.75714285714284
 20
277.93874457218175
 10
164.75714285714284
 20
263.52774457218175
  0
LWPOLYLINE
  5
CA
330
17
100
AcDbEntity
  8
CUT
100
AcDbPolyline
 90
4
 70
1
 10
163.30714285714285
 20
263.52774457218175
 10
163.30714285714285
 20
277.93874457218175
 10
153.59192221391172
 20
277.93874457218175
 10
153.59192221391172
 20
263.52774457218175
  0
LWPOLYLINE
  5
CB
330
17
100
AcDbEntity
  8
CUT
100
AcDbPolyline
 90
4
 70
1
 10
152.14192221391173
 20
277.93874457218175
 10
142.42670157068062
 20
277.93874457218175
 10
142.42670157068062
 20
263.52774457218175
 10
152.14192221391173
 20
263.52774457218175
  0
LWPOLYLINE
  5
CC
330
17
100
AcDbEntity
  8
CUT
100
AcDbPolyline
 90
12
 70
1
 10
302.67657068062823
 20
279.88874457218174
 10
302.67657068062823
 20
261.57774457218176
 10
302.27657068062825
 20
261.57774457218176
 10
302.27657068062825
 20
258.40274457218175
 10
296.1265706806282
 20
258.40274457218175
 10
296.1265706806282
 20
261.57774457218176
 10
230.43324607329842
 20
261.57774457218176
 10
230.43324607329842
 20
258.40274457218175
 10
224.28324607329841
 20
258.40274457218175
 10
224.28324607329841
 20
261.57774457218176
 10
223.88324607329844
 20
261.57774457218176
 10
223.88324607329844
 20
279.88874457218174
  0
LWPOLYLINE
  5
CD
330
17
100
AcDbEntity
  8
CUT
100
AcDbPolyline
 90
4
 70
1
 10
300.92657068062823
 20
263.52774457218175
 10
300.92657068062823
 20
277.93874457218175
 10
291.4132385938668
 20
277.93874457218175
 10
291.4132385938668
 20
263.52774457218175
  0
LWPOLYLINE
  5
CE
330
17
100
AcDbEntity
  8
CUT
100
AcDbPolyline
 90
4
 70
1
 10
289.96323859386683
 20
263.52774457218175
 10
289.96323859386683
 20
277.93874457218175
 10
280.4499065071054
 20
277.93874457218175
 10
280.4499065071054
 20
263.52774457218175
  0
LWPOLYLINE
  5
CF
330
17
100
AcDbEntity
  8
CUT
100
AcDbPolyline
 90
4
 70
1
 10
278.99990650710544
 20
263.52774457218175
 10
278.99990650710544
 20
277.93874457218175
 10
269.486574420344
 20
277.93874457218175
 10
269.486574420344
 20
263.52774457218175
  0
LWPOLYLINE
  5
D0
330
17
100
AcDbEntity
  8
CUT
100
AcDbPolyline
 90
4
 70
1
 10
268.03657442034404
 20
263.52774457218175
 10
268.03657442034404
 20
277.93874457218175
 10
258.52324233358263
 20
277.93874457218175
 10
258.52324233358263
 20
263.52774457218175
  0
LWPOLYLINE
  5
D1
330
17
100
AcDbEntity
  8
CUT
100
AcDbPolyline
 90
4
 70
1
 10
257.07324233358264
 20
263.52774457218175
 10
257.07324233358264
 20
277.93874457218175
 10
247.55991024682123
 20
277.93874457218175
 10
247.55991024682123
 20
263.52774457218175
  0
LWPOLYLINE
  5
D2
330
17
100
AcDbEntity
  8
CUT
100
AcDbPolyline
 90
4
 70
1
 10
246.10991024682124
 20
263.52774457218175
 10
246.10991024682124
 20
277.93874457218175
 10
236.59657816005983
 20
277.93874457218175
 10
236.59657816005983
 20
263.52774457218175
  0
LWPOLYLINE
  5
D3
330
17
100
AcDbEntity
  8
CUT
100
AcDbPolyline
 90
4
 70
1
 10
235.14657816005982
 20
277.93874457218175
 10
225.63324607329844
 20
277.93874457218175
 10
225.63324607329844
 20
263.52774457218175
 10
235.14657816005982
 20
263.52774457218175
  0
LWPOLYLINE
  5
D4
330
17
100
AcDbEntity
  8
CUT
100
AcDbPolyline
 90
12
 70
1
 10
305.6765706806283
 20
279.88874457218174
 10
381.89358638743454
 20
279.88874457218174
 10
381.89358638743454
 20
261.57774457218176
 10
381.49358638743456
 20
261.57774457218176
 10
381.49358638743456
 20
258.40274457218175
 10
375.3435863874345
 20
258.40274457218175
 10
375.3435863874345
 20
261.57774457218176
 10
312.2265706806283
 20
261.57774457218176
 10
312.2265706806283
 20
258.40274457218175
 10
306.07657068062827
 20
258.40274457218175
 10
306.07657068062827
 20
261.57774457218176
 10
305.6765706806283
 20
261.57774457218176
  0
LWPOLYLINE
  5
D5
330
17
100
AcDbEntity
  8
CUT
100
AcDbPolyline
 90
12
 70
1
 10
384.89358638743454
 20
279.88874457218174
 10
461.1106020942408
 20
279.88874457218174
 10
461.1106020942408
 20
261.57774457218176
 10
460.7106020942408
 20
261.57774457218176
 10
460.7106020942408
 20
258.40274457218175
 10
454.5606020942408
 20
258.40274457218175
 10
454.5606020942408
 20
261.57774457218176
 10
391.44358638743455
 20
261.57774457218176
 10
391.44358638743455
 20
258.40274457218175
 10
385.2935863874345
 20
258.40274457218175
 10
385.2935863874345
 20
261.57774457218176
 10
384.89358638743454
 20
261.57774457218176
  0
LWPOLYLINE
  5
D6
330
17
100
AcDbEntity
  8
CUT
100
AcDbPolyline
 90
12
 70
1
 10
464.1106020942408
 20
279.88874457218174
 10
540.327617801047
 20
279.88874457218174
 10
540.327617801047
 20
261.57774457218176
 10
539.9276178010471
 20
261.57774457218176
 10
539.9276178010471
 20
258.40274457218175
 10
533.7776178010471
 20
258.40274457218175
 10
533.7776178010471
 20
261.57774457218176
 10
470.6606020942408
 20
261.57774457218176
 10
470.6606020942408
 20
258.40274457218175
 10
464.51060209424077
 20
258.40274457218175
 10
464.51060209424077
 20
261.57774457218176
 10
464.1106020942408
 20
261.57774457218176
  0
LWPOLYLINE
  5
D7
330
17
100
AcDbEntity
  8
CUT
100
AcDbPolyline
 90
20
 70
1
 10
597.7352094240837
 20
279.88874457218174
 10
597.7352094240837
 20
261.57774457218176
 10
595.9852094240837
 20
261.57774457218176
 10
595.9852094240837
 20
272.2477445721817
 10
592.9477748691099
 20
272.2477445721817
 10
592.9477748691099
 20
261.57774457218176
 10
591.8593334675795
 20
261.57774457218176
 10
591.8593334675795
 20
258.40274457218175
 10
585.7093334675794
 20
258.40274457218175
 10
585.7093334675794
 20
261.57774457218176
 10
568.8606989528795
 20
261.57774457218176
 10
568.8606989528795
 20
272.2477445721817
 10
563.9571989528795
 20
272.2477445721817
 10
563.9571989528795
 20
261.57774457218176
 10
549.8776178010471
 20
261.57774457218176
 10
549.8776178010471
 20
258.40274457218175
 10
543.7276178010471
 20
258.40274457218175
 10
543.7276178010471
 20
261.57774457218176
 10
543.327617801047
 20
261.57774457218176
 10
543.327617801047
 20
279.88874457218174
  0
LWPOLYLINE
  5
D8
330
17
100
AcDbEntity
  8
CUT
100
AcDbPolyline
 90
12
 70
1
 10
340.7289267015707
 20
33.296
 10
365.57945117709517
 20
33.296
 10
365.57945117709517
 20
11.174999999999999
 10
365.17945117709513
 20
11.174999999999999
 10
365.17945117709513
 20
7.999999999999999
 10
359.02945117709515
 20
7.999999999999999
 10
359.02945117709515
 20
11.174999999999999
 10
347.2789267015707
 20
11.174999999999999
 10
347.2789267015707
 20
7.999999999999999
 10
341.12892670157066
 20
7.999999999999999
 10
341.12892670157066
 20
11.174999999999999
 10
340.7289267015707
 20
11.174999999999999
  0
LWPOLYLINE
  5
D9
330
17
100
AcDbEntity
  8
CUT
100
AcDbPolyline
 90
16
 70
1
 10
397.6366501299747
 20
29.485999999999997
 10
397.6366501299747
 20
11.174999999999999
 10
397.23665012997475
 20
11.174999999999999
 10
397.23665012997475
 20
7.999999999999999
 10
391.0866501299747
 20
7.999999999999999
 10
391.0866501299747
 20
11.174999999999999
 10
390.3471867791894
 20
11.174999999999999
 10
390.3471867791894
 20
21.845
 10
384.6456867791894
 20
21.845
 10
384.6456867791894
 20
11.174999999999999
 10
375.1294511770952
 20
11.174999999999999
 10
375.1294511770952
 20
7.999999999999999
 10
368.97945117709514
 20
7.999999999999999
 10
368.97945117709514
 20
11.174999999999999
 10
368.57945117709517
 20
11.174999999999999
 10
368.57945117709517
 20
29.485999999999997
  0
LWPOLYLINE
  5
DA
330
17
100
AcDbEntity
  8
CUT
100
AcDbPolyline
 90
12
 70
1
 10
400.6366501299747
 20
29.485999999999997
 10
429.6938490828543
 20
29.485999999999997
 10
429.6938490828543
 20
11.174999999999999
 10
429.2938490828543
 20
11.174999999999999
 10
429.2938490828543
 20
7.999999999999999
 10
423.1438490828543
 20
7.999999999999999
 10
423.1438490828543
 20
11.174999999999999
 10
407.18665012997474
 20
11.174999999999999
 10
407.18665012997474
 20
7.999999999999999
 10
401.0366501299747
 20
7.999999999999999
 10
401.0366501299747
 20
11.174999999999999
 10
400.6366501299747
 20
11.174999999999999
  0
LWPOLYLINE
  5
DB
330
17
100
AcDbEntity
  8
CUT
100
AcDbPolyline
 90
12
 70
1
 10
432.6938490828543
 20
29.485999999999997
 10
460.4212051037967
 20
29.485999999999997
 10
460.4212051037967
 20
11.174999999999999
 10
460.0212051037967
 20
11.174999999999999
 10
460.0212051037967
 20
7.999999999999999
 10
453.8712051037967
 20
7.999999999999999
 10
453.8712051037967
 20
11.174999999999999
 10
439.2438490828543
 20
11.174999999999999
 10
439.2438490828543
 20
7.999999999999999
 10
433.09384908285426
 20
7.999999999999999
 10
433.09384908285426
 20
11.174999999999999
 10
432.6938490828543
 20
11.174999999999999
  0
LWPOLYLINE
  5
DC
330
17
100
AcDbEntity
  8
CUT
100
AcDbPolyline
 90
16
 70
1
 10
490.8825925383517
 20
29.485999999999997
 10
490.8825925383517
 20
11.174999999999999
 10
490.48259253835164
 20
11.174999999999999
 10
490.48259253835164
 20
7.999999999999999
 10
484.33259253835166
 20
7.999999999999999
 10
484.33259253835166
 20
11.174999999999999
 10
475.0990519624354
 20
11.174999999999999
 10
475.0990519624354
 20
7.999999999999999
 10
468.9490519624354
 20
7.999999999999999
 10
468.9490519624354
 20
11.174999999999999
 10
468.4329197634826
 20
11.174999999999999
 10
468.4329197634826
 20
21.845
 10
465.1712051037967
 20
21.845
 10
465.1712051037967
 20
11.174999999999999
 10
463.4212051037967
 20
11.174999999999999
 10
463.4212051037967
 20
29.485999999999997
  0
LWPOLYLINE
  5
DD
330
17
100
AcDbEntity
  8
CUT
100
AcDbPolyline
 90
12
 70
1
 10
493.8825925383517
 20
29.485999999999997
 10
521.3439799729066
 20
29.485999999999997
 10
521.3439799729066
 20
11.174999999999999
 10
520.9439799729066
 20
11.174999999999999
 10
520.9439799729066
 20
7.999999999999999
 10
514.7939799729066
 20
7.999999999999999
 10
514.7939799729066
 20
11.174999999999999
 10
500.4325925383517
 20
11.174999999999999
 10
500.4325925383517
 20
7.999999999999999
 10
494.28259253835165
 20
7.999999999999999
 10
494.28259253835165
 20
11.174999999999999
 10
493.8825925383517
 20
11.174999999999999
  0
LWPOLYLINE
  5
DE
330
17
100
AcDbEntity
  8
CUT
100
AcDbPolyline
 90
46
 70
1
 10
343.4228660955101
 20
49.527
 10
344.7698357924798
 20
49.527
 10
344.7698357924798
 20
50.289
 10
346.11680548944946
 20
50.289
 10
346.11680548944946
 20
51.051
 10
347.4637751864192
 20
51.051
 10
347.4637751864192
 20
51.813
 10
348.81074488338885
 20
51.813
 10
348.81074488338885
 20
52.575
 10
350.1577145803586
 20
52.575
 10
350.1577145803586
 20
53.337
 10
351.50468427732824
 20
53.337
 10
351.50468427732824
 20
54.099000000000004
 10
352.85165397429796
 20
54.099000000000004
 10
352.85165397429796
 20
54.861000000000004
 10
354.1986236712677
 20
54.861000000000004
 10
354.1986236712677
 20
55.623000000000005
 10
355.54559336823735
 20
55.623000000000005
 10
355.54559336823735
 20
56.385000000000005
 10
356.89256306520707
 20
56.385000000000005
 10
356.89256306520707
 20
57.147000000000006
 10
358.23953276217674
 20
57.147000000000006
 10
358.23953276217674
 20
57.909000000000006
 10
359.58650245914646
 20
57.909000000000006
 10
359.58650245914646
 20
58.67100000000001
 10
360.9334721561161
 20
58.67100000000001
 10
360.9334721561161
 20
59.433
 10
362.28044185308585
 20
59.433
 10
362.28044185308585
 20
60.195
 10
363.7774115500555
 20
60.195
 10
363.7774115500555
 20
57.782
 10
365.1243812470252
 20
57.782
 10
365.1243812470252
 20
39.471000000000004
 10
364.72438124702524
 20
39.471000000000004
 10
364.72438124702524
 20
36.296
 10
358.5743812470252
 20
36.296
 10
358.5743812470252
 20
39.471000000000004
 10
347.2789267015707
 20
39.471000000000004
 10
347.2789267015707
 20
36.296
 10
341.12892670157066
 20
36.296
 10
341.12892670157066
 20
39.471000000000004
 10
340.7289267015707
 20
39.471000000000004
 10
340.7289267015707
 20
48.003
 10
342.0758963985404
 20
48.003
 10
342.0758963985404
 20
48.765
 10
343.4228660955101
 20
48.765
  0
LWPOLYLINE
  5
DF
330
17
100
AcDbEntity
  8
CUT
100
AcDbPolyline
 90
16
 70
1
 10
524.3439799729066
 20
29.485999999999997
 10
550.8248700252627
 20
29.485999999999997
 10
550.8248700252627
 20
11.174999999999999
 10
549.0748700252627
 20
11.174999999999999
 10
549.0748700252627
 20
21.845
 10
542.8458124336397
 20
21.845
 10
542.8458124336397
 20
11.174999999999999
 10
539.031850828055
 20
11.174999999999999
 10
539.031850828055
 20
7.999999999999999
 10
532.881850828055
 20
7.999999999999999
 10
532.881850828055
 20
11.174999999999999
 10
532.8549799729067
 20
11.174999999999999
 10
532.8549799729067
 20
21.845
 10
526.0939799729066
 20
21.845
 10
526.0939799729066
 20
11.174999999999999
 10
524.3439799729066
 20
11.174999999999999
  0
LWPOLYLINE
  5
E0
330
17
100
AcDbEntity
  8
CUT
100
AcDbPolyline
 90
12
 70
1
 10
553.8248700252626
 20
29.485999999999997
 10
579.2418857320689
 20
29.485999999999997
 10
579.2418857320689
 20
11.174999999999999
 10
578.8418857320689
 20
11.174999999999999
 10
578.8418857320689
 20
7.999999999999999
 10
572.691885732069
 20
7.999999999999999
 10
572.691885732069
 20
11.174999999999999
 10
560.3748700252627
 20
11.174999999999999
 10
560.3748700252627
 20
7.999999999999999
 10
554.2248700252627
 20
7.999999999999999
 10
554.2248700252627
 20
11.174999999999999
 10
553.8248700252626
 20
11.174999999999999
  0
LWPOLYLINE
  5
E1
330
17
100
AcDbEntity
  8
CUT
100
AcDbPolyline
 90
38
 70
1
 10
377.2683812470252
 20
39.417078921078904
 10
376.5063812470252
 20
39.417078921078904
 10
376.5063812470252
 20
40.97761838161837
 10
375.7443812470252
 20
40.97761838161837
 10
375.7443812470252
 20
42.538157842157844
 10
374.9823812470252
 20
42.538157842157844
 10
374.9823812470252
 20
44.09869730269731
 10
374.2203812470252
 20
44.09869730269731
 10
374.2203812470252
 20
45.65923676323676
 10
373.4583812470252
 20
45.65923676323676
 10
373.4583812470252
 20
47.21977622377622
 10
372.6963812470252
 20
47.21977622377622
 10
372.6963812470252
 20
48.780315684315696
 10
371.9343812470252
 20
48.780315684315696
 10
371.9343812470252
 20
50.34085514485514
 10
371.1723812470252
 20
50.34085514485514
 10
371.1723812470252
 20
51.9013946053946
 10
370.4103812470252
 20
51.9013946053946
 10
370.4103812470252
 20
53.46193406593406
 10
369.6483812470252
 20
53.46193406593406
 10
369.6483812470252
 20
55.02247352647355
 10
368.8863812470252
 20
55.02247352647355
 10
368.8863812470252
 20
56.58301298701298
 10
368.1243812470252
 20
56.58301298701298
 10
368.1243812470252
 20
58.29355244755244
 10
389.6103812470252
 20
58.29355244755244
 10
389.6103812470252
 20
57.89355244755245
 10
392.7853812470252
 20
57.89355244755245
 10
392.7853812470252
 20
51.743552447552446
 10
389.6103812470252
 20
51.743552447552446
 10
389.6103812470252
 20
42.846000000000004
 10
392.7853812470252
 20
42.846000000000004
 10
392.7853812470252
 20
36.696000000000005
 10
389.6103812470252
 20
36.696000000000005
 10
389.6103812470252
 20
36.296
 10
378.0303812470252
 20
36.296
 10
378.0303812470252
 20
37.856539460539466
 10
377.2683812470252
 20
37.856539460539466
  0
LWPOLYLINE
  5
E2
330
17
100
AcDbEntity
  8
CUT
100
AcDbPolyline
 90
38
 70
1
 10
397.13235094399494
 20
45.59
 10
398.4793206409646
 20
45.59
 10
398.4793206409646
 20
46.352000000000004
 10
399.8262903379343
 20
46.352000000000004
 10
399.8262903379343
 20
47.114000000000004
 10
401.173260034904
 20
47.114000000000004
 10
401.173260034904
 20
47.876000000000005
 10
402.5202297318737
 20
47.876000000000005
 10
402.5202297318737
 20
48.638
 10
403.8671994288434
 20
48.638
 10
403.8671994288434
 20
49.400000000000006
 10
405.2141691258131
 20
49.400000000000006
 10
405.2141691258131
 20
50.162
 10
406.56113882278277
 20
50.162
 10
406.56113882278277
 20
50.924
 10
407.9081085197525
 20
50.924
 10
407.9081085197525
 20
51.686
 10
409.2550782167222
 20
51.686
 10
409.2550782167222
 20
52.448
 10
410.6020479136919
 20
52.448
 10
410.6020479136919
 20
53.21
 10
411.9490176106616
 20
53.21
 10
411.9490176106616
 20
53.972
 10
413.29598730763126
 20
53.972
 10
413.29598730763126
 20
54.734
 10
414.642957004601
 20
54.734
 10
414.642957004601
 20
55.496
 10
415.98992670157065
 20
55.496
 10
415.98992670157065
 20
56.257999999999996
 10
417.3368963985404
 20
56.257999999999996
 10
417.3368963985404
 20
57.019999999999996
 10
418.83386609551
 20
57.019999999999996
 10
418.83386609551
 20
54.607
 10
420.18083579247974
 20
54.607
 10
420.18083579247974
 20
36.296
 10
395.7853812470252
 20
36.296
 10
395.7853812470252
 20
44.828
 10
397.13235094399494
 20
44.828
  0
LWPOLYLINE
  5
E3
330
17
100
AcDbEntity
  8
CUT
100
AcDbPolyline
 90
12
 70
1
 10
340.7289267015707
 20
84.681
 10
363.66884816753924
 20
84.681
 10
363.66884816753924
 20
66.36999999999999
 10
363.26884816753926
 20
66.36999999999999
 10
363.26884816753926
 20
63.19499999999999
 10
357.1188481675393
 20
63.19499999999999
 10
357.1188481675393
 20
66.36999999999999
 10
347.2789267015707
 20
66.36999999999999
 10
347.2789267015707
 20
63.19499999999999
 10
341.12892670157066
 20
63.19499999999999
 10
341.12892670157066
 20
66.36999999999999
 10
340.7289267015707
 20
66.36999999999999
  0
LWPOLYLINE
  5
E4
330
17
100
AcDbEntity
  8
CUT
100
AcDbPolyline
 90
12
 70
1
 10
366.6688481675393
 20
84.681
 10
389.1602094240838
 20
84.681
 10
389.1602094240838
 20
66.36999999999999
 10
388.76020942408377
 20
66.36999999999999
 10
388.76020942408377
 20
63.19499999999999
 10
382.6102094240838
 20
63.19499999999999
 10
382.6102094240838
 20
66.36999999999999
 10
373.2188481675393
 20
66.36999999999999
 10
373.2188481675393
 20
63.19499999999999
 10
367.0688481675393
 20
63.19499999999999
 10
367.0688481675393
 20
66.36999999999999
 10
366.6688481675393
 20
66.36999999999999
  0
LWPOLYLINE
  5
E5
330
17
100
AcDbEntity
  8
CUT
100
AcDbPolyline
 90
12
 70
1
 10
423.18083579247974
 20
36.296
 10
423.18083579247974
 20
55.36278321678322
 10
445.3018357924797
 20
55.36278321678322
 10
445.3018357924797
 20
48.90439160839161
 10
448.47683579247973
 20
48.90439160839161
 10
448.47683579247973
 20
42.754391608391614
 10
445.3018357924797
 20
42.754391608391614
 10
445.3018357924797
 20
41.624500000000005
 10
434.6318357924797
 20
41.624500000000005
 10
434.6318357924797
 20
38.046
 10
445.3018357924797
 20
38.046
 10
445.3018357924797
 20
36.296
  0
LWPOLYLINE
  5
E6
330
17
100
AcDbEntity
  8
CUT
100
AcDbPolyline
 90
30
 70
1
 10
393.7207488846233
 20
74.77499999999999
 10
393.7207488846233
 20
75.53699999999999
 10
395.2812883451627
 20
75.53699999999999
 10
395.2812883451627
 20
76.29899999999999
 10
396.84182780570217
 20
76.29899999999999
 10
396.84182780570217
 20
77.06099999999999
 10
398.40236726624164
 20
77.06099999999999
 10
398.40236726624164
 20
77.823
 10
399.9629067267811
 20
77.823
 10
399.9629067267811
 20
78.585
 10
401.52344618732053
 20
78.585
 10
401.52344618732053
 20
79.347
 10
403.08398564786
 20
79.347
 10
403.08398564786
 20
80.109
 10
404.6445251083995
 20
80.109
 10
404.6445251083995
 20
80.871
 10
406.20506456893895
 20
80.871
 10
406.20506456893895
 20
81.633
 10
407.76560402947837
 20
81.633
 10
407.76560402947837
 20
82.395
 10
409.32614349001784
 20
82.395
 10
409.32614349001784
 20
83.157
 10
410.8866829505573
 20
83.157
 10
410.8866829505573
 20
83.919
 10
412.4472224110968
 20
83.919
 10
412.4472224110968
 20
84.681
 10
414.15776187163624
 20
84.681
 10
414.15776187163624
 20
63.19499999999999
 10
392.1602094240838
 20
63.19499999999999
 10
392.1602094240838
 20
74.77499999999999
  0
LWPOLYLINE
  5
E7
330
17
100
AcDbEntity
  8
CUT
100
AcDbPolyline
 90
20
 70
1
 10
417.20776187163625
 20
66.36999999999999
 10
417.15776187163624
 20
66.36999999999999
 10
417.15776187163624
 20
84.681
 10
439.03380899205507
 20
84.681
 10
439.03380899205507
 20
66.36999999999999
 10
438.98380899205506
 20
66.36999999999999
 10
438.98380899205506
 20
63.19499999999999
 10
437.6338089920551
 20
63.19499999999999
 10
437.6338089920551
 20
66.36999999999999
 10
432.54225140043206
 20
66.36999999999999
 10
432.54225140043206
 20
77.03999999999999
 10
431.94225140043204
 20
77.03999999999999
 10
431.94225140043204
 20
82.731
 10
423.7173822904844
 20
82.731
 10
423.7173822904844
 20
77.03999999999999
 10
423.11725140043205
 20
77.03999999999999
 10
423.11725140043205
 20
66.36999999999999
 10
418.5577618716362
 20
66.36999999999999
 10
418.5577618716362
 20
63.19499999999999
 10
417.20776187163625
 20
63.19499999999999
  0
LWPOLYLINE
  5
E8
330
17
100
AcDbEntity
  8
CUT
100
AcDbPolyline
 90
4
 70
1
 10
437.28380899205507
 20
82.731
 10
433.29225140043206
 20
82.731
 10
433.29225140043206
 20
68.32
 10
437.28380899205507
 20
68.32
  0
LWPOLYLINE
  5
E9
330
17
100
AcDbEntity
  8
CUT
100
AcDbPolyline
 90
4
 70
1
 10
422.3673822904844
 20
82.731
 10
418.90776187163624
 20
82.731
 10
418.90776187163624
 20
68.32
 10
422.3673822904844
 20
68.32
  0
LWPOLYLINE
  5
EA
330
17
100
AcDbEntity
  8
CUT
100
AcDbPolyline
 90
20
 70
1
 10
442.0838089920551
 20
66.36999999999999
 10
442.03380899205507
 20
66.36999999999999
 10
442.03380899205507
 20
84.681
 10
463.9098561124739
 20
84.681
 10
463.9098561124739
 20
66.36999999999999
 10
463.8598561124739
 20
66.36999999999999
 10
463.8598561124739
 20
63.19499999999999
 10
462.5098561124739
 20
63.19499999999999
 10
462.5098561124739
 20
66.36999999999999
 10
457.4182985208509
 20
66.36999999999999
 10
457.4182985208509
 20
77.03999999999999
 10
456.8182985208509
 20
77.03999999999999
 10
456.8182985208509
 20
82.731
 10
448.59342941090324
 20
82.731
 10
448.59342941090324
 20
77.03999999999999
 10
447.9932985208509
 20
77.03999999999999
 10
447.9932985208509
 20
66.36999999999999
 10
443.43380899205505
 20
66.36999999999999
 10
443.43380899205505
 20
63.19499999999999
 10
442.0838089920551
 20
63.19499999999999
  0
LWPOLYLINE
  5
EB
330
17
100
AcDbEntity
  8
CUT
100
AcDbPolyline
 90
4
 70
1
 10
462.1598561124739
 20
82.731
 10
458.1682985208509
 20
82.731
 10
458.1682985208509
 20
68.32
 10
462.1598561124739
 20
68.32
  0
LWPOLYLINE
  5
EC
330
17
100
AcDbEntity
  8
CUT
100
AcDbPolyline
 90
4
 70
1
 10
447.2434294109032
 20
82.731
 10
443.78380899205507
 20
82.731
 10
443.78380899205507
 20
68.32
 10
447.2434294109032
 20
68.32
  0
LWPOLYLINE
  5
ED
330
17
100
AcDbEntity
  8
CUT
100
AcDbPolyline
 90
12
 70
1
 10
466.9098561124739
 20
63.19499999999999
 10
466.9098561124739
 20
81.72891608391609
 10
489.0308561124739
 20
81.72891608391609
 10
489.0308561124739
 20
81.32891608391608
 10
492.2058561124739
 20
81.32891608391608
 10
492.2058561124739
 20
75.17891608391609
 10
489.0308561124739
 20
75.17891608391609
 10
489.0308561124739
 20
69.74499999999999
 10
492.2058561124739
 20
69.74499999999999
 10
492.2058561124739
 20
63.595
 10
489.0308561124739
 20
63.595
 10
489.0308561124739
 20
63.19499999999999
  0
LWPOLYLINE
  5
EE
330
17
100
AcDbEntity
  8
CUT
100
AcDbPolyline
 90
12
 70
1
 10
451.47683579247973
 20
55.288081151832465
 10
469.7878357924797
 20
55.288081151832465
 10
469.7878357924797
 20
54.888081151832466
 10
472.9628357924797
 20
54.888081151832466
 10
472.9628357924797
 20
48.73808115183247
 10
469.7878357924797
 20
48.73808115183247
 10
469.7878357924797
 20
42.846000000000004
 10
472.9628357924797
 20
42.846000000000004
 10
472.9628357924797
 20
36.696000000000005
 10
469.7878357924797
 20
36.696000000000005
 10
469.7878357924797
 20
36.296
 10
451.47683579247973
 20
36.296
  0
LWPOLYLINE
  5
EF
330
17
100
AcDbEntity
  8
CUT
100
AcDbPolyline
 90
4
 70
1
 10
453.4268357924797
 20
46.51704057591623
 10
467.8378357924797
 20
46.51704057591623
 10
467.8378357924797
 20
53.538081151832465
 10
453.4268357924797
 20
53.538081151832465
  0
LWPOLYLINE
  5
F0
330
17
100
AcDbEntity
  8
CUT
100
AcDbPolyline
 90
4
 70
1
 10
453.4268357924797
 20
38.046
 10
467.8378357924797
 20
38.046
 10
467.8378357924797
 20
45.06704057591624
 10
453.4268357924797
 20
45.06704057591624
  0
LWPOLYLINE
  5
F1
330
17
100
AcDbEntity
  8
CUT
100
AcDbPolyline
 90
12
 70
1
 10
495.2058561124739
 20
63.19499999999999
 10
495.2058561124739
 20
80.01764397905754
 10
513.5168561124739
 20
80.01764397905754
 10
513.5168561124739
 20
75.38651084517574
 10
516.6918561124738
 20
75.38651084517574
 10
516.6918561124738
 20
69.23651084517573
 10
513.5168561124739
 20
69.23651084517573
 10
513.5168561124739
 20
67.94074607329838
 10
502.84685611247386
 20
67.94074607329838
 10
502.84685611247386
 20
64.945
 10
513.5168561124739
 20
64.945
 10
513.5168561124739
 20
63.19499999999999
  0
LWPOLYLINE
  5
F2
330
17
100
AcDbEntity
  8
CUT
100
AcDbPolyline
 90
12
 70
1
 10
519.6918561124739
 20
63.19499999999999
 10
519.6918561124739
 20
79.5690837696335
 10
538.002856112474
 20
79.5690837696335
 10
538.002856112474
 20
79.1690837696335
 10
541.1778561124739
 20
79.1690837696335
 10
541.1778561124739
 20
73.0190837696335
 10
538.002856112474
 20
73.0190837696335
 10
538.002856112474
 20
69.74499999999999
 10
541.1778561124739
 20
69.74499999999999
 10
541.1778561124739
 20
63.595
 10
538.002856112474
 20
63.595
 10
538.002856112474
 20
63.19499999999999
  0
LWPOLYLINE
  5
F3
330
17
100
AcDbEntity
  8
CUT
100
AcDbPolyline
 90
30
 70
1
 10
485.1068357924797
 20
37.494951048951044
 10
484.3448357924797
 20
37.494951048951044
 10
484.3448357924797
 20
38.6939020979021
 10
483.5828357924797
 20
38.6939020979021
 10
483.5828357924797
 20
39.89285314685314
 10
482.8208357924797
 20
39.89285314685314
 10
482.8208357924797
 20
41.091804195804194
 10
482.0588357924797
 20
41.091804195804194
 10
482.0588357924797
 20
42.29075524475525
 10
481.2968357924797
 20
42.29075524475525
 10
481.2968357924797
 20
43.4897062937063
 10
480.5348357924797
 20
43.4897062937063
 10
480.5348357924797
 20
44.68865734265735
 10
479.7728357924797
 20
44.68865734265735
 10
479.7728357924797
 20
45.887608391608396
 10
479.0108357924797
 20
45.887608391608396
 10
479.0108357924797
 20
47.086559440559455
 10
478.2488357924797
 20
47.086559440559455
 10
478.2488357924797
 20
48.2855104895105
 10
477.4868357924797
 20
48.2855104895105
 10
477.4868357924797
 20
49.484461538461545
 10
476.7248357924797
 20
49.484461538461545
 10
476.7248357924797
 20
50.68341258741259
 10
475.9628357924797
 20
50.68341258741259
 10
475.9628357924797
 20
52.03236363636364
 10
478.37583579247973
 20
52.03236363636364
 10
478.37583579247973
 20
53.231314685314686
 10
496.6868357924797
 20
53.231314685314686
 10
496.6868357924797
 20
36.296
 10
485.1068357924797
 20
36.296
  0
LWPOLYLINE
  5
F4
330
17
100
AcDbEntity
  8
CUT
100
AcDbPolyline
 90
16
 70
1
 10
566.298856112474
 20
63.245
 10
566.298856112474
 20
63.19499999999999
 10
544.1778561124739
 20
63.19499999999999
 10
544.1778561124739
 20
76.93311188811188
 10
566.298856112474
 20
76.93311188811188
 10
566.298856112474
 20
76.88311188811187
 10
569.473856112474
 20
76.88311188811187
 10
569.473856112474
 20
75.53311188811188
 10
566.298856112474
 20
75.53311188811188
 10
566.298856112474
 20
72.52013636363634
 10
555.628856112474
 20
72.52013636363634
 10
555.628856112474
 20
66.80863636363634
 10
566.298856112474
 20
66.80863636363634
 10
566.298856112474
 20
64.595
 10
569.473856112474
 20
64.595
 10
569.473856112474
 20
63.245
  0
LWPOLYLINE
  5
F5
330
17
100
AcDbEntity
  8
CUT
100
AcDbPolyline
 90
8
 70
1
 10
594.5948561124741
 20
63.19499999999999
 10
572.473856112474
 20
63.19499999999999
 10
572.473856112474
 20
76.93311188811188
 10
594.5948561124741
 20
76.93311188811188
 10
594.5948561124741
 20
69.74499999999999
 10
597.769856112474
 20
69.74499999999999
 10
597.769856112474
 20
63.595
 10
594.5948561124741
 20
63.595
  0
LWPOLYLINE
  5
F6
330
17
100
AcDbEntity
  8
CUT
100
AcDbPolyline
 90
8
 70
1
 10
521.8078357924798
 20
36.296
 10
499.6868357924797
 20
36.296
 10
499.6868357924797
 20
50.03411188811188
 10
521.8078357924798
 20
50.03411188811188
 10
521.8078357924798
 20
42.846000000000004
 10
524.9828357924797
 20
42.846000000000004
 10
524.9828357924797
 20
36.696000000000005
 10
521.8078357924798
 20
36.696000000000005
  0
LWPOLYLINE
  5
F7
330
17
100
AcDbEntity
  8
CUT
100
AcDbPolyline
 90
8
 70
1
 10
550.1038357924798
 20
36.296
 10
527.9828357924797
 20
36.296
 10
527.9828357924797
 20
50.03411188811188
 10
550.1038357924798
 20
50.03411188811188
 10
550.1038357924798
 20
42.846000000000004
 10
553.2788357924798
 20
42.846000000000004
 10
553.2788357924798
 20
36.696000000000005
 10
550.1038357924798
 20
36.696000000000005
  0
LWPOLYLINE
  5
F8
330
17
100
AcDbEntity
  8
CUT
100
AcDbPolyline
 90
12
 70
1
 10
582.2418857320689
 20
29.485999999999997
 10
598.2666239519642
 20
29.485999999999997
 10
598.2666239519642
 20
11.174999999999999
 10
597.8666239519642
 20
11.174999999999999
 10
597.8666239519642
 20
7.999999999999999
 10
591.7166239519643
 20
7.999999999999999
 10
591.7166239519643
 20
11.174999999999999
 10
588.791885732069
 20
11.174999999999999
 10
588.791885732069
 20
7.999999999999999
 10
582.641885732069
 20
7.999999999999999
 10
582.641885732069
 20
11.174999999999999
 10
582.2418857320689
 20
11.174999999999999
  0
LWPOLYLINE
  5
F9
330
17
100
AcDbEntity
  8
CUT
100
AcDbPolyline
 90
8
 70
1
 10
556.2788357924798
 20
36.296
 10
556.2788357924798
 20
49.501244755244755
 10
578.3998357924798
 20
49.501244755244755
 10
578.3998357924798
 20
42.846000000000004
 10
581.5748357924798
 20
42.846000000000004
 10
581.5748357924798
 20
36.696000000000005
 10
578.3998357924798
 20
36.696000000000005
 10
578.3998357924798
 20
36.296
  0
LWPOLYLINE
  5
FA
330
17
100
AcDbEntity
  8
CUT
100
AcDbPolyline
 90
4
 70
1
 10
558.9288357924798
 20
38.046
 10
576.4498357924798
 20
38.046
 10
576.4498357924798
 20
47.75124475524476
 10
558.9288357924798
 20
47.75124475524476
  0
LWPOLYLINE
  5
FB
330
17
100
AcDbEntity
  8
CUT
100
AcDbPolyline
 90
12
 70
1
 10
340.7289267015707
 20
109.16699999999999
 10
355.19954188481677
 20
109.16699999999999
 10
355.19954188481677
 20
90.85599999999998
 10
353.44954188481677
 20
90.85599999999998
 10
353.44954188481677
 20
101.52599999999998
 10
349.88004188481676
 20
101.52599999999998
 10
349.88004188481676
 20
90.85599999999998
 10
347.2789267015707
 20
90.85599999999998
 10
347.2789267015707
 20
87.68099999999998
 10
341.12892670157066
 20
87.68099999999998
 10
341.12892670157066
 20
90.85599999999998
 10
340.7289267015707
 20
90.85599999999998
  0
LWPOLYLINE
  5
FC
330
17
100
AcDbEntity
  8
CUT
100
AcDbPolyline
 90
8
 70
1
 10
358.19954188481677
 20
90.85599999999998
 10
358.19954188481677
 20
109.16699999999999
 10
372.62846858638744
 20
109.16699999999999
 10
372.62846858638744
 20
90.85599999999998
 10
364.7495418848168
 20
90.85599999999998
 10
364.7495418848168
 20
87.68099999999998
 10
358.59954188481674
 20
87.68099999999998
 10
358.59954188481674
 20
90.85599999999998
  0
LWPOLYLINE
  5
FD
330
17
100
AcDbEntity
  8
CUT
100
AcDbPolyline
 90
8
 70
1
 10
375.62846858638744
 20
90.85599999999998
 10
375.62846858638744
 20
109.16699999999999
 10
390.0573952879581
 20
109.16699999999999
 10
390.0573952879581
 20
90.85599999999998
 10
382.17846858638745
 20
90.85599999999998
 10
382.17846858638745
 20
87.68099999999998
 10
376.0284685863874
 20
87.68099999999998
 10
376.0284685863874
 20
90.85599999999998
  0
LWPOLYLINE
  5
FE
330
17
100
AcDbEntity
  8
CUT
100
AcDbPolyline
 90
38
 70
1
 10
399.6073952879581
 20
90.85599999999998
 10
399.6073952879581
 20
87.68099999999998
 10
393.4573952879581
 20
87.68099999999998
 10
393.4573952879581
 20
90.85599999999998
 10
393.0573952879581
 20
90.85599999999998
 10
393.0573952879581
 20
101.67399999999998
 10
394.76793474849757
 20
101.67399999999998
 10
394.76793474849757
 20
100.91199999999998
 10
396.328474209037
 20
100.91199999999998
 10
396.328474209037
 20
100.14999999999998
 10
397.88901366957646
 20
100.14999999999998
 10
397.88901366957646
 20
99.38799999999998
 10
399.44955313011593
 20
99.38799999999998
 10
399.44955313011593
 20
98.62599999999999
 10
401.0100925906554
 20
98.62599999999999
 10
401.0100925906554
 20
97.86399999999999
 10
402.5706320511949
 20
97.86399999999999
 10
402.5706320511949
 20
97.10199999999999
 10
404.13117151173435
 20
97.10199999999999
 10
404.13117151173435
 20
96.33999999999999
 10
405.69171097227377
 20
96.33999999999999
 10
405.69171097227377
 20
95.57799999999999
 10
407.25225043281324
 20
95.57799999999999
 10
407.25225043281324
 20
94.81599999999999
 10
408.8127898933527
 20
94.81599999999999
 10
408.8127898933527
 20
94.05399999999999
 10
410.3733293538922
 20
94.05399999999999
 10
410.3733293538922
 20
93.29199999999999
 10
411.93386881443166
 20
93.29199999999999
 10
411.93386881443166
 20
92.52999999999999
 10
413.4944082749711
 20
92.52999999999999
 10
413.4944082749711
 20
91.76799999999999
 10
415.05494773551055
 20
91.76799999999999
 10
415.05494773551055
 20
90.85599999999998
 10
412.98299746356025
 20
90.85599999999998
 10
412.98299746356025
 20
87.68099999999998
 10
406.8329974635603
 20
87.68099999999998
 10
406.8329974635603
 20
90.85599999999998
  0
LWPOLYLINE
  5
FF
330
17
100
AcDbEntity
  8
CUT
100
AcDbPolyline
 90
8
 70
1
 10
340.7289267015707
 20
115.34199999999997
 10
340.7289267015707
 20
133.65299999999996
 10
354.9752617801047
 20
133.65299999999996
 10
354.9752617801047
 20
115.34199999999997
 10
347.2789267015707
 20
115.34199999999997
 10
347.2789267015707
 20
112.16699999999997
 10
341.12892670157066
 20
112.16699999999997
 10
341.12892670157066
 20
115.34199999999997
  0
LWPOLYLINE
  5
100
330
17
100
AcDbEntity
  8
CUT
100
AcDbPolyline
 90
8
 70
1
 10
418.05494773551055
 20
87.68099999999998
 10
418.05494773551055
 20
99.74271328671328
 10
440.17594773551053
 20
99.74271328671328
 10
440.17594773551053
 20
94.23099999999998
 10
443.35094773551054
 20
94.23099999999998
 10
443.35094773551054
 20
88.08099999999999
 10
440.17594773551053
 20
88.08099999999999
 10
440.17594773551053
 20
87.68099999999998
  0
LWPOLYLINE
  5
101
330
17
100
AcDbEntity
  8
CUT
100
AcDbPolyline
 90
4
 70
1
 10
425.17594773551053
 20
94.52007342657342
 10
435.52594773551056
 20
94.52007342657342
 10
435.52594773551056
 20
96.10084265734264
 10
425.17594773551053
 20
96.10084265734264
  0
LWPOLYLINE
  5
102
330
17
100
AcDbEntity
  8
CUT
100
AcDbPolyline
 90
12
 70
1
 10
446.35094773551054
 20
87.68099999999998
 10
446.35094773551054
 20
99.74271328671328
 10
468.4719477355105
 20
99.74271328671328
 10
468.4719477355105
 20
99.34271328671328
 10
471.64694773551054
 20
99.34271328671328
 10
471.64694773551054
 20
93.19271328671329
 10
468.4719477355105
 20
93.19271328671329
 10
468.4719477355105
 20
92.43790559440558
 10
457.8019477355105
 20
92.43790559440558
 10
457.8019477355105
 20
89.43099999999998
 10
468.4719477355105
 20
89.43099999999998
 10
468.4719477355105
 20
87.68099999999998
  0
LWPOLYLINE
  5
103
330
17
100
AcDbEntity
  8
CUT
100
AcDbPolyline
 90
8
 70
1
 10
474.64694773551054
 20
87.68099999999998
 10
474.64694773551054
 20
99.47627972027972
 10
496.7679477355105
 20
99.47627972027972
 10
496.7679477355105
 20
94.23099999999998
 10
499.94294773551053
 20
94.23099999999998
 10
499.94294773551053
 20
88.08099999999999
 10
496.7679477355105
 20
88.08099999999999
 10
496.7679477355105
 20
87.68099999999998
  0
LWPOLYLINE
  5
104
330
17
100
AcDbEntity
  8
CUT
100
AcDbPolyline
 90
4
 70
1
 10
481.7679477355105
 20
92.12217132867131
 10
492.11794773551054
 20
92.12217132867131
 10
492.11794773551054
 20
93.70294055944055
 10
481.7679477355105
 20
93.70294055944055
  0
LWPOLYLINE
  5
105
330
17
100
AcDbEntity
  8
CUT
100
AcDbPolyline
 90
12
 70
1
 10
502.94294773551053
 20
87.68099999999998
 10
502.94294773551053
 20
99.47627972027972
 10
525.0639477355105
 20
99.47627972027972
 10
525.0639477355105
 20
97.72627972027972
 10
514.3939477355106
 20
97.72627972027972
 10
514.3939477355106
 20
95.25241258741258
 10
525.0639477355105
 20
95.25241258741258
 10
525.0639477355105
 20
94.23099999999998
 10
528.2389477355105
 20
94.23099999999998
 10
528.2389477355105
 20
88.08099999999999
 10
525.0639477355105
 20
88.08099999999999
 10
525.0639477355105
 20
87.68099999999998
  0
LWPOLYLINE
  5
106
330
17
100
AcDbEntity
  8
CUT
100
AcDbPolyline
 90
12
 70
1
 10
357.9752617801047
 20
133.65299999999996
 10
371.68965968586383
 20
133.65299999999996
 10
371.68965968586383
 20
115.34199999999997
 10
369.936780104712
 20
115.34199999999997
 10
369.936780104712
 20
112.16699999999997
 10
363.786780104712
 20
112.16699999999997
 10
363.786780104712
 20
115.34199999999997
 10
362.76276178010465
 20
115.34199999999997
 10
362.76276178010465
 20
126.01199999999997
 10
359.7252617801047
 20
126.01199999999997
 10
359.7252617801047
 20
115.34199999999997
 10
357.9752617801047
 20
115.34199999999997
  0
LWPOLYLINE
  5
107
330
17
100
AcDbEntity
  8
CUT
100
AcDbPolyline
 90
8
 70
1
 10
531.2389477355106
 20
87.68099999999998
 10
531.2389477355106
 20
99.20984615384613
 10
553.3599477355107
 20
99.20984615384613
 10
553.3599477355107
 20
94.23099999999998
 10
556.5349477355106
 20
94.23099999999998
 10
556.5349477355106
 20
88.08099999999999
 10
553.3599477355107
 20
88.08099999999999
 10
553.3599477355107
 20
87.68099999999998
  0
LWPOLYLINE
  5
108
330
17
100
AcDbEntity
  8
CUT
100
AcDbPolyline
 90
4
 70
1
 10
538.3599477355107
 20
90.25713636363635
 10
548.7099477355106
 20
90.25713636363635
 10
548.7099477355106
 20
91.57147202797202
 10
538.3599477355107
 20
91.57147202797202
  0
LWPOLYLINE
  5
109
330
17
100
AcDbEntity
  8
CUT
100
AcDbPolyline
 90
16
 70
1
 10
581.6559477355107
 20
87.73099999999998
 10
581.6559477355107
 20
87.68099999999998
 10
559.5349477355106
 20
87.68099999999998
 10
559.5349477355106
 20
99.20984615384613
 10
581.6559477355107
 20
99.20984615384613
 10
581.6559477355107
 20
99.15984615384613
 10
584.8309477355107
 20
99.15984615384613
 10
584.8309477355107
 20
97.80984615384614
 10
581.6559477355107
 20
97.80984615384614
 10
581.6559477355107
 20
97.45984615384613
 10
570.9859477355106
 20
97.45984615384613
 10
570.9859477355106
 20
93.12094405594405
 10
581.6559477355107
 20
93.12094405594405
 10
581.6559477355107
 20
89.08099999999999
 10
584.8309477355107
 20
89.08099999999999
 10
584.8309477355107
 20
87.73099999999998
  0
LWPOLYLINE
  5
10A
330
17
100
AcDbEntity
  8
CUT
100
AcDbPolyline
 90
12
 70
1
 10
374.68965968586383
 20
133.65299999999996
 10
387.7887434554973
 20
133.65299999999996
 10
387.7887434554973
 20
115.34199999999997
 10
386.0387434554973
 20
115.34199999999997
 10
386.0387434554973
 20
126.01199999999997
 10
383.04286910994756
 20
126.01199999999997
 10
383.04286910994756
 20
115.34199999999997
 10
381.23965968586384
 20
115.34199999999997
 10
381.23965968586384
 20
112.16699999999997
 10
375.0896596858638
 20
112.16699999999997
 10
375.0896596858638
 20
115.34199999999997
 10
374.68965968586383
 20
115.34199999999997
  0
LWPOLYLINE
  5
10B
330
17
100
AcDbEntity
  8
CUT
100
AcDbPolyline
 90
8
 70
1
 10
390.7887434554973
 20
115.34199999999997
 10
390.7887434554973
 20
133.65299999999996
 10
403.88782722513076
 20
133.65299999999996
 10
403.88782722513076
 20
115.34199999999997
 10
397.3387434554973
 20
115.34199999999997
 10
397.3387434554973
 20
112.16699999999997
 10
391.1887434554973
 20
112.16699999999997
 10
391.1887434554973
 20
115.34199999999997
  0
LWPOLYLINE
  5
10C
330
17
100
AcDbEntity
  8
CUT
100
AcDbPolyline
 90
38
 70
1
 10
413.4378272251308
 20
115.34199999999997
 10
413.4378272251308
 20
112.16699999999997
 10
407.28782722513074
 20
112.16699999999997
 10
407.28782722513074
 20
115.34199999999997
 10
406.88782722513076
 20
115.34199999999997
 10
406.88782722513076
 20
126.15999999999997
 10
408.4461189334225
 20
126.15999999999997
 10
408.4461189334225
 20
125.39799999999997
 10
409.85441064171414
 20
125.39799999999997
 10
409.85441064171414
 20
124.63599999999997
 10
411.2627023500059
 20
124.63599999999997
 10
411.2627023500059
 20
123.87399999999997
 10
412.6709940582976
 20
123.87399999999997
 10
412.6709940582976
 20
123.11199999999998
 10
414.0792857665893
 20
123.11199999999998
 10
414.0792857665893
 20
122.34999999999998
 10
415.487577474881
 20
122.34999999999998
 10
415.487577474881
 20
121.58799999999998
 10
416.8958691831727
 20
121.58799999999998
 10
416.8958691831727
 20
120.82599999999998
 10
418.30416089146445
 20
120.82599999999998
 10
418.30416089146445
 20
120.06399999999998
 10
419.7124525997561
 20
120.06399999999998
 10
419.7124525997561
 20
119.30199999999998
 10
421.12074430804785
 20
119.30199999999998
 10
421.12074430804785
 20
118.53999999999998
 10
422.52903601633955
 20
118.53999999999998
 10
422.52903601633955
 20
117.77799999999998
 10
423.93732772463125
 20
117.77799999999998
 10
423.93732772463125
 20
117.01599999999998
 10
425.34561943292294
 20
117.01599999999998
 10
425.34561943292294
 20
116.25399999999998
 10
426.75391114121464
 20
116.25399999999998
 10
426.75391114121464
 20
115.34199999999997
 10
424.73940065170416
 20
115.34199999999997
 10
424.73940065170416
 20
112.16699999999997
 10
418.5894006517042
 20
112.16699999999997
 10
418.5894006517042
 20
115.34199999999997
  0
LWPOLYLINE
  5
10D
330
17
100
AcDbEntity
  8
CUT
100
AcDbPolyline
 90
16
 70
1
 10
448.0649111412147
 20
112.21699999999997
 10
448.0649111412147
 20
112.16699999999997
 10
429.7539111412147
 20
112.16699999999997
 10
429.7539111412147
 20
125.08349214659683
 10
448.0649111412147
 20
125.08349214659683
 10
448.0649111412147
 20
125.03349214659681
 10
451.2399111412147
 20
125.03349214659681
 10
451.2399111412147
 20
123.68349214659682
 10
448.0649111412147
 20
123.68349214659682
 10
448.0649111412147
 20
121.21006020942406
 10
437.39491114121466
 20
121.21006020942406
 10
437.39491114121466
 20
116.04056020942406
 10
448.0649111412147
 20
116.04056020942406
 10
448.0649111412147
 20
113.56699999999998
 10
451.2399111412147
 20
113.56699999999998
 10
451.2399111412147
 20
112.21699999999997
  0
LWPOLYLINE
  5
10E
330
17
100
AcDbEntity
  8
CUT
100
AcDbPolyline
 90
8
 70
1
 10
472.55091114121467
 20
112.16699999999997
 10
454.2399111412147
 20
112.16699999999997
 10
454.2399111412147
 20
125.08349214659683
 10
472.55091114121467
 20
125.08349214659683
 10
472.55091114121467
 20
118.71699999999997
 10
475.7259111412147
 20
118.71699999999997
 10
475.7259111412147
 20
112.56699999999998
 10
472.55091114121467
 20
112.56699999999998
  0
LWPOLYLINE
  5
10F
330
17
100
AcDbEntity
  8
CUT
100
AcDbPolyline
 90
8
 70
1
 10
500.84691114121466
 20
112.16699999999997
 10
478.7259111412147
 20
112.16699999999997
 10
478.7259111412147
 20
122.97434265734263
 10
500.84691114121466
 20
122.97434265734263
 10
500.84691114121466
 20
118.71699999999997
 10
504.0219111412147
 20
118.71699999999997
 10
504.0219111412147
 20
112.56699999999998
 10
500.84691114121466
 20
112.56699999999998
  0
LWPOLYLINE
  5
110
330
17
100
AcDbEntity
  8
CUT
100
AcDbPolyline
 90
8
 70
1
 10
529.1429111412147
 20
112.16699999999997
 10
507.0219111412147
 20
112.16699999999997
 10
507.0219111412147
 20
122.97434265734263
 10
529.1429111412147
 20
122.97434265734263
 10
529.1429111412147
 20
118.71699999999997
 10
532.3179111412146
 20
118.71699999999997
 10
532.3179111412146
 20
112.56699999999998
 10
529.1429111412147
 20
112.56699999999998
  0
LWPOLYLINE
  5
111
330
17
100
AcDbEntity
  8
CUT
100
AcDbPolyline
 90
8
 70
1
 10
557.4389111412148
 20
112.16699999999997
 10
535.3179111412147
 20
112.16699999999997
 10
535.3179111412147
 20
122.63011188811187
 10
557.4389111412148
 20
122.63011188811187
 10
557.4389111412148
 20
118.71699999999997
 10
560.6139111412148
 20
118.71699999999997
 10
560.6139111412148
 20
112.56699999999998
 10
557.4389111412148
 20
112.56699999999998
  0
LWPOLYLINE
  5
112
330
17
100
AcDbEntity
  8
CUT
100
AcDbPolyline
 90
8
 70
1
 10
585.7349111412149
 20
112.16699999999997
 10
563.6139111412148
 20
112.16699999999997
 10
563.6139111412148
 20
122.63011188811187
 10
585.7349111412149
 20
122.63011188811187
 10
585.7349111412149
 20
118.71699999999997
 10
588.9099111412148
 20
118.71699999999997
 10
588.9099111412148
 20
112.56699999999998
 10
585.7349111412149
 20
112.56699999999998
  0
LWPOLYLINE
  5
113
330
17
100
AcDbEntity
  8
CUT
100
AcDbPolyline
 90
8
 70
1
 10
340.7289267015707
 20
139.82799999999995
 10
340.7289267015707
 20
158.13899999999995
 10
352.5398560209424
 20
158.13899999999995
 10
352.5398560209424
 20
139.82799999999995
 10
347.2789267015707
 20
139.82799999999995
 10
347.2789267015707
 20
136.65299999999996
 10
341.12892670157066
 20
136.65299999999996
 10
341.12892670157066
 20
139.82799999999995
  0
LWPOLYLINE
  5
114
330
17
100
AcDbEntity
  8
CUT
100
AcDbPolyline
 90
12
 70
1
 10
362.0898560209424
 20
136.65299999999996
 10
355.9398560209424
 20
136.65299999999996
 10
355.9398560209424
 20
139.82799999999995
 10
355.5398560209424
 20
139.82799999999995
 10
355.5398560209424
 20
150.64599999999996
 10
373.5409049719914
 20
150.64599999999996
 10
373.5409049719914
 20
139.82799999999995
 10
373.14090497199135
 20
139.82799999999995
 10
373.14090497199135
 20
136.65299999999996
 10
366.99090497199137
 20
136.65299999999996
 10
366.99090497199137
 20
139.82799999999995
 10
362.0898560209424
 20
139.82799999999995
  0
LWPOLYLINE
  5
115
330
17
100
AcDbEntity
  8
CUT
100
AcDbPolyline
 90
12
 70
1
 10
383.0909049719914
 20
136.65299999999996
 10
376.94090497199136
 20
136.65299999999996
 10
376.94090497199136
 20
139.82799999999995
 10
376.5409049719914
 20
139.82799999999995
 10
376.5409049719914
 20
150.64599999999996
 10
394.00908679017317
 20
150.64599999999996
 10
394.00908679017317
 20
139.82799999999995
 10
393.6090867901732
 20
139.82799999999995
 10
393.6090867901732
 20
136.65299999999996
 10
387.45908679017316
 20
136.65299999999996
 10
387.45908679017316
 20
139.82799999999995
 10
383.0909049719914
 20
139.82799999999995
  0
LWPOLYLINE
  5
116
330
17
100
AcDbEntity
  8
CUT
100
AcDbPolyline
 90
8
 70
1
 10
397.00908679017317
 20
136.65299999999996
 10
397.00908679017317
 20
147.97368062827218
 10
415.32008679017315
 20
147.97368062827218
 10
415.32008679017315
 20
143.20299999999995
 10
418.49508679017316
 20
143.20299999999995
 10
418.49508679017316
 20
137.05299999999994
 10
415.32008679017315
 20
137.05299999999994
 10
415.32008679017315
 20
136.65299999999996
  0
LWPOLYLINE
  5
117
330
17
100
AcDbEntity
  8
CUT
100
AcDbPolyline
 90
4
 70
1
 10
398.95908679017316
 20
138.40299999999996
 10
413.37008679017316
 20
138.40299999999996
 10
413.37008679017316
 20
146.22368062827218
 10
398.95908679017316
 20
146.22368062827218
  0
LWPOLYLINE
  5
118
330
17
100
AcDbEntity
  8
CUT
100
AcDbPolyline
 90
8
 70
1
 10
421.49508679017316
 20
136.65299999999996
 10
421.49508679017316
 20
147.97368062827218
 10
439.80608679017314
 20
147.97368062827218
 10
439.80608679017314
 20
143.20299999999995
 10
442.98108679017315
 20
143.20299999999995
 10
442.98108679017315
 20
137.05299999999994
 10
439.80608679017314
 20
137.05299999999994
 10
439.80608679017314
 20
136.65299999999996
  0
LWPOLYLINE
  5
119
330
17
100
AcDbEntity
  8
CUT
100
AcDbPolyline
 90
4
 70
1
 10
423.44508679017315
 20
138.40299999999996
 10
437.85608679017315
 20
138.40299999999996
 10
437.85608679017315
 20
146.22368062827218
 10
423.44508679017315
 20
146.22368062827218
  0
LWPOLYLINE
  5
11A
330
17
100
AcDbEntity
  8
CUT
100
AcDbPolyline
 90
30
 70
1
 10
445.98108679017315
 20
136.65299999999996
 10
445.98108679017315
 20
147.47099999999995
 10
447.6916262507126
 20
147.47099999999995
 10
447.6916262507126
 20
146.70899999999995
 10
449.252165711252
 20
146.70899999999995
 10
449.252165711252
 20
145.94699999999995
 10
450.8127051717915
 20
145.94699999999995
 10
450.8127051717915
 20
145.18499999999995
 10
452.37324463233097
 20
145.18499999999995
 10
452.37324463233097
 20
144.42299999999994
 10
453.93378409287044
 20
144.42299999999994
 10
453.93378409287044
 20
143.66099999999994
 10
455.4943235534099
 20
143.66099999999994
 10
455.4943235534099
 20
142.89899999999994
 10
457.0548630139494
 20
142.89899999999994
 10
457.0548630139494
 20
142.13699999999994
 10
458.6154024744888
 20
142.13699999999994
 10
458.6154024744888
 20
141.37499999999994
 10
460.1759419350283
 20
141.37499999999994
 10
460.1759419350283
 20
140.61299999999994
 10
461.73648139556775
 20
140.61299999999994
 10
461.73648139556775
 20
139.85099999999994
 10
463.2970208561072
 20
139.85099999999994
 10
463.2970208561072
 20
139.08899999999994
 10
464.8575603166467
 20
139.08899999999994
 10
464.8575603166467
 20
138.32699999999994
 10
466.4180997771861
 20
138.32699999999994
 10
466.4180997771861
 20
137.56499999999994
 10
467.9786392377256
 20
137.56499999999994
 10
467.9786392377256
 20
136.65299999999996
  0
LWPOLYLINE
  5
11B
330
17
100
AcDbEntity
  8
CUT
100
AcDbPolyline
 90
8
 70
1
 10
489.28963923772557
 20
136.65299999999996
 10
470.9786392377256
 20
136.65299999999996
 10
470.9786392377256
 20
146.8264293193717
 10
489.28963923772557
 20
146.8264293193717
 10
489.28963923772557
 20
143.20299999999995
 10
492.4646392377256
 20
143.20299999999995
 10
492.4646392377256
 20
137.05299999999994
 10
489.28963923772557
 20
137.05299999999994
  0
LWPOLYLINE
  5
11C
330
17
100
AcDbEntity
  8
CUT
100
AcDbPolyline
 90
8
 70
1
 10
513.7756392377256
 20
136.65299999999996
 10
495.4646392377256
 20
136.65299999999996
 10
495.4646392377256
 20
146.8264293193717
 10
513.7756392377256
 20
146.8264293193717
 10
513.7756392377256
 20
143.20299999999995
 10
516.9506392377256
 20
143.20299999999995
 10
516.9506392377256
 20
137.05299999999994
 10
513.7756392377256
 20
137.05299999999994
  0
LWPOLYLINE
  5
11D
330
17
100
AcDbEntity
  8
CUT
100
AcDbPolyline
 90
30
 70
1
 10
7.999999999999999
 20
282.88874457218174
 10
7.999999999999999
 20
293.7067445721817
 10
9.55829170829172
 20
293.7067445721817
 10
9.55829170829172
 20
292.9447445721817
 10
10.966583416583404
 20
292.9447445721817
 10
10.966583416583404
 20
292.1827445721817
 10
12.374875124875125
 20
292.1827445721817
 10
12.374875124875125
 20
291.4207445721817
 10
13.783166833166824
 20
291.4207445721817
 10
13.783166833166824
 20
290.6587445721817
 10
15.19145854145853
 20
290.6587445721817
 10
15.19145854145853
 20
289.8967445721817
 10
16.59975024975023
 20
289.8967445721817
 10
16.59975024975023
 20
289.1347445721817
 10
18.008041958041957
 20
289.1347445721817
 10
18.008041958041957
 20
288.3727445721817
 10
19.416333666333678
 20
288.3727445721817
 10
19.416333666333678
 20
287.6107445721817
 10
20.824625374625363
 20
287.6107445721817
 10
20.824625374625363
 20
286.8487445721817
 10
22.232917082917083
 20
286.8487445721817
 10
22.232917082917083
 20
286.0867445721817
 10
23.641208791208776
 20
286.0867445721817
 10
23.641208791208776
 20
285.3247445721817
 10
25.049500499500496
 20
285.3247445721817
 10
25.049500499500496
 20
284.5627445721817
 10
26.45779220779219
 20
284.5627445721817
 10
26.45779220779219
 20
283.8007445721817
 10
27.866083916083916
 20
283.8007445721817
 10
27.866083916083916
 20
282.88874457218174
  0
LWPOLYLINE
  5
11E
330
17
100
AcDbEntity
  8
CUT
100
AcDbPolyline
 90
34
 70
1
 10
341.81369193633594
 20
165.98799999999994
 10
342.89845717110114
 20
165.98799999999994
 10
342.89845717110114
 20
166.74999999999994
 10
343.9832224058664
 20
166.74999999999994
 10
343.9832224058664
 20
167.51199999999994
 10
345.0679876406316
 20
167.51199999999994
 10
345.0679876406316
 20
168.27399999999994
 10
346.15275287539686
 20
168.27399999999994
 10
346.15275287539686
 20
169.03599999999994
 10
347.23751811016206
 20
169.03599999999994
 10
347.23751811016206
 20
169.79799999999994
 10
348.3222833449273
 20
169.79799999999994
 10
348.3222833449273
 20
170.55999999999995
 10
349.40704857969257
 20
170.55999999999995
 10
349.40704857969257
 20
171.32199999999995
 10
350.49181381445777
 20
171.32199999999995
 10
350.49181381445777
 20
172.08399999999995
 10
351.576579049223
 20
172.08399999999995
 10
351.576579049223
 20
172.84599999999995
 10
352.6613442839882
 20
172.84599999999995
 10
352.6613442839882
 20
173.60799999999995
 10
353.7461095187535
 20
173.60799999999995
 10
353.7461095187535
 20
174.36999999999995
 10
354.8308747535187
 20
174.36999999999995
 10
354.8308747535187
 20
175.13199999999995
 10
356.065639988284
 20
175.13199999999995
 10
356.065639988284
 20
164.31399999999994
 10
348.6767122493562
 20
164.31399999999994
 10
348.6767122493562
 20
161.13899999999995
 10
342.52671224935625
 20
161.13899999999995
 10
342.52671224935625
 20
164.31399999999994
 10
340.7289267015707
 20
164.31399999999994
 10
340.7289267015707
 20
165.22599999999994
 10
341.81369193633594
 20
165.22599999999994
  0
LWPOLYLINE
  5
11F
330
17
100
AcDbEntity
  8
CUT
100
AcDbPolyline
 90
16
 70
1
 10
538.2616392377256
 20
136.70299999999995
 10
538.2616392377256
 20
136.65299999999996
 10
519.9506392377256
 20
136.65299999999996
 10
519.9506392377256
 20
146.56046073298424
 10
538.2616392377256
 20
146.56046073298424
 10
538.2616392377256
 20
146.51046073298426
 10
541.4366392377256
 20
146.51046073298426
 10
541.4366392377256
 20
145.16046073298426
 10
538.2616392377256
 20
145.16046073298426
 10
538.2616392377256
 20
144.32440052356017
 10
527.5916392377256
 20
144.32440052356017
 10
527.5916392377256
 20
138.40299999999996
 10
538.2616392377256
 20
138.40299999999996
 10
538.2616392377256
 20
138.05299999999994
 10
541.4366392377256
 20
138.05299999999994
 10
541.4366392377256
 20
136.70299999999995
  0
LWPOLYLINE
  5
120
330
17
100
AcDbEntity
  8
CUT
100
AcDbPolyline
 90
16
 70
1
 10
562.7476392377256
 20
136.70299999999995
 10
562.7476392377256
 20
136.65299999999996
 10
544.4366392377256
 20
136.65299999999996
 10
544.4366392377256
 20
146.29449214659678
 10
562.7476392377256
 20
146.29449214659678
 10
562.7476392377256
 20
146.2444921465968
 10
565.9226392377255
 20
146.2444921465968
 10
565.9226392377255
 20
144.8944921465968
 10
562.7476392377256
 20
144.8944921465968
 10
562.7476392377256
 20
144.54449214659678
 10
552.0776392377256
 20
144.54449214659678
 10
552.0776392377256
 20
140.48480628272245
 10
562.7476392377256
 20
140.48480628272245
 10
562.7476392377256
 20
138.05299999999994
 10
565.9226392377255
 20
138.05299999999994
 10
565.9226392377255
 20
136.70299999999995
  0
LWPOLYLINE
  5
121
330
17
100
AcDbEntity
  8
CUT
100
AcDbPolyline
 90
8
 70
1
 10
568.9226392377255
 20
136.65299999999996
 10
568.9226392377255
 20
144.71820979020973
 10
591.0436392377256
 20
144.71820979020973
 10
591.0436392377256
 20
143.20299999999995
 10
594.2186392377256
 20
143.20299999999995
 10
594.2186392377256
 20
137.05299999999994
 10
591.0436392377256
 20
137.05299999999994
 10
591.0436392377256
 20
136.65299999999996
  0
LWPOLYLINE
  5
122
330
17
100
AcDbEntity
  8
CUT
100
AcDbPolyline
 90
4
 70
1
 10
576.0436392377256
 20
140.82773776223772
 10
586.3936392377256
 20
140.82773776223772
 10
586.3936392377256
 20
142.14207342657338
 10
576.0436392377256
 20
142.14207342657338
  0
LWPOLYLINE
  5
123
330
17
100
AcDbEntity
  8
CUT
100
AcDbPolyline
 90
4
 70
1
 10
377.06668893933295
 20
161.13899999999995
 10
359.065639988284
 20
161.13899999999995
 10
359.065639988284
 20
171.95699999999994
 10
377.06668893933295
 20
171.95699999999994
  0
LWPOLYLINE
  5
124
330
17
100
AcDbEntity
  8
CUT
100
AcDbPolyline
 90
4
 70
1
 10
397.53487075751474
 20
161.13899999999995
 10
380.06668893933295
 20
161.13899999999995
 10
380.06668893933295
 20
171.95699999999994
 10
397.53487075751474
 20
171.95699999999994
  0
LWPOLYLINE
  5
125
330
17
100
AcDbEntity
  8
CUT
100
AcDbPolyline
 90
8
 70
1
 10
400.53487075751474
 20
161.13899999999995
 10
400.53487075751474
 20
169.5340261780104
 10
418.8458707575147
 20
169.5340261780104
 10
418.8458707575147
 20
167.68899999999994
 10
422.02087075751473
 20
167.68899999999994
 10
422.02087075751473
 20
161.53899999999993
 10
418.8458707575147
 20
161.53899999999993
 10
418.8458707575147
 20
161.13899999999995
  0
LWPOLYLINE
  5
126
330
17
100
AcDbEntity
  8
CUT
100
AcDbPolyline
 90
4
 70
1
 10
402.4848707575147
 20
162.88899999999995
 10
416.89587075751473
 20
162.88899999999995
 10
416.89587075751473
 20
167.7840261780104
 10
402.4848707575147
 20
167.7840261780104
  0
LWPOLYLINE
  5
127
330
17
100
AcDbEntity
  8
CUT
100
AcDbPolyline
 90
16
 70
1
 10
443.3318707575147
 20
161.18899999999994
 10
443.3318707575147
 20
161.13899999999995
 10
425.02087075751473
 20
161.13899999999995
 10
425.02087075751473
 20
169.5340261780104
 10
443.3318707575147
 20
169.5340261780104
 10
443.3318707575147
 20
169.48402617801042
 10
446.5068707575147
 20
169.48402617801042
 10
446.5068707575147
 20
168.13402617801043
 10
443.3318707575147
 20
168.13402617801043
 10
443.3318707575147
 20
166.45849999999996
 10
432.6618707575147
 20
166.45849999999996
 10
432.6618707575147
 20
162.88899999999995
 10
443.3318707575147
 20
162.88899999999995
 10
443.3318707575147
 20
162.53899999999993
 10
446.5068707575147
 20
162.53899999999993
 10
446.5068707575147
 20
161.18899999999994
  0
LWPOLYLINE
  5
128
330
17
100
AcDbEntity
  8
CUT
100
AcDbPolyline
 90
30
 70
1
 10
31.950849150849173
 20
283.8007445721817
 10
31.950849150849173
 20
284.5627445721817
 10
33.03561438561437
 20
284.5627445721817
 10
33.03561438561437
 20
285.3247445721817
 10
34.12037962037964
 20
285.3247445721817
 10
34.12037962037964
 20
286.0867445721817
 10
35.20514485514484
 20
286.0867445721817
 10
35.20514485514484
 20
286.8487445721817
 10
36.2899100899101
 20
286.8487445721817
 10
36.2899100899101
 20
287.6107445721817
 10
37.3746753246753
 20
287.6107445721817
 10
37.3746753246753
 20
288.3727445721817
 10
38.45944055944055
 20
288.3727445721817
 10
38.45944055944055
 20
289.1347445721817
 10
39.54420579420582
 20
289.1347445721817
 10
39.54420579420582
 20
289.8967445721817
 10
40.62897102897102
 20
289.8967445721817
 10
40.62897102897102
 20
290.6587445721817
 10
41.71373626373628
 20
290.6587445721817
 10
41.71373626373628
 20
291.4207445721817
 10
42.79850149850148
 20
291.4207445721817
 10
42.79850149850148
 20
292.1827445721817
 10
43.883266733266744
 20
292.1827445721817
 10
43.883266733266744
 20
292.9447445721817
 10
44.968031968031944
 20
292.9447445721817
 10
44.968031968031944
 20
293.7067445721817
 10
46.20279720279721
 20
293.7067445721817
 10
46.20279720279721
 20
282.88874457218174
 10
30.866083916083916
 20
282.88874457218174
 10
30.866083916083916
 20
283.8007445721817
  0
LWPOLYLINE
  5
129
330
17
100
AcDbEntity
  8
CUT
100
AcDbPolyline
 90
8
 70
1
 10
471.6278707575147
 20
161.13899999999995
 10
449.5068707575147
 20
161.13899999999995
 10
449.5068707575147
 20
167.0727412587412
 10
471.6278707575147
 20
167.0727412587412
 10
471.6278707575147
 20
165.8727412587412
 10
474.8028707575147
 20
165.8727412587412
 10
474.8028707575147
 20
161.53899999999993
 10
471.6278707575147
 20
161.53899999999993
  0
LWPOLYLINE
  5
12A
330
17
100
AcDbEntity
  8
CUT
100
AcDbPolyline
 90
8
 70
1
 10
496.1138707575147
 20
161.13899999999995
 10
477.8028707575147
 20
161.13899999999995
 10
477.8028707575147
 20
166.3424031413612
 10
496.1138707575147
 20
166.3424031413612
 10
496.1138707575147
 20
165.1424031413612
 10
499.2888707575147
 20
165.1424031413612
 10
499.2888707575147
 20
161.53899999999993
 10
496.1138707575147
 20
161.53899999999993
  0
LWPOLYLINE
  5
12B
330
17
100
AcDbEntity
  8
CUT
100
AcDbPolyline
 90
8
 70
1
 10
520.5998707575147
 20
161.13899999999995
 10
502.2888707575147
 20
161.13899999999995
 10
502.2888707575147
 20
166.0764345549738
 10
520.5998707575147
 20
166.0764345549738
 10
520.5998707575147
 20
164.8764345549738
 10
523.7748707575147
 20
164.8764345549738
 10
523.7748707575147
 20
161.53899999999993
 10
520.5998707575147
 20
161.53899999999993
  0
LWPOLYLINE
  5
12C
330
17
100
AcDbEntity
  8
CUT
100
AcDbPolyline
 90
8
 70
1
 10
545.0858707575147
 20
161.13899999999995
 10
526.7748707575147
 20
161.13899999999995
 10
526.7748707575147
 20
165.5444973821989
 10
545.0858707575147
 20
165.5444973821989
 10
545.0858707575147
 20
164.3444973821989
 10
548.2608707575147
 20
164.3444973821989
 10
548.2608707575147
 20
161.53899999999993
 10
545.0858707575147
 20
161.53899999999993
  0
LWPOLYLINE
  5
12D
330
17
100
AcDbEntity
  8
CUT
100
AcDbPolyline
 90
8
 70
1
 10
594.2410875956506
 20
90.85599999999998
 10
594.2410875956506
 20
87.68099999999998
 10
588.2309477355108
 20
87.68099999999998
 10
588.2309477355108
 20
90.85599999999998
 10
587.8309477355107
 20
90.85599999999998
 10
587.8309477355107
 20
98.62599999999999
 10
595.4410875956506
 20
98.62599999999999
 10
595.4410875956506
 20
90.85599999999998
  0
LWPOLYLINE
  5
12E
330
17
100
AcDbEntity
  8
CUT
100
AcDbPolyline
 90
4
 70
1
 10
591.385674953319
 20
36.296
 10
584.5748357924798
 20
36.296
 10
584.5748357924798
 20
47.114000000000004
 10
591.385674953319
 20
47.114000000000004
  0
LWPOLYLINE
  5
12F
330
17
100
AcDbEntity
  8
CUT
100
AcDbPolyline
 90
8
 70
1
 10
569.5718707575147
 20
161.13899999999995
 10
551.2608707575147
 20
161.13899999999995
 10
551.2608707575147
 20
164.39724607329836
 10
569.5718707575147
 20
164.39724607329836
 10
569.5718707575147
 20
163.48899999999995
 10
572.7468707575147
 20
163.48899999999995
 10
572.7468707575147
 20
161.53899999999993
 10
569.5718707575147
 20
161.53899999999993
  0
LWPOLYLINE
  5
130
330
17
100
AcDbEntity
  8
CUT
100
AcDbPolyline
 90
4
 70
1
 10
56.812937062937074
 20
282.88874457218174
 10
49.20279720279721
 20
282.88874457218174
 10
49.20279720279721
 20
290.6587445721817
 10
56.812937062937074
 20
290.6587445721817
  0
LWPOLYLINE
  5
132
330
17
100
AcDbEntity
  8
ENGRAVE
100
AcDbPolyline
 90
2
 70
0
 10
181.37545811518322
 20
14.471265514590122
 10
181.75045811518322
 20
14.471265514590122
  0
LWPOLYLINE
  5
133
330
17
100
AcDbEntity
  8
ENGRAVE
100
AcDbPolyline
 90
2
 70
0
 10
187.80045811518323
 20
14.471265514590122
 10
232.66564136125652
 20
14.471265514590122
  0
LWPOLYLINE
  5
134
330
17
100
AcDbEntity
  8
ENGRAVE
100
AcDbPolyline
 90
2
 70
0
 10
238.71564136125653
 20
14.471265514590122
 10
239.09064136125653
 20
14.471265514590122
  0
LWPOLYLINE
  5
135
330
17
100
AcDbEntity
  8
ENGRAVE
100
AcDbPolyline
 90
2
 70
0
 10
241.218390052356
 20
17.92885713762677
 10
241.593390052356
 20
17.92885713762677
  0
LWPOLYLINE
  5
136
330
17
100
AcDbEntity
  8
ENGRAVE
100
AcDbPolyline
 90
2
 70
0
 10
245.09679319371728
 20
17.92885713762677
 10
246.27179319371726
 20
17.92885713762677
  0
LWPOLYLINE
  5
137
330
17
100
AcDbEntity
  8
ENGRAVE
100
AcDbPolyline
 90
2
 70
0
 10
248.1335732984293
 20
17.92885713762677
 10
248.5085732984293
 20
17.92885713762677
  0
LWPOLYLINE
  5
138
330
17
100
AcDbEntity
  8
ENGRAVE
100
AcDbPolyline
 90
2
 70
0
 10
254.5585732984293
 20
17.92885713762677
 10
312.98815445026173
 20
17.92885713762677
  0
LWPOLYLINE
  5
139
330
17
100
AcDbEntity
  8
ENGRAVE
100
AcDbPolyline
 90
2
 70
0
 10
319.03815445026174
 20
17.92885713762677
 10
319.41315445026174
 20
17.92885713762677
  0
LWPOLYLINE
  5
13A
330
17
100
AcDbEntity
  8
ENGRAVE
100
AcDbPolyline
 90
2
 70
0
 10
298.9335732984293
 20
39.472312635008976
 10
299.3085732984293
 20
39.472312635008976
  0
LWPOLYLINE
  5
13B
330
17
100
AcDbEntity
  8
ENGRAVE
100
AcDbPolyline
 90
2
 70
0
 10
305.3585732984293
 20
39.472312635008976
 10
314.8499345549738
 20
39.472312635008976
  0
LWPOLYLINE
  5
13C
330
17
100
AcDbEntity
  8
ENGRAVE
100
AcDbPolyline
 90
2
 70
0
 10
320.8999345549738
 20
39.472312635008976
 10
321.2749345549738
 20
39.472312635008976
  0
LWPOLYLINE
  5
13D
330
17
100
AcDbEntity
  8
ENGRAVE
100
AcDbPolyline
 90
2
 70
0
 10
107.43619109947643
 20
46.38749588108226
 10
107.81119109947643
 20
46.38749588108226
  0
LWPOLYLINE
  5
13E
330
17
100
AcDbEntity
  8
ENGRAVE
100
AcDbPolyline
 90
2
 70
0
 10
113.86119109947643
 20
46.38749588108226
 10
149.1057670157068
 20
46.38749588108226
  0
LWPOLYLINE
  5
13F
330
17
100
AcDbEntity
  8
ENGRAVE
100
AcDbPolyline
 90
2
 70
0
 10
155.15576701570677
 20
46.38749588108226
 10
161.1618455497382
 20
46.38749588108226
  0
LWPOLYLINE
  5
140
330
17
100
AcDbEntity
  8
ENGRAVE
100
AcDbPolyline
 90
2
 70
0
 10
165.15137434554973
 20
46.919433053857134
 10
165.52637434554973
 20
46.919433053857134
  0
LWPOLYLINE
  5
141
330
17
100
AcDbEntity
  8
ENGRAVE
100
AcDbPolyline
 90
2
 70
0
 10
171.5763743455497
 20
46.919433053857134
 10
174.9504581151832
 20
46.919433053857134
  0
LWPOLYLINE
  5
142
330
17
100
AcDbEntity
  8
ENGRAVE
100
AcDbPolyline
 90
2
 70
0
 10
181.00045811518322
 20
46.919433053857134
 10
181.37545811518322
 20
46.919433053857134
  0
LWPOLYLINE
  5
143
330
17
100
AcDbEntity
  8
ENGRAVE
100
AcDbPolyline
 90
2
 70
0
 10
11.68750000000001
 20
52.770741954380696
 10
12.06250000000001
 20
52.770741954380696
  0
LWPOLYLINE
  5
144
330
17
100
AcDbEntity
  8
ENGRAVE
100
AcDbPolyline
 90
2
 70
0
 10
18.112500000000022
 20
52.770741954380696
 10
65.63736910994767
 20
52.770741954380696
  0
LWPOLYLINE
  5
145
330
17
100
AcDbEntity
  8
ENGRAVE
100
AcDbPolyline
 90
2
 70
0
 10
71.68736910994765
 20
52.770741954380696
 10
72.06236910994765
 20
52.770741954380696
  0
LWPOLYLINE
  5
146
330
17
100
AcDbEntity
  8
ENGRAVE
100
AcDbPolyline
 90
2
 70
0
 10
72.86027486910994
 20
52.770741954380696
 10
73.23527486910994
 20
52.770741954380696
  0
LWPOLYLINE
  5
147
330
17
100
AcDbEntity
  8
ENGRAVE
100
AcDbPolyline
 90
2
 70
0
 10
79.28527486910995
 20
52.770741954380696
 10
81.10530104712042
 20
52.770741954380696
  0
LWPOLYLINE
  5
148
330
17
100
AcDbEntity
  8
ENGRAVE
100
AcDbPolyline
 90
2
 70
0
 10
83.97611256544504
 20
52.770741954380696
 10
89.6711387434555
 20
52.770741954380696
  0
LWPOLYLINE
  5
149
330
17
100
AcDbEntity
  8
ENGRAVE
100
AcDbPolyline
 90
2
 70
0
 10
93.28501308900523
 20
52.770741954380696
 10
99.77794502617802
 20
52.770741954380696
  0
LWPOLYLINE
  5
14A
330
17
100
AcDbEntity
  8
ENGRAVE
100
AcDbPolyline
 90
2
 70
0
 10
102.11681937172774
 20
52.770741954380696
 10
102.49181937172774
 20
52.770741954380696
  0
LWPOLYLINE
  5
14B
330
17
100
AcDbEntity
  8
ENGRAVE
100
AcDbPolyline
 90
2
 70
0
 10
105.1973167539267
 20
52.770741954380696
 10
106.37231675392671
 20
52.770741954380696
  0
LWPOLYLINE
  5
14C
330
17
100
AcDbEntity
  8
ENGRAVE
100
AcDbPolyline
 90
2
 70
0
 10
322.0728403141361
 20
63.67545399626552
 10
322.4478403141361
 20
63.67545399626552
  0
LWPOLYLINE
  5
14D
330
17
100
AcDbEntity
  8
ENGRAVE
100
AcDbPolyline
 90
2
 70
0
 10
328.4978403141361
 20
63.67545399626552
 10
333.24352094240834
 20
63.67545399626552
  0
LWPOLYLINE
  5
14E
330
17
100
AcDbEntity
  8
ENGRAVE
100
AcDbPolyline
 90
2
 70
0
 10
164.08749999999998
 20
65.0052969282027
 10
164.46249999999998
 20
65.0052969282027
  0
LWPOLYLINE
  5
14F
330
17
100
AcDbEntity
  8
ENGRAVE
100
AcDbPolyline
 90
2
 70
0
 10
170.5125
 20
65.0052969282027
 10
226.25063263525303
 20
65.0052969282027
  0
LWPOLYLINE
  5
150
330
17
100
AcDbEntity
  8
ENGRAVE
100
AcDbPolyline
 90
2
 70
0
 10
232.30063263525304
 20
65.0052969282027
 10
238.29273560209424
 20
65.0052969282027
  0
LWPOLYLINE
  5
151
330
17
100
AcDbEntity
  8
ENGRAVE
100
AcDbPolyline
 90
2
 70
0
 10
11.68750000000001
 20
70.32466865595138
 10
12.06250000000001
 20
70.32466865595138
  0
LWPOLYLINE
  5
152
330
17
100
AcDbEntity
  8
ENGRAVE
100
AcDbPolyline
 90
2
 70
0
 10
18.112500000000022
 20
70.32466865595138
 10
30.52951570680626
 20
70.32466865595138
  0
LWPOLYLINE
  5
153
330
17
100
AcDbEntity
  8
ENGRAVE
100
AcDbPolyline
 90
2
 70
0
 10
36.579515706806276
 20
70.32466865595138
 10
36.954515706806276
 20
70.32466865595138
  0
LWPOLYLINE
  5
154
330
17
100
AcDbEntity
  8
ENGRAVE
100
AcDbPolyline
 90
2
 70
0
 10
74.66721204188484
 20
71.920480174276
 10
84.88370418848167
 20
71.920480174276
  0
LWPOLYLINE
  5
155
330
17
100
AcDbEntity
  8
ENGRAVE
100
AcDbPolyline
 90
2
 70
0
 10
73.39221204188483
 20
81.49534928422364
 10
73.76721204188483
 20
81.49534928422364
  0
LWPOLYLINE
  5
156
330
17
100
AcDbEntity
  8
ENGRAVE
100
AcDbPolyline
 90
2
 70
0
 10
79.81721204188484
 20
81.49534928422364
 10
86.15870418848168
 20
81.49534928422364
  0
LWPOLYLINE
  5
157
330
17
100
AcDbEntity
  8
ENGRAVE
100
AcDbPolyline
 90
2
 70
0
 10
87.75451570680629
 20
83.35712938893566
 10
103.16756108202445
 20
83.35712938893566
  0
LWPOLYLINE
  5
158
330
17
100
AcDbEntity
  8
ENGRAVE
100
AcDbPolyline
 90
2
 70
0
 10
109.21756108202443
 20
83.35712938893566
 10
150.16145287958113
 20
83.35712938893566
  0
LWPOLYLINE
  5
159
330
17
100
AcDbEntity
  8
ENGRAVE
100
AcDbPolyline
 90
2
 70
0
 10
156.21145287958115
 20
83.35712938893566
 10
162.22571989528797
 20
83.35712938893566
  0
LWPOLYLINE
  5
15A
330
17
100
AcDbEntity
  8
ENGRAVE
100
AcDbPolyline
 90
2
 70
0
 10
164.08749999999998
 20
83.35712938893566
 10
164.46249999999998
 20
83.35712938893566
  0
LWPOLYLINE
  5
15B
330
17
100
AcDbEntity
  8
ENGRAVE
100
AcDbPolyline
 90
2
 70
0
 10
170.5125
 20
83.35712938893566
 10
180.84352094240836
 20
83.35712938893566
  0
LWPOLYLINE
  5
15C
330
17
100
AcDbEntity
  8
ENGRAVE
100
AcDbPolyline
 90
2
 70
0
 10
30.837238219895266
 20
83.62309797532312
 10
31.212238219895266
 20
83.62309797532312
  0
LWPOLYLINE
  5
15D
330
17
100
AcDbEntity
  8
ENGRAVE
100
AcDbPolyline
 90
2
 70
0
 10
34.449672774869114
 20
83.62309797532312
 10
35.624672774869126
 20
83.62309797532312
  0
LWPOLYLINE
  5
15E
330
17
100
AcDbEntity
  8
ENGRAVE
100
AcDbPolyline
 90
2
 70
0
 10
36.954515706806276
 20
83.62309797532312
 10
46.17571989528797
 20
83.62309797532312
  0
LWPOLYLINE
  5
15F
330
17
100
AcDbEntity
  8
ENGRAVE
100
AcDbPolyline
 90
2
 70
0
 10
52.22571989528795
 20
83.62309797532312
 10
72.06236910994765
 20
83.62309797532312
  0
LWPOLYLINE
  5
160
330
17
100
AcDbEntity
  8
ENGRAVE
100
AcDbPolyline
 90
2
 70
0
 10
322.0728403141361
 20
88.67650111668436
 10
322.4478403141361
 20
88.67650111668436
  0
LWPOLYLINE
  5
161
330
17
100
AcDbEntity
  8
ENGRAVE
100
AcDbPolyline
 90
2
 70
0
 10
328.4978403141361
 20
88.67650111668436
 10
333.24352094240834
 20
88.67650111668436
  0
LWPOLYLINE
  5
162
330
17
100
AcDbEntity
  8
ENGRAVE
100
AcDbPolyline
 90
2
 70
0
 10
11.68750000000001
 20
96.38959012191997
 10
12.06250000000001
 20
96.38959012191997
  0
LWPOLYLINE
  5
163
330
17
100
AcDbEntity
  8
ENGRAVE
100
AcDbPolyline
 90
2
 70
0
 10
18.112500000000022
 20
96.38959012191997
 10
81.32951570680628
 20
96.38959012191997
  0
LWPOLYLINE
  5
164
330
17
100
AcDbEntity
  8
ENGRAVE
100
AcDbPolyline
 90
2
 70
0
 10
87.37951570680629
 20
96.38959012191997
 10
87.75451570680629
 20
96.38959012191997
  0
LWPOLYLINE
  5
165
330
17
100
AcDbEntity
  8
ENGRAVE
100
AcDbPolyline
 90
2
 70
0
 10
109.56393979057593
 20
97.45346446746971
 10
109.93893979057593
 20
97.45346446746971
  0
LWPOLYLINE
  5
166
330
17
100
AcDbEntity
  8
ENGRAVE
100
AcDbPolyline
 90
2
 70
0
 10
115.98893979057593
 20
97.45346446746971
 10
172.27631201695337
 20
97.45346446746971
  0
LWPOLYLINE
  5
167
330
17
100
AcDbEntity
  8
ENGRAVE
100
AcDbPolyline
 90
2
 70
0
 10
178.32631201695335
 20
97.45346446746971
 10
232.66564136125652
 20
97.45346446746971
  0
LWPOLYLINE
  5
168
330
17
100
AcDbEntity
  8
ENGRAVE
100
AcDbPolyline
 90
2
 70
0
 10
238.71564136125653
 20
97.45346446746971
 10
239.09064136125653
 20
97.45346446746971
  0
LWPOLYLINE
  5
169
330
17
100
AcDbEntity
  8
ENGRAVE
100
AcDbPolyline
 90
2
 70
0
 10
11.68750000000001
 20
128.57178907479954
 10
12.06250000000001
 20
128.57178907479954
  0
LWPOLYLINE
  5
16A
330
17
100
AcDbEntity
  8
ENGRAVE
100
AcDbPolyline
 90
2
 70
0
 10
18.112500000000022
 20
128.57178907479954
 10
81.32951570680628
 20
128.57178907479954
  0
LWPOLYLINE
  5
16B
330
17
100
AcDbEntity
  8
ENGRAVE
100
AcDbPolyline
 90
2
 70
0
 10
87.37951570680629
 20
128.57178907479954
 10
87.75451570680629
 20
128.57178907479954
  0
LWPOLYLINE
  5
16C
330
17
100
AcDbEntity
  8
ENGRAVE
100
AcDbPolyline
 90
2
 70
0
 10
11.68750000000001
 20
161.81786237322882
 10
12.06250000000001
 20
161.81786237322882
  0
LWPOLYLINE
  5
16D
330
17
100
AcDbEntity
  8
ENGRAVE
100
AcDbPolyline
 90
2
 70
0
 10
18.112500000000022
 20
161.81786237322882
 10
81.32951570680628
 20
161.81786237322882
  0
LWPOLYLINE
  5
16E
330
17
100
AcDbEntity
  8
ENGRAVE
100
AcDbPolyline
 90
2
 70
0
 10
87.37951570680629
 20
161.81786237322882
 10
87.75451570680629
 20
161.81786237322882
  0
LWPOLYLINE
  5
16F
330
17
100
AcDbEntity
  8
ENGRAVE
100
AcDbPolyline
 90
2
 70
0
 10
240.15451570680628
 20
170.59482572401419
 10
240.52951570680628
 20
170.59482572401419
  0
LWPOLYLINE
  5
170
330
17
100
AcDbEntity
  8
ENGRAVE
100
AcDbPolyline
 90
2
 70
0
 10
246.57951570680626
 20
170.59482572401419
 10
313.7860602094241
 20
170.59482572401419
  0
LWPOLYLINE
  5
171
330
17
100
AcDbEntity
  8
ENGRAVE
100
AcDbPolyline
 90
2
 70
0
 10
319.83606020942403
 20
170.59482572401419
 10
320.21106020942403
 20
170.59482572401419
  0
LWPOLYLINE
  5
172
330
17
100
AcDbEntity
  8
ENGRAVE
100
AcDbPolyline
 90
2
 70
0
 10
11.68750000000001
 20
174.31838593343826
 10
12.06250000000001
 20
174.31838593343826
  0
LWPOLYLINE
  5
173
330
17
100
AcDbEntity
  8
ENGRAVE
100
AcDbPolyline
 90
2
 70
0
 10
18.112500000000022
 20
174.31838593343826
 10
54.04421566653242
 20
174.31838593343826
  0
LWPOLYLINE
  5
174
330
17
100
AcDbEntity
  8
ENGRAVE
100
AcDbPolyline
 90
2
 70
0
 10
60.094215666532406
 20
174.31838593343826
 10
65.94509162303665
 20
174.31838593343826
  0
LWPOLYLINE
  5
175
330
17
100
AcDbEntity
  8
ENGRAVE
100
AcDbPolyline
 90
2
 70
0
 10
67.27493455497383
 20
174.31838593343826
 10
73.06145287958115
 20
174.31838593343826
  0
LWPOLYLINE
  5
176
330
17
100
AcDbEntity
  8
ENGRAVE
100
AcDbPolyline
 90
2
 70
0
 10
79.11145287958117
 20
174.31838593343826
 10
80.83933246073299
 20
174.31838593343826
  0
LWPOLYLINE
  5
177
330
17
100
AcDbEntity
  8
ENGRAVE
100
AcDbPolyline
 90
2
 70
0
 10
38.284358638743456
 20
190.5424697030718
 10
38.659358638743456
 20
190.5424697030718
  0
LWPOLYLINE
  5
178
330
17
100
AcDbEntity
  8
ENGRAVE
100
AcDbPolyline
 90
2
 70
0
 10
44.70935863874347
 20
190.5424697030718
 10
52.38069371727748
 20
190.5424697030718
  0
LWPOLYLINE
  5
179
330
17
100
AcDbEntity
  8
ENGRAVE
100
AcDbPolyline
 90
2
 70
0
 10
52.38069371727748
 20
193.46812415333358
 10
52.75569371727748
 20
193.46812415333358
  0
LWPOLYLINE
  5
17A
330
17
100
AcDbEntity
  8
ENGRAVE
100
AcDbPolyline
 90
2
 70
0
 10
58.80569371727749
 20
193.46812415333358
 10
74.41433246073298
 20
193.46812415333358
  0
LWPOLYLINE
  5
17B
330
17
100
AcDbEntity
  8
ENGRAVE
100
AcDbPolyline
 90
2
 70
0
 10
80.46433246073299
 20
193.46812415333358
 10
80.83933246073299
 20
193.46812415333358
  0
LWPOLYLINE
  5
17C
330
17
100
AcDbEntity
  8
ENGRAVE
100
AcDbPolyline
 90
2
 70
0
 10
14.6131544502618
 20
213.41576813239115
 10
14.9881544502618
 20
213.41576813239115
  0
LWPOLYLINE
  5
17D
330
17
100
AcDbEntity
  8
ENGRAVE
100
AcDbPolyline
 90
2
 70
0
 10
21.03815445026181
 20
213.41576813239115
 10
74.41433246073298
 20
213.41576813239115
  0
LWPOLYLINE
  5
17E
330
17
100
AcDbEntity
  8
ENGRAVE
100
AcDbPolyline
 90
2
 70
0
 10
80.46433246073299
 20
213.41576813239115
 10
80.83933246073299
 20
213.41576813239115
  0
LWPOLYLINE
  5
17F
330
17
100
AcDbEntity
  8
ENGRAVE
100
AcDbPolyline
 90
2
 70
0
 10
82.16917539267014
 20
213.41576813239115
 10
90.68204624781849
 20
213.41576813239115
  0
LWPOLYLINE
  5
180
330
17
100
AcDbEntity
  8
ENGRAVE
100
AcDbPolyline
 90
2
 70
0
 10
96.7320462478185
 20
213.41576813239115
 10
108.50006544502618
 20
213.41576813239115
  0
LWPOLYLINE
  5
181
330
17
100
AcDbEntity
  8
ENGRAVE
100
AcDbPolyline
 90
2
 70
0
 10
110.62781413612568
 20
251.71524457218172
 10
111.00281413612568
 20
251.71524457218172
  0
LWPOLYLINE
  5
182
330
17
100
AcDbEntity
  8
ENGRAVE
100
AcDbPolyline
 90
2
 70
0
 10
117.05281413612568
 20
251.71524457218172
 10
171.43527486910995
 20
251.71524457218172
  0
LWPOLYLINE
  5
183
330
17
100
AcDbEntity
  8
ENGRAVE
100
AcDbPolyline
 90
2
 70
0
 10
177.48527486910996
 20
251.71524457218172
 10
231.86773560209423
 20
251.71524457218172
  0
LWPOLYLINE
  5
184
330
17
100
AcDbEntity
  8
ENGRAVE
100
AcDbPolyline
 90
2
 70
0
 10
237.91773560209424
 20
251.71524457218172
 10
238.29273560209424
 20
251.71524457218172
  0
LWPOLYLINE
  5
185
330
17
100
AcDbEntity
  8
ENGRAVE
100
AcDbPolyline
 90
2
 70
0
 10
11.68750000000001
 20
54.408241954380685
 10
11.68750000000001
 20
54.783241954380685
  0
LWPOLYLINE
  5
186
330
17
100
AcDbEntity
  8
ENGRAVE
100
AcDbPolyline
 90
2
 70
0
 10
11.68750000000001
 20
60.83324195438068
 10
11.68750000000001
 20
68.68716865595138
  0
LWPOLYLINE
  5
187
330
17
100
AcDbEntity
  8
ENGRAVE
100
AcDbPolyline
 90
2
 70
0
 10
11.68750000000001
 20
71.96216865595137
 10
11.68750000000001
 20
72.33716865595137
  0
LWPOLYLINE
  5
188
330
17
100
AcDbEntity
  8
ENGRAVE
100
AcDbPolyline
 90
2
 70
0
 10
11.68750000000001
 20
78.38716865595137
 10
11.68750000000001
 20
88.32709012191997
  0
LWPOLYLINE
  5
189
330
17
100
AcDbEntity
  8
ENGRAVE
100
AcDbPolyline
 90
2
 70
0
 10
11.68750000000001
 20
94.37709012191996
 10
11.68750000000001
 20
94.75209012191996
  0
LWPOLYLINE
  5
18A
330
17
100
AcDbEntity
  8
ENGRAVE
100
AcDbPolyline
 90
2
 70
0
 10
11.68750000000001
 20
98.02709012191997
 10
11.68750000000001
 20
98.40209012191997
  0
LWPOLYLINE
  5
18B
330
17
100
AcDbEntity
  8
ENGRAVE
100
AcDbPolyline
 90
2
 70
0
 10
11.68750000000001
 20
104.45209012191997
 10
11.68750000000001
 20
120.50928907479955
  0
LWPOLYLINE
  5
18C
330
17
100
AcDbEntity
  8
ENGRAVE
100
AcDbPolyline
 90
2
 70
0
 10
11.68750000000001
 20
126.55928907479955
 10
11.68750000000001
 20
126.93428907479955
  0
LWPOLYLINE
  5
18D
330
17
100
AcDbEntity
  8
ENGRAVE
100
AcDbPolyline
 90
2
 70
0
 10
11.68750000000001
 20
130.20928907479956
 10
11.68750000000001
 20
130.58428907479956
  0
LWPOLYLINE
  5
18E
330
17
100
AcDbEntity
  8
ENGRAVE
100
AcDbPolyline
 90
2
 70
0
 10
11.68750000000001
 20
136.63428907479954
 10
11.68750000000001
 20
153.75536237322882
  0
LWPOLYLINE
  5
18F
330
17
100
AcDbEntity
  8
ENGRAVE
100
AcDbPolyline
 90
2
 70
0
 10
11.68750000000001
 20
159.8053623732288
 10
11.68750000000001
 20
160.1803623732288
  0
LWPOLYLINE
  5
190
330
17
100
AcDbEntity
  8
ENGRAVE
100
AcDbPolyline
 90
2
 70
0
 10
11.68750000000001
 20
164.73036237322884
 10
11.68750000000001
 20
171.40588593343824
  0
LWPOLYLINE
  5
191
330
17
100
AcDbEntity
  8
ENGRAVE
100
AcDbPolyline
 90
2
 70
0
 10
11.68750000000001
 20
175.95588593343828
 10
11.68750000000001
 20
176.33088593343828
  0
LWPOLYLINE
  5
192
330
17
100
AcDbEntity
  8
ENGRAVE
100
AcDbPolyline
 90
2
 70
0
 10
11.68750000000001
 20
182.3808859334383
 10
11.68750000000001
 20
206.99076813239117
  0
LWPOLYLINE
  5
193
330
17
100
AcDbEntity
  8
ENGRAVE
100
AcDbPolyline
 90
2
 70
0
 10
11.68750000000001
 20
213.04076813239115
 10
11.68750000000001
 20
213.41576813239115
  0
LWPOLYLINE
  5
194
330
17
100
AcDbEntity
  8
ENGRAVE
100
AcDbPolyline
 90
2
 70
0
 10
29.241426701570685
 20
98.02709012191997
 10
29.241426701570685
 20
98.40209012191997
  0
LWPOLYLINE
  5
195
330
17
100
AcDbEntity
  8
ENGRAVE
100
AcDbPolyline
 90
2
 70
0
 10
29.241426701570685
 20
104.45209012191997
 10
29.241426701570685
 20
120.50928907479955
  0
LWPOLYLINE
  5
196
330
17
100
AcDbEntity
  8
ENGRAVE
100
AcDbPolyline
 90
2
 70
0
 10
29.241426701570685
 20
126.55928907479955
 10
29.241426701570685
 20
126.93428907479955
  0
LWPOLYLINE
  5
197
330
17
100
AcDbEntity
  8
ENGRAVE
100
AcDbPolyline
 90
2
 70
0
 10
29.241426701570685
 20
130.20928907479956
 10
29.241426701570685
 20
130.58428907479956
  0
LWPOLYLINE
  5
198
330
17
100
AcDbEntity
  8
ENGRAVE
100
AcDbPolyline
 90
2
 70
0
 10
29.241426701570685
 20
136.63428907479954
 10
29.241426701570685
 20
153.75536237322882
  0
LWPOLYLINE
  5
199
330
17
100
AcDbEntity
  8
ENGRAVE
100
AcDbPolyline
 90
2
 70
0
 10
29.241426701570685
 20
159.8053623732288
 10
29.241426701570685
 20
160.1803623732288
  0
LWPOLYLINE
  5
19A
330
17
100
AcDbEntity
  8
ENGRAVE
100
AcDbPolyline
 90
2
 70
0
 10
30.837238219895266
 20
71.96216865595137
 10
30.837238219895266
 20
72.33716865595137
  0
LWPOLYLINE
  5
19B
330
17
100
AcDbEntity
  8
ENGRAVE
100
AcDbPolyline
 90
2
 70
0
 10
30.837238219895266
 20
78.38716865595137
 10
30.837238219895266
 20
81.98559797532312
  0
LWPOLYLINE
  5
19C
330
17
100
AcDbEntity
  8
ENGRAVE
100
AcDbPolyline
 90
2
 70
0
 10
30.837238219895266
 20
86.53559797532313
 10
30.837238219895266
 20
93.47709012191996
  0
LWPOLYLINE
  5
19D
330
17
100
AcDbEntity
  8
ENGRAVE
100
AcDbPolyline
 90
2
 70
0
 10
36.954515706806276
 20
54.408241954380685
 10
36.954515706806276
 20
54.783241954380685
  0
LWPOLYLINE
  5
19E
330
17
100
AcDbEntity
  8
ENGRAVE
100
AcDbPolyline
 90
2
 70
0
 10
36.954515706806276
 20
60.83324195438068
 10
36.954515706806276
 20
68.68716865595138
  0
LWPOLYLINE
  5
19F
330
17
100
AcDbEntity
  8
ENGRAVE
100
AcDbPolyline
 90
2
 70
0
 10
36.954515706806276
 20
71.96216865595137
 10
36.954515706806276
 20
72.33716865595137
  0
LWPOLYLINE
  5
1A0
330
17
100
AcDbEntity
  8
ENGRAVE
100
AcDbPolyline
 90
2
 70
0
 10
36.954515706806276
 20
78.38716865595137
 10
36.954515706806276
 20
81.98559797532312
  0
LWPOLYLINE
  5
1A1
330
17
100
AcDbEntity
  8
ENGRAVE
100
AcDbPolyline
 90
2
 70
0
 10
38.28435863874343
 20
175.95588593343828
 10
38.28435863874343
 20
176.33088593343828
  0
LWPOLYLINE
  5
1A2
330
17
100
AcDbEntity
  8
ENGRAVE
100
AcDbPolyline
 90
2
 70
0
 10
38.28435863874343
 20
182.3808859334383
 10
38.28435863874343
 20
188.90496970307177
  0
LWPOLYLINE
  5
1A3
330
17
100
AcDbEntity
  8
ENGRAVE
100
AcDbPolyline
 90
2
 70
0
 10
38.28435863874343
 20
192.1799697030718
 10
38.28435863874343
 20
197.35433161406655
  0
LWPOLYLINE
  5
1A4
330
17
100
AcDbEntity
  8
ENGRAVE
100
AcDbPolyline
 90
2
 70
0
 10
38.28435863874343
 20
203.40433161406656
 10
38.28435863874343
 20
211.77826813239113
  0
LWPOLYLINE
  5
1A5
330
17
100
AcDbEntity
  8
ENGRAVE
100
AcDbPolyline
 90
2
 70
0
 10
52.38069371727745
 20
175.95588593343828
 10
52.38069371727745
 20
176.33088593343828
  0
LWPOLYLINE
  5
1A6
330
17
100
AcDbEntity
  8
ENGRAVE
100
AcDbPolyline
 90
2
 70
0
 10
52.38069371727745
 20
182.3808859334383
 10
52.38069371727745
 20
188.90496970307177
  0
LWPOLYLINE
  5
1A7
330
17
100
AcDbEntity
  8
ENGRAVE
100
AcDbPolyline
 90
2
 70
0
 10
52.38069371727745
 20
195.1056241533336
 10
52.38069371727745
 20
195.4806241533336
  0
LWPOLYLINE
  5
1A8
330
17
100
AcDbEntity
  8
ENGRAVE
100
AcDbPolyline
 90
2
 70
0
 10
52.38069371727745
 20
201.5306241533336
 10
52.38069371727745
 20
205.35326813239112
  0
LWPOLYLINE
  5
1A9
330
17
100
AcDbEntity
  8
ENGRAVE
100
AcDbPolyline
 90
2
 70
0
 10
52.38069371727745
 20
211.40326813239113
 10
52.38069371727745
 20
211.77826813239113
  0
LWPOLYLINE
  5
1AA
330
17
100
AcDbEntity
  8
ENGRAVE
100
AcDbPolyline
 90
2
 70
0
 10
55.30634816753927
 20
54.408241954380685
 10
55.30634816753927
 20
54.783241954380685
  0
LWPOLYLINE
  5
1AB
330
17
100
AcDbEntity
  8
ENGRAVE
100
AcDbPolyline
 90
2
 70
0
 10
55.30634816753927
 20
60.83324195438068
 10
55.30634816753927
 20
75.56059797532312
  0
LWPOLYLINE
  5
1AC
330
17
100
AcDbEntity
  8
ENGRAVE
100
AcDbPolyline
 90
2
 70
0
 10
55.30634816753927
 20
81.61059797532312
 10
55.30634816753927
 20
81.98559797532312
  0
LWPOLYLINE
  5
1AD
330
17
100
AcDbEntity
  8
ENGRAVE
100
AcDbPolyline
 90
2
 70
0
 10
66.47702879581153
 20
175.95588593343828
 10
66.47702879581153
 20
176.33088593343828
  0
LWPOLYLINE
  5
1AE
330
17
100
AcDbEntity
  8
ENGRAVE
100
AcDbPolyline
 90
2
 70
0
 10
66.47702879581153
 20
182.3808859334383
 10
66.47702879581153
 20
185.40562415333355
  0
LWPOLYLINE
  5
1AF
330
17
100
AcDbEntity
  8
ENGRAVE
100
AcDbPolyline
 90
2
 70
0
 10
66.47702879581153
 20
191.45562415333356
 10
66.47702879581153
 20
191.83062415333356
  0
LWPOLYLINE
  5
1B0
330
17
100
AcDbEntity
  8
ENGRAVE
100
AcDbPolyline
 90
2
 70
0
 10
72.06236910994768
 20
54.408241954380685
 10
72.06236910994768
 20
54.783241954380685
  0
LWPOLYLINE
  5
1B1
330
17
100
AcDbEntity
  8
ENGRAVE
100
AcDbPolyline
 90
2
 70
0
 10
72.06236910994768
 20
60.83324195438068
 10
72.06236910994768
 20
63.857980174275994
  0
LWPOLYLINE
  5
1B2
330
17
100
AcDbEntity
  8
ENGRAVE
100
AcDbPolyline
 90
2
 70
0
 10
72.06236910994768
 20
69.90798017427599
 10
72.06236910994768
 20
70.28298017427599
  0
LWPOLYLINE
  5
1B3
330
17
100
AcDbEntity
  8
ENGRAVE
100
AcDbPolyline
 90
2
 70
0
 10
72.06236910994768
 20
73.55798017427598
 10
72.06236910994768
 20
73.93298017427598
  0
LWPOLYLINE
  5
1B4
330
17
100
AcDbEntity
  8
ENGRAVE
100
AcDbPolyline
 90
2
 70
0
 10
72.06236910994768
 20
78.68284928422364
 10
72.06236910994768
 20
79.85784928422363
  0
LWPOLYLINE
  5
1B5
330
17
100
AcDbEntity
  8
ENGRAVE
100
AcDbPolyline
 90
2
 70
0
 10
80.83933246073299
 20
175.95588593343828
 10
80.83933246073299
 20
176.33088593343828
  0
LWPOLYLINE
  5
1B6
330
17
100
AcDbEntity
  8
ENGRAVE
100
AcDbPolyline
 90
2
 70
0
 10
80.83933246073299
 20
182.3808859334383
 10
80.83933246073299
 20
185.40562415333355
  0
LWPOLYLINE
  5
1B7
330
17
100
AcDbEntity
  8
ENGRAVE
100
AcDbPolyline
 90
2
 70
0
 10
80.83933246073299
 20
191.45562415333356
 10
80.83933246073299
 20
191.83062415333356
  0
LWPOLYLINE
  5
1B8
330
17
100
AcDbEntity
  8
ENGRAVE
100
AcDbPolyline
 90
2
 70
0
 10
80.83933246073299
 20
195.1056241533336
 10
80.83933246073299
 20
201.12213499850932
  0
LWPOLYLINE
  5
1B9
330
17
100
AcDbEntity
  8
ENGRAVE
100
AcDbPolyline
 90
2
 70
0
 10
80.83933246073299
 20
207.17213499850934
 10
80.83933246073299
 20
211.77826813239113
  0
LWPOLYLINE
  5
1BA
330
17
100
AcDbEntity
  8
ENGRAVE
100
AcDbPolyline
 90
2
 70
0
 10
87.75451570680629
 20
54.408241954380685
 10
87.75451570680629
 20
59.91108881301943
  0
LWPOLYLINE
  5
1BB
330
17
100
AcDbEntity
  8
ENGRAVE
100
AcDbPolyline
 90
2
 70
0
 10
87.75451570680629
 20
65.96108881301943
 10
87.75451570680629
 20
75.29462938893566
  0
LWPOLYLINE
  5
1BC
330
17
100
AcDbEntity
  8
ENGRAVE
100
AcDbPolyline
 90
2
 70
0
 10
87.75451570680629
 20
81.34462938893566
 10
87.75451570680629
 20
81.71962938893566
  0
LWPOLYLINE
  5
1BD
330
17
100
AcDbEntity
  8
ENGRAVE
100
AcDbPolyline
 90
2
 70
0
 10
87.75451570680629
 20
86.26962938893567
 10
87.75451570680629
 20
93.47709012191996
  0
LWPOLYLINE
  5
1BE
330
17
100
AcDbEntity
  8
ENGRAVE
100
AcDbPolyline
 90
2
 70
0
 10
87.75451570680629
 20
98.02709012191997
 10
87.75451570680629
 20
98.40209012191997
  0
LWPOLYLINE
  5
1BF
330
17
100
AcDbEntity
  8
ENGRAVE
100
AcDbPolyline
 90
2
 70
0
 10
87.75451570680629
 20
104.45209012191997
 10
87.75451570680629
 20
120.50928907479955
  0
LWPOLYLINE
  5
1C0
330
17
100
AcDbEntity
  8
ENGRAVE
100
AcDbPolyline
 90
2
 70
0
 10
87.75451570680629
 20
126.55928907479955
 10
87.75451570680629
 20
126.93428907479955
  0
LWPOLYLINE
  5
1C1
330
17
100
AcDbEntity
  8
ENGRAVE
100
AcDbPolyline
 90
2
 70
0
 10
87.75451570680629
 20
130.20928907479956
 10
87.75451570680629
 20
130.58428907479956
  0
LWPOLYLINE
  5
1C2
330
17
100
AcDbEntity
  8
ENGRAVE
100
AcDbPolyline
 90
2
 70
0
 10
87.75451570680629
 20
136.63428907479954
 10
87.75451570680629
 20
153.75536237322882
  0
LWPOLYLINE
  5
1C3
330
17
100
AcDbEntity
  8
ENGRAVE
100
AcDbPolyline
 90
2
 70
0
 10
87.75451570680629
 20
159.8053623732288
 10
87.75451570680629
 20
160.1803623732288
  0
LWPOLYLINE
  5
1C4
330
17
100
AcDbEntity
  8
ENGRAVE
100
AcDbPolyline
 90
2
 70
0
 10
107.43619109947643
 20
48.02499588108226
 10
107.43619109947643
 20
48.39999588108226
  0
LWPOLYLINE
  5
1C5
330
17
100
AcDbEntity
  8
ENGRAVE
100
AcDbPolyline
 90
2
 70
0
 10
107.43619109947643
 20
50.24999588108227
 10
107.43619109947643
 20
51.13324195438069
  0
LWPOLYLINE
  5
1C6
330
17
100
AcDbEntity
  8
ENGRAVE
100
AcDbPolyline
 90
2
 70
0
 10
107.43619109947643
 20
54.408241954380685
 10
107.43619109947643
 20
54.783241954380685
  0
LWPOLYLINE
  5
1C7
330
17
100
AcDbEntity
  8
ENGRAVE
100
AcDbPolyline
 90
2
 70
0
 10
107.43619109947643
 20
60.83324195438068
 10
107.43619109947643
 20
75.29462938893566
  0
LWPOLYLINE
  5
1C8
330
17
100
AcDbEntity
  8
ENGRAVE
100
AcDbPolyline
 90
2
 70
0
 10
107.43619109947643
 20
81.34462938893566
 10
107.43619109947643
 20
81.71962938893566
  0
LWPOLYLINE
  5
1C9
330
17
100
AcDbEntity
  8
ENGRAVE
100
AcDbPolyline
 90
2
 70
0
 10
110.62781413612568
 20
99.09096446746972
 10
110.62781413612568
 20
99.46596446746972
  0
LWPOLYLINE
  5
1CA
330
17
100
AcDbEntity
  8
ENGRAVE
100
AcDbPolyline
 90
2
 70
0
 10
110.62781413612568
 20
105.51596446746971
 10
110.62781413612568
 20
171.55935451982572
  0
LWPOLYLINE
  5
1CB
330
17
100
AcDbEntity
  8
ENGRAVE
100
AcDbPolyline
 90
2
 70
0
 10
110.62781413612568
 20
177.60935451982573
 10
110.62781413612568
 20
243.6527445721817
  0
LWPOLYLINE
  5
1CC
330
17
100
AcDbEntity
  8
ENGRAVE
100
AcDbPolyline
 90
2
 70
0
 10
110.62781413612568
 20
249.7027445721817
 10
110.62781413612568
 20
250.0777445721817
  0
LWPOLYLINE
  5
1CD
330
17
100
AcDbEntity
  8
ENGRAVE
100
AcDbPolyline
 90
2
 70
0
 10
134.0330497382199
 20
48.02499588108226
 10
134.0330497382199
 20
48.39999588108226
  0
LWPOLYLINE
  5
1CE
330
17
100
AcDbEntity
  8
ENGRAVE
100
AcDbPolyline
 90
2
 70
0
 10
134.0330497382199
 20
54.44999588108226
 10
134.0330497382199
 20
75.29462938893566
  0
LWPOLYLINE
  5
1CF
330
17
100
AcDbEntity
  8
ENGRAVE
100
AcDbPolyline
 90
2
 70
0
 10
134.0330497382199
 20
81.34462938893566
 10
134.0330497382199
 20
81.71962938893566
  0
LWPOLYLINE
  5
1D0
330
17
100
AcDbEntity
  8
ENGRAVE
100
AcDbPolyline
 90
2
 70
0
 10
164.08749999999998
 20
48.556933053857136
 10
164.08749999999998
 20
48.931933053857136
  0
LWPOLYLINE
  5
1D1
330
17
100
AcDbEntity
  8
ENGRAVE
100
AcDbPolyline
 90
2
 70
0
 10
164.08749999999998
 20
54.981933053857134
 10
164.08749999999998
 20
63.367796928202694
  0
LWPOLYLINE
  5
1D2
330
17
100
AcDbEntity
  8
ENGRAVE
100
AcDbPolyline
 90
2
 70
0
 10
164.08749999999998
 20
66.64279692820269
 10
164.08749999999998
 20
67.01779692820269
  0
LWPOLYLINE
  5
1D3
330
17
100
AcDbEntity
  8
ENGRAVE
100
AcDbPolyline
 90
2
 70
0
 10
164.08749999999998
 20
73.06779692820268
 10
164.08749999999998
 20
81.71962938893566
  0
LWPOLYLINE
  5
1D4
330
17
100
AcDbEntity
  8
ENGRAVE
100
AcDbPolyline
 90
2
 70
0
 10
181.37545811518322
 20
16.10876551459012
 10
181.37545811518322
 20
16.48376551459012
  0
LWPOLYLINE
  5
1D5
330
17
100
AcDbEntity
  8
ENGRAVE
100
AcDbPolyline
 90
2
 70
0
 10
181.37545811518322
 20
22.533765514590122
 10
181.37545811518322
 20
38.85693305385714
  0
LWPOLYLINE
  5
1D6
330
17
100
AcDbEntity
  8
ENGRAVE
100
AcDbPolyline
 90
2
 70
0
 10
181.37545811518322
 20
44.90693305385713
 10
181.37545811518322
 20
45.28193305385713
  0
LWPOLYLINE
  5
1D7
330
17
100
AcDbEntity
  8
ENGRAVE
100
AcDbPolyline
 90
2
 70
0
 10
181.37545811518322
 20
48.556933053857136
 10
181.37545811518322
 20
48.931933053857136
  0
LWPOLYLINE
  5
1D8
330
17
100
AcDbEntity
  8
ENGRAVE
100
AcDbPolyline
 90
2
 70
0
 10
181.37545811518322
 20
54.981933053857134
 10
181.37545811518322
 20
62.87754823710321
  0
LWPOLYLINE
  5
1D9
330
17
100
AcDbEntity
  8
ENGRAVE
100
AcDbPolyline
 90
2
 70
0
 10
181.37545811518322
 20
66.64279692820269
 10
181.37545811518322
 20
67.01779692820269
  0
LWPOLYLINE
  5
1DA
330
17
100
AcDbEntity
  8
ENGRAVE
100
AcDbPolyline
 90
2
 70
0
 10
181.37545811518322
 20
73.06779692820268
 10
181.37545811518322
 20
81.71962938893566
  0
LWPOLYLINE
  5
1DB
330
17
100
AcDbEntity
  8
ENGRAVE
100
AcDbPolyline
 90
2
 70
0
 10
238.29273560209424
 20
99.09096446746972
 10
238.29273560209424
 20
99.46596446746972
  0
LWPOLYLINE
  5
1DC
330
17
100
AcDbEntity
  8
ENGRAVE
100
AcDbPolyline
 90
2
 70
0
 10
238.29273560209424
 20
105.51596446746971
 10
238.29273560209424
 20
171.55935451982572
  0
LWPOLYLINE
  5
1DD
330
17
100
AcDbEntity
  8
ENGRAVE
100
AcDbPolyline
 90
2
 70
0
 10
238.29273560209424
 20
177.60935451982573
 10
238.29273560209424
 20
243.6527445721817
  0
LWPOLYLINE
  5
1DE
330
17
100
AcDbEntity
  8
ENGRAVE
100
AcDbPolyline
 90
2
 70
0
 10
238.29273560209424
 20
249.7027445721817
 10
238.29273560209424
 20
250.0777445721817
  0
LWPOLYLINE
  5
1DF
330
17
100
AcDbEntity
  8
ENGRAVE
100
AcDbPolyline
 90
2
 70
0
 10
239.09064136125653
 20
16.10876551459012
 10
239.09064136125653
 20
22.00090616190093
  0
LWPOLYLINE
  5
1E0
330
17
100
AcDbEntity
  8
ENGRAVE
100
AcDbPolyline
 90
2
 70
0
 10
239.09064136125653
 20
28.05090616190093
 10
239.09064136125653
 20
56.9427969282027
  0
LWPOLYLINE
  5
1E1
330
17
100
AcDbEntity
  8
ENGRAVE
100
AcDbPolyline
 90
2
 70
0
 10
239.09064136125653
 20
62.992796928202694
 10
239.09064136125653
 20
63.367796928202694
  0
LWPOLYLINE
  5
1E2
330
17
100
AcDbEntity
  8
ENGRAVE
100
AcDbPolyline
 90
2
 70
0
 10
298.9335732984293
 20
19.56635713762677
 10
298.9335732984293
 20
19.94135713762677
  0
LWPOLYLINE
  5
1E3
330
17
100
AcDbEntity
  8
ENGRAVE
100
AcDbPolyline
 90
2
 70
0
 10
298.9335732984293
 20
25.99135713762677
 10
298.9335732984293
 20
37.83481263500897
  0
LWPOLYLINE
  5
1E4
330
17
100
AcDbEntity
  8
ENGRAVE
100
AcDbPolyline
 90
2
 70
0
 10
298.9335732984293
 20
41.109812635008964
 10
298.9335732984293
 20
41.484812635008964
  0
LWPOLYLINE
  5
1E5
330
17
100
AcDbEntity
  8
ENGRAVE
100
AcDbPolyline
 90
2
 70
0
 10
298.9335732984293
 20
47.534812635008976
 10
298.9335732984293
 20
52.770741954380696
  0
LWPOLYLINE
  5
1E6
330
17
100
AcDbEntity
  8
ENGRAVE
100
AcDbPolyline
 90
2
 70
0
 10
321.2749345549738
 20
18.99273148317651
 10
321.2749345549738
 20
19.36773148317651
  0
LWPOLYLINE
  5
1E7
330
17
100
AcDbEntity
  8
ENGRAVE
100
AcDbPolyline
 90
2
 70
0
 10
321.2749345549738
 20
25.41773148317651
 10
321.2749345549738
 20
31.409812635008972
  0
LWPOLYLINE
  5
1E8
330
17
100
AcDbEntity
  8
ENGRAVE
100
AcDbPolyline
 90
2
 70
0
 10
321.2749345549738
 20
37.45981263500897
 10
321.2749345549738
 20
37.83481263500897
  0
LWPOLYLINE
  5
1E9
330
17
100
AcDbEntity
  8
ENGRAVE
100
AcDbPolyline
 90
2
 70
0
 10
321.2749345549738
 20
41.109812635008964
 10
321.2749345549738
 20
41.484812635008964
  0
LWPOLYLINE
  5
1EA
330
17
100
AcDbEntity
  8
ENGRAVE
100
AcDbPolyline
 90
2
 70
0
 10
321.2749345549738
 20
47.534812635008976
 10
321.2749345549738
 20
55.61295399626552
  0
LWPOLYLINE
  5
1EB
330
17
100
AcDbEntity
  8
ENGRAVE
100
AcDbPolyline
 90
2
 70
0
 10
321.2749345549738
 20
61.662953996265514
 10
321.2749345549738
 20
62.037953996265514
  0
LWPOLYLINE
  5
1EC
330
17
100
AcDbEntity
  8
ENGRAVE
100
AcDbPolyline
 90
2
 70
0
 10
321.2749345549738
 20
66.58795399626551
 10
321.2749345549738
 20
85.76400111668435
  0
LWPOLYLINE
  5
1ED
330
17
100
AcDbEntity
  8
ENGRAVE
100
AcDbPolyline
 90
2
 70
0
 10
321.2749345549738
 20
90.31400111668437
 10
321.2749345549738
 20
90.68900111668437
  0
LWPOLYLINE
  5
1EE
330
17
100
AcDbEntity
  8
ENGRAVE
100
AcDbPolyline
 90
2
 70
0
 10
321.2749345549738
 20
96.73900111668436
 10
321.2749345549738
 20
162.53232572401416
  0
LWPOLYLINE
  5
1EF
330
17
100
AcDbEntity
  8
ENGRAVE
100
AcDbPolyline
 90
2
 70
0
 10
321.2749345549738
 20
168.58232572401417
 10
321.2749345549738
 20
168.95732572401417
  0
LWPOLYLINE
  5
1F0
330
17
100
AcDbEntity
  8
ENGRAVE
100
AcDbPolyline
 90
2
 70
0
 10
334.0414267015707
 20
66.58795399626551
 10
334.0414267015707
 20
85.76400111668435
  0
LWPOLYLINE
  5
1F1
330
17
100
AcDbEntity
  8
ENGRAVE
100
AcDbPolyline
 90
2
 70
0
 10
346.8652903379343
 20
40.546
 10
346.8652903379343
 20
43.546
  0
LWPOLYLINE
  5
1F2
330
17
100
AcDbEntity
  8
ENGRAVE
100
AcDbPolyline
 90
2
 70
0
 10
358.9880176106616
 20
40.546
 10
358.9880176106616
 20
43.546
  0
LWPOLYLINE
  5
1F3
330
17
100
AcDbEntity
  8
ENGRAVE
100
AcDbPolyline
 90
2
 70
0
 10
388.5353812470252
 20
41.83288811188811
 10
385.5353812470252
 20
41.83288811188811
  0
LWPOLYLINE
  5
1F4
330
17
100
AcDbEntity
  8
ENGRAVE
100
AcDbPolyline
 90
2
 70
0
 10
388.5353812470252
 20
52.75666433566434
 10
385.5353812470252
 20
52.75666433566434
  0
LWPOLYLINE
  5
1F5
330
17
100
AcDbEntity
  8
ENGRAVE
100
AcDbPolyline
 90
2
 70
0
 10
401.92174488338884
 20
37.371
 10
401.92174488338884
 20
40.371
  0
LWPOLYLINE
  5
1F6
330
17
100
AcDbEntity
  8
ENGRAVE
100
AcDbPolyline
 90
2
 70
0
 10
414.0444721561161
 20
37.371
 10
414.0444721561161
 20
40.371
  0
LWPOLYLINE
  5
1F7
330
17
100
AcDbEntity
  8
ENGRAVE
100
AcDbPolyline
 90
2
 70
0
 10
397.6970975359719
 20
64.27
 10
397.6970975359719
 20
67.27
  0
LWPOLYLINE
  5
1F8
330
17
100
AcDbEntity
  8
ENGRAVE
100
AcDbPolyline
 90
2
 70
0
 10
408.6208737597481
 20
64.27
 10
408.6208737597481
 20
67.27
  0
LWPOLYLINE
  5
1F9
330
17
100
AcDbEntity
  8
ENGRAVE
100
AcDbPolyline
 90
2
 70
0
 10
495.6118357924797
 20
40.567328671328674
 10
492.6118357924797
 20
40.567328671328674
  0
LWPOLYLINE
  5
1FA
330
17
100
AcDbEntity
  8
ENGRAVE
100
AcDbPolyline
 90
2
 70
0
 10
495.6118357924797
 20
48.95998601398602
 10
492.6118357924797
 20
48.95998601398602
  0
LWPOLYLINE
  5
1FB
330
17
100
AcDbEntity
  8
ENGRAVE
100
AcDbPolyline
 90
2
 70
0
 10
398.59428339984623
 20
91.93099999999998
 10
398.59428339984623
 20
94.93099999999998
  0
LWPOLYLINE
  5
1FC
330
17
100
AcDbEntity
  8
ENGRAVE
100
AcDbPolyline
 90
2
 70
0
 10
409.51805962362243
 20
91.93099999999998
 10
409.51805962362243
 20
93.97899999999998
  0
LWPOLYLINE
  5
1FD
330
17
100
AcDbEntity
  8
ENGRAVE
100
AcDbPolyline
 90
2
 70
0
 10
411.89184820415176
 20
116.41699999999997
 10
411.89184820415176
 20
119.41699999999997
  0
LWPOLYLINE
  5
1FE
330
17
100
AcDbEntity
  8
ENGRAVE
100
AcDbPolyline
 90
2
 70
0
 10
421.7498901621937
 20
116.41699999999997
 10
421.7498901621937
 20
118.46499999999997
  0
LWPOLYLINE
  5
1FF
330
17
100
AcDbEntity
  8
ENGRAVE
100
AcDbPolyline
 90
2
 70
0
 10
360.07761825870466
 20
140.90299999999996
 10
360.07761825870466
 20
143.90299999999996
  0
LWPOLYLINE
  5
200
330
17
100
AcDbEntity
  8
ENGRAVE
100
AcDbPolyline
 90
2
 70
0
 10
369.00314273422913
 20
140.90299999999996
 10
369.00314273422913
 20
143.90299999999996
  0
LWPOLYLINE
  5
201
330
17
100
AcDbEntity
  8
ENGRAVE
100
AcDbPolyline
 90
2
 70
0
 10
380.9454504265368
 20
140.90299999999996
 10
380.9454504265368
 20
143.90299999999996
  0
LWPOLYLINE
  5
202
330
17
100
AcDbEntity
  8
ENGRAVE
100
AcDbPolyline
 90
2
 70
0
 10
389.60454133562774
 20
140.90299999999996
 10
389.60454133562774
 20
143.90299999999996
  0
LWPOLYLINE
  5
203
330
17
100
AcDbEntity
  8
ENGRAVE
100
AcDbPolyline
 90
2
 70
0
 10
451.51797490206127
 20
137.72799999999995
 10
451.51797490206127
 20
140.72799999999995
  0
LWPOLYLINE
  5
204
330
17
100
AcDbEntity
  8
ENGRAVE
100
AcDbPolyline
 90
2
 70
0
 10
462.44175112583747
 20
137.72799999999995
 10
462.44175112583747
 20
139.77599999999995
  0
LWPOLYLINE
  5
205
330
17
100
AcDbEntity
  8
ENGRAVE
100
AcDbPolyline
 90
2
 70
0
 10
13.004020979020979
 20
283.9637445721817
 10
13.004020979020979
 20
286.9637445721817
  0
LWPOLYLINE
  5
206
330
17
100
AcDbEntity
  8
ENGRAVE
100
AcDbPolyline
 90
2
 70
0
 10
22.862062937062937
 20
283.9637445721817
 10
22.862062937062937
 20
286.0117445721817
  0
LWPOLYLINE
  5
207
330
17
100
AcDbEntity
  8
ENGRAVE
100
AcDbPolyline
 90
2
 70
0
 10
344.600605023249
 20
165.38899999999995
 10
344.600605023249
 20
167.43699999999995
  0
LWPOLYLINE
  5
208
330
17
100
AcDbEntity
  8
ENGRAVE
100
AcDbPolyline
 90
2
 70
0
 10
352.1939616666056
 20
165.38899999999995
 10
352.1939616666056
 20
168.38899999999995
  0
LWPOLYLINE
  5
209
330
17
100
AcDbEntity
  8
ENGRAVE
100
AcDbPolyline
 90
2
 70
0
 10
363.6034022260462
 20
162.21399999999994
 10
363.6034022260462
 20
165.21399999999994
  0
LWPOLYLINE
  5
20A
330
17
100
AcDbEntity
  8
ENGRAVE
100
AcDbPolyline
 90
2
 70
0
 10
372.5289267015707
 20
162.21399999999994
 10
372.5289267015707
 20
165.21399999999994
  0
LWPOLYLINE
  5
20B
330
17
100
AcDbEntity
  8
ENGRAVE
100
AcDbPolyline
 90
2
 70
0
 10
384.4712343938784
 20
162.21399999999994
 10
384.4712343938784
 20
165.21399999999994
  0
LWPOLYLINE
  5
20C
330
17
100
AcDbEntity
  8
ENGRAVE
100
AcDbPolyline
 90
2
 70
0
 10
393.1303253029693
 20
162.21399999999994
 10
393.1303253029693
 20
165.21399999999994
  0
LWPOLYLINE
  5
20D
330
17
100
AcDbEntity
  8
ENGRAVE
100
AcDbPolyline
 90
2
 70
0
 10
34.73776223776224
 20
283.9637445721817
 10
34.73776223776224
 20
286.0117445721817
  0
LWPOLYLINE
  5
20E
330
17
100
AcDbEntity
  8
ENGRAVE
100
AcDbPolyline
 90
2
 70
0
 10
42.33111888111888
 20
283.9637445721817
 10
42.33111888111888
 20
286.9637445721817
  0
LWPOLYLINE
  5
20F
330
17
100
AcDbEntity
  8
ENGRAVE
100
AcDbPolyline
 90
2
 70
0
 10
589.7709827005457
 20
91.93099999999998
 10
589.7709827005457
 20
94.93099999999998
  0
LWPOLYLINE
  5
210
330
17
100
AcDbEntity
  8
ENGRAVE
100
AcDbPolyline
 90
2
 70
0
 10
593.5010526306156
 20
91.93099999999998
 10
593.5010526306156
 20
94.93099999999998
  0
LWPOLYLINE
  5
211
330
17
100
AcDbEntity
  8
ENGRAVE
100
AcDbPolyline
 90
2
 70
0
 10
586.3150455826897
 20
37.371
 10
586.3150455826897
 20
40.371
  0
LWPOLYLINE
  5
212
330
17
100
AcDbEntity
  8
ENGRAVE
100
AcDbPolyline
 90
2
 70
0
 10
589.6454651631092
 20
37.371
 10
589.6454651631092
 20
40.371
  0
LWPOLYLINE
  5
213
330
17
100
AcDbEntity
  8
ENGRAVE
100
AcDbPolyline
 90
2
 70
0
 10
51.142832167832175
 20
283.9637445721817
 10
51.142832167832175
 20
286.9637445721817
  0
LWPOLYLINE
  5
214
330
17
100
AcDbEntity
  8
ENGRAVE
100
AcDbPolyline
 90
2
 70
0
 10
54.872902097902106
 20
283.9637445721817
 10
54.872902097902106
 20
286.9637445721817
  0
LWPOLYLINE
  5
216
330
17
100
AcDbEntity
  8
LABELS
100
AcDbPolyline
 90
2
 70
0
 10
207.93972513089005
 20
135.10928907479953
 10
207.93972513089005
 20
133.60928907479953
  0
LWPOLYLINE
  5
217
330
17
100
AcDbEntity
  8
LABELS
100
AcDbPolyline
 90
2
 70
0
 10
207.93972513089005
 20
133.60928907479953
 10
207.93972513089005
 20
132.10928907479953
  0
LWPOLYLINE
  5
218
330
17
100
AcDbEntity
  8
LABELS
100
AcDbPolyline
 90
2
 70
0
 10
187.30795811518323
 20
18.32126551459012
 10
188.24295811518323
 20
18.32126551459012
  0
LWPOLYLINE
  5
219
330
17
100
AcDbEntity
  8
LABELS
100
AcDbPolyline
 90
2
 70
0
 10
188.24295811518323
 20
18.32126551459012
 10
188.24295811518323
 20
17.471265514590122
  0
LWPOLYLINE
  5
21A
330
17
100
AcDbEntity
  8
LABELS
100
AcDbPolyline
 90
2
 70
0
 10
187.30795811518323
 20
17.471265514590122
 10
188.24295811518323
 20
17.471265514590122
  0
LWPOLYLINE
  5
21B
330
17
100
AcDbEntity
  8
LABELS
100
AcDbPolyline
 90
2
 70
0
 10
188.24295811518323
 20
17.471265514590122
 10
188.24295811518323
 20
16.62126551459012
  0
LWPOLYLINE
  5
21C
330
17
100
AcDbEntity
  8
LABELS
100
AcDbPolyline
 90
2
 70
0
 10
187.30795811518323
 20
16.62126551459012
 10
188.24295811518323
 20
16.62126551459012
  0
LWPOLYLINE
  5
21D
330
17
100
AcDbEntity
  8
LABELS
100
AcDbPolyline
 90
2
 70
0
 10
245.87759162303664
 20
21.778857137626773
 10
245.87759162303664
 20
20.92885713762677
  0
LWPOLYLINE
  5
21E
330
17
100
AcDbEntity
  8
LABELS
100
AcDbPolyline
 90
2
 70
0
 10
245.87759162303664
 20
20.92885713762677
 10
246.81259162303664
 20
20.92885713762677
  0
LWPOLYLINE
  5
21F
330
17
100
AcDbEntity
  8
LABELS
100
AcDbPolyline
 90
2
 70
0
 10
246.81259162303664
 20
21.778857137626773
 10
246.81259162303664
 20
20.92885713762677
  0
LWPOLYLINE
  5
220
330
17
100
AcDbEntity
  8
LABELS
100
AcDbPolyline
 90
2
 70
0
 10
246.81259162303664
 20
20.92885713762677
 10
246.81259162303664
 20
20.07885713762677
  0
LWPOLYLINE
  5
221
330
17
100
AcDbEntity
  8
LABELS
100
AcDbPolyline
 90
2
 70
0
 10
254.0660732984293
 20
21.778857137626773
 10
255.0010732984293
 20
21.778857137626773
  0
LWPOLYLINE
  5
222
330
17
100
AcDbEntity
  8
LABELS
100
AcDbPolyline
 90
2
 70
0
 10
254.0660732984293
 20
21.778857137626773
 10
254.0660732984293
 20
20.92885713762677
  0
LWPOLYLINE
  5
223
330
17
100
AcDbEntity
  8
LABELS
100
AcDbPolyline
 90
2
 70
0
 10
254.0660732984293
 20
20.92885713762677
 10
255.0010732984293
 20
20.92885713762677
  0
LWPOLYLINE
  5
224
330
17
100
AcDbEntity
  8
LABELS
100
AcDbPolyline
 90
2
 70
0
 10
255.0010732984293
 20
20.92885713762677
 10
255.0010732984293
 20
20.07885713762677
  0
LWPOLYLINE
  5
225
330
17
100
AcDbEntity
  8
LABELS
100
AcDbPolyline
 90
2
 70
0
 10
254.0660732984293
 20
20.07885713762677
 10
255.0010732984293
 20
20.07885713762677
  0
LWPOLYLINE
  5
226
330
17
100
AcDbEntity
  8
LABELS
100
AcDbPolyline
 90
2
 70
0
 10
304.8660732984293
 20
43.32231263500897
 10
305.8010732984293
 20
43.32231263500897
  0
LWPOLYLINE
  5
227
330
17
100
AcDbEntity
  8
LABELS
100
AcDbPolyline
 90
2
 70
0
 10
304.8660732984293
 20
43.32231263500897
 10
304.8660732984293
 20
42.472312635008976
  0
LWPOLYLINE
  5
228
330
17
100
AcDbEntity
  8
LABELS
100
AcDbPolyline
 90
2
 70
0
 10
304.8660732984293
 20
42.472312635008976
 10
305.8010732984293
 20
42.472312635008976
  0
LWPOLYLINE
  5
229
330
17
100
AcDbEntity
  8
LABELS
100
AcDbPolyline
 90
2
 70
0
 10
304.8660732984293
 20
42.472312635008976
 10
304.8660732984293
 20
41.62231263500897
  0
LWPOLYLINE
  5
22A
330
17
100
AcDbEntity
  8
LABELS
100
AcDbPolyline
 90
2
 70
0
 10
305.8010732984293
 20
42.472312635008976
 10
305.8010732984293
 20
41.62231263500897
  0
LWPOLYLINE
  5
22B
330
17
100
AcDbEntity
  8
LABELS
100
AcDbPolyline
 90
2
 70
0
 10
304.8660732984293
 20
41.62231263500897
 10
305.8010732984293
 20
41.62231263500897
  0
LWPOLYLINE
  5
22C
330
17
100
AcDbEntity
  8
LABELS
100
AcDbPolyline
 90
2
 70
0
 10
113.36869109947644
 20
50.23749588108227
 10
114.30369109947644
 20
50.23749588108227
  0
LWPOLYLINE
  5
22D
330
17
100
AcDbEntity
  8
LABELS
100
AcDbPolyline
 90
2
 70
0
 10
114.30369109947644
 20
50.23749588108227
 10
114.30369109947644
 20
49.38749588108227
  0
LWPOLYLINE
  5
22E
330
17
100
AcDbEntity
  8
LABELS
100
AcDbPolyline
 90
2
 70
0
 10
114.30369109947644
 20
49.38749588108227
 10
114.30369109947644
 20
48.537495881082265
  0
LWPOLYLINE
  5
22F
330
17
100
AcDbEntity
  8
LABELS
100
AcDbPolyline
 90
2
 70
0
 10
171.08387434554973
 20
50.76943305385713
 10
172.01887434554973
 20
50.76943305385713
  0
LWPOLYLINE
  5
230
330
17
100
AcDbEntity
  8
LABELS
100
AcDbPolyline
 90
2
 70
0
 10
172.01887434554973
 20
50.76943305385713
 10
172.01887434554973
 20
49.919433053857134
  0
LWPOLYLINE
  5
231
330
17
100
AcDbEntity
  8
LABELS
100
AcDbPolyline
 90
2
 70
0
 10
172.01887434554973
 20
49.919433053857134
 10
172.01887434554973
 20
49.069433053857125
  0
LWPOLYLINE
  5
232
330
17
100
AcDbEntity
  8
LABELS
100
AcDbPolyline
 90
2
 70
0
 10
171.08387434554973
 20
49.069433053857125
 10
172.01887434554973
 20
49.069433053857125
  0
LWPOLYLINE
  5
233
330
17
100
AcDbEntity
  8
LABELS
100
AcDbPolyline
 90
2
 70
0
 10
171.08387434554973
 20
49.919433053857134
 10
171.08387434554973
 20
49.069433053857125
  0
LWPOLYLINE
  5
234
330
17
100
AcDbEntity
  8
LABELS
100
AcDbPolyline
 90
2
 70
0
 10
171.08387434554973
 20
50.76943305385713
 10
171.08387434554973
 20
49.919433053857134
  0
LWPOLYLINE
  5
235
330
17
100
AcDbEntity
  8
LABELS
100
AcDbPolyline
 90
2
 70
0
 10
171.08387434554973
 20
49.919433053857134
 10
172.01887434554973
 20
49.919433053857134
  0
LWPOLYLINE
  5
236
330
17
100
AcDbEntity
  8
LABELS
100
AcDbPolyline
 90
2
 70
0
 10
17.619999999999987
 20
56.62074195438069
 10
18.55499999999999
 20
56.62074195438069
  0
LWPOLYLINE
  5
237
330
17
100
AcDbEntity
  8
LABELS
100
AcDbPolyline
 90
2
 70
0
 10
18.55499999999999
 20
56.62074195438069
 10
18.55499999999999
 20
55.770741954380696
  0
LWPOLYLINE
  5
238
330
17
100
AcDbEntity
  8
LABELS
100
AcDbPolyline
 90
2
 70
0
 10
17.619999999999987
 20
56.62074195438069
 10
17.619999999999987
 20
55.770741954380696
  0
LWPOLYLINE
  5
239
330
17
100
AcDbEntity
  8
LABELS
100
AcDbPolyline
 90
2
 70
0
 10
17.619999999999987
 20
55.770741954380696
 10
18.55499999999999
 20
55.770741954380696
  0
LWPOLYLINE
  5
23A
330
17
100
AcDbEntity
  8
LABELS
100
AcDbPolyline
 90
2
 70
0
 10
18.55499999999999
 20
55.770741954380696
 10
18.55499999999999
 20
54.92074195438069
  0
LWPOLYLINE
  5
23B
330
17
100
AcDbEntity
  8
LABELS
100
AcDbPolyline
 90
2
 70
0
 10
17.619999999999987
 20
54.92074195438069
 10
18.55499999999999
 20
54.92074195438069
  0
LWPOLYLINE
  5
23C
330
17
100
AcDbEntity
  8
LABELS
100
AcDbPolyline
 90
2
 70
0
 10
79.09027486910993
 20
56.62074195438069
 10
79.09027486910993
 20
55.770741954380696
  0
LWPOLYLINE
  5
23D
330
17
100
AcDbEntity
  8
LABELS
100
AcDbPolyline
 90
2
 70
0
 10
79.09027486910993
 20
55.770741954380696
 10
79.09027486910993
 20
54.92074195438069
  0
LWPOLYLINE
  5
23E
330
17
100
AcDbEntity
  8
LABELS
100
AcDbPolyline
 90
2
 70
0
 10
79.43027486910994
 20
56.62074195438069
 10
80.36527486910994
 20
56.62074195438069
  0
LWPOLYLINE
  5
23F
330
17
100
AcDbEntity
  8
LABELS
100
AcDbPolyline
 90
2
 70
0
 10
80.36527486910994
 20
56.62074195438069
 10
80.36527486910994
 20
55.770741954380696
  0
LWPOLYLINE
  5
240
330
17
100
AcDbEntity
  8
LABELS
100
AcDbPolyline
 90
2
 70
0
 10
80.36527486910994
 20
55.770741954380696
 10
80.36527486910994
 20
54.92074195438069
  0
LWPOLYLINE
  5
241
330
17
100
AcDbEntity
  8
LABELS
100
AcDbPolyline
 90
2
 70
0
 10
79.43027486910994
 20
54.92074195438069
 10
80.36527486910994
 20
54.92074195438069
  0
LWPOLYLINE
  5
242
330
17
100
AcDbEntity
  8
LABELS
100
AcDbPolyline
 90
2
 70
0
 10
79.43027486910994
 20
55.770741954380696
 10
79.43027486910994
 20
54.92074195438069
  0
LWPOLYLINE
  5
243
330
17
100
AcDbEntity
  8
LABELS
100
AcDbPolyline
 90
2
 70
0
 10
79.43027486910994
 20
56.62074195438069
 10
79.43027486910994
 20
55.770741954380696
  0
LWPOLYLINE
  5
244
330
17
100
AcDbEntity
  8
LABELS
100
AcDbPolyline
 90
2
 70
0
 10
86.18111256544505
 20
56.62074195438069
 10
86.18111256544505
 20
55.770741954380696
  0
LWPOLYLINE
  5
245
330
17
100
AcDbEntity
  8
LABELS
100
AcDbPolyline
 90
2
 70
0
 10
86.18111256544505
 20
55.770741954380696
 10
86.18111256544505
 20
54.92074195438069
  0
LWPOLYLINE
  5
246
330
17
100
AcDbEntity
  8
LABELS
100
AcDbPolyline
 90
2
 70
0
 10
87.45611256544505
 20
56.62074195438069
 10
87.45611256544505
 20
55.770741954380696
  0
LWPOLYLINE
  5
247
330
17
100
AcDbEntity
  8
LABELS
100
AcDbPolyline
 90
2
 70
0
 10
87.45611256544505
 20
55.770741954380696
 10
87.45611256544505
 20
54.92074195438069
  0
LWPOLYLINE
  5
248
330
17
100
AcDbEntity
  8
LABELS
100
AcDbPolyline
 90
2
 70
0
 10
95.49001308900525
 20
56.62074195438069
 10
95.49001308900525
 20
55.770741954380696
  0
LWPOLYLINE
  5
249
330
17
100
AcDbEntity
  8
LABELS
100
AcDbPolyline
 90
2
 70
0
 10
95.49001308900525
 20
55.770741954380696
 10
95.49001308900525
 20
54.92074195438069
  0
LWPOLYLINE
  5
24A
330
17
100
AcDbEntity
  8
LABELS
100
AcDbPolyline
 90
2
 70
0
 10
95.83001308900525
 20
56.62074195438069
 10
96.76501308900525
 20
56.62074195438069
  0
LWPOLYLINE
  5
24B
330
17
100
AcDbEntity
  8
LABELS
100
AcDbPolyline
 90
2
 70
0
 10
96.76501308900525
 20
56.62074195438069
 10
96.76501308900525
 20
55.770741954380696
  0
LWPOLYLINE
  5
24C
330
17
100
AcDbEntity
  8
LABELS
100
AcDbPolyline
 90
2
 70
0
 10
95.83001308900525
 20
55.770741954380696
 10
96.76501308900525
 20
55.770741954380696
  0
LWPOLYLINE
  5
24D
330
17
100
AcDbEntity
  8
LABELS
100
AcDbPolyline
 90
2
 70
0
 10
95.83001308900525
 20
55.770741954380696
 10
95.83001308900525
 20
54.92074195438069
  0
LWPOLYLINE
  5
24E
330
17
100
AcDbEntity
  8
LABELS
100
AcDbPolyline
 90
2
 70
0
 10
95.83001308900525
 20
54.92074195438069
 10
96.76501308900525
 20
54.92074195438069
  0
LWPOLYLINE
  5
24F
330
17
100
AcDbEntity
  8
LABELS
100
AcDbPolyline
 90
2
 70
0
 10
100.67456806282722
 20
56.62074195438069
 10
100.67456806282722
 20
55.770741954380696
  0
LWPOLYLINE
  5
250
330
17
100
AcDbEntity
  8
LABELS
100
AcDbPolyline
 90
2
 70
0
 10
100.67456806282722
 20
55.770741954380696
 10
100.67456806282722
 20
54.92074195438069
  0
LWPOLYLINE
  5
251
330
17
100
AcDbEntity
  8
LABELS
100
AcDbPolyline
 90
2
 70
0
 10
101.01456806282722
 20
56.62074195438069
 10
101.94956806282723
 20
56.62074195438069
  0
LWPOLYLINE
  5
252
330
17
100
AcDbEntity
  8
LABELS
100
AcDbPolyline
 90
2
 70
0
 10
101.94956806282723
 20
56.62074195438069
 10
101.94956806282723
 20
55.770741954380696
  0
LWPOLYLINE
  5
253
330
17
100
AcDbEntity
  8
LABELS
100
AcDbPolyline
 90
2
 70
0
 10
101.01456806282722
 20
55.770741954380696
 10
101.94956806282723
 20
55.770741954380696
  0
LWPOLYLINE
  5
254
330
17
100
AcDbEntity
  8
LABELS
100
AcDbPolyline
 90
2
 70
0
 10
101.94956806282723
 20
55.770741954380696
 10
101.94956806282723
 20
54.92074195438069
  0
LWPOLYLINE
  5
255
330
17
100
AcDbEntity
  8
LABELS
100
AcDbPolyline
 90
2
 70
0
 10
101.01456806282722
 20
54.92074195438069
 10
101.94956806282723
 20
54.92074195438069
  0
LWPOLYLINE
  5
256
330
17
100
AcDbEntity
  8
LABELS
100
AcDbPolyline
 90
2
 70
0
 10
328.3028403141361
 20
67.52545399626551
 10
328.3028403141361
 20
66.67545399626552
  0
LWPOLYLINE
  5
257
330
17
100
AcDbEntity
  8
LABELS
100
AcDbPolyline
 90
2
 70
0
 10
328.3028403141361
 20
66.67545399626552
 10
328.3028403141361
 20
65.82545399626551
  0
LWPOLYLINE
  5
258
330
17
100
AcDbEntity
  8
LABELS
100
AcDbPolyline
 90
2
 70
0
 10
328.6428403141361
 20
67.52545399626551
 10
328.6428403141361
 20
66.67545399626552
  0
LWPOLYLINE
  5
259
330
17
100
AcDbEntity
  8
LABELS
100
AcDbPolyline
 90
2
 70
0
 10
328.6428403141361
 20
66.67545399626552
 10
329.5778403141361
 20
66.67545399626552
  0
LWPOLYLINE
  5
25A
330
17
100
AcDbEntity
  8
LABELS
100
AcDbPolyline
 90
2
 70
0
 10
329.5778403141361
 20
67.52545399626551
 10
329.5778403141361
 20
66.67545399626552
  0
LWPOLYLINE
  5
25B
330
17
100
AcDbEntity
  8
LABELS
100
AcDbPolyline
 90
2
 70
0
 10
329.5778403141361
 20
66.67545399626552
 10
329.5778403141361
 20
65.82545399626551
  0
LWPOLYLINE
  5
25C
330
17
100
AcDbEntity
  8
LABELS
100
AcDbPolyline
 90
2
 70
0
 10
170.31749999999997
 20
68.85529692820269
 10
170.31749999999997
 20
68.00529692820268
  0
LWPOLYLINE
  5
25D
330
17
100
AcDbEntity
  8
LABELS
100
AcDbPolyline
 90
2
 70
0
 10
170.31749999999997
 20
68.00529692820268
 10
170.31749999999997
 20
67.15529692820269
  0
LWPOLYLINE
  5
25E
330
17
100
AcDbEntity
  8
LABELS
100
AcDbPolyline
 90
2
 70
0
 10
170.65749999999997
 20
68.85529692820269
 10
171.59249999999997
 20
68.85529692820269
  0
LWPOLYLINE
  5
25F
330
17
100
AcDbEntity
  8
LABELS
100
AcDbPolyline
 90
2
 70
0
 10
170.65749999999997
 20
68.85529692820269
 10
170.65749999999997
 20
68.00529692820268
  0
LWPOLYLINE
  5
260
330
17
100
AcDbEntity
  8
LABELS
100
AcDbPolyline
 90
2
 70
0
 10
170.65749999999997
 20
68.00529692820268
 10
171.59249999999997
 20
68.00529692820268
  0
LWPOLYLINE
  5
261
330
17
100
AcDbEntity
  8
LABELS
100
AcDbPolyline
 90
2
 70
0
 10
171.59249999999997
 20
68.00529692820268
 10
171.59249999999997
 20
67.15529692820269
  0
LWPOLYLINE
  5
262
330
17
100
AcDbEntity
  8
LABELS
100
AcDbPolyline
 90
2
 70
0
 10
170.65749999999997
 20
67.15529692820269
 10
171.59249999999997
 20
67.15529692820269
  0
LWPOLYLINE
  5
263
330
17
100
AcDbEntity
  8
LABELS
100
AcDbPolyline
 90
2
 70
0
 10
17.9175
 20
74.17466865595138
 10
17.9175
 20
73.32466865595138
  0
LWPOLYLINE
  5
264
330
17
100
AcDbEntity
  8
LABELS
100
AcDbPolyline
 90
2
 70
0
 10
17.9175
 20
73.32466865595138
 10
17.9175
 20
72.47466865595138
  0
LWPOLYLINE
  5
265
330
17
100
AcDbEntity
  8
LABELS
100
AcDbPolyline
 90
2
 70
0
 10
18.257500000000004
 20
74.17466865595138
 10
19.192500000000006
 20
74.17466865595138
  0
LWPOLYLINE
  5
266
330
17
100
AcDbEntity
  8
LABELS
100
AcDbPolyline
 90
2
 70
0
 10
18.257500000000004
 20
74.17466865595138
 10
18.257500000000004
 20
73.32466865595138
  0
LWPOLYLINE
  5
267
330
17
100
AcDbEntity
  8
LABELS
100
AcDbPolyline
 90
2
 70
0
 10
18.257500000000004
 20
73.32466865595138
 10
19.192500000000006
 20
73.32466865595138
  0
LWPOLYLINE
  5
268
330
17
100
AcDbEntity
  8
LABELS
100
AcDbPolyline
 90
2
 70
0
 10
18.257500000000004
 20
73.32466865595138
 10
18.257500000000004
 20
72.47466865595138
  0
LWPOLYLINE
  5
269
330
17
100
AcDbEntity
  8
LABELS
100
AcDbPolyline
 90
2
 70
0
 10
19.192500000000006
 20
73.32466865595138
 10
19.192500000000006
 20
72.47466865595138
  0
LWPOLYLINE
  5
26A
330
17
100
AcDbEntity
  8
LABELS
100
AcDbPolyline
 90
2
 70
0
 10
18.257500000000004
 20
72.47466865595138
 10
19.192500000000006
 20
72.47466865595138
  0
LWPOLYLINE
  5
26B
330
17
100
AcDbEntity
  8
LABELS
100
AcDbPolyline
 90
2
 70
0
 10
76.87221204188485
 20
75.77048017427599
 10
76.87221204188485
 20
74.920480174276
  0
LWPOLYLINE
  5
26C
330
17
100
AcDbEntity
  8
LABELS
100
AcDbPolyline
 90
2
 70
0
 10
76.87221204188485
 20
74.920480174276
 10
76.87221204188485
 20
74.07048017427599
  0
LWPOLYLINE
  5
26D
330
17
100
AcDbEntity
  8
LABELS
100
AcDbPolyline
 90
2
 70
0
 10
77.21221204188485
 20
75.77048017427599
 10
78.14721204188486
 20
75.77048017427599
  0
LWPOLYLINE
  5
26E
330
17
100
AcDbEntity
  8
LABELS
100
AcDbPolyline
 90
2
 70
0
 10
78.14721204188486
 20
75.77048017427599
 10
78.14721204188486
 20
74.920480174276
  0
LWPOLYLINE
  5
26F
330
17
100
AcDbEntity
  8
LABELS
100
AcDbPolyline
 90
2
 70
0
 10
78.14721204188486
 20
74.920480174276
 10
78.14721204188486
 20
74.07048017427599
  0
LWPOLYLINE
  5
270
330
17
100
AcDbEntity
  8
LABELS
100
AcDbPolyline
 90
2
 70
0
 10
79.62221204188482
 20
85.34534928422364
 10
79.62221204188482
 20
84.49534928422364
  0
LWPOLYLINE
  5
271
330
17
100
AcDbEntity
  8
LABELS
100
AcDbPolyline
 90
2
 70
0
 10
79.62221204188482
 20
84.49534928422364
 10
79.62221204188482
 20
83.64534928422364
  0
LWPOLYLINE
  5
272
330
17
100
AcDbEntity
  8
LABELS
100
AcDbPolyline
 90
2
 70
0
 10
79.96221204188483
 20
85.34534928422364
 10
80.89721204188483
 20
85.34534928422364
  0
LWPOLYLINE
  5
273
330
17
100
AcDbEntity
  8
LABELS
100
AcDbPolyline
 90
2
 70
0
 10
80.89721204188483
 20
85.34534928422364
 10
80.89721204188483
 20
84.49534928422364
  0
LWPOLYLINE
  5
274
330
17
100
AcDbEntity
  8
LABELS
100
AcDbPolyline
 90
2
 70
0
 10
80.89721204188483
 20
84.49534928422364
 10
80.89721204188483
 20
83.64534928422364
  0
LWPOLYLINE
  5
275
330
17
100
AcDbEntity
  8
LABELS
100
AcDbPolyline
 90
2
 70
0
 10
79.96221204188483
 20
83.64534928422364
 10
80.89721204188483
 20
83.64534928422364
  0
LWPOLYLINE
  5
276
330
17
100
AcDbEntity
  8
LABELS
100
AcDbPolyline
 90
2
 70
0
 10
79.96221204188483
 20
84.49534928422364
 10
79.96221204188483
 20
83.64534928422364
  0
LWPOLYLINE
  5
277
330
17
100
AcDbEntity
  8
LABELS
100
AcDbPolyline
 90
2
 70
0
 10
79.96221204188483
 20
85.34534928422364
 10
79.96221204188483
 20
84.49534928422364
  0
LWPOLYLINE
  5
278
330
17
100
AcDbEntity
  8
LABELS
100
AcDbPolyline
 90
2
 70
0
 10
79.96221204188483
 20
84.49534928422364
 10
80.89721204188483
 20
84.49534928422364
  0
LWPOLYLINE
  5
279
330
17
100
AcDbEntity
  8
LABELS
100
AcDbPolyline
 90
2
 70
0
 10
109.02256108202447
 20
87.20712938893567
 10
109.02256108202447
 20
86.35712938893566
  0
LWPOLYLINE
  5
27A
330
17
100
AcDbEntity
  8
LABELS
100
AcDbPolyline
 90
2
 70
0
 10
109.02256108202447
 20
86.35712938893566
 10
109.02256108202447
 20
85.50712938893567
  0
LWPOLYLINE
  5
27B
330
17
100
AcDbEntity
  8
LABELS
100
AcDbPolyline
 90
2
 70
0
 10
109.36256108202447
 20
87.20712938893567
 10
110.29756108202447
 20
87.20712938893567
  0
LWPOLYLINE
  5
27C
330
17
100
AcDbEntity
  8
LABELS
100
AcDbPolyline
 90
2
 70
0
 10
110.29756108202447
 20
87.20712938893567
 10
110.29756108202447
 20
86.35712938893566
  0
LWPOLYLINE
  5
27D
330
17
100
AcDbEntity
  8
LABELS
100
AcDbPolyline
 90
2
 70
0
 10
109.36256108202447
 20
87.20712938893567
 10
109.36256108202447
 20
86.35712938893566
  0
LWPOLYLINE
  5
27E
330
17
100
AcDbEntity
  8
LABELS
100
AcDbPolyline
 90
2
 70
0
 10
109.36256108202447
 20
86.35712938893566
 10
110.29756108202447
 20
86.35712938893566
  0
LWPOLYLINE
  5
27F
330
17
100
AcDbEntity
  8
LABELS
100
AcDbPolyline
 90
2
 70
0
 10
110.29756108202447
 20
86.35712938893566
 10
110.29756108202447
 20
85.50712938893567
  0
LWPOLYLINE
  5
280
330
17
100
AcDbEntity
  8
LABELS
100
AcDbPolyline
 90
2
 70
0
 10
109.36256108202447
 20
85.50712938893567
 10
110.29756108202447
 20
85.50712938893567
  0
LWPOLYLINE
  5
281
330
17
100
AcDbEntity
  8
LABELS
100
AcDbPolyline
 90
2
 70
0
 10
169.38249999999996
 20
87.20712938893568
 10
170.31749999999997
 20
87.20712938893568
  0
LWPOLYLINE
  5
282
330
17
100
AcDbEntity
  8
LABELS
100
AcDbPolyline
 90
2
 70
0
 10
170.31749999999997
 20
87.20712938893568
 10
170.31749999999997
 20
86.35712938893568
  0
LWPOLYLINE
  5
283
330
17
100
AcDbEntity
  8
LABELS
100
AcDbPolyline
 90
2
 70
0
 10
169.38249999999996
 20
86.35712938893568
 10
170.31749999999997
 20
86.35712938893568
  0
LWPOLYLINE
  5
284
330
17
100
AcDbEntity
  8
LABELS
100
AcDbPolyline
 90
2
 70
0
 10
169.38249999999996
 20
86.35712938893568
 10
169.38249999999996
 20
85.50712938893568
  0
LWPOLYLINE
  5
285
330
17
100
AcDbEntity
  8
LABELS
100
AcDbPolyline
 90
2
 70
0
 10
169.38249999999996
 20
85.50712938893568
 10
170.31749999999997
 20
85.50712938893568
  0
LWPOLYLINE
  5
286
330
17
100
AcDbEntity
  8
LABELS
100
AcDbPolyline
 90
2
 70
0
 10
170.65749999999997
 20
87.20712938893568
 10
171.59249999999997
 20
87.20712938893568
  0
LWPOLYLINE
  5
287
330
17
100
AcDbEntity
  8
LABELS
100
AcDbPolyline
 90
2
 70
0
 10
171.59249999999997
 20
87.20712938893568
 10
171.59249999999997
 20
86.35712938893568
  0
LWPOLYLINE
  5
288
330
17
100
AcDbEntity
  8
LABELS
100
AcDbPolyline
 90
2
 70
0
 10
171.59249999999997
 20
86.35712938893568
 10
171.59249999999997
 20
85.50712938893568
  0
LWPOLYLINE
  5
289
330
17
100
AcDbEntity
  8
LABELS
100
AcDbPolyline
 90
2
 70
0
 10
170.65749999999997
 20
85.50712938893568
 10
171.59249999999997
 20
85.50712938893568
  0
LWPOLYLINE
  5
28A
330
17
100
AcDbEntity
  8
LABELS
100
AcDbPolyline
 90
2
 70
0
 10
170.65749999999997
 20
86.35712938893568
 10
170.65749999999997
 20
85.50712938893568
  0
LWPOLYLINE
  5
28B
330
17
100
AcDbEntity
  8
LABELS
100
AcDbPolyline
 90
2
 70
0
 10
170.65749999999997
 20
87.20712938893568
 10
170.65749999999997
 20
86.35712938893568
  0
LWPOLYLINE
  5
28C
330
17
100
AcDbEntity
  8
LABELS
100
AcDbPolyline
 90
2
 70
0
 10
34.7259554973822
 20
87.47309797532314
 10
35.660955497382204
 20
87.47309797532314
  0
LWPOLYLINE
  5
28D
330
17
100
AcDbEntity
  8
LABELS
100
AcDbPolyline
 90
2
 70
0
 10
35.660955497382204
 20
87.47309797532314
 10
35.660955497382204
 20
86.62309797532313
  0
LWPOLYLINE
  5
28E
330
17
100
AcDbEntity
  8
LABELS
100
AcDbPolyline
 90
2
 70
0
 10
34.7259554973822
 20
86.62309797532313
 10
35.660955497382204
 20
86.62309797532313
  0
LWPOLYLINE
  5
28F
330
17
100
AcDbEntity
  8
LABELS
100
AcDbPolyline
 90
2
 70
0
 10
34.7259554973822
 20
86.62309797532313
 10
34.7259554973822
 20
85.77309797532314
  0
LWPOLYLINE
  5
290
330
17
100
AcDbEntity
  8
LABELS
100
AcDbPolyline
 90
2
 70
0
 10
34.7259554973822
 20
85.77309797532314
 10
35.660955497382204
 20
85.77309797532314
  0
LWPOLYLINE
  5
291
330
17
100
AcDbEntity
  8
LABELS
100
AcDbPolyline
 90
2
 70
0
 10
36.93595549738221
 20
87.47309797532314
 10
36.93595549738221
 20
86.62309797532313
  0
LWPOLYLINE
  5
292
330
17
100
AcDbEntity
  8
LABELS
100
AcDbPolyline
 90
2
 70
0
 10
36.93595549738221
 20
86.62309797532313
 10
36.93595549738221
 20
85.77309797532314
  0
LWPOLYLINE
  5
293
330
17
100
AcDbEntity
  8
LABELS
100
AcDbPolyline
 90
2
 70
0
 10
51.095719895287985
 20
87.47309797532311
 10
52.03071989528799
 20
87.47309797532311
  0
LWPOLYLINE
  5
294
330
17
100
AcDbEntity
  8
LABELS
100
AcDbPolyline
 90
2
 70
0
 10
52.03071989528799
 20
87.47309797532311
 10
52.03071989528799
 20
86.6230979753231
  0
LWPOLYLINE
  5
295
330
17
100
AcDbEntity
  8
LABELS
100
AcDbPolyline
 90
2
 70
0
 10
51.095719895287985
 20
86.6230979753231
 10
52.03071989528799
 20
86.6230979753231
  0
LWPOLYLINE
  5
296
330
17
100
AcDbEntity
  8
LABELS
100
AcDbPolyline
 90
2
 70
0
 10
51.095719895287985
 20
86.6230979753231
 10
51.095719895287985
 20
85.77309797532311
  0
LWPOLYLINE
  5
297
330
17
100
AcDbEntity
  8
LABELS
100
AcDbPolyline
 90
2
 70
0
 10
51.095719895287985
 20
85.77309797532311
 10
52.03071989528799
 20
85.77309797532311
  0
LWPOLYLINE
  5
298
330
17
100
AcDbEntity
  8
LABELS
100
AcDbPolyline
 90
2
 70
0
 10
52.37071989528799
 20
87.47309797532311
 10
53.30571989528799
 20
87.47309797532311
  0
LWPOLYLINE
  5
299
330
17
100
AcDbEntity
  8
LABELS
100
AcDbPolyline
 90
2
 70
0
 10
53.30571989528799
 20
87.47309797532311
 10
53.30571989528799
 20
86.6230979753231
  0
LWPOLYLINE
  5
29A
330
17
100
AcDbEntity
  8
LABELS
100
AcDbPolyline
 90
2
 70
0
 10
52.37071989528799
 20
86.6230979753231
 10
53.30571989528799
 20
86.6230979753231
  0
LWPOLYLINE
  5
29B
330
17
100
AcDbEntity
  8
LABELS
100
AcDbPolyline
 90
2
 70
0
 10
52.37071989528799
 20
86.6230979753231
 10
52.37071989528799
 20
85.77309797532311
  0
LWPOLYLINE
  5
29C
330
17
100
AcDbEntity
  8
LABELS
100
AcDbPolyline
 90
2
 70
0
 10
52.37071989528799
 20
85.77309797532311
 10
53.30571989528799
 20
85.77309797532311
  0
LWPOLYLINE
  5
29D
330
17
100
AcDbEntity
  8
LABELS
100
AcDbPolyline
 90
2
 70
0
 10
327.3678403141361
 20
86.52650111668437
 10
328.3028403141361
 20
86.52650111668437
  0
LWPOLYLINE
  5
29E
330
17
100
AcDbEntity
  8
LABELS
100
AcDbPolyline
 90
2
 70
0
 10
328.3028403141361
 20
86.52650111668437
 10
328.3028403141361
 20
85.67650111668436
  0
LWPOLYLINE
  5
29F
330
17
100
AcDbEntity
  8
LABELS
100
AcDbPolyline
 90
2
 70
0
 10
327.3678403141361
 20
85.67650111668436
 10
328.3028403141361
 20
85.67650111668436
  0
LWPOLYLINE
  5
2A0
330
17
100
AcDbEntity
  8
LABELS
100
AcDbPolyline
 90
2
 70
0
 10
327.3678403141361
 20
85.67650111668436
 10
327.3678403141361
 20
84.82650111668437
  0
LWPOLYLINE
  5
2A1
330
17
100
AcDbEntity
  8
LABELS
100
AcDbPolyline
 90
2
 70
0
 10
327.3678403141361
 20
84.82650111668437
 10
328.3028403141361
 20
84.82650111668437
  0
LWPOLYLINE
  5
2A2
330
17
100
AcDbEntity
  8
LABELS
100
AcDbPolyline
 90
2
 70
0
 10
328.6428403141361
 20
86.52650111668437
 10
329.5778403141361
 20
86.52650111668437
  0
LWPOLYLINE
  5
2A3
330
17
100
AcDbEntity
  8
LABELS
100
AcDbPolyline
 90
2
 70
0
 10
329.5778403141361
 20
86.52650111668437
 10
329.5778403141361
 20
85.67650111668436
  0
LWPOLYLINE
  5
2A4
330
17
100
AcDbEntity
  8
LABELS
100
AcDbPolyline
 90
2
 70
0
 10
328.6428403141361
 20
85.67650111668436
 10
329.5778403141361
 20
85.67650111668436
  0
LWPOLYLINE
  5
2A5
330
17
100
AcDbEntity
  8
LABELS
100
AcDbPolyline
 90
2
 70
0
 10
329.5778403141361
 20
85.67650111668436
 10
329.5778403141361
 20
84.82650111668437
  0
LWPOLYLINE
  5
2A6
330
17
100
AcDbEntity
  8
LABELS
100
AcDbPolyline
 90
2
 70
0
 10
328.6428403141361
 20
84.82650111668437
 10
329.5778403141361
 20
84.82650111668437
  0
LWPOLYLINE
  5
2A7
330
17
100
AcDbEntity
  8
LABELS
100
AcDbPolyline
 90
2
 70
0
 10
16.982499999999998
 20
100.23959012191997
 10
17.9175
 20
100.23959012191997
  0
LWPOLYLINE
  5
2A8
330
17
100
AcDbEntity
  8
LABELS
100
AcDbPolyline
 90
2
 70
0
 10
17.9175
 20
100.23959012191997
 10
17.9175
 20
99.38959012191997
  0
LWPOLYLINE
  5
2A9
330
17
100
AcDbEntity
  8
LABELS
100
AcDbPolyline
 90
2
 70
0
 10
16.982499999999998
 20
99.38959012191997
 10
17.9175
 20
99.38959012191997
  0
LWPOLYLINE
  5
2AA
330
17
100
AcDbEntity
  8
LABELS
100
AcDbPolyline
 90
2
 70
0
 10
16.982499999999998
 20
99.38959012191997
 10
16.982499999999998
 20
98.53959012191997
  0
LWPOLYLINE
  5
2AB
330
17
100
AcDbEntity
  8
LABELS
100
AcDbPolyline
 90
2
 70
0
 10
16.982499999999998
 20
98.53959012191997
 10
17.9175
 20
98.53959012191997
  0
LWPOLYLINE
  5
2AC
330
17
100
AcDbEntity
  8
LABELS
100
AcDbPolyline
 90
2
 70
0
 10
18.257500000000004
 20
100.23959012191997
 10
18.257500000000004
 20
99.38959012191997
  0
LWPOLYLINE
  5
2AD
330
17
100
AcDbEntity
  8
LABELS
100
AcDbPolyline
 90
2
 70
0
 10
18.257500000000004
 20
99.38959012191997
 10
19.192500000000006
 20
99.38959012191997
  0
LWPOLYLINE
  5
2AE
330
17
100
AcDbEntity
  8
LABELS
100
AcDbPolyline
 90
2
 70
0
 10
19.192500000000006
 20
100.23959012191997
 10
19.192500000000006
 20
99.38959012191997
  0
LWPOLYLINE
  5
2AF
330
17
100
AcDbEntity
  8
LABELS
100
AcDbPolyline
 90
2
 70
0
 10
19.192500000000006
 20
99.38959012191997
 10
19.192500000000006
 20
98.53959012191997
  0
LWPOLYLINE
  5
2B0
330
17
100
AcDbEntity
  8
LABELS
100
AcDbPolyline
 90
2
 70
0
 10
114.85893979057593
 20
101.30346446746972
 10
115.79393979057593
 20
101.30346446746972
  0
LWPOLYLINE
  5
2B1
330
17
100
AcDbEntity
  8
LABELS
100
AcDbPolyline
 90
2
 70
0
 10
115.79393979057593
 20
101.30346446746972
 10
115.79393979057593
 20
100.45346446746971
  0
LWPOLYLINE
  5
2B2
330
17
100
AcDbEntity
  8
LABELS
100
AcDbPolyline
 90
2
 70
0
 10
114.85893979057593
 20
100.45346446746971
 10
115.79393979057593
 20
100.45346446746971
  0
LWPOLYLINE
  5
2B3
330
17
100
AcDbEntity
  8
LABELS
100
AcDbPolyline
 90
2
 70
0
 10
114.85893979057593
 20
100.45346446746971
 10
114.85893979057593
 20
99.60346446746972
  0
LWPOLYLINE
  5
2B4
330
17
100
AcDbEntity
  8
LABELS
100
AcDbPolyline
 90
2
 70
0
 10
114.85893979057593
 20
99.60346446746972
 10
115.79393979057593
 20
99.60346446746972
  0
LWPOLYLINE
  5
2B5
330
17
100
AcDbEntity
  8
LABELS
100
AcDbPolyline
 90
2
 70
0
 10
116.13393979057594
 20
101.30346446746972
 10
117.06893979057594
 20
101.30346446746972
  0
LWPOLYLINE
  5
2B6
330
17
100
AcDbEntity
  8
LABELS
100
AcDbPolyline
 90
2
 70
0
 10
116.13393979057594
 20
101.30346446746972
 10
116.13393979057594
 20
100.45346446746971
  0
LWPOLYLINE
  5
2B7
330
17
100
AcDbEntity
  8
LABELS
100
AcDbPolyline
 90
2
 70
0
 10
116.13393979057594
 20
100.45346446746971
 10
117.06893979057594
 20
100.45346446746971
  0
LWPOLYLINE
  5
2B8
330
17
100
AcDbEntity
  8
LABELS
100
AcDbPolyline
 90
2
 70
0
 10
117.06893979057594
 20
100.45346446746971
 10
117.06893979057594
 20
99.60346446746972
  0
LWPOLYLINE
  5
2B9
330
17
100
AcDbEntity
  8
LABELS
100
AcDbPolyline
 90
2
 70
0
 10
116.13393979057594
 20
99.60346446746972
 10
117.06893979057594
 20
99.60346446746972
  0
LWPOLYLINE
  5
2BA
330
17
100
AcDbEntity
  8
LABELS
100
AcDbPolyline
 90
2
 70
0
 10
16.982499999999998
 20
132.42178907479956
 10
17.9175
 20
132.42178907479956
  0
LWPOLYLINE
  5
2BB
330
17
100
AcDbEntity
  8
LABELS
100
AcDbPolyline
 90
2
 70
0
 10
17.9175
 20
132.42178907479956
 10
17.9175
 20
131.57178907479954
  0
LWPOLYLINE
  5
2BC
330
17
100
AcDbEntity
  8
LABELS
100
AcDbPolyline
 90
2
 70
0
 10
16.982499999999998
 20
131.57178907479954
 10
17.9175
 20
131.57178907479954
  0
LWPOLYLINE
  5
2BD
330
17
100
AcDbEntity
  8
LABELS
100
AcDbPolyline
 90
2
 70
0
 10
16.982499999999998
 20
131.57178907479954
 10
16.982499999999998
 20
130.72178907479955
  0
LWPOLYLINE
  5
2BE
330
17
100
AcDbEntity
  8
LABELS
100
AcDbPolyline
 90
2
 70
0
 10
16.982499999999998
 20
130.72178907479955
 10
17.9175
 20
130.72178907479955
  0
LWPOLYLINE
  5
2BF
330
17
100
AcDbEntity
  8
LABELS
100
AcDbPolyline
 90
2
 70
0
 10
18.257500000000004
 20
132.42178907479956
 10
19.192500000000006
 20
132.42178907479956
  0
LWPOLYLINE
  5
2C0
330
17
100
AcDbEntity
  8
LABELS
100
AcDbPolyline
 90
2
 70
0
 10
18.257500000000004
 20
132.42178907479956
 10
18.257500000000004
 20
131.57178907479954
  0
LWPOLYLINE
  5
2C1
330
17
100
AcDbEntity
  8
LABELS
100
AcDbPolyline
 90
2
 70
0
 10
18.257500000000004
 20
131.57178907479954
 10
19.192500000000006
 20
131.57178907479954
  0
LWPOLYLINE
  5
2C2
330
17
100
AcDbEntity
  8
LABELS
100
AcDbPolyline
 90
2
 70
0
 10
18.257500000000004
 20
131.57178907479954
 10
18.257500000000004
 20
130.72178907479955
  0
LWPOLYLINE
  5
2C3
330
17
100
AcDbEntity
  8
LABELS
100
AcDbPolyline
 90
2
 70
0
 10
19.192500000000006
 20
131.57178907479954
 10
19.192500000000006
 20
130.72178907479955
  0
LWPOLYLINE
  5
2C4
330
17
100
AcDbEntity
  8
LABELS
100
AcDbPolyline
 90
2
 70
0
 10
18.257500000000004
 20
130.72178907479955
 10
19.192500000000006
 20
130.72178907479955
  0
LWPOLYLINE
  5
2C5
330
17
100
AcDbEntity
  8
LABELS
100
AcDbPolyline
 90
2
 70
0
 10
16.982499999999998
 20
165.6678623732288
 10
17.9175
 20
165.6678623732288
  0
LWPOLYLINE
  5
2C6
330
17
100
AcDbEntity
  8
LABELS
100
AcDbPolyline
 90
2
 70
0
 10
17.9175
 20
165.6678623732288
 10
17.9175
 20
164.8178623732288
  0
LWPOLYLINE
  5
2C7
330
17
100
AcDbEntity
  8
LABELS
100
AcDbPolyline
 90
2
 70
0
 10
16.982499999999998
 20
164.8178623732288
 10
17.9175
 20
164.8178623732288
  0
LWPOLYLINE
  5
2C8
330
17
100
AcDbEntity
  8
LABELS
100
AcDbPolyline
 90
2
 70
0
 10
16.982499999999998
 20
164.8178623732288
 10
16.982499999999998
 20
163.9678623732288
  0
LWPOLYLINE
  5
2C9
330
17
100
AcDbEntity
  8
LABELS
100
AcDbPolyline
 90
2
 70
0
 10
16.982499999999998
 20
163.9678623732288
 10
17.9175
 20
163.9678623732288
  0
LWPOLYLINE
  5
2CA
330
17
100
AcDbEntity
  8
LABELS
100
AcDbPolyline
 90
2
 70
0
 10
18.257500000000004
 20
165.6678623732288
 10
19.192500000000006
 20
165.6678623732288
  0
LWPOLYLINE
  5
2CB
330
17
100
AcDbEntity
  8
LABELS
100
AcDbPolyline
 90
2
 70
0
 10
19.192500000000006
 20
165.6678623732288
 10
19.192500000000006
 20
164.8178623732288
  0
LWPOLYLINE
  5
2CC
330
17
100
AcDbEntity
  8
LABELS
100
AcDbPolyline
 90
2
 70
0
 10
19.192500000000006
 20
164.8178623732288
 10
19.192500000000006
 20
163.9678623732288
  0
LWPOLYLINE
  5
2CD
330
17
100
AcDbEntity
  8
LABELS
100
AcDbPolyline
 90
2
 70
0
 10
245.44951570680627
 20
168.4448257240142
 10
246.38451570680627
 20
168.4448257240142
  0
LWPOLYLINE
  5
2CE
330
17
100
AcDbEntity
  8
LABELS
100
AcDbPolyline
 90
2
 70
0
 10
246.38451570680627
 20
168.4448257240142
 10
246.38451570680627
 20
167.5948257240142
  0
LWPOLYLINE
  5
2CF
330
17
100
AcDbEntity
  8
LABELS
100
AcDbPolyline
 90
2
 70
0
 10
245.44951570680627
 20
167.5948257240142
 10
246.38451570680627
 20
167.5948257240142
  0
LWPOLYLINE
  5
2D0
330
17
100
AcDbEntity
  8
LABELS
100
AcDbPolyline
 90
2
 70
0
 10
245.44951570680627
 20
167.5948257240142
 10
245.44951570680627
 20
166.74482572401422
  0
LWPOLYLINE
  5
2D1
330
17
100
AcDbEntity
  8
LABELS
100
AcDbPolyline
 90
2
 70
0
 10
245.44951570680627
 20
166.74482572401422
 10
246.38451570680627
 20
166.74482572401422
  0
LWPOLYLINE
  5
2D2
330
17
100
AcDbEntity
  8
LABELS
100
AcDbPolyline
 90
2
 70
0
 10
246.72451570680627
 20
168.4448257240142
 10
247.65951570680627
 20
168.4448257240142
  0
LWPOLYLINE
  5
2D3
330
17
100
AcDbEntity
  8
LABELS
100
AcDbPolyline
 90
2
 70
0
 10
247.65951570680627
 20
168.4448257240142
 10
247.65951570680627
 20
167.5948257240142
  0
LWPOLYLINE
  5
2D4
330
17
100
AcDbEntity
  8
LABELS
100
AcDbPolyline
 90
2
 70
0
 10
247.65951570680627
 20
167.5948257240142
 10
247.65951570680627
 20
166.74482572401422
  0
LWPOLYLINE
  5
2D5
330
17
100
AcDbEntity
  8
LABELS
100
AcDbPolyline
 90
2
 70
0
 10
246.72451570680627
 20
166.74482572401422
 10
247.65951570680627
 20
166.74482572401422
  0
LWPOLYLINE
  5
2D6
330
17
100
AcDbEntity
  8
LABELS
100
AcDbPolyline
 90
2
 70
0
 10
246.72451570680627
 20
167.5948257240142
 10
246.72451570680627
 20
166.74482572401422
  0
LWPOLYLINE
  5
2D7
330
17
100
AcDbEntity
  8
LABELS
100
AcDbPolyline
 90
2
 70
0
 10
246.72451570680627
 20
168.4448257240142
 10
246.72451570680627
 20
167.5948257240142
  0
LWPOLYLINE
  5
2D8
330
17
100
AcDbEntity
  8
LABELS
100
AcDbPolyline
 90
2
 70
0
 10
246.72451570680627
 20
167.5948257240142
 10
247.65951570680627
 20
167.5948257240142
  0
LWPOLYLINE
  5
2D9
330
17
100
AcDbEntity
  8
LABELS
100
AcDbPolyline
 90
2
 70
0
 10
16.982499999999998
 20
178.16838593343826
 10
17.9175
 20
178.16838593343826
  0
LWPOLYLINE
  5
2DA
330
17
100
AcDbEntity
  8
LABELS
100
AcDbPolyline
 90
2
 70
0
 10
17.9175
 20
178.16838593343826
 10
17.9175
 20
177.31838593343826
  0
LWPOLYLINE
  5
2DB
330
17
100
AcDbEntity
  8
LABELS
100
AcDbPolyline
 90
2
 70
0
 10
16.982499999999998
 20
177.31838593343826
 10
17.9175
 20
177.31838593343826
  0
LWPOLYLINE
  5
2DC
330
17
100
AcDbEntity
  8
LABELS
100
AcDbPolyline
 90
2
 70
0
 10
16.982499999999998
 20
177.31838593343826
 10
16.982499999999998
 20
176.46838593343827
  0
LWPOLYLINE
  5
2DD
330
17
100
AcDbEntity
  8
LABELS
100
AcDbPolyline
 90
2
 70
0
 10
16.982499999999998
 20
176.46838593343827
 10
17.9175
 20
176.46838593343827
  0
LWPOLYLINE
  5
2DE
330
17
100
AcDbEntity
  8
LABELS
100
AcDbPolyline
 90
2
 70
0
 10
18.257500000000004
 20
178.16838593343826
 10
19.192500000000006
 20
178.16838593343826
  0
LWPOLYLINE
  5
2DF
330
17
100
AcDbEntity
  8
LABELS
100
AcDbPolyline
 90
2
 70
0
 10
19.192500000000006
 20
178.16838593343826
 10
19.192500000000006
 20
177.31838593343826
  0
LWPOLYLINE
  5
2E0
330
17
100
AcDbEntity
  8
LABELS
100
AcDbPolyline
 90
2
 70
0
 10
18.257500000000004
 20
178.16838593343826
 10
18.257500000000004
 20
177.31838593343826
  0
LWPOLYLINE
  5
2E1
330
17
100
AcDbEntity
  8
LABELS
100
AcDbPolyline
 90
2
 70
0
 10
18.257500000000004
 20
177.31838593343826
 10
19.192500000000006
 20
177.31838593343826
  0
LWPOLYLINE
  5
2E2
330
17
100
AcDbEntity
  8
LABELS
100
AcDbPolyline
 90
2
 70
0
 10
19.192500000000006
 20
177.31838593343826
 10
19.192500000000006
 20
176.46838593343827
  0
LWPOLYLINE
  5
2E3
330
17
100
AcDbEntity
  8
LABELS
100
AcDbPolyline
 90
2
 70
0
 10
18.257500000000004
 20
176.46838593343827
 10
19.192500000000006
 20
176.46838593343827
  0
LWPOLYLINE
  5
2E4
330
17
100
AcDbEntity
  8
LABELS
100
AcDbPolyline
 90
2
 70
0
 10
71.98145287958117
 20
178.16838593343826
 10
72.91645287958117
 20
178.16838593343826
  0
LWPOLYLINE
  5
2E5
330
17
100
AcDbEntity
  8
LABELS
100
AcDbPolyline
 90
2
 70
0
 10
72.91645287958117
 20
178.16838593343826
 10
72.91645287958117
 20
177.31838593343826
  0
LWPOLYLINE
  5
2E6
330
17
100
AcDbEntity
  8
LABELS
100
AcDbPolyline
 90
2
 70
0
 10
71.98145287958117
 20
177.31838593343826
 10
72.91645287958117
 20
177.31838593343826
  0
LWPOLYLINE
  5
2E7
330
17
100
AcDbEntity
  8
LABELS
100
AcDbPolyline
 90
2
 70
0
 10
72.91645287958117
 20
177.31838593343826
 10
72.91645287958117
 20
176.46838593343827
  0
LWPOLYLINE
  5
2E8
330
17
100
AcDbEntity
  8
LABELS
100
AcDbPolyline
 90
2
 70
0
 10
71.98145287958117
 20
176.46838593343827
 10
72.91645287958117
 20
176.46838593343827
  0
LWPOLYLINE
  5
2E9
330
17
100
AcDbEntity
  8
LABELS
100
AcDbPolyline
 90
2
 70
0
 10
73.25645287958118
 20
178.16838593343826
 10
74.19145287958118
 20
178.16838593343826
  0
LWPOLYLINE
  5
2EA
330
17
100
AcDbEntity
  8
LABELS
100
AcDbPolyline
 90
2
 70
0
 10
74.19145287958118
 20
178.16838593343826
 10
74.19145287958118
 20
177.31838593343826
  0
LWPOLYLINE
  5
2EB
330
17
100
AcDbEntity
  8
LABELS
100
AcDbPolyline
 90
2
 70
0
 10
74.19145287958118
 20
177.31838593343826
 10
74.19145287958118
 20
176.46838593343827
  0
LWPOLYLINE
  5
2EC
330
17
100
AcDbEntity
  8
LABELS
100
AcDbPolyline
 90
2
 70
0
 10
73.25645287958118
 20
176.46838593343827
 10
74.19145287958118
 20
176.46838593343827
  0
LWPOLYLINE
  5
2ED
330
17
100
AcDbEntity
  8
LABELS
100
AcDbPolyline
 90
2
 70
0
 10
73.25645287958118
 20
177.31838593343826
 10
73.25645287958118
 20
176.46838593343827
  0
LWPOLYLINE
  5
2EE
330
17
100
AcDbEntity
  8
LABELS
100
AcDbPolyline
 90
2
 70
0
 10
73.25645287958118
 20
178.16838593343826
 10
73.25645287958118
 20
177.31838593343826
  0
LWPOLYLINE
  5
2EF
330
17
100
AcDbEntity
  8
LABELS
100
AcDbPolyline
 90
2
 70
0
 10
43.57935863874347
 20
194.39246970307178
 10
44.514358638743474
 20
194.39246970307178
  0
LWPOLYLINE
  5
2F0
330
17
100
AcDbEntity
  8
LABELS
100
AcDbPolyline
 90
2
 70
0
 10
44.514358638743474
 20
194.39246970307178
 10
44.514358638743474
 20
193.5424697030718
  0
LWPOLYLINE
  5
2F1
330
17
100
AcDbEntity
  8
LABELS
100
AcDbPolyline
 90
2
 70
0
 10
43.57935863874347
 20
193.5424697030718
 10
44.514358638743474
 20
193.5424697030718
  0
LWPOLYLINE
  5
2F2
330
17
100
AcDbEntity
  8
LABELS
100
AcDbPolyline
 90
2
 70
0
 10
44.514358638743474
 20
193.5424697030718
 10
44.514358638743474
 20
192.6924697030718
  0
LWPOLYLINE
  5
2F3
330
17
100
AcDbEntity
  8
LABELS
100
AcDbPolyline
 90
2
 70
0
 10
43.57935863874347
 20
192.6924697030718
 10
44.514358638743474
 20
192.6924697030718
  0
LWPOLYLINE
  5
2F4
330
17
100
AcDbEntity
  8
LABELS
100
AcDbPolyline
 90
2
 70
0
 10
45.78935863874348
 20
194.39246970307178
 10
45.78935863874348
 20
193.5424697030718
  0
LWPOLYLINE
  5
2F5
330
17
100
AcDbEntity
  8
LABELS
100
AcDbPolyline
 90
2
 70
0
 10
45.78935863874348
 20
193.5424697030718
 10
45.78935863874348
 20
192.6924697030718
  0
LWPOLYLINE
  5
2F6
330
17
100
AcDbEntity
  8
LABELS
100
AcDbPolyline
 90
2
 70
0
 10
57.6756937172775
 20
197.31812415333357
 10
58.6106937172775
 20
197.31812415333357
  0
LWPOLYLINE
  5
2F7
330
17
100
AcDbEntity
  8
LABELS
100
AcDbPolyline
 90
2
 70
0
 10
58.6106937172775
 20
197.31812415333357
 10
58.6106937172775
 20
196.46812415333358
  0
LWPOLYLINE
  5
2F8
330
17
100
AcDbEntity
  8
LABELS
100
AcDbPolyline
 90
2
 70
0
 10
57.6756937172775
 20
196.46812415333358
 10
58.6106937172775
 20
196.46812415333358
  0
LWPOLYLINE
  5
2F9
330
17
100
AcDbEntity
  8
LABELS
100
AcDbPolyline
 90
2
 70
0
 10
58.6106937172775
 20
196.46812415333358
 10
58.6106937172775
 20
195.61812415333358
  0
LWPOLYLINE
  5
2FA
330
17
100
AcDbEntity
  8
LABELS
100
AcDbPolyline
 90
2
 70
0
 10
57.6756937172775
 20
195.61812415333358
 10
58.6106937172775
 20
195.61812415333358
  0
LWPOLYLINE
  5
2FB
330
17
100
AcDbEntity
  8
LABELS
100
AcDbPolyline
 90
2
 70
0
 10
58.9506937172775
 20
197.31812415333357
 10
59.885693717277505
 20
197.31812415333357
  0
LWPOLYLINE
  5
2FC
330
17
100
AcDbEntity
  8
LABELS
100
AcDbPolyline
 90
2
 70
0
 10
59.885693717277505
 20
197.31812415333357
 10
59.885693717277505
 20
196.46812415333358
  0
LWPOLYLINE
  5
2FD
330
17
100
AcDbEntity
  8
LABELS
100
AcDbPolyline
 90
2
 70
0
 10
58.9506937172775
 20
196.46812415333358
 10
59.885693717277505
 20
196.46812415333358
  0
LWPOLYLINE
  5
2FE
330
17
100
AcDbEntity
  8
LABELS
100
AcDbPolyline
 90
2
 70
0
 10
58.9506937172775
 20
196.46812415333358
 10
58.9506937172775
 20
195.61812415333358
  0
LWPOLYLINE
  5
2FF
330
17
100
AcDbEntity
  8
LABELS
100
AcDbPolyline
 90
2
 70
0
 10
58.9506937172775
 20
195.61812415333358
 10
59.885693717277505
 20
195.61812415333358
  0
LWPOLYLINE
  5
300
330
17
100
AcDbEntity
  8
LABELS
100
AcDbPolyline
 90
2
 70
0
 10
19.908154450261815
 20
211.26576813239112
 10
20.843154450261817
 20
211.26576813239112
  0
LWPOLYLINE
  5
301
330
17
100
AcDbEntity
  8
LABELS
100
AcDbPolyline
 90
2
 70
0
 10
20.843154450261817
 20
211.26576813239112
 10
20.843154450261817
 20
210.41576813239112
  0
LWPOLYLINE
  5
302
330
17
100
AcDbEntity
  8
LABELS
100
AcDbPolyline
 90
2
 70
0
 10
19.908154450261815
 20
210.41576813239112
 10
20.843154450261817
 20
210.41576813239112
  0
LWPOLYLINE
  5
303
330
17
100
AcDbEntity
  8
LABELS
100
AcDbPolyline
 90
2
 70
0
 10
20.843154450261817
 20
210.41576813239112
 10
20.843154450261817
 20
209.56576813239113
  0
LWPOLYLINE
  5
304
330
17
100
AcDbEntity
  8
LABELS
100
AcDbPolyline
 90
2
 70
0
 10
19.908154450261815
 20
209.56576813239113
 10
20.843154450261817
 20
209.56576813239113
  0
LWPOLYLINE
  5
305
330
17
100
AcDbEntity
  8
LABELS
100
AcDbPolyline
 90
2
 70
0
 10
21.18315445026182
 20
211.26576813239112
 10
22.118154450261823
 20
211.26576813239112
  0
LWPOLYLINE
  5
306
330
17
100
AcDbEntity
  8
LABELS
100
AcDbPolyline
 90
2
 70
0
 10
22.118154450261823
 20
211.26576813239112
 10
22.118154450261823
 20
210.41576813239112
  0
LWPOLYLINE
  5
307
330
17
100
AcDbEntity
  8
LABELS
100
AcDbPolyline
 90
2
 70
0
 10
21.18315445026182
 20
210.41576813239112
 10
22.118154450261823
 20
210.41576813239112
  0
LWPOLYLINE
  5
308
330
17
100
AcDbEntity
  8
LABELS
100
AcDbPolyline
 90
2
 70
0
 10
22.118154450261823
 20
210.41576813239112
 10
22.118154450261823
 20
209.56576813239113
  0
LWPOLYLINE
  5
309
330
17
100
AcDbEntity
  8
LABELS
100
AcDbPolyline
 90
2
 70
0
 10
21.18315445026182
 20
209.56576813239113
 10
22.118154450261823
 20
209.56576813239113
  0
LWPOLYLINE
  5
30A
330
17
100
AcDbEntity
  8
LABELS
100
AcDbPolyline
 90
2
 70
0
 10
95.60204624781854
 20
211.26576813239112
 10
96.53704624781854
 20
211.26576813239112
  0
LWPOLYLINE
  5
30B
330
17
100
AcDbEntity
  8
LABELS
100
AcDbPolyline
 90
2
 70
0
 10
96.53704624781854
 20
211.26576813239112
 10
96.53704624781854
 20
210.41576813239112
  0
LWPOLYLINE
  5
30C
330
17
100
AcDbEntity
  8
LABELS
100
AcDbPolyline
 90
2
 70
0
 10
95.60204624781854
 20
210.41576813239112
 10
96.53704624781854
 20
210.41576813239112
  0
LWPOLYLINE
  5
30D
330
17
100
AcDbEntity
  8
LABELS
100
AcDbPolyline
 90
2
 70
0
 10
96.53704624781854
 20
210.41576813239112
 10
96.53704624781854
 20
209.56576813239113
  0
LWPOLYLINE
  5
30E
330
17
100
AcDbEntity
  8
LABELS
100
AcDbPolyline
 90
2
 70
0
 10
95.60204624781854
 20
209.56576813239113
 10
96.53704624781854
 20
209.56576813239113
  0
LWPOLYLINE
  5
30F
330
17
100
AcDbEntity
  8
LABELS
100
AcDbPolyline
 90
2
 70
0
 10
96.87704624781854
 20
211.26576813239112
 10
96.87704624781854
 20
210.41576813239112
  0
LWPOLYLINE
  5
310
330
17
100
AcDbEntity
  8
LABELS
100
AcDbPolyline
 90
2
 70
0
 10
96.87704624781854
 20
210.41576813239112
 10
97.81204624781854
 20
210.41576813239112
  0
LWPOLYLINE
  5
311
330
17
100
AcDbEntity
  8
LABELS
100
AcDbPolyline
 90
2
 70
0
 10
97.81204624781854
 20
211.26576813239112
 10
97.81204624781854
 20
210.41576813239112
  0
LWPOLYLINE
  5
312
330
17
100
AcDbEntity
  8
LABELS
100
AcDbPolyline
 90
2
 70
0
 10
97.81204624781854
 20
210.41576813239112
 10
97.81204624781854
 20
209.56576813239113
  0
LWPOLYLINE
  5
313
330
17
100
AcDbEntity
  8
LABELS
100
AcDbPolyline
 90
2
 70
0
 10
115.92281413612567
 20
249.5652445721817
 10
116.85781413612567
 20
249.5652445721817
  0
LWPOLYLINE
  5
314
330
17
100
AcDbEntity
  8
LABELS
100
AcDbPolyline
 90
2
 70
0
 10
116.85781413612567
 20
249.5652445721817
 10
116.85781413612567
 20
248.71524457218172
  0
LWPOLYLINE
  5
315
330
17
100
AcDbEntity
  8
LABELS
100
AcDbPolyline
 90
2
 70
0
 10
115.92281413612567
 20
248.71524457218172
 10
116.85781413612567
 20
248.71524457218172
  0
LWPOLYLINE
  5
316
330
17
100
AcDbEntity
  8
LABELS
100
AcDbPolyline
 90
2
 70
0
 10
116.85781413612567
 20
248.71524457218172
 10
116.85781413612567
 20
247.86524457218172
  0
LWPOLYLINE
  5
317
330
17
100
AcDbEntity
  8
LABELS
100
AcDbPolyline
 90
2
 70
0
 10
115.92281413612567
 20
247.86524457218172
 10
116.85781413612567
 20
247.86524457218172
  0
LWPOLYLINE
  5
318
330
17
100
AcDbEntity
  8
LABELS
100
AcDbPolyline
 90
2
 70
0
 10
117.19781413612567
 20
249.5652445721817
 10
118.13281413612567
 20
249.5652445721817
  0
LWPOLYLINE
  5
319
330
17
100
AcDbEntity
  8
LABELS
100
AcDbPolyline
 90
2
 70
0
 10
117.19781413612567
 20
249.5652445721817
 10
117.19781413612567
 20
248.71524457218172
  0
LWPOLYLINE
  5
31A
330
17
100
AcDbEntity
  8
LABELS
100
AcDbPolyline
 90
2
 70
0
 10
117.19781413612567
 20
248.71524457218172
 10
118.13281413612567
 20
248.71524457218172
  0
LWPOLYLINE
  5
31B
330
17
100
AcDbEntity
  8
LABELS
100
AcDbPolyline
 90
2
 70
0
 10
118.13281413612567
 20
248.71524457218172
 10
118.13281413612567
 20
247.86524457218172
  0
LWPOLYLINE
  5
31C
330
17
100
AcDbEntity
  8
LABELS
100
AcDbPolyline
 90
2
 70
0
 10
117.19781413612567
 20
247.86524457218172
 10
118.13281413612567
 20
247.86524457218172
  0
LWPOLYLINE
  5
31D
330
17
100
AcDbEntity
  8
LABELS
100
AcDbPolyline
 90
2
 70
0
 10
16.58250000000002
 20
58.658241954380685
 10
17.517500000000023
 20
58.658241954380685
  0
LWPOLYLINE
  5
31E
330
17
100
AcDbEntity
  8
LABELS
100
AcDbPolyline
 90
2
 70
0
 10
17.517500000000023
 20
58.658241954380685
 10
17.517500000000023
 20
57.80824195438069
  0
LWPOLYLINE
  5
31F
330
17
100
AcDbEntity
  8
LABELS
100
AcDbPolyline
 90
2
 70
0
 10
16.58250000000002
 20
57.80824195438069
 10
17.517500000000023
 20
57.80824195438069
  0
LWPOLYLINE
  5
320
330
17
100
AcDbEntity
  8
LABELS
100
AcDbPolyline
 90
2
 70
0
 10
17.517500000000023
 20
57.80824195438069
 10
17.517500000000023
 20
56.95824195438068
  0
LWPOLYLINE
  5
321
330
17
100
AcDbEntity
  8
LABELS
100
AcDbPolyline
 90
2
 70
0
 10
16.58250000000002
 20
56.95824195438068
 10
17.517500000000023
 20
56.95824195438068
  0
LWPOLYLINE
  5
322
330
17
100
AcDbEntity
  8
LABELS
100
AcDbPolyline
 90
2
 70
0
 10
17.857500000000027
 20
58.658241954380685
 10
18.79250000000003
 20
58.658241954380685
  0
LWPOLYLINE
  5
323
330
17
100
AcDbEntity
  8
LABELS
100
AcDbPolyline
 90
2
 70
0
 10
17.857500000000027
 20
58.658241954380685
 10
17.857500000000027
 20
57.80824195438069
  0
LWPOLYLINE
  5
324
330
17
100
AcDbEntity
  8
LABELS
100
AcDbPolyline
 90
2
 70
0
 10
17.857500000000027
 20
57.80824195438069
 10
18.79250000000003
 20
57.80824195438069
  0
LWPOLYLINE
  5
325
330
17
100
AcDbEntity
  8
LABELS
100
AcDbPolyline
 90
2
 70
0
 10
17.857500000000027
 20
57.80824195438069
 10
17.857500000000027
 20
56.95824195438068
  0
LWPOLYLINE
  5
326
330
17
100
AcDbEntity
  8
LABELS
100
AcDbPolyline
 90
2
 70
0
 10
18.79250000000003
 20
57.80824195438069
 10
18.79250000000003
 20
56.95824195438068
  0
LWPOLYLINE
  5
327
330
17
100
AcDbEntity
  8
LABELS
100
AcDbPolyline
 90
2
 70
0
 10
17.857500000000027
 20
56.95824195438068
 10
18.79250000000003
 20
56.95824195438068
  0
LWPOLYLINE
  5
328
330
17
100
AcDbEntity
  8
LABELS
100
AcDbPolyline
 90
2
 70
0
 10
16.58250000000002
 20
76.21216865595137
 10
17.517500000000023
 20
76.21216865595137
  0
LWPOLYLINE
  5
329
330
17
100
AcDbEntity
  8
LABELS
100
AcDbPolyline
 90
2
 70
0
 10
17.517500000000023
 20
76.21216865595137
 10
17.517500000000023
 20
75.36216865595136
  0
LWPOLYLINE
  5
32A
330
17
100
AcDbEntity
  8
LABELS
100
AcDbPolyline
 90
2
 70
0
 10
16.58250000000002
 20
75.36216865595136
 10
17.517500000000023
 20
75.36216865595136
  0
LWPOLYLINE
  5
32B
330
17
100
AcDbEntity
  8
LABELS
100
AcDbPolyline
 90
2
 70
0
 10
17.517500000000023
 20
75.36216865595136
 10
17.517500000000023
 20
74.51216865595137
  0
LWPOLYLINE
  5
32C
330
17
100
AcDbEntity
  8
LABELS
100
AcDbPolyline
 90
2
 70
0
 10
16.58250000000002
 20
74.51216865595137
 10
17.517500000000023
 20
74.51216865595137
  0
LWPOLYLINE
  5
32D
330
17
100
AcDbEntity
  8
LABELS
100
AcDbPolyline
 90
2
 70
0
 10
17.857500000000027
 20
76.21216865595137
 10
18.79250000000003
 20
76.21216865595137
  0
LWPOLYLINE
  5
32E
330
17
100
AcDbEntity
  8
LABELS
100
AcDbPolyline
 90
2
 70
0
 10
18.79250000000003
 20
76.21216865595137
 10
18.79250000000003
 20
75.36216865595136
  0
LWPOLYLINE
  5
32F
330
17
100
AcDbEntity
  8
LABELS
100
AcDbPolyline
 90
2
 70
0
 10
18.79250000000003
 20
75.36216865595136
 10
18.79250000000003
 20
74.51216865595137
  0
LWPOLYLINE
  5
330
330
17
100
AcDbEntity
  8
LABELS
100
AcDbPolyline
 90
2
 70
0
 10
16.58250000000002
 20
102.27709012191997
 10
17.517500000000023
 20
102.27709012191997
  0
LWPOLYLINE
  5
331
330
17
100
AcDbEntity
  8
LABELS
100
AcDbPolyline
 90
2
 70
0
 10
17.517500000000023
 20
102.27709012191997
 10
17.517500000000023
 20
101.42709012191996
  0
LWPOLYLINE
  5
332
330
17
100
AcDbEntity
  8
LABELS
100
AcDbPolyline
 90
2
 70
0
 10
16.58250000000002
 20
101.42709012191996
 10
17.517500000000023
 20
101.42709012191996
  0
LWPOLYLINE
  5
333
330
17
100
AcDbEntity
  8
LABELS
100
AcDbPolyline
 90
2
 70
0
 10
17.517500000000023
 20
101.42709012191996
 10
17.517500000000023
 20
100.57709012191997
  0
LWPOLYLINE
  5
334
330
17
100
AcDbEntity
  8
LABELS
100
AcDbPolyline
 90
2
 70
0
 10
16.58250000000002
 20
100.57709012191997
 10
17.517500000000023
 20
100.57709012191997
  0
LWPOLYLINE
  5
335
330
17
100
AcDbEntity
  8
LABELS
100
AcDbPolyline
 90
2
 70
0
 10
17.857500000000027
 20
102.27709012191997
 10
18.79250000000003
 20
102.27709012191997
  0
LWPOLYLINE
  5
336
330
17
100
AcDbEntity
  8
LABELS
100
AcDbPolyline
 90
2
 70
0
 10
18.79250000000003
 20
102.27709012191997
 10
18.79250000000003
 20
101.42709012191996
  0
LWPOLYLINE
  5
337
330
17
100
AcDbEntity
  8
LABELS
100
AcDbPolyline
 90
2
 70
0
 10
18.79250000000003
 20
101.42709012191996
 10
18.79250000000003
 20
100.57709012191997
  0
LWPOLYLINE
  5
338
330
17
100
AcDbEntity
  8
LABELS
100
AcDbPolyline
 90
2
 70
0
 10
17.857500000000027
 20
100.57709012191997
 10
18.79250000000003
 20
100.57709012191997
  0
LWPOLYLINE
  5
339
330
17
100
AcDbEntity
  8
LABELS
100
AcDbPolyline
 90
2
 70
0
 10
17.857500000000027
 20
101.42709012191996
 10
17.857500000000027
 20
100.57709012191997
  0
LWPOLYLINE
  5
33A
330
17
100
AcDbEntity
  8
LABELS
100
AcDbPolyline
 90
2
 70
0
 10
17.857500000000027
 20
102.27709012191997
 10
17.857500000000027
 20
101.42709012191996
  0
LWPOLYLINE
  5
33B
330
17
100
AcDbEntity
  8
LABELS
100
AcDbPolyline
 90
2
 70
0
 10
17.857500000000027
 20
101.42709012191996
 10
18.79250000000003
 20
101.42709012191996
  0
LWPOLYLINE
  5
33C
330
17
100
AcDbEntity
  8
LABELS
100
AcDbPolyline
 90
2
 70
0
 10
16.58250000000002
 20
134.45928907479956
 10
17.517500000000023
 20
134.45928907479956
  0
LWPOLYLINE
  5
33D
330
17
100
AcDbEntity
  8
LABELS
100
AcDbPolyline
 90
2
 70
0
 10
17.517500000000023
 20
134.45928907479956
 10
17.517500000000023
 20
133.60928907479956
  0
LWPOLYLINE
  5
33E
330
17
100
AcDbEntity
  8
LABELS
100
AcDbPolyline
 90
2
 70
0
 10
16.58250000000002
 20
133.60928907479956
 10
17.517500000000023
 20
133.60928907479956
  0
LWPOLYLINE
  5
33F
330
17
100
AcDbEntity
  8
LABELS
100
AcDbPolyline
 90
2
 70
0
 10
17.517500000000023
 20
133.60928907479956
 10
17.517500000000023
 20
132.75928907479957
  0
LWPOLYLINE
  5
340
330
17
100
AcDbEntity
  8
LABELS
100
AcDbPolyline
 90
2
 70
0
 10
16.58250000000002
 20
132.75928907479957
 10
17.517500000000023
 20
132.75928907479957
  0
LWPOLYLINE
  5
341
330
17
100
AcDbEntity
  8
LABELS
100
AcDbPolyline
 90
2
 70
0
 10
17.857500000000027
 20
134.45928907479956
 10
18.79250000000003
 20
134.45928907479956
  0
LWPOLYLINE
  5
342
330
17
100
AcDbEntity
  8
LABELS
100
AcDbPolyline
 90
2
 70
0
 10
18.79250000000003
 20
134.45928907479956
 10
18.79250000000003
 20
133.60928907479956
  0
LWPOLYLINE
  5
343
330
17
100
AcDbEntity
  8
LABELS
100
AcDbPolyline
 90
2
 70
0
 10
17.857500000000027
 20
134.45928907479956
 10
17.857500000000027
 20
133.60928907479956
  0
LWPOLYLINE
  5
344
330
17
100
AcDbEntity
  8
LABELS
100
AcDbPolyline
 90
2
 70
0
 10
17.857500000000027
 20
133.60928907479956
 10
18.79250000000003
 20
133.60928907479956
  0
LWPOLYLINE
  5
345
330
17
100
AcDbEntity
  8
LABELS
100
AcDbPolyline
 90
2
 70
0
 10
18.79250000000003
 20
133.60928907479956
 10
18.79250000000003
 20
132.75928907479957
  0
LWPOLYLINE
  5
346
330
17
100
AcDbEntity
  8
LABELS
100
AcDbPolyline
 90
2
 70
0
 10
17.857500000000027
 20
132.75928907479957
 10
18.79250000000003
 20
132.75928907479957
  0
LWPOLYLINE
  5
347
330
17
100
AcDbEntity
  8
LABELS
100
AcDbPolyline
 90
2
 70
0
 10
13.58250000000005
 20
167.95536237322884
 10
13.58250000000005
 20
167.10536237322884
  0
LWPOLYLINE
  5
348
330
17
100
AcDbEntity
  8
LABELS
100
AcDbPolyline
 90
2
 70
0
 10
13.58250000000005
 20
167.10536237322884
 10
14.517500000000052
 20
167.10536237322884
  0
LWPOLYLINE
  5
349
330
17
100
AcDbEntity
  8
LABELS
100
AcDbPolyline
 90
2
 70
0
 10
14.517500000000052
 20
167.95536237322884
 10
14.517500000000052
 20
167.10536237322884
  0
LWPOLYLINE
  5
34A
330
17
100
AcDbEntity
  8
LABELS
100
AcDbPolyline
 90
2
 70
0
 10
14.517500000000052
 20
167.10536237322884
 10
14.517500000000052
 20
166.25536237322885
  0
LWPOLYLINE
  5
34B
330
17
100
AcDbEntity
  8
LABELS
100
AcDbPolyline
 90
2
 70
0
 10
14.857500000000055
 20
167.95536237322884
 10
15.792500000000057
 20
167.95536237322884
  0
LWPOLYLINE
  5
34C
330
17
100
AcDbEntity
  8
LABELS
100
AcDbPolyline
 90
2
 70
0
 10
15.792500000000057
 20
167.95536237322884
 10
15.792500000000057
 20
167.10536237322884
  0
LWPOLYLINE
  5
34D
330
17
100
AcDbEntity
  8
LABELS
100
AcDbPolyline
 90
2
 70
0
 10
15.792500000000057
 20
167.10536237322884
 10
15.792500000000057
 20
166.25536237322885
  0
LWPOLYLINE
  5
34E
330
17
100
AcDbEntity
  8
LABELS
100
AcDbPolyline
 90
2
 70
0
 10
14.857500000000055
 20
166.25536237322885
 10
15.792500000000057
 20
166.25536237322885
  0
LWPOLYLINE
  5
34F
330
17
100
AcDbEntity
  8
LABELS
100
AcDbPolyline
 90
2
 70
0
 10
14.857500000000055
 20
167.10536237322884
 10
14.857500000000055
 20
166.25536237322885
  0
LWPOLYLINE
  5
350
330
17
100
AcDbEntity
  8
LABELS
100
AcDbPolyline
 90
2
 70
0
 10
14.857500000000055
 20
167.95536237322884
 10
14.857500000000055
 20
167.10536237322884
  0
LWPOLYLINE
  5
351
330
17
100
AcDbEntity
  8
LABELS
100
AcDbPolyline
 90
2
 70
0
 10
16.582499999999992
 20
180.20588593343825
 10
16.582499999999992
 20
179.35588593343826
  0
LWPOLYLINE
  5
352
330
17
100
AcDbEntity
  8
LABELS
100
AcDbPolyline
 90
2
 70
0
 10
16.582499999999992
 20
179.35588593343826
 10
17.517499999999995
 20
179.35588593343826
  0
LWPOLYLINE
  5
353
330
17
100
AcDbEntity
  8
LABELS
100
AcDbPolyline
 90
2
 70
0
 10
17.517499999999995
 20
180.20588593343825
 10
17.517499999999995
 20
179.35588593343826
  0
LWPOLYLINE
  5
354
330
17
100
AcDbEntity
  8
LABELS
100
AcDbPolyline
 90
2
 70
0
 10
17.517499999999995
 20
179.35588593343826
 10
17.517499999999995
 20
178.50588593343826
  0
LWPOLYLINE
  5
355
330
17
100
AcDbEntity
  8
LABELS
100
AcDbPolyline
 90
2
 70
0
 10
18.7925
 20
180.20588593343825
 10
18.7925
 20
179.35588593343826
  0
LWPOLYLINE
  5
356
330
17
100
AcDbEntity
  8
LABELS
100
AcDbPolyline
 90
2
 70
0
 10
18.7925
 20
179.35588593343826
 10
18.7925
 20
178.50588593343826
  0
LWPOLYLINE
  5
357
330
17
100
AcDbEntity
  8
LABELS
100
AcDbPolyline
 90
2
 70
0
 10
34.1364267015707
 20
102.27709012191997
 10
34.1364267015707
 20
101.42709012191996
  0
LWPOLYLINE
  5
358
330
17
100
AcDbEntity
  8
LABELS
100
AcDbPolyline
 90
2
 70
0
 10
34.1364267015707
 20
101.42709012191996
 10
35.0714267015707
 20
101.42709012191996
  0
LWPOLYLINE
  5
359
330
17
100
AcDbEntity
  8
LABELS
100
AcDbPolyline
 90
2
 70
0
 10
35.0714267015707
 20
102.27709012191997
 10
35.0714267015707
 20
101.42709012191996
  0
LWPOLYLINE
  5
35A
330
17
100
AcDbEntity
  8
LABELS
100
AcDbPolyline
 90
2
 70
0
 10
35.0714267015707
 20
101.42709012191996
 10
35.0714267015707
 20
100.57709012191997
  0
LWPOLYLINE
  5
35B
330
17
100
AcDbEntity
  8
LABELS
100
AcDbPolyline
 90
2
 70
0
 10
35.411426701570704
 20
102.27709012191997
 10
36.34642670157071
 20
102.27709012191997
  0
LWPOLYLINE
  5
35C
330
17
100
AcDbEntity
  8
LABELS
100
AcDbPolyline
 90
2
 70
0
 10
36.34642670157071
 20
102.27709012191997
 10
36.34642670157071
 20
101.42709012191996
  0
LWPOLYLINE
  5
35D
330
17
100
AcDbEntity
  8
LABELS
100
AcDbPolyline
 90
2
 70
0
 10
35.411426701570704
 20
101.42709012191996
 10
36.34642670157071
 20
101.42709012191996
  0
LWPOLYLINE
  5
35E
330
17
100
AcDbEntity
  8
LABELS
100
AcDbPolyline
 90
2
 70
0
 10
35.411426701570704
 20
101.42709012191996
 10
35.411426701570704
 20
100.57709012191997
  0
LWPOLYLINE
  5
35F
330
17
100
AcDbEntity
  8
LABELS
100
AcDbPolyline
 90
2
 70
0
 10
35.411426701570704
 20
100.57709012191997
 10
36.34642670157071
 20
100.57709012191997
  0
LWPOLYLINE
  5
360
330
17
100
AcDbEntity
  8
LABELS
100
AcDbPolyline
 90
2
 70
0
 10
34.1364267015707
 20
134.45928907479956
 10
34.1364267015707
 20
133.60928907479956
  0
LWPOLYLINE
  5
361
330
17
100
AcDbEntity
  8
LABELS
100
AcDbPolyline
 90
2
 70
0
 10
34.1364267015707
 20
133.60928907479956
 10
35.0714267015707
 20
133.60928907479956
  0
LWPOLYLINE
  5
362
330
17
100
AcDbEntity
  8
LABELS
100
AcDbPolyline
 90
2
 70
0
 10
35.0714267015707
 20
134.45928907479956
 10
35.0714267015707
 20
133.60928907479956
  0
LWPOLYLINE
  5
363
330
17
100
AcDbEntity
  8
LABELS
100
AcDbPolyline
 90
2
 70
0
 10
35.0714267015707
 20
133.60928907479956
 10
35.0714267015707
 20
132.75928907479957
  0
LWPOLYLINE
  5
364
330
17
100
AcDbEntity
  8
LABELS
100
AcDbPolyline
 90
2
 70
0
 10
35.411426701570704
 20
134.45928907479956
 10
36.34642670157071
 20
134.45928907479956
  0
LWPOLYLINE
  5
365
330
17
100
AcDbEntity
  8
LABELS
100
AcDbPolyline
 90
2
 70
0
 10
36.34642670157071
 20
134.45928907479956
 10
36.34642670157071
 20
133.60928907479956
  0
LWPOLYLINE
  5
366
330
17
100
AcDbEntity
  8
LABELS
100
AcDbPolyline
 90
2
 70
0
 10
35.411426701570704
 20
133.60928907479956
 10
36.34642670157071
 20
133.60928907479956
  0
LWPOLYLINE
  5
367
330
17
100
AcDbEntity
  8
LABELS
100
AcDbPolyline
 90
2
 70
0
 10
36.34642670157071
 20
133.60928907479956
 10
36.34642670157071
 20
132.75928907479957
  0
LWPOLYLINE
  5
368
330
17
100
AcDbEntity
  8
LABELS
100
AcDbPolyline
 90
2
 70
0
 10
35.411426701570704
 20
132.75928907479957
 10
36.34642670157071
 20
132.75928907479957
  0
LWPOLYLINE
  5
369
330
17
100
AcDbEntity
  8
LABELS
100
AcDbPolyline
 90
2
 70
0
 10
23.732238219895276
 20
76.21216865595137
 10
23.732238219895276
 20
75.36216865595136
  0
LWPOLYLINE
  5
36A
330
17
100
AcDbEntity
  8
LABELS
100
AcDbPolyline
 90
2
 70
0
 10
23.732238219895276
 20
75.36216865595136
 10
24.667238219895278
 20
75.36216865595136
  0
LWPOLYLINE
  5
36B
330
17
100
AcDbEntity
  8
LABELS
100
AcDbPolyline
 90
2
 70
0
 10
24.667238219895278
 20
76.21216865595137
 10
24.667238219895278
 20
75.36216865595136
  0
LWPOLYLINE
  5
36C
330
17
100
AcDbEntity
  8
LABELS
100
AcDbPolyline
 90
2
 70
0
 10
24.667238219895278
 20
75.36216865595136
 10
24.667238219895278
 20
74.51216865595137
  0
LWPOLYLINE
  5
36D
330
17
100
AcDbEntity
  8
LABELS
100
AcDbPolyline
 90
2
 70
0
 10
25.00723821989528
 20
76.21216865595137
 10
25.00723821989528
 20
75.36216865595136
  0
LWPOLYLINE
  5
36E
330
17
100
AcDbEntity
  8
LABELS
100
AcDbPolyline
 90
2
 70
0
 10
25.00723821989528
 20
75.36216865595136
 10
25.942238219895284
 20
75.36216865595136
  0
LWPOLYLINE
  5
36F
330
17
100
AcDbEntity
  8
LABELS
100
AcDbPolyline
 90
2
 70
0
 10
25.942238219895284
 20
76.21216865595137
 10
25.942238219895284
 20
75.36216865595136
  0
LWPOLYLINE
  5
370
330
17
100
AcDbEntity
  8
LABELS
100
AcDbPolyline
 90
2
 70
0
 10
25.942238219895284
 20
75.36216865595136
 10
25.942238219895284
 20
74.51216865595137
  0
LWPOLYLINE
  5
371
330
17
100
AcDbEntity
  8
LABELS
100
AcDbPolyline
 90
2
 70
0
 10
32.73223821989528
 20
89.76059797532312
 10
32.73223821989528
 20
88.91059797532311
  0
LWPOLYLINE
  5
372
330
17
100
AcDbEntity
  8
LABELS
100
AcDbPolyline
 90
2
 70
0
 10
32.73223821989528
 20
88.91059797532311
 10
33.66723821989528
 20
88.91059797532311
  0
LWPOLYLINE
  5
373
330
17
100
AcDbEntity
  8
LABELS
100
AcDbPolyline
 90
2
 70
0
 10
33.66723821989528
 20
89.76059797532312
 10
33.66723821989528
 20
88.91059797532311
  0
LWPOLYLINE
  5
374
330
17
100
AcDbEntity
  8
LABELS
100
AcDbPolyline
 90
2
 70
0
 10
33.66723821989528
 20
88.91059797532311
 10
33.66723821989528
 20
88.06059797532312
  0
LWPOLYLINE
  5
375
330
17
100
AcDbEntity
  8
LABELS
100
AcDbPolyline
 90
2
 70
0
 10
34.007238219895285
 20
89.76059797532312
 10
34.94223821989529
 20
89.76059797532312
  0
LWPOLYLINE
  5
376
330
17
100
AcDbEntity
  8
LABELS
100
AcDbPolyline
 90
2
 70
0
 10
34.007238219895285
 20
89.76059797532312
 10
34.007238219895285
 20
88.91059797532311
  0
LWPOLYLINE
  5
377
330
17
100
AcDbEntity
  8
LABELS
100
AcDbPolyline
 90
2
 70
0
 10
34.007238219895285
 20
88.91059797532311
 10
34.94223821989529
 20
88.91059797532311
  0
LWPOLYLINE
  5
378
330
17
100
AcDbEntity
  8
LABELS
100
AcDbPolyline
 90
2
 70
0
 10
34.94223821989529
 20
88.91059797532311
 10
34.94223821989529
 20
88.06059797532312
  0
LWPOLYLINE
  5
379
330
17
100
AcDbEntity
  8
LABELS
100
AcDbPolyline
 90
2
 70
0
 10
34.007238219895285
 20
88.06059797532312
 10
34.94223821989529
 20
88.06059797532312
  0
LWPOLYLINE
  5
37A
330
17
100
AcDbEntity
  8
LABELS
100
AcDbPolyline
 90
2
 70
0
 10
41.84951570680629
 20
58.658241954380685
 10
41.84951570680629
 20
57.80824195438069
  0
LWPOLYLINE
  5
37B
330
17
100
AcDbEntity
  8
LABELS
100
AcDbPolyline
 90
2
 70
0
 10
41.84951570680629
 20
57.80824195438069
 10
42.78451570680629
 20
57.80824195438069
  0
LWPOLYLINE
  5
37C
330
17
100
AcDbEntity
  8
LABELS
100
AcDbPolyline
 90
2
 70
0
 10
42.78451570680629
 20
58.658241954380685
 10
42.78451570680629
 20
57.80824195438069
  0
LWPOLYLINE
  5
37D
330
17
100
AcDbEntity
  8
LABELS
100
AcDbPolyline
 90
2
 70
0
 10
42.78451570680629
 20
57.80824195438069
 10
42.78451570680629
 20
56.95824195438068
  0
LWPOLYLINE
  5
37E
330
17
100
AcDbEntity
  8
LABELS
100
AcDbPolyline
 90
2
 70
0
 10
43.12451570680629
 20
58.658241954380685
 10
44.059515706806295
 20
58.658241954380685
  0
LWPOLYLINE
  5
37F
330
17
100
AcDbEntity
  8
LABELS
100
AcDbPolyline
 90
2
 70
0
 10
43.12451570680629
 20
58.658241954380685
 10
43.12451570680629
 20
57.80824195438069
  0
LWPOLYLINE
  5
380
330
17
100
AcDbEntity
  8
LABELS
100
AcDbPolyline
 90
2
 70
0
 10
43.12451570680629
 20
57.80824195438069
 10
44.059515706806295
 20
57.80824195438069
  0
LWPOLYLINE
  5
381
330
17
100
AcDbEntity
  8
LABELS
100
AcDbPolyline
 90
2
 70
0
 10
43.12451570680629
 20
57.80824195438069
 10
43.12451570680629
 20
56.95824195438068
  0
LWPOLYLINE
  5
382
330
17
100
AcDbEntity
  8
LABELS
100
AcDbPolyline
 90
2
 70
0
 10
44.059515706806295
 20
57.80824195438069
 10
44.059515706806295
 20
56.95824195438068
  0
LWPOLYLINE
  5
383
330
17
100
AcDbEntity
  8
LABELS
100
AcDbPolyline
 90
2
 70
0
 10
43.12451570680629
 20
56.95824195438068
 10
44.059515706806295
 20
56.95824195438068
  0
LWPOLYLINE
  5
384
330
17
100
AcDbEntity
  8
LABELS
100
AcDbPolyline
 90
2
 70
0
 10
41.84951570680629
 20
76.21216865595137
 10
41.84951570680629
 20
75.36216865595136
  0
LWPOLYLINE
  5
385
330
17
100
AcDbEntity
  8
LABELS
100
AcDbPolyline
 90
2
 70
0
 10
41.84951570680629
 20
75.36216865595136
 10
42.78451570680629
 20
75.36216865595136
  0
LWPOLYLINE
  5
386
330
17
100
AcDbEntity
  8
LABELS
100
AcDbPolyline
 90
2
 70
0
 10
42.78451570680629
 20
76.21216865595137
 10
42.78451570680629
 20
75.36216865595136
  0
LWPOLYLINE
  5
387
330
17
100
AcDbEntity
  8
LABELS
100
AcDbPolyline
 90
2
 70
0
 10
42.78451570680629
 20
75.36216865595136
 10
42.78451570680629
 20
74.51216865595137
  0
LWPOLYLINE
  5
388
330
17
100
AcDbEntity
  8
LABELS
100
AcDbPolyline
 90
2
 70
0
 10
43.12451570680629
 20
76.21216865595137
 10
44.059515706806295
 20
76.21216865595137
  0
LWPOLYLINE
  5
389
330
17
100
AcDbEntity
  8
LABELS
100
AcDbPolyline
 90
2
 70
0
 10
44.059515706806295
 20
76.21216865595137
 10
44.059515706806295
 20
75.36216865595136
  0
LWPOLYLINE
  5
38A
330
17
100
AcDbEntity
  8
LABELS
100
AcDbPolyline
 90
2
 70
0
 10
44.059515706806295
 20
75.36216865595136
 10
44.059515706806295
 20
74.51216865595137
  0
LWPOLYLINE
  5
38B
330
17
100
AcDbEntity
  8
LABELS
100
AcDbPolyline
 90
2
 70
0
 10
43.17935863874344
 20
180.20588593343825
 10
43.17935863874344
 20
179.35588593343826
  0
LWPOLYLINE
  5
38C
330
17
100
AcDbEntity
  8
LABELS
100
AcDbPolyline
 90
2
 70
0
 10
43.17935863874344
 20
179.35588593343826
 10
44.11435863874344
 20
179.35588593343826
  0
LWPOLYLINE
  5
38D
330
17
100
AcDbEntity
  8
LABELS
100
AcDbPolyline
 90
2
 70
0
 10
44.11435863874344
 20
180.20588593343825
 10
44.11435863874344
 20
179.35588593343826
  0
LWPOLYLINE
  5
38E
330
17
100
AcDbEntity
  8
LABELS
100
AcDbPolyline
 90
2
 70
0
 10
44.11435863874344
 20
179.35588593343826
 10
44.11435863874344
 20
178.50588593343826
  0
LWPOLYLINE
  5
38F
330
17
100
AcDbEntity
  8
LABELS
100
AcDbPolyline
 90
2
 70
0
 10
44.45435863874344
 20
180.20588593343825
 10
45.389358638743445
 20
180.20588593343825
  0
LWPOLYLINE
  5
390
330
17
100
AcDbEntity
  8
LABELS
100
AcDbPolyline
 90
2
 70
0
 10
45.389358638743445
 20
180.20588593343825
 10
45.389358638743445
 20
179.35588593343826
  0
LWPOLYLINE
  5
391
330
17
100
AcDbEntity
  8
LABELS
100
AcDbPolyline
 90
2
 70
0
 10
45.389358638743445
 20
179.35588593343826
 10
45.389358638743445
 20
178.50588593343826
  0
LWPOLYLINE
  5
392
330
17
100
AcDbEntity
  8
LABELS
100
AcDbPolyline
 90
2
 70
0
 10
44.45435863874344
 20
178.50588593343826
 10
45.389358638743445
 20
178.50588593343826
  0
LWPOLYLINE
  5
393
330
17
100
AcDbEntity
  8
LABELS
100
AcDbPolyline
 90
2
 70
0
 10
44.45435863874344
 20
179.35588593343826
 10
44.45435863874344
 20
178.50588593343826
  0
LWPOLYLINE
  5
394
330
17
100
AcDbEntity
  8
LABELS
100
AcDbPolyline
 90
2
 70
0
 10
44.45435863874344
 20
180.20588593343825
 10
44.45435863874344
 20
179.35588593343826
  0
LWPOLYLINE
  5
395
330
17
100
AcDbEntity
  8
LABELS
100
AcDbPolyline
 90
2
 70
0
 10
44.45435863874344
 20
179.35588593343826
 10
45.389358638743445
 20
179.35588593343826
  0
LWPOLYLINE
  5
396
330
17
100
AcDbEntity
  8
LABELS
100
AcDbPolyline
 90
2
 70
0
 10
43.17935863874344
 20
201.22933161406655
 10
43.17935863874344
 20
200.37933161406656
  0
LWPOLYLINE
  5
397
330
17
100
AcDbEntity
  8
LABELS
100
AcDbPolyline
 90
2
 70
0
 10
43.17935863874344
 20
200.37933161406656
 10
44.11435863874344
 20
200.37933161406656
  0
LWPOLYLINE
  5
398
330
17
100
AcDbEntity
  8
LABELS
100
AcDbPolyline
 90
2
 70
0
 10
44.11435863874344
 20
201.22933161406655
 10
44.11435863874344
 20
200.37933161406656
  0
LWPOLYLINE
  5
399
330
17
100
AcDbEntity
  8
LABELS
100
AcDbPolyline
 90
2
 70
0
 10
44.11435863874344
 20
200.37933161406656
 10
44.11435863874344
 20
199.52933161406656
  0
LWPOLYLINE
  5
39A
330
17
100
AcDbEntity
  8
LABELS
100
AcDbPolyline
 90
2
 70
0
 10
44.45435863874344
 20
201.22933161406655
 10
45.389358638743445
 20
201.22933161406655
  0
LWPOLYLINE
  5
39B
330
17
100
AcDbEntity
  8
LABELS
100
AcDbPolyline
 90
2
 70
0
 10
45.389358638743445
 20
201.22933161406655
 10
45.389358638743445
 20
200.37933161406656
  0
LWPOLYLINE
  5
39C
330
17
100
AcDbEntity
  8
LABELS
100
AcDbPolyline
 90
2
 70
0
 10
44.45435863874344
 20
201.22933161406655
 10
44.45435863874344
 20
200.37933161406656
  0
LWPOLYLINE
  5
39D
330
17
100
AcDbEntity
  8
LABELS
100
AcDbPolyline
 90
2
 70
0
 10
44.45435863874344
 20
200.37933161406656
 10
45.389358638743445
 20
200.37933161406656
  0
LWPOLYLINE
  5
39E
330
17
100
AcDbEntity
  8
LABELS
100
AcDbPolyline
 90
2
 70
0
 10
45.389358638743445
 20
200.37933161406656
 10
45.389358638743445
 20
199.52933161406656
  0
LWPOLYLINE
  5
39F
330
17
100
AcDbEntity
  8
LABELS
100
AcDbPolyline
 90
2
 70
0
 10
44.45435863874344
 20
199.52933161406656
 10
45.389358638743445
 20
199.52933161406656
  0
LWPOLYLINE
  5
3A0
330
17
100
AcDbEntity
  8
LABELS
100
AcDbPolyline
 90
2
 70
0
 10
57.27569371727746
 20
180.20588593343825
 10
58.210693717277465
 20
180.20588593343825
  0
LWPOLYLINE
  5
3A1
330
17
100
AcDbEntity
  8
LABELS
100
AcDbPolyline
 90
2
 70
0
 10
57.27569371727746
 20
180.20588593343825
 10
57.27569371727746
 20
179.35588593343826
  0
LWPOLYLINE
  5
3A2
330
17
100
AcDbEntity
  8
LABELS
100
AcDbPolyline
 90
2
 70
0
 10
57.27569371727746
 20
179.35588593343826
 10
58.210693717277465
 20
179.35588593343826
  0
LWPOLYLINE
  5
3A3
330
17
100
AcDbEntity
  8
LABELS
100
AcDbPolyline
 90
2
 70
0
 10
58.210693717277465
 20
179.35588593343826
 10
58.210693717277465
 20
178.50588593343826
  0
LWPOLYLINE
  5
3A4
330
17
100
AcDbEntity
  8
LABELS
100
AcDbPolyline
 90
2
 70
0
 10
57.27569371727746
 20
178.50588593343826
 10
58.210693717277465
 20
178.50588593343826
  0
LWPOLYLINE
  5
3A5
330
17
100
AcDbEntity
  8
LABELS
100
AcDbPolyline
 90
2
 70
0
 10
58.55069371727747
 20
180.20588593343825
 10
59.48569371727747
 20
180.20588593343825
  0
LWPOLYLINE
  5
3A6
330
17
100
AcDbEntity
  8
LABELS
100
AcDbPolyline
 90
2
 70
0
 10
59.48569371727747
 20
180.20588593343825
 10
59.48569371727747
 20
179.35588593343826
  0
LWPOLYLINE
  5
3A7
330
17
100
AcDbEntity
  8
LABELS
100
AcDbPolyline
 90
2
 70
0
 10
59.48569371727747
 20
179.35588593343826
 10
59.48569371727747
 20
178.50588593343826
  0
LWPOLYLINE
  5
3A8
330
17
100
AcDbEntity
  8
LABELS
100
AcDbPolyline
 90
2
 70
0
 10
58.55069371727747
 20
178.50588593343826
 10
59.48569371727747
 20
178.50588593343826
  0
LWPOLYLINE
  5
3A9
330
17
100
AcDbEntity
  8
LABELS
100
AcDbPolyline
 90
2
 70
0
 10
58.55069371727747
 20
179.35588593343826
 10
58.55069371727747
 20
178.50588593343826
  0
LWPOLYLINE
  5
3AA
330
17
100
AcDbEntity
  8
LABELS
100
AcDbPolyline
 90
2
 70
0
 10
58.55069371727747
 20
180.20588593343825
 10
58.55069371727747
 20
179.35588593343826
  0
LWPOLYLINE
  5
3AB
330
17
100
AcDbEntity
  8
LABELS
100
AcDbPolyline
 90
2
 70
0
 10
57.27569371727746
 20
199.3556241533336
 10
58.210693717277465
 20
199.3556241533336
  0
LWPOLYLINE
  5
3AC
330
17
100
AcDbEntity
  8
LABELS
100
AcDbPolyline
 90
2
 70
0
 10
57.27569371727746
 20
199.3556241533336
 10
57.27569371727746
 20
198.5056241533336
  0
LWPOLYLINE
  5
3AD
330
17
100
AcDbEntity
  8
LABELS
100
AcDbPolyline
 90
2
 70
0
 10
57.27569371727746
 20
198.5056241533336
 10
58.210693717277465
 20
198.5056241533336
  0
LWPOLYLINE
  5
3AE
330
17
100
AcDbEntity
  8
LABELS
100
AcDbPolyline
 90
2
 70
0
 10
58.210693717277465
 20
198.5056241533336
 10
58.210693717277465
 20
197.6556241533336
  0
LWPOLYLINE
  5
3AF
330
17
100
AcDbEntity
  8
LABELS
100
AcDbPolyline
 90
2
 70
0
 10
57.27569371727746
 20
197.6556241533336
 10
58.210693717277465
 20
197.6556241533336
  0
LWPOLYLINE
  5
3B0
330
17
100
AcDbEntity
  8
LABELS
100
AcDbPolyline
 90
2
 70
0
 10
59.48569371727747
 20
199.3556241533336
 10
59.48569371727747
 20
198.5056241533336
  0
LWPOLYLINE
  5
3B1
330
17
100
AcDbEntity
  8
LABELS
100
AcDbPolyline
 90
2
 70
0
 10
59.48569371727747
 20
198.5056241533336
 10
59.48569371727747
 20
197.6556241533336
  0
LWPOLYLINE
  5
3B2
330
17
100
AcDbEntity
  8
LABELS
100
AcDbPolyline
 90
2
 70
0
 10
60.20134816753925
 20
58.658241954380685
 10
61.13634816753925
 20
58.658241954380685
  0
LWPOLYLINE
  5
3B3
330
17
100
AcDbEntity
  8
LABELS
100
AcDbPolyline
 90
2
 70
0
 10
60.20134816753925
 20
58.658241954380685
 10
60.20134816753925
 20
57.80824195438069
  0
LWPOLYLINE
  5
3B4
330
17
100
AcDbEntity
  8
LABELS
100
AcDbPolyline
 90
2
 70
0
 10
60.20134816753925
 20
57.80824195438069
 10
61.13634816753925
 20
57.80824195438069
  0
LWPOLYLINE
  5
3B5
330
17
100
AcDbEntity
  8
LABELS
100
AcDbPolyline
 90
2
 70
0
 10
61.13634816753925
 20
57.80824195438069
 10
61.13634816753925
 20
56.95824195438068
  0
LWPOLYLINE
  5
3B6
330
17
100
AcDbEntity
  8
LABELS
100
AcDbPolyline
 90
2
 70
0
 10
60.20134816753925
 20
56.95824195438068
 10
61.13634816753925
 20
56.95824195438068
  0
LWPOLYLINE
  5
3B7
330
17
100
AcDbEntity
  8
LABELS
100
AcDbPolyline
 90
2
 70
0
 10
61.47634816753926
 20
58.658241954380685
 10
62.41134816753926
 20
58.658241954380685
  0
LWPOLYLINE
  5
3B8
330
17
100
AcDbEntity
  8
LABELS
100
AcDbPolyline
 90
2
 70
0
 10
62.41134816753926
 20
58.658241954380685
 10
62.41134816753926
 20
57.80824195438069
  0
LWPOLYLINE
  5
3B9
330
17
100
AcDbEntity
  8
LABELS
100
AcDbPolyline
 90
2
 70
0
 10
61.47634816753926
 20
57.80824195438069
 10
62.41134816753926
 20
57.80824195438069
  0
LWPOLYLINE
  5
3BA
330
17
100
AcDbEntity
  8
LABELS
100
AcDbPolyline
 90
2
 70
0
 10
61.47634816753926
 20
57.80824195438069
 10
61.47634816753926
 20
56.95824195438068
  0
LWPOLYLINE
  5
3BB
330
17
100
AcDbEntity
  8
LABELS
100
AcDbPolyline
 90
2
 70
0
 10
61.47634816753926
 20
56.95824195438068
 10
62.41134816753926
 20
56.95824195438068
  0
LWPOLYLINE
  5
3BC
330
17
100
AcDbEntity
  8
LABELS
100
AcDbPolyline
 90
2
 70
0
 10
71.37202879581154
 20
180.20588593343825
 10
72.30702879581155
 20
180.20588593343825
  0
LWPOLYLINE
  5
3BD
330
17
100
AcDbEntity
  8
LABELS
100
AcDbPolyline
 90
2
 70
0
 10
71.37202879581154
 20
180.20588593343825
 10
71.37202879581154
 20
179.35588593343826
  0
LWPOLYLINE
  5
3BE
330
17
100
AcDbEntity
  8
LABELS
100
AcDbPolyline
 90
2
 70
0
 10
71.37202879581154
 20
179.35588593343826
 10
72.30702879581155
 20
179.35588593343826
  0
LWPOLYLINE
  5
3BF
330
17
100
AcDbEntity
  8
LABELS
100
AcDbPolyline
 90
2
 70
0
 10
72.30702879581155
 20
179.35588593343826
 10
72.30702879581155
 20
178.50588593343826
  0
LWPOLYLINE
  5
3C0
330
17
100
AcDbEntity
  8
LABELS
100
AcDbPolyline
 90
2
 70
0
 10
71.37202879581154
 20
178.50588593343826
 10
72.30702879581155
 20
178.50588593343826
  0
LWPOLYLINE
  5
3C1
330
17
100
AcDbEntity
  8
LABELS
100
AcDbPolyline
 90
2
 70
0
 10
72.64702879581155
 20
180.20588593343825
 10
73.58202879581155
 20
180.20588593343825
  0
LWPOLYLINE
  5
3C2
330
17
100
AcDbEntity
  8
LABELS
100
AcDbPolyline
 90
2
 70
0
 10
73.58202879581155
 20
180.20588593343825
 10
73.58202879581155
 20
179.35588593343826
  0
LWPOLYLINE
  5
3C3
330
17
100
AcDbEntity
  8
LABELS
100
AcDbPolyline
 90
2
 70
0
 10
72.64702879581155
 20
179.35588593343826
 10
73.58202879581155
 20
179.35588593343826
  0
LWPOLYLINE
  5
3C4
330
17
100
AcDbEntity
  8
LABELS
100
AcDbPolyline
 90
2
 70
0
 10
73.58202879581155
 20
179.35588593343826
 10
73.58202879581155
 20
178.50588593343826
  0
LWPOLYLINE
  5
3C5
330
17
100
AcDbEntity
  8
LABELS
100
AcDbPolyline
 90
2
 70
0
 10
72.64702879581155
 20
178.50588593343826
 10
73.58202879581155
 20
178.50588593343826
  0
LWPOLYLINE
  5
3C6
330
17
100
AcDbEntity
  8
LABELS
100
AcDbPolyline
 90
2
 70
0
 10
76.95736910994772
 20
58.658241954380685
 10
77.89236910994772
 20
58.658241954380685
  0
LWPOLYLINE
  5
3C7
330
17
100
AcDbEntity
  8
LABELS
100
AcDbPolyline
 90
2
 70
0
 10
76.95736910994772
 20
58.658241954380685
 10
76.95736910994772
 20
57.80824195438069
  0
LWPOLYLINE
  5
3C8
330
17
100
AcDbEntity
  8
LABELS
100
AcDbPolyline
 90
2
 70
0
 10
76.95736910994772
 20
57.80824195438069
 10
77.89236910994772
 20
57.80824195438069
  0
LWPOLYLINE
  5
3C9
330
17
100
AcDbEntity
  8
LABELS
100
AcDbPolyline
 90
2
 70
0
 10
77.89236910994772
 20
57.80824195438069
 10
77.89236910994772
 20
56.95824195438068
  0
LWPOLYLINE
  5
3CA
330
17
100
AcDbEntity
  8
LABELS
100
AcDbPolyline
 90
2
 70
0
 10
76.95736910994772
 20
56.95824195438068
 10
77.89236910994772
 20
56.95824195438068
  0
LWPOLYLINE
  5
3CB
330
17
100
AcDbEntity
  8
LABELS
100
AcDbPolyline
 90
2
 70
0
 10
78.23236910994773
 20
58.658241954380685
 10
78.23236910994773
 20
57.80824195438069
  0
LWPOLYLINE
  5
3CC
330
17
100
AcDbEntity
  8
LABELS
100
AcDbPolyline
 90
2
 70
0
 10
78.23236910994773
 20
57.80824195438069
 10
79.16736910994773
 20
57.80824195438069
  0
LWPOLYLINE
  5
3CD
330
17
100
AcDbEntity
  8
LABELS
100
AcDbPolyline
 90
2
 70
0
 10
79.16736910994773
 20
58.658241954380685
 10
79.16736910994773
 20
57.80824195438069
  0
LWPOLYLINE
  5
3CE
330
17
100
AcDbEntity
  8
LABELS
100
AcDbPolyline
 90
2
 70
0
 10
79.16736910994773
 20
57.80824195438069
 10
79.16736910994773
 20
56.95824195438068
  0
LWPOLYLINE
  5
3CF
330
17
100
AcDbEntity
  8
LABELS
100
AcDbPolyline
 90
2
 70
0
 10
64.95736910994769
 20
77.15791472924981
 10
65.8923691099477
 20
77.15791472924981
  0
LWPOLYLINE
  5
3D0
330
17
100
AcDbEntity
  8
LABELS
100
AcDbPolyline
 90
2
 70
0
 10
64.95736910994769
 20
77.15791472924981
 10
64.95736910994769
 20
76.3079147292498
  0
LWPOLYLINE
  5
3D1
330
17
100
AcDbEntity
  8
LABELS
100
AcDbPolyline
 90
2
 70
0
 10
64.95736910994769
 20
76.3079147292498
 10
65.8923691099477
 20
76.3079147292498
  0
LWPOLYLINE
  5
3D2
330
17
100
AcDbEntity
  8
LABELS
100
AcDbPolyline
 90
2
 70
0
 10
65.8923691099477
 20
76.3079147292498
 10
65.8923691099477
 20
75.45791472924981
  0
LWPOLYLINE
  5
3D3
330
17
100
AcDbEntity
  8
LABELS
100
AcDbPolyline
 90
2
 70
0
 10
64.95736910994769
 20
75.45791472924981
 10
65.8923691099477
 20
75.45791472924981
  0
LWPOLYLINE
  5
3D4
330
17
100
AcDbEntity
  8
LABELS
100
AcDbPolyline
 90
2
 70
0
 10
66.2323691099477
 20
77.15791472924981
 10
67.1673691099477
 20
77.15791472924981
  0
LWPOLYLINE
  5
3D5
330
17
100
AcDbEntity
  8
LABELS
100
AcDbPolyline
 90
2
 70
0
 10
66.2323691099477
 20
77.15791472924981
 10
66.2323691099477
 20
76.3079147292498
  0
LWPOLYLINE
  5
3D6
330
17
100
AcDbEntity
  8
LABELS
100
AcDbPolyline
 90
2
 70
0
 10
66.2323691099477
 20
76.3079147292498
 10
67.1673691099477
 20
76.3079147292498
  0
LWPOLYLINE
  5
3D7
330
17
100
AcDbEntity
  8
LABELS
100
AcDbPolyline
 90
2
 70
0
 10
67.1673691099477
 20
76.3079147292498
 10
67.1673691099477
 20
75.45791472924981
  0
LWPOLYLINE
  5
3D8
330
17
100
AcDbEntity
  8
LABELS
100
AcDbPolyline
 90
2
 70
0
 10
66.2323691099477
 20
75.45791472924981
 10
67.1673691099477
 20
75.45791472924981
  0
LWPOLYLINE
  5
3D9
330
17
100
AcDbEntity
  8
LABELS
100
AcDbPolyline
 90
2
 70
0
 10
85.73433246073303
 20
180.20588593343825
 10
86.66933246073303
 20
180.20588593343825
  0
LWPOLYLINE
  5
3DA
330
17
100
AcDbEntity
  8
LABELS
100
AcDbPolyline
 90
2
 70
0
 10
85.73433246073303
 20
180.20588593343825
 10
85.73433246073303
 20
179.35588593343826
  0
LWPOLYLINE
  5
3DB
330
17
100
AcDbEntity
  8
LABELS
100
AcDbPolyline
 90
2
 70
0
 10
85.73433246073303
 20
179.35588593343826
 10
86.66933246073303
 20
179.35588593343826
  0
LWPOLYLINE
  5
3DC
330
17
100
AcDbEntity
  8
LABELS
100
AcDbPolyline
 90
2
 70
0
 10
86.66933246073303
 20
179.35588593343826
 10
86.66933246073303
 20
178.50588593343826
  0
LWPOLYLINE
  5
3DD
330
17
100
AcDbEntity
  8
LABELS
100
AcDbPolyline
 90
2
 70
0
 10
85.73433246073303
 20
178.50588593343826
 10
86.66933246073303
 20
178.50588593343826
  0
LWPOLYLINE
  5
3DE
330
17
100
AcDbEntity
  8
LABELS
100
AcDbPolyline
 90
2
 70
0
 10
87.00933246073303
 20
180.20588593343825
 10
87.94433246073304
 20
180.20588593343825
  0
LWPOLYLINE
  5
3DF
330
17
100
AcDbEntity
  8
LABELS
100
AcDbPolyline
 90
2
 70
0
 10
87.00933246073303
 20
180.20588593343825
 10
87.00933246073303
 20
179.35588593343826
  0
LWPOLYLINE
  5
3E0
330
17
100
AcDbEntity
  8
LABELS
100
AcDbPolyline
 90
2
 70
0
 10
87.00933246073303
 20
179.35588593343826
 10
87.94433246073304
 20
179.35588593343826
  0
LWPOLYLINE
  5
3E1
330
17
100
AcDbEntity
  8
LABELS
100
AcDbPolyline
 90
2
 70
0
 10
87.00933246073303
 20
179.35588593343826
 10
87.00933246073303
 20
178.50588593343826
  0
LWPOLYLINE
  5
3E2
330
17
100
AcDbEntity
  8
LABELS
100
AcDbPolyline
 90
2
 70
0
 10
87.94433246073304
 20
179.35588593343826
 10
87.94433246073304
 20
178.50588593343826
  0
LWPOLYLINE
  5
3E3
330
17
100
AcDbEntity
  8
LABELS
100
AcDbPolyline
 90
2
 70
0
 10
87.00933246073303
 20
178.50588593343826
 10
87.94433246073304
 20
178.50588593343826
  0
LWPOLYLINE
  5
3E4
330
17
100
AcDbEntity
  8
LABELS
100
AcDbPolyline
 90
2
 70
0
 10
85.73433246073303
 20
204.99713499850932
 10
86.66933246073303
 20
204.99713499850932
  0
LWPOLYLINE
  5
3E5
330
17
100
AcDbEntity
  8
LABELS
100
AcDbPolyline
 90
2
 70
0
 10
85.73433246073303
 20
204.99713499850932
 10
85.73433246073303
 20
204.14713499850933
  0
LWPOLYLINE
  5
3E6
330
17
100
AcDbEntity
  8
LABELS
100
AcDbPolyline
 90
2
 70
0
 10
85.73433246073303
 20
204.14713499850933
 10
86.66933246073303
 20
204.14713499850933
  0
LWPOLYLINE
  5
3E7
330
17
100
AcDbEntity
  8
LABELS
100
AcDbPolyline
 90
2
 70
0
 10
86.66933246073303
 20
204.14713499850933
 10
86.66933246073303
 20
203.29713499850934
  0
LWPOLYLINE
  5
3E8
330
17
100
AcDbEntity
  8
LABELS
100
AcDbPolyline
 90
2
 70
0
 10
85.73433246073303
 20
203.29713499850934
 10
86.66933246073303
 20
203.29713499850934
  0
LWPOLYLINE
  5
3E9
330
17
100
AcDbEntity
  8
LABELS
100
AcDbPolyline
 90
2
 70
0
 10
87.00933246073303
 20
204.99713499850932
 10
87.94433246073304
 20
204.99713499850932
  0
LWPOLYLINE
  5
3EA
330
17
100
AcDbEntity
  8
LABELS
100
AcDbPolyline
 90
2
 70
0
 10
87.94433246073304
 20
204.99713499850932
 10
87.94433246073304
 20
204.14713499850933
  0
LWPOLYLINE
  5
3EB
330
17
100
AcDbEntity
  8
LABELS
100
AcDbPolyline
 90
2
 70
0
 10
87.94433246073304
 20
204.14713499850933
 10
87.94433246073304
 20
203.29713499850934
  0
LWPOLYLINE
  5
3EC
330
17
100
AcDbEntity
  8
LABELS
100
AcDbPolyline
 90
2
 70
0
 10
80.64951570680633
 20
63.78608881301943
 10
81.58451570680633
 20
63.78608881301943
  0
LWPOLYLINE
  5
3ED
330
17
100
AcDbEntity
  8
LABELS
100
AcDbPolyline
 90
2
 70
0
 10
80.64951570680633
 20
63.78608881301943
 10
80.64951570680633
 20
62.936088813019424
  0
LWPOLYLINE
  5
3EE
330
17
100
AcDbEntity
  8
LABELS
100
AcDbPolyline
 90
2
 70
0
 10
80.64951570680633
 20
62.936088813019424
 10
81.58451570680633
 20
62.936088813019424
  0
LWPOLYLINE
  5
3EF
330
17
100
AcDbEntity
  8
LABELS
100
AcDbPolyline
 90
2
 70
0
 10
81.58451570680633
 20
62.936088813019424
 10
81.58451570680633
 20
62.08608881301943
  0
LWPOLYLINE
  5
3F0
330
17
100
AcDbEntity
  8
LABELS
100
AcDbPolyline
 90
2
 70
0
 10
80.64951570680633
 20
62.08608881301943
 10
81.58451570680633
 20
62.08608881301943
  0
LWPOLYLINE
  5
3F1
330
17
100
AcDbEntity
  8
LABELS
100
AcDbPolyline
 90
2
 70
0
 10
81.92451570680633
 20
63.78608881301943
 10
82.85951570680633
 20
63.78608881301943
  0
LWPOLYLINE
  5
3F2
330
17
100
AcDbEntity
  8
LABELS
100
AcDbPolyline
 90
2
 70
0
 10
82.85951570680633
 20
63.78608881301943
 10
82.85951570680633
 20
62.936088813019424
  0
LWPOLYLINE
  5
3F3
330
17
100
AcDbEntity
  8
LABELS
100
AcDbPolyline
 90
2
 70
0
 10
82.85951570680633
 20
62.936088813019424
 10
82.85951570680633
 20
62.08608881301943
  0
LWPOLYLINE
  5
3F4
330
17
100
AcDbEntity
  8
LABELS
100
AcDbPolyline
 90
2
 70
0
 10
81.92451570680633
 20
62.08608881301943
 10
82.85951570680633
 20
62.08608881301943
  0
LWPOLYLINE
  5
3F5
330
17
100
AcDbEntity
  8
LABELS
100
AcDbPolyline
 90
2
 70
0
 10
81.92451570680633
 20
62.936088813019424
 10
81.92451570680633
 20
62.08608881301943
  0
LWPOLYLINE
  5
3F6
330
17
100
AcDbEntity
  8
LABELS
100
AcDbPolyline
 90
2
 70
0
 10
81.92451570680633
 20
63.78608881301943
 10
81.92451570680633
 20
62.936088813019424
  0
LWPOLYLINE
  5
3F7
330
17
100
AcDbEntity
  8
LABELS
100
AcDbPolyline
 90
2
 70
0
 10
81.92451570680633
 20
62.936088813019424
 10
82.85951570680633
 20
62.936088813019424
  0
LWPOLYLINE
  5
3F8
330
17
100
AcDbEntity
  8
LABELS
100
AcDbPolyline
 90
2
 70
0
 10
89.6495157068063
 20
89.49462938893569
 10
90.5845157068063
 20
89.49462938893569
  0
LWPOLYLINE
  5
3F9
330
17
100
AcDbEntity
  8
LABELS
100
AcDbPolyline
 90
2
 70
0
 10
89.6495157068063
 20
89.49462938893569
 10
89.6495157068063
 20
88.64462938893568
  0
LWPOLYLINE
  5
3FA
330
17
100
AcDbEntity
  8
LABELS
100
AcDbPolyline
 90
2
 70
0
 10
89.6495157068063
 20
88.64462938893568
 10
90.5845157068063
 20
88.64462938893568
  0
LWPOLYLINE
  5
3FB
330
17
100
AcDbEntity
  8
LABELS
100
AcDbPolyline
 90
2
 70
0
 10
90.5845157068063
 20
88.64462938893568
 10
90.5845157068063
 20
87.79462938893569
  0
LWPOLYLINE
  5
3FC
330
17
100
AcDbEntity
  8
LABELS
100
AcDbPolyline
 90
2
 70
0
 10
89.6495157068063
 20
87.79462938893569
 10
90.5845157068063
 20
87.79462938893569
  0
LWPOLYLINE
  5
3FD
330
17
100
AcDbEntity
  8
LABELS
100
AcDbPolyline
 90
2
 70
0
 10
90.9245157068063
 20
89.49462938893569
 10
91.8595157068063
 20
89.49462938893569
  0
LWPOLYLINE
  5
3FE
330
17
100
AcDbEntity
  8
LABELS
100
AcDbPolyline
 90
2
 70
0
 10
91.8595157068063
 20
89.49462938893569
 10
91.8595157068063
 20
88.64462938893568
  0
LWPOLYLINE
  5
3FF
330
17
100
AcDbEntity
  8
LABELS
100
AcDbPolyline
 90
2
 70
0
 10
90.9245157068063
 20
89.49462938893569
 10
90.9245157068063
 20
88.64462938893568
  0
LWPOLYLINE
  5
400
330
17
100
AcDbEntity
  8
LABELS
100
AcDbPolyline
 90
2
 70
0
 10
90.9245157068063
 20
88.64462938893568
 10
91.8595157068063
 20
88.64462938893568
  0
LWPOLYLINE
  5
401
330
17
100
AcDbEntity
  8
LABELS
100
AcDbPolyline
 90
2
 70
0
 10
91.8595157068063
 20
88.64462938893568
 10
91.8595157068063
 20
87.79462938893569
  0
LWPOLYLINE
  5
402
330
17
100
AcDbEntity
  8
LABELS
100
AcDbPolyline
 90
2
 70
0
 10
90.9245157068063
 20
87.79462938893569
 10
91.8595157068063
 20
87.79462938893569
  0
LWPOLYLINE
  5
403
330
17
100
AcDbEntity
  8
LABELS
100
AcDbPolyline
 90
2
 70
0
 10
92.64951570680627
 20
102.27709012191997
 10
93.58451570680627
 20
102.27709012191997
  0
LWPOLYLINE
  5
404
330
17
100
AcDbEntity
  8
LABELS
100
AcDbPolyline
 90
2
 70
0
 10
92.64951570680627
 20
102.27709012191997
 10
92.64951570680627
 20
101.42709012191996
  0
LWPOLYLINE
  5
405
330
17
100
AcDbEntity
  8
LABELS
100
AcDbPolyline
 90
2
 70
0
 10
92.64951570680627
 20
101.42709012191996
 10
93.58451570680627
 20
101.42709012191996
  0
LWPOLYLINE
  5
406
330
17
100
AcDbEntity
  8
LABELS
100
AcDbPolyline
 90
2
 70
0
 10
92.64951570680627
 20
101.42709012191996
 10
92.64951570680627
 20
100.57709012191997
  0
LWPOLYLINE
  5
407
330
17
100
AcDbEntity
  8
LABELS
100
AcDbPolyline
 90
2
 70
0
 10
93.58451570680627
 20
101.42709012191996
 10
93.58451570680627
 20
100.57709012191997
  0
LWPOLYLINE
  5
408
330
17
100
AcDbEntity
  8
LABELS
100
AcDbPolyline
 90
2
 70
0
 10
92.64951570680627
 20
100.57709012191997
 10
93.58451570680627
 20
100.57709012191997
  0
LWPOLYLINE
  5
409
330
17
100
AcDbEntity
  8
LABELS
100
AcDbPolyline
 90
2
 70
0
 10
93.92451570680628
 20
102.27709012191997
 10
94.85951570680628
 20
102.27709012191997
  0
LWPOLYLINE
  5
40A
330
17
100
AcDbEntity
  8
LABELS
100
AcDbPolyline
 90
2
 70
0
 10
94.85951570680628
 20
102.27709012191997
 10
94.85951570680628
 20
101.42709012191996
  0
LWPOLYLINE
  5
40B
330
17
100
AcDbEntity
  8
LABELS
100
AcDbPolyline
 90
2
 70
0
 10
94.85951570680628
 20
101.42709012191996
 10
94.85951570680628
 20
100.57709012191997
  0
LWPOLYLINE
  5
40C
330
17
100
AcDbEntity
  8
LABELS
100
AcDbPolyline
 90
2
 70
0
 10
93.92451570680628
 20
100.57709012191997
 10
94.85951570680628
 20
100.57709012191997
  0
LWPOLYLINE
  5
40D
330
17
100
AcDbEntity
  8
LABELS
100
AcDbPolyline
 90
2
 70
0
 10
93.92451570680628
 20
101.42709012191996
 10
93.92451570680628
 20
100.57709012191997
  0
LWPOLYLINE
  5
40E
330
17
100
AcDbEntity
  8
LABELS
100
AcDbPolyline
 90
2
 70
0
 10
93.92451570680628
 20
102.27709012191997
 10
93.92451570680628
 20
101.42709012191996
  0
LWPOLYLINE
  5
40F
330
17
100
AcDbEntity
  8
LABELS
100
AcDbPolyline
 90
2
 70
0
 10
92.64951570680627
 20
134.45928907479956
 10
93.58451570680627
 20
134.45928907479956
  0
LWPOLYLINE
  5
410
330
17
100
AcDbEntity
  8
LABELS
100
AcDbPolyline
 90
2
 70
0
 10
92.64951570680627
 20
134.45928907479956
 10
92.64951570680627
 20
133.60928907479956
  0
LWPOLYLINE
  5
411
330
17
100
AcDbEntity
  8
LABELS
100
AcDbPolyline
 90
2
 70
0
 10
92.64951570680627
 20
133.60928907479956
 10
93.58451570680627
 20
133.60928907479956
  0
LWPOLYLINE
  5
412
330
17
100
AcDbEntity
  8
LABELS
100
AcDbPolyline
 90
2
 70
0
 10
92.64951570680627
 20
133.60928907479956
 10
92.64951570680627
 20
132.75928907479957
  0
LWPOLYLINE
  5
413
330
17
100
AcDbEntity
  8
LABELS
100
AcDbPolyline
 90
2
 70
0
 10
93.58451570680627
 20
133.60928907479956
 10
93.58451570680627
 20
132.75928907479957
  0
LWPOLYLINE
  5
414
330
17
100
AcDbEntity
  8
LABELS
100
AcDbPolyline
 90
2
 70
0
 10
92.64951570680627
 20
132.75928907479957
 10
93.58451570680627
 20
132.75928907479957
  0
LWPOLYLINE
  5
415
330
17
100
AcDbEntity
  8
LABELS
100
AcDbPolyline
 90
2
 70
0
 10
94.85951570680628
 20
134.45928907479956
 10
94.85951570680628
 20
133.60928907479956
  0
LWPOLYLINE
  5
416
330
17
100
AcDbEntity
  8
LABELS
100
AcDbPolyline
 90
2
 70
0
 10
94.85951570680628
 20
133.60928907479956
 10
94.85951570680628
 20
132.75928907479957
  0
LWPOLYLINE
  5
417
330
17
100
AcDbEntity
  8
LABELS
100
AcDbPolyline
 90
2
 70
0
 10
109.33119109947647
 20
53.17499588108227
 10
110.26619109947647
 20
53.17499588108227
  0
LWPOLYLINE
  5
418
330
17
100
AcDbEntity
  8
LABELS
100
AcDbPolyline
 90
2
 70
0
 10
109.33119109947647
 20
53.17499588108227
 10
109.33119109947647
 20
52.32499588108227
  0
LWPOLYLINE
  5
419
330
17
100
AcDbEntity
  8
LABELS
100
AcDbPolyline
 90
2
 70
0
 10
109.33119109947647
 20
52.32499588108227
 10
110.26619109947647
 20
52.32499588108227
  0
LWPOLYLINE
  5
41A
330
17
100
AcDbEntity
  8
LABELS
100
AcDbPolyline
 90
2
 70
0
 10
109.33119109947647
 20
52.32499588108227
 10
109.33119109947647
 20
51.474995881082265
  0
LWPOLYLINE
  5
41B
330
17
100
AcDbEntity
  8
LABELS
100
AcDbPolyline
 90
2
 70
0
 10
110.26619109947647
 20
52.32499588108227
 10
110.26619109947647
 20
51.474995881082265
  0
LWPOLYLINE
  5
41C
330
17
100
AcDbEntity
  8
LABELS
100
AcDbPolyline
 90
2
 70
0
 10
109.33119109947647
 20
51.474995881082265
 10
110.26619109947647
 20
51.474995881082265
  0
LWPOLYLINE
  5
41D
330
17
100
AcDbEntity
  8
LABELS
100
AcDbPolyline
 90
2
 70
0
 10
110.60619109947648
 20
53.17499588108227
 10
111.54119109947648
 20
53.17499588108227
  0
LWPOLYLINE
  5
41E
330
17
100
AcDbEntity
  8
LABELS
100
AcDbPolyline
 90
2
 70
0
 10
111.54119109947648
 20
53.17499588108227
 10
111.54119109947648
 20
52.32499588108227
  0
LWPOLYLINE
  5
41F
330
17
100
AcDbEntity
  8
LABELS
100
AcDbPolyline
 90
2
 70
0
 10
110.60619109947648
 20
52.32499588108227
 10
111.54119109947648
 20
52.32499588108227
  0
LWPOLYLINE
  5
420
330
17
100
AcDbEntity
  8
LABELS
100
AcDbPolyline
 90
2
 70
0
 10
110.60619109947648
 20
52.32499588108227
 10
110.60619109947648
 20
51.474995881082265
  0
LWPOLYLINE
  5
421
330
17
100
AcDbEntity
  8
LABELS
100
AcDbPolyline
 90
2
 70
0
 10
110.60619109947648
 20
51.474995881082265
 10
111.54119109947648
 20
51.474995881082265
  0
LWPOLYLINE
  5
422
330
17
100
AcDbEntity
  8
LABELS
100
AcDbPolyline
 90
2
 70
0
 10
112.33119109947643
 20
58.658241954380685
 10
113.26619109947643
 20
58.658241954380685
  0
LWPOLYLINE
  5
423
330
17
100
AcDbEntity
  8
LABELS
100
AcDbPolyline
 90
2
 70
0
 10
112.33119109947643
 20
58.658241954380685
 10
112.33119109947643
 20
57.80824195438069
  0
LWPOLYLINE
  5
424
330
17
100
AcDbEntity
  8
LABELS
100
AcDbPolyline
 90
2
 70
0
 10
112.33119109947643
 20
57.80824195438069
 10
113.26619109947643
 20
57.80824195438069
  0
LWPOLYLINE
  5
425
330
17
100
AcDbEntity
  8
LABELS
100
AcDbPolyline
 90
2
 70
0
 10
112.33119109947643
 20
57.80824195438069
 10
112.33119109947643
 20
56.95824195438068
  0
LWPOLYLINE
  5
426
330
17
100
AcDbEntity
  8
LABELS
100
AcDbPolyline
 90
2
 70
0
 10
113.26619109947643
 20
57.80824195438069
 10
113.26619109947643
 20
56.95824195438068
  0
LWPOLYLINE
  5
427
330
17
100
AcDbEntity
  8
LABELS
100
AcDbPolyline
 90
2
 70
0
 10
112.33119109947643
 20
56.95824195438068
 10
113.26619109947643
 20
56.95824195438068
  0
LWPOLYLINE
  5
428
330
17
100
AcDbEntity
  8
LABELS
100
AcDbPolyline
 90
2
 70
0
 10
113.60619109947643
 20
58.658241954380685
 10
114.54119109947644
 20
58.658241954380685
  0
LWPOLYLINE
  5
429
330
17
100
AcDbEntity
  8
LABELS
100
AcDbPolyline
 90
2
 70
0
 10
114.54119109947644
 20
58.658241954380685
 10
114.54119109947644
 20
57.80824195438069
  0
LWPOLYLINE
  5
42A
330
17
100
AcDbEntity
  8
LABELS
100
AcDbPolyline
 90
2
 70
0
 10
113.60619109947643
 20
57.80824195438069
 10
114.54119109947644
 20
57.80824195438069
  0
LWPOLYLINE
  5
42B
330
17
100
AcDbEntity
  8
LABELS
100
AcDbPolyline
 90
2
 70
0
 10
114.54119109947644
 20
57.80824195438069
 10
114.54119109947644
 20
56.95824195438068
  0
LWPOLYLINE
  5
42C
330
17
100
AcDbEntity
  8
LABELS
100
AcDbPolyline
 90
2
 70
0
 10
113.60619109947643
 20
56.95824195438068
 10
114.54119109947644
 20
56.95824195438068
  0
LWPOLYLINE
  5
42D
330
17
100
AcDbEntity
  8
LABELS
100
AcDbPolyline
 90
2
 70
0
 10
115.52281413612567
 20
103.34096446746973
 10
116.45781413612568
 20
103.34096446746973
  0
LWPOLYLINE
  5
42E
330
17
100
AcDbEntity
  8
LABELS
100
AcDbPolyline
 90
2
 70
0
 10
115.52281413612567
 20
103.34096446746973
 10
115.52281413612567
 20
102.49096446746972
  0
LWPOLYLINE
  5
42F
330
17
100
AcDbEntity
  8
LABELS
100
AcDbPolyline
 90
2
 70
0
 10
115.52281413612567
 20
102.49096446746972
 10
116.45781413612568
 20
102.49096446746972
  0
LWPOLYLINE
  5
430
330
17
100
AcDbEntity
  8
LABELS
100
AcDbPolyline
 90
2
 70
0
 10
115.52281413612567
 20
102.49096446746972
 10
115.52281413612567
 20
101.64096446746973
  0
LWPOLYLINE
  5
431
330
17
100
AcDbEntity
  8
LABELS
100
AcDbPolyline
 90
2
 70
0
 10
116.45781413612568
 20
102.49096446746972
 10
116.45781413612568
 20
101.64096446746973
  0
LWPOLYLINE
  5
432
330
17
100
AcDbEntity
  8
LABELS
100
AcDbPolyline
 90
2
 70
0
 10
115.52281413612567
 20
101.64096446746973
 10
116.45781413612568
 20
101.64096446746973
  0
LWPOLYLINE
  5
433
330
17
100
AcDbEntity
  8
LABELS
100
AcDbPolyline
 90
2
 70
0
 10
116.79781413612568
 20
103.34096446746973
 10
116.79781413612568
 20
102.49096446746972
  0
LWPOLYLINE
  5
434
330
17
100
AcDbEntity
  8
LABELS
100
AcDbPolyline
 90
2
 70
0
 10
116.79781413612568
 20
102.49096446746972
 10
117.73281413612568
 20
102.49096446746972
  0
LWPOLYLINE
  5
435
330
17
100
AcDbEntity
  8
LABELS
100
AcDbPolyline
 90
2
 70
0
 10
117.73281413612568
 20
103.34096446746973
 10
117.73281413612568
 20
102.49096446746972
  0
LWPOLYLINE
  5
436
330
17
100
AcDbEntity
  8
LABELS
100
AcDbPolyline
 90
2
 70
0
 10
117.73281413612568
 20
102.49096446746972
 10
117.73281413612568
 20
101.64096446746973
  0
LWPOLYLINE
  5
437
330
17
100
AcDbEntity
  8
LABELS
100
AcDbPolyline
 90
2
 70
0
 10
138.92804973821984
 20
52.274995881082276
 10
139.86304973821984
 20
52.274995881082276
  0
LWPOLYLINE
  5
438
330
17
100
AcDbEntity
  8
LABELS
100
AcDbPolyline
 90
2
 70
0
 10
138.92804973821984
 20
52.274995881082276
 10
138.92804973821984
 20
51.42499588108227
  0
LWPOLYLINE
  5
439
330
17
100
AcDbEntity
  8
LABELS
100
AcDbPolyline
 90
2
 70
0
 10
138.92804973821984
 20
51.42499588108227
 10
139.86304973821984
 20
51.42499588108227
  0
LWPOLYLINE
  5
43A
330
17
100
AcDbEntity
  8
LABELS
100
AcDbPolyline
 90
2
 70
0
 10
138.92804973821984
 20
51.42499588108227
 10
138.92804973821984
 20
50.57499588108227
  0
LWPOLYLINE
  5
43B
330
17
100
AcDbEntity
  8
LABELS
100
AcDbPolyline
 90
2
 70
0
 10
139.86304973821984
 20
51.42499588108227
 10
139.86304973821984
 20
50.57499588108227
  0
LWPOLYLINE
  5
43C
330
17
100
AcDbEntity
  8
LABELS
100
AcDbPolyline
 90
2
 70
0
 10
138.92804973821984
 20
50.57499588108227
 10
139.86304973821984
 20
50.57499588108227
  0
LWPOLYLINE
  5
43D
330
17
100
AcDbEntity
  8
LABELS
100
AcDbPolyline
 90
2
 70
0
 10
140.20304973821987
 20
52.274995881082276
 10
141.13804973821988
 20
52.274995881082276
  0
LWPOLYLINE
  5
43E
330
17
100
AcDbEntity
  8
LABELS
100
AcDbPolyline
 90
2
 70
0
 10
140.20304973821987
 20
52.274995881082276
 10
140.20304973821987
 20
51.42499588108227
  0
LWPOLYLINE
  5
43F
330
17
100
AcDbEntity
  8
LABELS
100
AcDbPolyline
 90
2
 70
0
 10
140.20304973821987
 20
51.42499588108227
 10
141.13804973821988
 20
51.42499588108227
  0
LWPOLYLINE
  5
440
330
17
100
AcDbEntity
  8
LABELS
100
AcDbPolyline
 90
2
 70
0
 10
141.13804973821988
 20
51.42499588108227
 10
141.13804973821988
 20
50.57499588108227
  0
LWPOLYLINE
  5
441
330
17
100
AcDbEntity
  8
LABELS
100
AcDbPolyline
 90
2
 70
0
 10
140.20304973821987
 20
50.57499588108227
 10
141.13804973821988
 20
50.57499588108227
  0
LWPOLYLINE
  5
442
330
17
100
AcDbEntity
  8
LABELS
100
AcDbPolyline
 90
2
 70
0
 10
168.9825
 20
52.80693305385712
 10
169.9175
 20
52.80693305385712
  0
LWPOLYLINE
  5
443
330
17
100
AcDbEntity
  8
LABELS
100
AcDbPolyline
 90
2
 70
0
 10
168.9825
 20
52.80693305385712
 10
168.9825
 20
51.95693305385713
  0
LWPOLYLINE
  5
444
330
17
100
AcDbEntity
  8
LABELS
100
AcDbPolyline
 90
2
 70
0
 10
168.9825
 20
51.95693305385713
 10
169.9175
 20
51.95693305385713
  0
LWPOLYLINE
  5
445
330
17
100
AcDbEntity
  8
LABELS
100
AcDbPolyline
 90
2
 70
0
 10
168.9825
 20
51.95693305385713
 10
168.9825
 20
51.10693305385712
  0
LWPOLYLINE
  5
446
330
17
100
AcDbEntity
  8
LABELS
100
AcDbPolyline
 90
2
 70
0
 10
169.9175
 20
51.95693305385713
 10
169.9175
 20
51.10693305385712
  0
LWPOLYLINE
  5
447
330
17
100
AcDbEntity
  8
LABELS
100
AcDbPolyline
 90
2
 70
0
 10
168.9825
 20
51.10693305385712
 10
169.9175
 20
51.10693305385712
  0
LWPOLYLINE
  5
448
330
17
100
AcDbEntity
  8
LABELS
100
AcDbPolyline
 90
2
 70
0
 10
170.2575
 20
52.80693305385712
 10
171.1925
 20
52.80693305385712
  0
LWPOLYLINE
  5
449
330
17
100
AcDbEntity
  8
LABELS
100
AcDbPolyline
 90
2
 70
0
 10
170.2575
 20
52.80693305385712
 10
170.2575
 20
51.95693305385713
  0
LWPOLYLINE
  5
44A
330
17
100
AcDbEntity
  8
LABELS
100
AcDbPolyline
 90
2
 70
0
 10
170.2575
 20
51.95693305385713
 10
171.1925
 20
51.95693305385713
  0
LWPOLYLINE
  5
44B
330
17
100
AcDbEntity
  8
LABELS
100
AcDbPolyline
 90
2
 70
0
 10
170.2575
 20
51.95693305385713
 10
170.2575
 20
51.10693305385712
  0
LWPOLYLINE
  5
44C
330
17
100
AcDbEntity
  8
LABELS
100
AcDbPolyline
 90
2
 70
0
 10
171.1925
 20
51.95693305385713
 10
171.1925
 20
51.10693305385712
  0
LWPOLYLINE
  5
44D
330
17
100
AcDbEntity
  8
LABELS
100
AcDbPolyline
 90
2
 70
0
 10
170.2575
 20
51.10693305385712
 10
171.1925
 20
51.10693305385712
  0
LWPOLYLINE
  5
44E
330
17
100
AcDbEntity
  8
LABELS
100
AcDbPolyline
 90
2
 70
0
 10
168.9825
 20
70.8927969282027
 10
169.9175
 20
70.8927969282027
  0
LWPOLYLINE
  5
44F
330
17
100
AcDbEntity
  8
LABELS
100
AcDbPolyline
 90
2
 70
0
 10
168.9825
 20
70.8927969282027
 10
168.9825
 20
70.04279692820269
  0
LWPOLYLINE
  5
450
330
17
100
AcDbEntity
  8
LABELS
100
AcDbPolyline
 90
2
 70
0
 10
168.9825
 20
70.04279692820269
 10
169.9175
 20
70.04279692820269
  0
LWPOLYLINE
  5
451
330
17
100
AcDbEntity
  8
LABELS
100
AcDbPolyline
 90
2
 70
0
 10
168.9825
 20
70.04279692820269
 10
168.9825
 20
69.1927969282027
  0
LWPOLYLINE
  5
452
330
17
100
AcDbEntity
  8
LABELS
100
AcDbPolyline
 90
2
 70
0
 10
169.9175
 20
70.04279692820269
 10
169.9175
 20
69.1927969282027
  0
LWPOLYLINE
  5
453
330
17
100
AcDbEntity
  8
LABELS
100
AcDbPolyline
 90
2
 70
0
 10
168.9825
 20
69.1927969282027
 10
169.9175
 20
69.1927969282027
  0
LWPOLYLINE
  5
454
330
17
100
AcDbEntity
  8
LABELS
100
AcDbPolyline
 90
2
 70
0
 10
170.2575
 20
70.8927969282027
 10
171.1925
 20
70.8927969282027
  0
LWPOLYLINE
  5
455
330
17
100
AcDbEntity
  8
LABELS
100
AcDbPolyline
 90
2
 70
0
 10
171.1925
 20
70.8927969282027
 10
171.1925
 20
70.04279692820269
  0
LWPOLYLINE
  5
456
330
17
100
AcDbEntity
  8
LABELS
100
AcDbPolyline
 90
2
 70
0
 10
171.1925
 20
70.04279692820269
 10
171.1925
 20
69.1927969282027
  0
LWPOLYLINE
  5
457
330
17
100
AcDbEntity
  8
LABELS
100
AcDbPolyline
 90
2
 70
0
 10
186.27045811518323
 20
20.35876551459012
 10
187.20545811518323
 20
20.35876551459012
  0
LWPOLYLINE
  5
458
330
17
100
AcDbEntity
  8
LABELS
100
AcDbPolyline
 90
2
 70
0
 10
186.27045811518323
 20
20.35876551459012
 10
186.27045811518323
 20
19.50876551459012
  0
LWPOLYLINE
  5
459
330
17
100
AcDbEntity
  8
LABELS
100
AcDbPolyline
 90
2
 70
0
 10
186.27045811518323
 20
19.50876551459012
 10
187.20545811518323
 20
19.50876551459012
  0
LWPOLYLINE
  5
45A
330
17
100
AcDbEntity
  8
LABELS
100
AcDbPolyline
 90
2
 70
0
 10
186.27045811518323
 20
19.50876551459012
 10
186.27045811518323
 20
18.658765514590122
  0
LWPOLYLINE
  5
45B
330
17
100
AcDbEntity
  8
LABELS
100
AcDbPolyline
 90
2
 70
0
 10
187.20545811518323
 20
19.50876551459012
 10
187.20545811518323
 20
18.658765514590122
  0
LWPOLYLINE
  5
45C
330
17
100
AcDbEntity
  8
LABELS
100
AcDbPolyline
 90
2
 70
0
 10
186.27045811518323
 20
18.658765514590122
 10
187.20545811518323
 20
18.658765514590122
  0
LWPOLYLINE
  5
45D
330
17
100
AcDbEntity
  8
LABELS
100
AcDbPolyline
 90
2
 70
0
 10
187.54545811518324
 20
20.35876551459012
 10
188.48045811518324
 20
20.35876551459012
  0
LWPOLYLINE
  5
45E
330
17
100
AcDbEntity
  8
LABELS
100
AcDbPolyline
 90
2
 70
0
 10
188.48045811518324
 20
20.35876551459012
 10
188.48045811518324
 20
19.50876551459012
  0
LWPOLYLINE
  5
45F
330
17
100
AcDbEntity
  8
LABELS
100
AcDbPolyline
 90
2
 70
0
 10
188.48045811518324
 20
19.50876551459012
 10
188.48045811518324
 20
18.658765514590122
  0
LWPOLYLINE
  5
460
330
17
100
AcDbEntity
  8
LABELS
100
AcDbPolyline
 90
2
 70
0
 10
187.54545811518324
 20
18.658765514590122
 10
188.48045811518324
 20
18.658765514590122
  0
LWPOLYLINE
  5
461
330
17
100
AcDbEntity
  8
LABELS
100
AcDbPolyline
 90
2
 70
0
 10
187.54545811518324
 20
19.50876551459012
 10
187.54545811518324
 20
18.658765514590122
  0
LWPOLYLINE
  5
462
330
17
100
AcDbEntity
  8
LABELS
100
AcDbPolyline
 90
2
 70
0
 10
187.54545811518324
 20
20.35876551459012
 10
187.54545811518324
 20
19.50876551459012
  0
LWPOLYLINE
  5
463
330
17
100
AcDbEntity
  8
LABELS
100
AcDbPolyline
 90
2
 70
0
 10
187.54545811518324
 20
19.50876551459012
 10
188.48045811518324
 20
19.50876551459012
  0
LWPOLYLINE
  5
464
330
17
100
AcDbEntity
  8
LABELS
100
AcDbPolyline
 90
2
 70
0
 10
186.27045811518323
 20
52.80693305385712
 10
187.20545811518323
 20
52.80693305385712
  0
LWPOLYLINE
  5
465
330
17
100
AcDbEntity
  8
LABELS
100
AcDbPolyline
 90
2
 70
0
 10
186.27045811518323
 20
52.80693305385712
 10
186.27045811518323
 20
51.95693305385713
  0
LWPOLYLINE
  5
466
330
17
100
AcDbEntity
  8
LABELS
100
AcDbPolyline
 90
2
 70
0
 10
186.27045811518323
 20
51.95693305385713
 10
187.20545811518323
 20
51.95693305385713
  0
LWPOLYLINE
  5
467
330
17
100
AcDbEntity
  8
LABELS
100
AcDbPolyline
 90
2
 70
0
 10
186.27045811518323
 20
51.95693305385713
 10
186.27045811518323
 20
51.10693305385712
  0
LWPOLYLINE
  5
468
330
17
100
AcDbEntity
  8
LABELS
100
AcDbPolyline
 90
2
 70
0
 10
187.20545811518323
 20
51.95693305385713
 10
187.20545811518323
 20
51.10693305385712
  0
LWPOLYLINE
  5
469
330
17
100
AcDbEntity
  8
LABELS
100
AcDbPolyline
 90
2
 70
0
 10
186.27045811518323
 20
51.10693305385712
 10
187.20545811518323
 20
51.10693305385712
  0
LWPOLYLINE
  5
46A
330
17
100
AcDbEntity
  8
LABELS
100
AcDbPolyline
 90
2
 70
0
 10
187.54545811518324
 20
52.80693305385712
 10
188.48045811518324
 20
52.80693305385712
  0
LWPOLYLINE
  5
46B
330
17
100
AcDbEntity
  8
LABELS
100
AcDbPolyline
 90
2
 70
0
 10
188.48045811518324
 20
52.80693305385712
 10
188.48045811518324
 20
51.95693305385713
  0
LWPOLYLINE
  5
46C
330
17
100
AcDbEntity
  8
LABELS
100
AcDbPolyline
 90
2
 70
0
 10
187.54545811518324
 20
52.80693305385712
 10
187.54545811518324
 20
51.95693305385713
  0
LWPOLYLINE
  5
46D
330
17
100
AcDbEntity
  8
LABELS
100
AcDbPolyline
 90
2
 70
0
 10
187.54545811518324
 20
51.95693305385713
 10
188.48045811518324
 20
51.95693305385713
  0
LWPOLYLINE
  5
46E
330
17
100
AcDbEntity
  8
LABELS
100
AcDbPolyline
 90
2
 70
0
 10
188.48045811518324
 20
51.95693305385713
 10
188.48045811518324
 20
51.10693305385712
  0
LWPOLYLINE
  5
46F
330
17
100
AcDbEntity
  8
LABELS
100
AcDbPolyline
 90
2
 70
0
 10
187.54545811518324
 20
51.10693305385712
 10
188.48045811518324
 20
51.10693305385712
  0
LWPOLYLINE
  5
470
330
17
100
AcDbEntity
  8
LABELS
100
AcDbPolyline
 90
2
 70
0
 10
186.27045811518323
 20
70.8927969282027
 10
187.20545811518323
 20
70.8927969282027
  0
LWPOLYLINE
  5
471
330
17
100
AcDbEntity
  8
LABELS
100
AcDbPolyline
 90
2
 70
0
 10
187.20545811518323
 20
70.8927969282027
 10
187.20545811518323
 20
70.04279692820269
  0
LWPOLYLINE
  5
472
330
17
100
AcDbEntity
  8
LABELS
100
AcDbPolyline
 90
2
 70
0
 10
187.20545811518323
 20
70.04279692820269
 10
187.20545811518323
 20
69.1927969282027
  0
LWPOLYLINE
  5
473
330
17
100
AcDbEntity
  8
LABELS
100
AcDbPolyline
 90
2
 70
0
 10
187.54545811518324
 20
70.8927969282027
 10
188.48045811518324
 20
70.8927969282027
  0
LWPOLYLINE
  5
474
330
17
100
AcDbEntity
  8
LABELS
100
AcDbPolyline
 90
2
 70
0
 10
188.48045811518324
 20
70.8927969282027
 10
188.48045811518324
 20
70.04279692820269
  0
LWPOLYLINE
  5
475
330
17
100
AcDbEntity
  8
LABELS
100
AcDbPolyline
 90
2
 70
0
 10
188.48045811518324
 20
70.04279692820269
 10
188.48045811518324
 20
69.1927969282027
  0
LWPOLYLINE
  5
476
330
17
100
AcDbEntity
  8
LABELS
100
AcDbPolyline
 90
2
 70
0
 10
187.54545811518324
 20
69.1927969282027
 10
188.48045811518324
 20
69.1927969282027
  0
LWPOLYLINE
  5
477
330
17
100
AcDbEntity
  8
LABELS
100
AcDbPolyline
 90
2
 70
0
 10
187.54545811518324
 20
70.04279692820269
 10
187.54545811518324
 20
69.1927969282027
  0
LWPOLYLINE
  5
478
330
17
100
AcDbEntity
  8
LABELS
100
AcDbPolyline
 90
2
 70
0
 10
187.54545811518324
 20
70.8927969282027
 10
187.54545811518324
 20
70.04279692820269
  0
LWPOLYLINE
  5
479
330
17
100
AcDbEntity
  8
LABELS
100
AcDbPolyline
 90
2
 70
0
 10
243.18773560209422
 20
103.3409644674697
 10
244.12273560209422
 20
103.3409644674697
  0
LWPOLYLINE
  5
47A
330
17
100
AcDbEntity
  8
LABELS
100
AcDbPolyline
 90
2
 70
0
 10
244.12273560209422
 20
103.3409644674697
 10
244.12273560209422
 20
102.4909644674697
  0
LWPOLYLINE
  5
47B
330
17
100
AcDbEntity
  8
LABELS
100
AcDbPolyline
 90
2
 70
0
 10
244.12273560209422
 20
102.4909644674697
 10
244.12273560209422
 20
101.6409644674697
  0
LWPOLYLINE
  5
47C
330
17
100
AcDbEntity
  8
LABELS
100
AcDbPolyline
 90
2
 70
0
 10
245.39773560209423
 20
103.3409644674697
 10
245.39773560209423
 20
102.4909644674697
  0
LWPOLYLINE
  5
47D
330
17
100
AcDbEntity
  8
LABELS
100
AcDbPolyline
 90
2
 70
0
 10
245.39773560209423
 20
102.4909644674697
 10
245.39773560209423
 20
101.6409644674697
  0
LWPOLYLINE
  5
47E
330
17
100
AcDbEntity
  8
LABELS
100
AcDbPolyline
 90
2
 70
0
 10
243.98564136125654
 20
25.87590616190093
 10
244.92064136125654
 20
25.87590616190093
  0
LWPOLYLINE
  5
47F
330
17
100
AcDbEntity
  8
LABELS
100
AcDbPolyline
 90
2
 70
0
 10
244.92064136125654
 20
25.87590616190093
 10
244.92064136125654
 20
25.025906161900927
  0
LWPOLYLINE
  5
480
330
17
100
AcDbEntity
  8
LABELS
100
AcDbPolyline
 90
2
 70
0
 10
244.92064136125654
 20
25.025906161900927
 10
244.92064136125654
 20
24.17590616190093
  0
LWPOLYLINE
  5
481
330
17
100
AcDbEntity
  8
LABELS
100
AcDbPolyline
 90
2
 70
0
 10
245.26064136125652
 20
25.87590616190093
 10
246.19564136125652
 20
25.87590616190093
  0
LWPOLYLINE
  5
482
330
17
100
AcDbEntity
  8
LABELS
100
AcDbPolyline
 90
2
 70
0
 10
246.19564136125652
 20
25.87590616190093
 10
246.19564136125652
 20
25.025906161900927
  0
LWPOLYLINE
  5
483
330
17
100
AcDbEntity
  8
LABELS
100
AcDbPolyline
 90
2
 70
0
 10
245.26064136125652
 20
25.025906161900927
 10
246.19564136125652
 20
25.025906161900927
  0
LWPOLYLINE
  5
484
330
17
100
AcDbEntity
  8
LABELS
100
AcDbPolyline
 90
2
 70
0
 10
245.26064136125652
 20
25.025906161900927
 10
245.26064136125652
 20
24.17590616190093
  0
LWPOLYLINE
  5
485
330
17
100
AcDbEntity
  8
LABELS
100
AcDbPolyline
 90
2
 70
0
 10
245.26064136125652
 20
24.17590616190093
 10
246.19564136125652
 20
24.17590616190093
  0
LWPOLYLINE
  5
486
330
17
100
AcDbEntity
  8
LABELS
100
AcDbPolyline
 90
2
 70
0
 10
303.8285732984293
 20
23.81635713762677
 10
304.7635732984293
 20
23.81635713762677
  0
LWPOLYLINE
  5
487
330
17
100
AcDbEntity
  8
LABELS
100
AcDbPolyline
 90
2
 70
0
 10
304.7635732984293
 20
23.81635713762677
 10
304.7635732984293
 20
22.966357137626773
  0
LWPOLYLINE
  5
488
330
17
100
AcDbEntity
  8
LABELS
100
AcDbPolyline
 90
2
 70
0
 10
304.7635732984293
 20
22.966357137626773
 10
304.7635732984293
 20
22.11635713762677
  0
LWPOLYLINE
  5
489
330
17
100
AcDbEntity
  8
LABELS
100
AcDbPolyline
 90
2
 70
0
 10
305.1035732984293
 20
23.81635713762677
 10
306.0385732984293
 20
23.81635713762677
  0
LWPOLYLINE
  5
48A
330
17
100
AcDbEntity
  8
LABELS
100
AcDbPolyline
 90
2
 70
0
 10
306.0385732984293
 20
23.81635713762677
 10
306.0385732984293
 20
22.966357137626773
  0
LWPOLYLINE
  5
48B
330
17
100
AcDbEntity
  8
LABELS
100
AcDbPolyline
 90
2
 70
0
 10
305.1035732984293
 20
22.966357137626773
 10
306.0385732984293
 20
22.966357137626773
  0
LWPOLYLINE
  5
48C
330
17
100
AcDbEntity
  8
LABELS
100
AcDbPolyline
 90
2
 70
0
 10
306.0385732984293
 20
22.966357137626773
 10
306.0385732984293
 20
22.11635713762677
  0
LWPOLYLINE
  5
48D
330
17
100
AcDbEntity
  8
LABELS
100
AcDbPolyline
 90
2
 70
0
 10
305.1035732984293
 20
22.11635713762677
 10
306.0385732984293
 20
22.11635713762677
  0
LWPOLYLINE
  5
48E
330
17
100
AcDbEntity
  8
LABELS
100
AcDbPolyline
 90
2
 70
0
 10
303.82857329842926
 20
45.35981263500898
 10
304.76357329842926
 20
45.35981263500898
  0
LWPOLYLINE
  5
48F
330
17
100
AcDbEntity
  8
LABELS
100
AcDbPolyline
 90
2
 70
0
 10
304.76357329842926
 20
45.35981263500898
 10
304.76357329842926
 20
44.50981263500897
  0
LWPOLYLINE
  5
490
330
17
100
AcDbEntity
  8
LABELS
100
AcDbPolyline
 90
2
 70
0
 10
304.76357329842926
 20
44.50981263500897
 10
304.76357329842926
 20
43.659812635008976
  0
LWPOLYLINE
  5
491
330
17
100
AcDbEntity
  8
LABELS
100
AcDbPolyline
 90
2
 70
0
 10
305.1035732984293
 20
45.35981263500898
 10
305.1035732984293
 20
44.50981263500897
  0
LWPOLYLINE
  5
492
330
17
100
AcDbEntity
  8
LABELS
100
AcDbPolyline
 90
2
 70
0
 10
305.1035732984293
 20
44.50981263500897
 10
306.0385732984293
 20
44.50981263500897
  0
LWPOLYLINE
  5
493
330
17
100
AcDbEntity
  8
LABELS
100
AcDbPolyline
 90
2
 70
0
 10
306.0385732984293
 20
45.35981263500898
 10
306.0385732984293
 20
44.50981263500897
  0
LWPOLYLINE
  5
494
330
17
100
AcDbEntity
  8
LABELS
100
AcDbPolyline
 90
2
 70
0
 10
306.0385732984293
 20
44.50981263500897
 10
306.0385732984293
 20
43.659812635008976
  0
LWPOLYLINE
  5
495
330
17
100
AcDbEntity
  8
LABELS
100
AcDbPolyline
 90
2
 70
0
 10
314.16993455497385
 20
23.24273148317651
 10
315.1049345549738
 20
23.24273148317651
  0
LWPOLYLINE
  5
496
330
17
100
AcDbEntity
  8
LABELS
100
AcDbPolyline
 90
2
 70
0
 10
315.1049345549738
 20
23.24273148317651
 10
315.1049345549738
 20
22.392731483176508
  0
LWPOLYLINE
  5
497
330
17
100
AcDbEntity
  8
LABELS
100
AcDbPolyline
 90
2
 70
0
 10
315.1049345549738
 20
22.392731483176508
 10
315.1049345549738
 20
21.54273148317651
  0
LWPOLYLINE
  5
498
330
17
100
AcDbEntity
  8
LABELS
100
AcDbPolyline
 90
2
 70
0
 10
315.4449345549738
 20
23.24273148317651
 10
316.37993455497383
 20
23.24273148317651
  0
LWPOLYLINE
  5
499
330
17
100
AcDbEntity
  8
LABELS
100
AcDbPolyline
 90
2
 70
0
 10
315.4449345549738
 20
23.24273148317651
 10
315.4449345549738
 20
22.392731483176508
  0
LWPOLYLINE
  5
49A
330
17
100
AcDbEntity
  8
LABELS
100
AcDbPolyline
 90
2
 70
0
 10
315.4449345549738
 20
22.392731483176508
 10
316.37993455497383
 20
22.392731483176508
  0
LWPOLYLINE
  5
49B
330
17
100
AcDbEntity
  8
LABELS
100
AcDbPolyline
 90
2
 70
0
 10
316.37993455497383
 20
22.392731483176508
 10
316.37993455497383
 20
21.54273148317651
  0
LWPOLYLINE
  5
49C
330
17
100
AcDbEntity
  8
LABELS
100
AcDbPolyline
 90
2
 70
0
 10
315.4449345549738
 20
21.54273148317651
 10
316.37993455497383
 20
21.54273148317651
  0
LWPOLYLINE
  5
49D
330
17
100
AcDbEntity
  8
LABELS
100
AcDbPolyline
 90
2
 70
0
 10
314.16993455497385
 20
45.35981263500898
 10
315.1049345549738
 20
45.35981263500898
  0
LWPOLYLINE
  5
49E
330
17
100
AcDbEntity
  8
LABELS
100
AcDbPolyline
 90
2
 70
0
 10
315.1049345549738
 20
45.35981263500898
 10
315.1049345549738
 20
44.50981263500897
  0
LWPOLYLINE
  5
49F
330
17
100
AcDbEntity
  8
LABELS
100
AcDbPolyline
 90
2
 70
0
 10
315.1049345549738
 20
44.50981263500897
 10
315.1049345549738
 20
43.659812635008976
  0
LWPOLYLINE
  5
4A0
330
17
100
AcDbEntity
  8
LABELS
100
AcDbPolyline
 90
2
 70
0
 10
315.4449345549738
 20
45.35981263500898
 10
316.37993455497383
 20
45.35981263500898
  0
LWPOLYLINE
  5
4A1
330
17
100
AcDbEntity
  8
LABELS
100
AcDbPolyline
 90
2
 70
0
 10
315.4449345549738
 20
45.35981263500898
 10
315.4449345549738
 20
44.50981263500897
  0
LWPOLYLINE
  5
4A2
330
17
100
AcDbEntity
  8
LABELS
100
AcDbPolyline
 90
2
 70
0
 10
315.4449345549738
 20
44.50981263500897
 10
316.37993455497383
 20
44.50981263500897
  0
LWPOLYLINE
  5
4A3
330
17
100
AcDbEntity
  8
LABELS
100
AcDbPolyline
 90
2
 70
0
 10
315.4449345549738
 20
44.50981263500897
 10
315.4449345549738
 20
43.659812635008976
  0
LWPOLYLINE
  5
4A4
330
17
100
AcDbEntity
  8
LABELS
100
AcDbPolyline
 90
2
 70
0
 10
316.37993455497383
 20
44.50981263500897
 10
316.37993455497383
 20
43.659812635008976
  0
LWPOLYLINE
  5
4A5
330
17
100
AcDbEntity
  8
LABELS
100
AcDbPolyline
 90
2
 70
0
 10
315.4449345549738
 20
43.659812635008976
 10
316.37993455497383
 20
43.659812635008976
  0
LWPOLYLINE
  5
4A6
330
17
100
AcDbEntity
  8
LABELS
100
AcDbPolyline
 90
2
 70
0
 10
323.1699345549738
 20
69.8129539962655
 10
324.1049345549738
 20
69.8129539962655
  0
LWPOLYLINE
  5
4A7
330
17
100
AcDbEntity
  8
LABELS
100
AcDbPolyline
 90
2
 70
0
 10
324.1049345549738
 20
69.8129539962655
 10
324.1049345549738
 20
68.96295399626551
  0
LWPOLYLINE
  5
4A8
330
17
100
AcDbEntity
  8
LABELS
100
AcDbPolyline
 90
2
 70
0
 10
324.1049345549738
 20
68.96295399626551
 10
324.1049345549738
 20
68.1129539962655
  0
LWPOLYLINE
  5
4A9
330
17
100
AcDbEntity
  8
LABELS
100
AcDbPolyline
 90
2
 70
0
 10
324.4449345549738
 20
69.8129539962655
 10
325.37993455497383
 20
69.8129539962655
  0
LWPOLYLINE
  5
4AA
330
17
100
AcDbEntity
  8
LABELS
100
AcDbPolyline
 90
2
 70
0
 10
325.37993455497383
 20
69.8129539962655
 10
325.37993455497383
 20
68.96295399626551
  0
LWPOLYLINE
  5
4AB
330
17
100
AcDbEntity
  8
LABELS
100
AcDbPolyline
 90
2
 70
0
 10
325.37993455497383
 20
68.96295399626551
 10
325.37993455497383
 20
68.1129539962655
  0
LWPOLYLINE
  5
4AC
330
17
100
AcDbEntity
  8
LABELS
100
AcDbPolyline
 90
2
 70
0
 10
314.1699345549738
 20
94.56400111668438
 10
315.1049345549738
 20
94.56400111668438
  0
LWPOLYLINE
  5
4AD
330
17
100
AcDbEntity
  8
LABELS
100
AcDbPolyline
 90
2
 70
0
 10
315.1049345549738
 20
94.56400111668438
 10
315.1049345549738
 20
93.71400111668437
  0
LWPOLYLINE
  5
4AE
330
17
100
AcDbEntity
  8
LABELS
100
AcDbPolyline
 90
2
 70
0
 10
315.1049345549738
 20
93.71400111668437
 10
315.1049345549738
 20
92.86400111668438
  0
LWPOLYLINE
  5
4AF
330
17
100
AcDbEntity
  8
LABELS
100
AcDbPolyline
 90
2
 70
0
 10
315.4449345549738
 20
94.56400111668438
 10
316.37993455497383
 20
94.56400111668438
  0
LWPOLYLINE
  5
4B0
330
17
100
AcDbEntity
  8
LABELS
100
AcDbPolyline
 90
2
 70
0
 10
316.37993455497383
 20
94.56400111668438
 10
316.37993455497383
 20
93.71400111668437
  0
LWPOLYLINE
  5
4B1
330
17
100
AcDbEntity
  8
LABELS
100
AcDbPolyline
 90
2
 70
0
 10
316.37993455497383
 20
93.71400111668437
 10
316.37993455497383
 20
92.86400111668438
  0
LWPOLYLINE
  5
4B2
330
17
100
AcDbEntity
  8
LABELS
100
AcDbPolyline
 90
2
 70
0
 10
315.4449345549738
 20
92.86400111668438
 10
316.37993455497383
 20
92.86400111668438
  0
LWPOLYLINE
  5
4B3
330
17
100
AcDbEntity
  8
LABELS
100
AcDbPolyline
 90
2
 70
0
 10
315.4449345549738
 20
93.71400111668437
 10
315.4449345549738
 20
92.86400111668438
  0
LWPOLYLINE
  5
4B4
330
17
100
AcDbEntity
  8
LABELS
100
AcDbPolyline
 90
2
 70
0
 10
315.4449345549738
 20
94.56400111668438
 10
315.4449345549738
 20
93.71400111668437
  0
LWPOLYLINE
  5
4B5
330
17
100
AcDbEntity
  8
LABELS
100
AcDbPolyline
 90
2
 70
0
 10
315.4449345549738
 20
93.71400111668437
 10
316.37993455497383
 20
93.71400111668437
  0
LWPOLYLINE
  5
4B6
330
17
100
AcDbEntity
  8
LABELS
100
AcDbPolyline
 90
2
 70
0
 10
329.93642670157067
 20
69.8129539962655
 10
330.87142670157067
 20
69.8129539962655
  0
LWPOLYLINE
  5
4B7
330
17
100
AcDbEntity
  8
LABELS
100
AcDbPolyline
 90
2
 70
0
 10
330.87142670157067
 20
69.8129539962655
 10
330.87142670157067
 20
68.96295399626551
  0
LWPOLYLINE
  5
4B8
330
17
100
AcDbEntity
  8
LABELS
100
AcDbPolyline
 90
2
 70
0
 10
330.87142670157067
 20
68.96295399626551
 10
330.87142670157067
 20
68.1129539962655
  0
LWPOLYLINE
  5
4B9
330
17
100
AcDbEntity
  8
LABELS
100
AcDbPolyline
 90
2
 70
0
 10
331.2114267015707
 20
69.8129539962655
 10
332.14642670157065
 20
69.8129539962655
  0
LWPOLYLINE
  5
4BA
330
17
100
AcDbEntity
  8
LABELS
100
AcDbPolyline
 90
2
 70
0
 10
332.14642670157065
 20
69.8129539962655
 10
332.14642670157065
 20
68.96295399626551
  0
LWPOLYLINE
  5
4BB
330
17
100
AcDbEntity
  8
LABELS
100
AcDbPolyline
 90
2
 70
0
 10
331.2114267015707
 20
69.8129539962655
 10
331.2114267015707
 20
68.96295399626551
  0
LWPOLYLINE
  5
4BC
330
17
100
AcDbEntity
  8
LABELS
100
AcDbPolyline
 90
2
 70
0
 10
331.2114267015707
 20
68.96295399626551
 10
332.14642670157065
 20
68.96295399626551
  0
LWPOLYLINE
  5
4BD
330
17
100
AcDbEntity
  8
LABELS
100
AcDbPolyline
 90
2
 70
0
 10
332.14642670157065
 20
68.96295399626551
 10
332.14642670157065
 20
68.1129539962655
  0
LWPOLYLINE
  5
4BE
330
17
100
AcDbEntity
  8
LABELS
100
AcDbPolyline
 90
2
 70
0
 10
331.2114267015707
 20
68.1129539962655
 10
332.14642670157065
 20
68.1129539962655
  0
LWPOLYLINE
  5
4BF
330
17
100
AcDbEntity
  8
LABELS
100
AcDbPolyline
 90
2
 70
0
 10
281.18453996265515
 20
180.69431818181818
 10
281.18453996265515
 20
179.84431818181818
  0
LWPOLYLINE
  5
4C0
330
17
100
AcDbEntity
  8
LABELS
100
AcDbPolyline
 90
2
 70
0
 10
281.18453996265515
 20
179.84431818181818
 10
281.18453996265515
 20
178.9943181818182
  0
LWPOLYLINE
  5
4C1
330
17
100
AcDbEntity
  8
LABELS
100
AcDbPolyline
 90
2
 70
0
 10
281.5245399626551
 20
180.69431818181818
 10
282.4595399626551
 20
180.69431818181818
  0
LWPOLYLINE
  5
4C2
330
17
100
AcDbEntity
  8
LABELS
100
AcDbPolyline
 90
2
 70
0
 10
282.4595399626551
 20
180.69431818181818
 10
282.4595399626551
 20
179.84431818181818
  0
LWPOLYLINE
  5
4C3
330
17
100
AcDbEntity
  8
LABELS
100
AcDbPolyline
 90
2
 70
0
 10
281.5245399626551
 20
179.84431818181818
 10
282.4595399626551
 20
179.84431818181818
  0
LWPOLYLINE
  5
4C4
330
17
100
AcDbEntity
  8
LABELS
100
AcDbPolyline
 90
2
 70
0
 10
282.4595399626551
 20
179.84431818181818
 10
282.4595399626551
 20
178.9943181818182
  0
LWPOLYLINE
  5
4C5
330
17
100
AcDbEntity
  8
LABELS
100
AcDbPolyline
 90
2
 70
0
 10
281.5245399626551
 20
178.9943181818182
 10
282.4595399626551
 20
178.9943181818182
  0
LWPOLYLINE
  5
4C6
330
17
100
AcDbEntity
  8
LABELS
100
AcDbPolyline
 90
2
 70
0
 10
282.7995399626551
 20
180.69431818181818
 10
283.7345399626551
 20
180.69431818181818
  0
LWPOLYLINE
  5
4C7
330
17
100
AcDbEntity
  8
LABELS
100
AcDbPolyline
 90
2
 70
0
 10
282.7995399626551
 20
180.69431818181818
 10
282.7995399626551
 20
179.84431818181818
  0
LWPOLYLINE
  5
4C8
330
17
100
AcDbEntity
  8
LABELS
100
AcDbPolyline
 90
2
 70
0
 10
282.7995399626551
 20
179.84431818181818
 10
283.7345399626551
 20
179.84431818181818
  0
LWPOLYLINE
  5
4C9
330
17
100
AcDbEntity
  8
LABELS
100
AcDbPolyline
 90
2
 70
0
 10
283.7345399626551
 20
179.84431818181818
 10
283.7345399626551
 20
178.9943181818182
  0
LWPOLYLINE
  5
4CA
330
17
100
AcDbEntity
  8
LABELS
100
AcDbPolyline
 90
2
 70
0
 10
282.7995399626551
 20
178.9943181818182
 10
283.7345399626551
 20
178.9943181818182
  0
LWPOLYLINE
  5
4CB
330
17
100
AcDbEntity
  8
LABELS
100
AcDbPolyline
 90
2
 70
0
 10
273.6544700325852
 20
180.69431818181818
 10
273.6544700325852
 20
179.84431818181818
  0
LWPOLYLINE
  5
4CC
330
17
100
AcDbEntity
  8
LABELS
100
AcDbPolyline
 90
2
 70
0
 10
273.6544700325852
 20
179.84431818181818
 10
273.6544700325852
 20
178.9943181818182
  0
LWPOLYLINE
  5
4CD
330
17
100
AcDbEntity
  8
LABELS
100
AcDbPolyline
 90
2
 70
0
 10
273.9944700325852
 20
180.69431818181818
 10
274.9294700325852
 20
180.69431818181818
  0
LWPOLYLINE
  5
4CE
330
17
100
AcDbEntity
  8
LABELS
100
AcDbPolyline
 90
2
 70
0
 10
274.9294700325852
 20
180.69431818181818
 10
274.9294700325852
 20
179.84431818181818
  0
LWPOLYLINE
  5
4CF
330
17
100
AcDbEntity
  8
LABELS
100
AcDbPolyline
 90
2
 70
0
 10
273.9944700325852
 20
179.84431818181818
 10
274.9294700325852
 20
179.84431818181818
  0
LWPOLYLINE
  5
4D0
330
17
100
AcDbEntity
  8
LABELS
100
AcDbPolyline
 90
2
 70
0
 10
274.9294700325852
 20
179.84431818181818
 10
274.9294700325852
 20
178.9943181818182
  0
LWPOLYLINE
  5
4D1
330
17
100
AcDbEntity
  8
LABELS
100
AcDbPolyline
 90
2
 70
0
 10
273.9944700325852
 20
178.9943181818182
 10
274.9294700325852
 20
178.9943181818182
  0
LWPOLYLINE
  5
4D2
330
17
100
AcDbEntity
  8
LABELS
100
AcDbPolyline
 90
2
 70
0
 10
275.2694700325852
 20
180.69431818181818
 10
276.2044700325852
 20
180.69431818181818
  0
LWPOLYLINE
  5
4D3
330
17
100
AcDbEntity
  8
LABELS
100
AcDbPolyline
 90
2
 70
0
 10
276.2044700325852
 20
180.69431818181818
 10
276.2044700325852
 20
179.84431818181818
  0
LWPOLYLINE
  5
4D4
330
17
100
AcDbEntity
  8
LABELS
100
AcDbPolyline
 90
2
 70
0
 10
276.2044700325852
 20
179.84431818181818
 10
276.2044700325852
 20
178.9943181818182
  0
LWPOLYLINE
  5
4D5
330
17
100
AcDbEntity
  8
LABELS
100
AcDbPolyline
 90
2
 70
0
 10
282.5823255104407
 20
16.443269230769232
 10
282.5823255104407
 20
15.59326923076923
  0
LWPOLYLINE
  5
4D6
330
17
100
AcDbEntity
  8
LABELS
100
AcDbPolyline
 90
2
 70
0
 10
282.5823255104407
 20
15.59326923076923
 10
282.5823255104407
 20
14.743269230769231
  0
LWPOLYLINE
  5
4D7
330
17
100
AcDbEntity
  8
LABELS
100
AcDbPolyline
 90
2
 70
0
 10
282.92232551044066
 20
16.443269230769232
 10
283.85732551044066
 20
16.443269230769232
  0
LWPOLYLINE
  5
4D8
330
17
100
AcDbEntity
  8
LABELS
100
AcDbPolyline
 90
2
 70
0
 10
283.85732551044066
 20
16.443269230769232
 10
283.85732551044066
 20
15.59326923076923
  0
LWPOLYLINE
  5
4D9
330
17
100
AcDbEntity
  8
LABELS
100
AcDbPolyline
 90
2
 70
0
 10
282.92232551044066
 20
15.59326923076923
 10
283.85732551044066
 20
15.59326923076923
  0
LWPOLYLINE
  5
4DA
330
17
100
AcDbEntity
  8
LABELS
100
AcDbPolyline
 90
2
 70
0
 10
283.85732551044066
 20
15.59326923076923
 10
283.85732551044066
 20
14.743269230769231
  0
LWPOLYLINE
  5
4DB
330
17
100
AcDbEntity
  8
LABELS
100
AcDbPolyline
 90
2
 70
0
 10
282.92232551044066
 20
14.743269230769231
 10
283.85732551044066
 20
14.743269230769231
  0
LWPOLYLINE
  5
4DC
330
17
100
AcDbEntity
  8
LABELS
100
AcDbPolyline
 90
2
 70
0
 10
284.1973255104407
 20
16.443269230769232
 10
285.1323255104407
 20
16.443269230769232
  0
LWPOLYLINE
  5
4DD
330
17
100
AcDbEntity
  8
LABELS
100
AcDbPolyline
 90
2
 70
0
 10
285.1323255104407
 20
16.443269230769232
 10
285.1323255104407
 20
15.59326923076923
  0
LWPOLYLINE
  5
4DE
330
17
100
AcDbEntity
  8
LABELS
100
AcDbPolyline
 90
2
 70
0
 10
284.1973255104407
 20
16.443269230769232
 10
284.1973255104407
 20
15.59326923076923
  0
LWPOLYLINE
  5
4DF
330
17
100
AcDbEntity
  8
LABELS
100
AcDbPolyline
 90
2
 70
0
 10
284.1973255104407
 20
15.59326923076923
 10
285.1323255104407
 20
15.59326923076923
  0
LWPOLYLINE
  5
4E0
330
17
100
AcDbEntity
  8
LABELS
100
AcDbPolyline
 90
2
 70
0
 10
285.1323255104407
 20
15.59326923076923
 10
285.1323255104407
 20
14.743269230769231
  0
LWPOLYLINE
  5
4E1
330
17
100
AcDbEntity
  8
LABELS
100
AcDbPolyline
 90
2
 70
0
 10
284.1973255104407
 20
14.743269230769231
 10
285.1323255104407
 20
14.743269230769231
  0
LWPOLYLINE
  5
4E2
330
17
100
AcDbEntity
  8
LABELS
100
AcDbPolyline
 90
2
 70
0
 10
295.901672829788
 20
16.443269230769232
 10
295.901672829788
 20
15.59326923076923
  0
LWPOLYLINE
  5
4E3
330
17
100
AcDbEntity
  8
LABELS
100
AcDbPolyline
 90
2
 70
0
 10
295.901672829788
 20
15.59326923076923
 10
295.901672829788
 20
14.743269230769231
  0
LWPOLYLINE
  5
4E4
330
17
100
AcDbEntity
  8
LABELS
100
AcDbPolyline
 90
2
 70
0
 10
296.241672829788
 20
16.443269230769232
 10
296.241672829788
 20
15.59326923076923
  0
LWPOLYLINE
  5
4E5
330
17
100
AcDbEntity
  8
LABELS
100
AcDbPolyline
 90
2
 70
0
 10
296.241672829788
 20
15.59326923076923
 10
297.176672829788
 20
15.59326923076923
  0
LWPOLYLINE
  5
4E6
330
17
100
AcDbEntity
  8
LABELS
100
AcDbPolyline
 90
2
 70
0
 10
297.176672829788
 20
16.443269230769232
 10
297.176672829788
 20
15.59326923076923
  0
LWPOLYLINE
  5
4E7
330
17
100
AcDbEntity
  8
LABELS
100
AcDbPolyline
 90
2
 70
0
 10
297.176672829788
 20
15.59326923076923
 10
297.176672829788
 20
14.743269230769231
  0
LWPOLYLINE
  5
4E8
330
17
100
AcDbEntity
  8
LABELS
100
AcDbPolyline
 90
2
 70
0
 10
298.45167282978804
 20
16.443269230769232
 10
298.45167282978804
 20
15.59326923076923
  0
LWPOLYLINE
  5
4E9
330
17
100
AcDbEntity
  8
LABELS
100
AcDbPolyline
 90
2
 70
0
 10
298.45167282978804
 20
15.59326923076923
 10
298.45167282978804
 20
14.743269230769231
  0
LWPOLYLINE
  5
4EA
330
17
100
AcDbEntity
  8
LABELS
100
AcDbPolyline
 90
2
 70
0
 10
303.0320924102076
 20
16.443269230769232
 10
303.0320924102076
 20
15.59326923076923
  0
LWPOLYLINE
  5
4EB
330
17
100
AcDbEntity
  8
LABELS
100
AcDbPolyline
 90
2
 70
0
 10
303.0320924102076
 20
15.59326923076923
 10
303.0320924102076
 20
14.743269230769231
  0
LWPOLYLINE
  5
4EC
330
17
100
AcDbEntity
  8
LABELS
100
AcDbPolyline
 90
2
 70
0
 10
303.3720924102076
 20
16.443269230769232
 10
303.3720924102076
 20
15.59326923076923
  0
LWPOLYLINE
  5
4ED
330
17
100
AcDbEntity
  8
LABELS
100
AcDbPolyline
 90
2
 70
0
 10
303.3720924102076
 20
15.59326923076923
 10
304.3070924102076
 20
15.59326923076923
  0
LWPOLYLINE
  5
4EE
330
17
100
AcDbEntity
  8
LABELS
100
AcDbPolyline
 90
2
 70
0
 10
304.3070924102076
 20
16.443269230769232
 10
304.3070924102076
 20
15.59326923076923
  0
LWPOLYLINE
  5
4EF
330
17
100
AcDbEntity
  8
LABELS
100
AcDbPolyline
 90
2
 70
0
 10
304.3070924102076
 20
15.59326923076923
 10
304.3070924102076
 20
14.743269230769231
  0
LWPOLYLINE
  5
4F0
330
17
100
AcDbEntity
  8
LABELS
100
AcDbPolyline
 90
2
 70
0
 10
304.64709241020756
 20
16.443269230769232
 10
305.5820924102076
 20
16.443269230769232
  0
LWPOLYLINE
  5
4F1
330
17
100
AcDbEntity
  8
LABELS
100
AcDbPolyline
 90
2
 70
0
 10
305.5820924102076
 20
16.443269230769232
 10
305.5820924102076
 20
15.59326923076923
  0
LWPOLYLINE
  5
4F2
330
17
100
AcDbEntity
  8
LABELS
100
AcDbPolyline
 90
2
 70
0
 10
304.64709241020756
 20
15.59326923076923
 10
305.5820924102076
 20
15.59326923076923
  0
LWPOLYLINE
  5
4F3
330
17
100
AcDbEntity
  8
LABELS
100
AcDbPolyline
 90
2
 70
0
 10
305.5820924102076
 20
15.59326923076923
 10
305.5820924102076
 20
14.743269230769231
  0
LWPOLYLINE
  5
4F4
330
17
100
AcDbEntity
  8
LABELS
100
AcDbPolyline
 90
2
 70
0
 10
304.64709241020756
 20
14.743269230769231
 10
305.5820924102076
 20
14.743269230769231
  0
LWPOLYLINE
  5
4F5
330
17
100
AcDbEntity
  8
LABELS
100
AcDbPolyline
 90
2
 70
0
 10
239.7488756269908
 20
49.61424825174825
 10
239.7488756269908
 20
48.764248251748256
  0
LWPOLYLINE
  5
4F6
330
17
100
AcDbEntity
  8
LABELS
100
AcDbPolyline
 90
2
 70
0
 10
239.7488756269908
 20
48.764248251748256
 10
239.7488756269908
 20
47.91424825174825
  0
LWPOLYLINE
  5
4F7
330
17
100
AcDbEntity
  8
LABELS
100
AcDbPolyline
 90
2
 70
0
 10
240.08887562699078
 20
49.61424825174825
 10
240.08887562699078
 20
48.764248251748256
  0
LWPOLYLINE
  5
4F8
330
17
100
AcDbEntity
  8
LABELS
100
AcDbPolyline
 90
2
 70
0
 10
240.08887562699078
 20
48.764248251748256
 10
241.0238756269908
 20
48.764248251748256
  0
LWPOLYLINE
  5
4F9
330
17
100
AcDbEntity
  8
LABELS
100
AcDbPolyline
 90
2
 70
0
 10
241.0238756269908
 20
49.61424825174825
 10
241.0238756269908
 20
48.764248251748256
  0
LWPOLYLINE
  5
4FA
330
17
100
AcDbEntity
  8
LABELS
100
AcDbPolyline
 90
2
 70
0
 10
241.0238756269908
 20
48.764248251748256
 10
241.0238756269908
 20
47.91424825174825
  0
LWPOLYLINE
  5
4FB
330
17
100
AcDbEntity
  8
LABELS
100
AcDbPolyline
 90
2
 70
0
 10
241.3638756269908
 20
49.61424825174825
 10
242.2988756269908
 20
49.61424825174825
  0
LWPOLYLINE
  5
4FC
330
17
100
AcDbEntity
  8
LABELS
100
AcDbPolyline
 90
2
 70
0
 10
241.3638756269908
 20
49.61424825174825
 10
241.3638756269908
 20
48.764248251748256
  0
LWPOLYLINE
  5
4FD
330
17
100
AcDbEntity
  8
LABELS
100
AcDbPolyline
 90
2
 70
0
 10
241.3638756269908
 20
48.764248251748256
 10
242.2988756269908
 20
48.764248251748256
  0
LWPOLYLINE
  5
4FE
330
17
100
AcDbEntity
  8
LABELS
100
AcDbPolyline
 90
2
 70
0
 10
242.2988756269908
 20
48.764248251748256
 10
242.2988756269908
 20
47.91424825174825
  0
LWPOLYLINE
  5
4FF
330
17
100
AcDbEntity
  8
LABELS
100
AcDbPolyline
 90
2
 70
0
 10
241.3638756269908
 20
47.91424825174825
 10
242.2988756269908
 20
47.91424825174825
  0
LWPOLYLINE
  5
500
330
17
100
AcDbEntity
  8
LABELS
100
AcDbPolyline
 90
2
 70
0
 10
260.2580539486691
 20
51.490734265734275
 10
260.2580539486691
 20
50.64073426573427
  0
LWPOLYLINE
  5
501
330
17
100
AcDbEntity
  8
LABELS
100
AcDbPolyline
 90
2
 70
0
 10
260.2580539486691
 20
50.64073426573427
 10
260.2580539486691
 20
49.79073426573427
  0
LWPOLYLINE
  5
502
330
17
100
AcDbEntity
  8
LABELS
100
AcDbPolyline
 90
2
 70
0
 10
260.59805394866913
 20
51.490734265734275
 10
260.59805394866913
 20
50.64073426573427
  0
LWPOLYLINE
  5
503
330
17
100
AcDbEntity
  8
LABELS
100
AcDbPolyline
 90
2
 70
0
 10
260.59805394866913
 20
50.64073426573427
 10
261.53305394866914
 20
50.64073426573427
  0
LWPOLYLINE
  5
504
330
17
100
AcDbEntity
  8
LABELS
100
AcDbPolyline
 90
2
 70
0
 10
261.53305394866914
 20
51.490734265734275
 10
261.53305394866914
 20
50.64073426573427
  0
LWPOLYLINE
  5
505
330
17
100
AcDbEntity
  8
LABELS
100
AcDbPolyline
 90
2
 70
0
 10
261.53305394866914
 20
50.64073426573427
 10
261.53305394866914
 20
49.79073426573427
  0
LWPOLYLINE
  5
506
330
17
100
AcDbEntity
  8
LABELS
100
AcDbPolyline
 90
2
 70
0
 10
261.8730539486691
 20
51.490734265734275
 10
262.8080539486691
 20
51.490734265734275
  0
LWPOLYLINE
  5
507
330
17
100
AcDbEntity
  8
LABELS
100
AcDbPolyline
 90
2
 70
0
 10
262.8080539486691
 20
51.490734265734275
 10
262.8080539486691
 20
50.64073426573427
  0
LWPOLYLINE
  5
508
330
17
100
AcDbEntity
  8
LABELS
100
AcDbPolyline
 90
2
 70
0
 10
262.8080539486691
 20
50.64073426573427
 10
262.8080539486691
 20
49.79073426573427
  0
LWPOLYLINE
  5
509
330
17
100
AcDbEntity
  8
LABELS
100
AcDbPolyline
 90
2
 70
0
 10
244.9328791234943
 20
57.49073426573426
 10
244.9328791234943
 20
56.64073426573427
  0
LWPOLYLINE
  5
50A
330
17
100
AcDbEntity
  8
LABELS
100
AcDbPolyline
 90
2
 70
0
 10
244.9328791234943
 20
56.64073426573427
 10
244.9328791234943
 20
55.79073426573426
  0
LWPOLYLINE
  5
50B
330
17
100
AcDbEntity
  8
LABELS
100
AcDbPolyline
 90
2
 70
0
 10
245.2728791234943
 20
57.49073426573426
 10
245.2728791234943
 20
56.64073426573427
  0
LWPOLYLINE
  5
50C
330
17
100
AcDbEntity
  8
LABELS
100
AcDbPolyline
 90
2
 70
0
 10
245.2728791234943
 20
56.64073426573427
 10
246.2078791234943
 20
56.64073426573427
  0
LWPOLYLINE
  5
50D
330
17
100
AcDbEntity
  8
LABELS
100
AcDbPolyline
 90
2
 70
0
 10
246.2078791234943
 20
57.49073426573426
 10
246.2078791234943
 20
56.64073426573427
  0
LWPOLYLINE
  5
50E
330
17
100
AcDbEntity
  8
LABELS
100
AcDbPolyline
 90
2
 70
0
 10
246.2078791234943
 20
56.64073426573427
 10
246.2078791234943
 20
55.79073426573426
  0
LWPOLYLINE
  5
50F
330
17
100
AcDbEntity
  8
LABELS
100
AcDbPolyline
 90
2
 70
0
 10
246.54787912349428
 20
57.49073426573426
 10
247.48287912349429
 20
57.49073426573426
  0
LWPOLYLINE
  5
510
330
17
100
AcDbEntity
  8
LABELS
100
AcDbPolyline
 90
2
 70
0
 10
247.48287912349429
 20
57.49073426573426
 10
247.48287912349429
 20
56.64073426573427
  0
LWPOLYLINE
  5
511
330
17
100
AcDbEntity
  8
LABELS
100
AcDbPolyline
 90
2
 70
0
 10
246.54787912349428
 20
57.49073426573426
 10
246.54787912349428
 20
56.64073426573427
  0
LWPOLYLINE
  5
512
330
17
100
AcDbEntity
  8
LABELS
100
AcDbPolyline
 90
2
 70
0
 10
246.54787912349428
 20
56.64073426573427
 10
247.48287912349429
 20
56.64073426573427
  0
LWPOLYLINE
  5
513
330
17
100
AcDbEntity
  8
LABELS
100
AcDbPolyline
 90
2
 70
0
 10
247.48287912349429
 20
56.64073426573427
 10
247.48287912349429
 20
55.79073426573426
  0
LWPOLYLINE
  5
514
330
17
100
AcDbEntity
  8
LABELS
100
AcDbPolyline
 90
2
 70
0
 10
246.54787912349428
 20
55.79073426573426
 10
247.48287912349429
 20
55.79073426573426
  0
LWPOLYLINE
  5
515
330
17
100
AcDbEntity
  8
LABELS
100
AcDbPolyline
 90
2
 70
0
 10
86.21391059202578
 20
59.53627622377623
 10
86.21391059202578
 20
58.68627622377623
  0
LWPOLYLINE
  5
516
330
17
100
AcDbEntity
  8
LABELS
100
AcDbPolyline
 90
2
 70
0
 10
86.21391059202578
 20
58.68627622377623
 10
86.21391059202578
 20
57.836276223776224
  0
LWPOLYLINE
  5
517
330
17
100
AcDbEntity
  8
LABELS
100
AcDbPolyline
 90
2
 70
0
 10
86.55391059202579
 20
59.53627622377623
 10
87.48891059202579
 20
59.53627622377623
  0
LWPOLYLINE
  5
518
330
17
100
AcDbEntity
  8
LABELS
100
AcDbPolyline
 90
2
 70
0
 10
86.55391059202579
 20
59.53627622377623
 10
86.55391059202579
 20
58.68627622377623
  0
LWPOLYLINE
  5
519
330
17
100
AcDbEntity
  8
LABELS
100
AcDbPolyline
 90
2
 70
0
 10
86.55391059202579
 20
58.68627622377623
 10
87.48891059202579
 20
58.68627622377623
  0
LWPOLYLINE
  5
51A
330
17
100
AcDbEntity
  8
LABELS
100
AcDbPolyline
 90
2
 70
0
 10
87.48891059202579
 20
58.68627622377623
 10
87.48891059202579
 20
57.836276223776224
  0
LWPOLYLINE
  5
51B
330
17
100
AcDbEntity
  8
LABELS
100
AcDbPolyline
 90
2
 70
0
 10
86.55391059202579
 20
57.836276223776224
 10
87.48891059202579
 20
57.836276223776224
  0
LWPOLYLINE
  5
51C
330
17
100
AcDbEntity
  8
LABELS
100
AcDbPolyline
 90
2
 70
0
 10
88.7639105920258
 20
59.53627622377623
 10
88.7639105920258
 20
58.68627622377623
  0
LWPOLYLINE
  5
51D
330
17
100
AcDbEntity
  8
LABELS
100
AcDbPolyline
 90
2
 70
0
 10
88.7639105920258
 20
58.68627622377623
 10
88.7639105920258
 20
57.836276223776224
  0
LWPOLYLINE
  5
51E
330
17
100
AcDbEntity
  8
LABELS
100
AcDbPolyline
 90
2
 70
0
 10
110.25595604657123
 20
64.01311188811191
 10
110.25595604657123
 20
63.1631118881119
  0
LWPOLYLINE
  5
51F
330
17
100
AcDbEntity
  8
LABELS
100
AcDbPolyline
 90
2
 70
0
 10
110.25595604657123
 20
63.1631118881119
 10
110.25595604657123
 20
62.313111888111905
  0
LWPOLYLINE
  5
520
330
17
100
AcDbEntity
  8
LABELS
100
AcDbPolyline
 90
2
 70
0
 10
110.59595604657123
 20
64.01311188811191
 10
111.53095604657123
 20
64.01311188811191
  0
LWPOLYLINE
  5
521
330
17
100
AcDbEntity
  8
LABELS
100
AcDbPolyline
 90
2
 70
0
 10
110.59595604657123
 20
64.01311188811191
 10
110.59595604657123
 20
63.1631118881119
  0
LWPOLYLINE
  5
522
330
17
100
AcDbEntity
  8
LABELS
100
AcDbPolyline
 90
2
 70
0
 10
110.59595604657123
 20
63.1631118881119
 10
111.53095604657123
 20
63.1631118881119
  0
LWPOLYLINE
  5
523
330
17
100
AcDbEntity
  8
LABELS
100
AcDbPolyline
 90
2
 70
0
 10
111.53095604657123
 20
63.1631118881119
 10
111.53095604657123
 20
62.313111888111905
  0
LWPOLYLINE
  5
524
330
17
100
AcDbEntity
  8
LABELS
100
AcDbPolyline
 90
2
 70
0
 10
110.59595604657123
 20
62.313111888111905
 10
111.53095604657123
 20
62.313111888111905
  0
LWPOLYLINE
  5
525
330
17
100
AcDbEntity
  8
LABELS
100
AcDbPolyline
 90
2
 70
0
 10
111.87095604657122
 20
64.01311188811191
 10
112.80595604657123
 20
64.01311188811191
  0
LWPOLYLINE
  5
526
330
17
100
AcDbEntity
  8
LABELS
100
AcDbPolyline
 90
2
 70
0
 10
112.80595604657123
 20
64.01311188811191
 10
112.80595604657123
 20
63.1631118881119
  0
LWPOLYLINE
  5
527
330
17
100
AcDbEntity
  8
LABELS
100
AcDbPolyline
 90
2
 70
0
 10
111.87095604657122
 20
63.1631118881119
 10
112.80595604657123
 20
63.1631118881119
  0
LWPOLYLINE
  5
528
330
17
100
AcDbEntity
  8
LABELS
100
AcDbPolyline
 90
2
 70
0
 10
112.80595604657123
 20
63.1631118881119
 10
112.80595604657123
 20
62.313111888111905
  0
LWPOLYLINE
  5
529
330
17
100
AcDbEntity
  8
LABELS
100
AcDbPolyline
 90
2
 70
0
 10
111.87095604657122
 20
62.313111888111905
 10
112.80595604657123
 20
62.313111888111905
  0
LWPOLYLINE
  5
52A
330
17
100
AcDbEntity
  8
LABELS
100
AcDbPolyline
 90
2
 70
0
 10
100.39791408852925
 20
64.01311188811191
 10
100.39791408852925
 20
63.1631118881119
  0
LWPOLYLINE
  5
52B
330
17
100
AcDbEntity
  8
LABELS
100
AcDbPolyline
 90
2
 70
0
 10
100.39791408852925
 20
63.1631118881119
 10
100.39791408852925
 20
62.313111888111905
  0
LWPOLYLINE
  5
52C
330
17
100
AcDbEntity
  8
LABELS
100
AcDbPolyline
 90
2
 70
0
 10
100.73791408852925
 20
64.01311188811191
 10
101.67291408852925
 20
64.01311188811191
  0
LWPOLYLINE
  5
52D
330
17
100
AcDbEntity
  8
LABELS
100
AcDbPolyline
 90
2
 70
0
 10
100.73791408852925
 20
64.01311188811191
 10
100.73791408852925
 20
63.1631118881119
  0
LWPOLYLINE
  5
52E
330
17
100
AcDbEntity
  8
LABELS
100
AcDbPolyline
 90
2
 70
0
 10
100.73791408852925
 20
63.1631118881119
 10
101.67291408852925
 20
63.1631118881119
  0
LWPOLYLINE
  5
52F
330
17
100
AcDbEntity
  8
LABELS
100
AcDbPolyline
 90
2
 70
0
 10
101.67291408852925
 20
63.1631118881119
 10
101.67291408852925
 20
62.313111888111905
  0
LWPOLYLINE
  5
530
330
17
100
AcDbEntity
  8
LABELS
100
AcDbPolyline
 90
2
 70
0
 10
100.73791408852925
 20
62.313111888111905
 10
101.67291408852925
 20
62.313111888111905
  0
LWPOLYLINE
  5
531
330
17
100
AcDbEntity
  8
LABELS
100
AcDbPolyline
 90
2
 70
0
 10
102.01291408852926
 20
64.01311188811191
 10
102.94791408852926
 20
64.01311188811191
  0
LWPOLYLINE
  5
532
330
17
100
AcDbEntity
  8
LABELS
100
AcDbPolyline
 90
2
 70
0
 10
102.01291408852926
 20
64.01311188811191
 10
102.01291408852926
 20
63.1631118881119
  0
LWPOLYLINE
  5
533
330
17
100
AcDbEntity
  8
LABELS
100
AcDbPolyline
 90
2
 70
0
 10
102.01291408852926
 20
63.1631118881119
 10
102.94791408852926
 20
63.1631118881119
  0
LWPOLYLINE
  5
534
330
17
100
AcDbEntity
  8
LABELS
100
AcDbPolyline
 90
2
 70
0
 10
102.94791408852926
 20
63.1631118881119
 10
102.94791408852926
 20
62.313111888111905
  0
LWPOLYLINE
  5
535
330
17
100
AcDbEntity
  8
LABELS
100
AcDbPolyline
 90
2
 70
0
 10
102.01291408852926
 20
62.313111888111905
 10
102.94791408852926
 20
62.313111888111905
  0
LWPOLYLINE
  5
536
330
17
100
AcDbEntity
  8
LABELS
100
AcDbPolyline
 90
2
 70
0
 10
10.434999999999999
 20
260.8652445721817
 10
11.315
 20
260.8652445721817
  0
LWPOLYLINE
  5
537
330
17
100
AcDbEntity
  8
LABELS
100
AcDbPolyline
 90
2
 70
0
 10
11.315
 20
260.8652445721817
 10
11.315
 20
260.0652445721817
  0
LWPOLYLINE
  5
538
330
17
100
AcDbEntity
  8
LABELS
100
AcDbPolyline
 90
2
 70
0
 10
10.434999999999999
 20
260.0652445721817
 10
11.315
 20
260.0652445721817
  0
LWPOLYLINE
  5
539
330
17
100
AcDbEntity
  8
LABELS
100
AcDbPolyline
 90
2
 70
0
 10
10.434999999999999
 20
260.0652445721817
 10
10.434999999999999
 20
259.26524457218176
  0
LWPOLYLINE
  5
53A
330
17
100
AcDbEntity
  8
LABELS
100
AcDbPolyline
 90
2
 70
0
 10
10.434999999999999
 20
259.26524457218176
 10
11.315
 20
259.26524457218176
  0
LWPOLYLINE
  5
53B
330
17
100
AcDbEntity
  8
LABELS
100
AcDbPolyline
 90
2
 70
0
 10
11.635
 20
260.8652445721817
 10
12.515
 20
260.8652445721817
  0
LWPOLYLINE
  5
53C
330
17
100
AcDbEntity
  8
LABELS
100
AcDbPolyline
 90
2
 70
0
 10
11.635
 20
260.8652445721817
 10
11.635
 20
260.0652445721817
  0
LWPOLYLINE
  5
53D
330
17
100
AcDbEntity
  8
LABELS
100
AcDbPolyline
 90
2
 70
0
 10
11.635
 20
260.0652445721817
 10
12.515
 20
260.0652445721817
  0
LWPOLYLINE
  5
53E
330
17
100
AcDbEntity
  8
LABELS
100
AcDbPolyline
 90
2
 70
0
 10
12.515
 20
260.0652445721817
 10
12.515
 20
259.26524457218176
  0
LWPOLYLINE
  5
53F
330
17
100
AcDbEntity
  8
LABELS
100
AcDbPolyline
 90
2
 70
0
 10
11.635
 20
259.26524457218176
 10
12.515
 20
259.26524457218176
  0
LWPOLYLINE
  5
540
330
17
100
AcDbEntity
  8
LABELS
100
AcDbPolyline
 90
2
 70
0
 10
143.11170157068062
 20
260.8652445721817
 10
143.99170157068062
 20
260.8652445721817
  0
LWPOLYLINE
  5
541
330
17
100
AcDbEntity
  8
LABELS
100
AcDbPolyline
 90
2
 70
0
 10
143.99170157068062
 20
260.8652445721817
 10
143.99170157068062
 20
260.0652445721817
  0
LWPOLYLINE
  5
542
330
17
100
AcDbEntity
  8
LABELS
100
AcDbPolyline
 90
2
 70
0
 10
143.11170157068062
 20
260.0652445721817
 10
143.99170157068062
 20
260.0652445721817
  0
LWPOLYLINE
  5
543
330
17
100
AcDbEntity
  8
LABELS
100
AcDbPolyline
 90
2
 70
0
 10
143.11170157068062
 20
260.0652445721817
 10
143.11170157068062
 20
259.26524457218176
  0
LWPOLYLINE
  5
544
330
17
100
AcDbEntity
  8
LABELS
100
AcDbPolyline
 90
2
 70
0
 10
143.11170157068062
 20
259.26524457218176
 10
143.99170157068062
 20
259.26524457218176
  0
LWPOLYLINE
  5
545
330
17
100
AcDbEntity
  8
LABELS
100
AcDbPolyline
 90
2
 70
0
 10
144.3117015706806
 20
260.8652445721817
 10
145.1917015706806
 20
260.8652445721817
  0
LWPOLYLINE
  5
546
330
17
100
AcDbEntity
  8
LABELS
100
AcDbPolyline
 90
2
 70
0
 10
145.1917015706806
 20
260.8652445721817
 10
145.1917015706806
 20
260.0652445721817
  0
LWPOLYLINE
  5
547
330
17
100
AcDbEntity
  8
LABELS
100
AcDbPolyline
 90
2
 70
0
 10
145.1917015706806
 20
260.0652445721817
 10
145.1917015706806
 20
259.26524457218176
  0
LWPOLYLINE
  5
548
330
17
100
AcDbEntity
  8
LABELS
100
AcDbPolyline
 90
2
 70
0
 10
144.3117015706806
 20
259.26524457218176
 10
145.1917015706806
 20
259.26524457218176
  0
LWPOLYLINE
  5
549
330
17
100
AcDbEntity
  8
LABELS
100
AcDbPolyline
 90
2
 70
0
 10
144.3117015706806
 20
260.0652445721817
 10
144.3117015706806
 20
259.26524457218176
  0
LWPOLYLINE
  5
54A
330
17
100
AcDbEntity
  8
LABELS
100
AcDbPolyline
 90
2
 70
0
 10
144.3117015706806
 20
260.8652445721817
 10
144.3117015706806
 20
260.0652445721817
  0
LWPOLYLINE
  5
54B
330
17
100
AcDbEntity
  8
LABELS
100
AcDbPolyline
 90
2
 70
0
 10
144.3117015706806
 20
260.0652445721817
 10
145.1917015706806
 20
260.0652445721817
  0
LWPOLYLINE
  5
54C
330
17
100
AcDbEntity
  8
LABELS
100
AcDbPolyline
 90
2
 70
0
 10
226.31824607329844
 20
260.8652445721817
 10
227.19824607329844
 20
260.8652445721817
  0
LWPOLYLINE
  5
54D
330
17
100
AcDbEntity
  8
LABELS
100
AcDbPolyline
 90
2
 70
0
 10
227.19824607329844
 20
260.8652445721817
 10
227.19824607329844
 20
260.0652445721817
  0
LWPOLYLINE
  5
54E
330
17
100
AcDbEntity
  8
LABELS
100
AcDbPolyline
 90
2
 70
0
 10
227.19824607329844
 20
260.0652445721817
 10
227.19824607329844
 20
259.26524457218176
  0
LWPOLYLINE
  5
54F
330
17
100
AcDbEntity
  8
LABELS
100
AcDbPolyline
 90
2
 70
0
 10
227.51824607329843
 20
260.8652445721817
 10
228.39824607329842
 20
260.8652445721817
  0
LWPOLYLINE
  5
550
330
17
100
AcDbEntity
  8
LABELS
100
AcDbPolyline
 90
2
 70
0
 10
228.39824607329842
 20
260.8652445721817
 10
228.39824607329842
 20
260.0652445721817
  0
LWPOLYLINE
  5
551
330
17
100
AcDbEntity
  8
LABELS
100
AcDbPolyline
 90
2
 70
0
 10
228.39824607329842
 20
260.0652445721817
 10
228.39824607329842
 20
259.26524457218176
  0
LWPOLYLINE
  5
552
330
17
100
AcDbEntity
  8
LABELS
100
AcDbPolyline
 90
2
 70
0
 10
227.51824607329843
 20
259.26524457218176
 10
228.39824607329842
 20
259.26524457218176
  0
LWPOLYLINE
  5
553
330
17
100
AcDbEntity
  8
LABELS
100
AcDbPolyline
 90
2
 70
0
 10
227.51824607329843
 20
260.0652445721817
 10
227.51824607329843
 20
259.26524457218176
  0
LWPOLYLINE
  5
554
330
17
100
AcDbEntity
  8
LABELS
100
AcDbPolyline
 90
2
 70
0
 10
227.51824607329843
 20
260.8652445721817
 10
227.51824607329843
 20
260.0652445721817
  0
LWPOLYLINE
  5
555
330
17
100
AcDbEntity
  8
LABELS
100
AcDbPolyline
 90
2
 70
0
 10
227.51824607329843
 20
260.0652445721817
 10
228.39824607329842
 20
260.0652445721817
  0
LWPOLYLINE
  5
556
330
17
100
AcDbEntity
  8
LABELS
100
AcDbPolyline
 90
2
 70
0
 10
308.1115706806283
 20
260.8652445721817
 10
308.9915706806283
 20
260.8652445721817
  0
LWPOLYLINE
  5
557
330
17
100
AcDbEntity
  8
LABELS
100
AcDbPolyline
 90
2
 70
0
 10
308.9915706806283
 20
260.8652445721817
 10
308.9915706806283
 20
260.0652445721817
  0
LWPOLYLINE
  5
558
330
17
100
AcDbEntity
  8
LABELS
100
AcDbPolyline
 90
2
 70
0
 10
308.1115706806283
 20
260.0652445721817
 10
308.9915706806283
 20
260.0652445721817
  0
LWPOLYLINE
  5
559
330
17
100
AcDbEntity
  8
LABELS
100
AcDbPolyline
 90
2
 70
0
 10
308.1115706806283
 20
260.0652445721817
 10
308.1115706806283
 20
259.26524457218176
  0
LWPOLYLINE
  5
55A
330
17
100
AcDbEntity
  8
LABELS
100
AcDbPolyline
 90
2
 70
0
 10
308.1115706806283
 20
259.26524457218176
 10
308.9915706806283
 20
259.26524457218176
  0
LWPOLYLINE
  5
55B
330
17
100
AcDbEntity
  8
LABELS
100
AcDbPolyline
 90
2
 70
0
 10
309.3115706806283
 20
260.8652445721817
 10
309.3115706806283
 20
260.0652445721817
  0
LWPOLYLINE
  5
55C
330
17
100
AcDbEntity
  8
LABELS
100
AcDbPolyline
 90
2
 70
0
 10
309.3115706806283
 20
260.0652445721817
 10
310.1915706806283
 20
260.0652445721817
  0
LWPOLYLINE
  5
55D
330
17
100
AcDbEntity
  8
LABELS
100
AcDbPolyline
 90
2
 70
0
 10
310.1915706806283
 20
260.8652445721817
 10
310.1915706806283
 20
260.0652445721817
  0
LWPOLYLINE
  5
55E
330
17
100
AcDbEntity
  8
LABELS
100
AcDbPolyline
 90
2
 70
0
 10
310.1915706806283
 20
260.0652445721817
 10
310.1915706806283
 20
259.26524457218176
  0
LWPOLYLINE
  5
55F
330
17
100
AcDbEntity
  8
LABELS
100
AcDbPolyline
 90
2
 70
0
 10
387.32858638743454
 20
260.8652445721817
 10
388.20858638743454
 20
260.8652445721817
  0
LWPOLYLINE
  5
560
330
17
100
AcDbEntity
  8
LABELS
100
AcDbPolyline
 90
2
 70
0
 10
388.20858638743454
 20
260.8652445721817
 10
388.20858638743454
 20
260.0652445721817
  0
LWPOLYLINE
  5
561
330
17
100
AcDbEntity
  8
LABELS
100
AcDbPolyline
 90
2
 70
0
 10
387.32858638743454
 20
260.0652445721817
 10
388.20858638743454
 20
260.0652445721817
  0
LWPOLYLINE
  5
562
330
17
100
AcDbEntity
  8
LABELS
100
AcDbPolyline
 90
2
 70
0
 10
387.32858638743454
 20
260.0652445721817
 10
387.32858638743454
 20
259.26524457218176
  0
LWPOLYLINE
  5
563
330
17
100
AcDbEntity
  8
LABELS
100
AcDbPolyline
 90
2
 70
0
 10
387.32858638743454
 20
259.26524457218176
 10
388.20858638743454
 20
259.26524457218176
  0
LWPOLYLINE
  5
564
330
17
100
AcDbEntity
  8
LABELS
100
AcDbPolyline
 90
2
 70
0
 10
388.52858638743453
 20
260.8652445721817
 10
389.4085863874345
 20
260.8652445721817
  0
LWPOLYLINE
  5
565
330
17
100
AcDbEntity
  8
LABELS
100
AcDbPolyline
 90
2
 70
0
 10
388.52858638743453
 20
260.8652445721817
 10
388.52858638743453
 20
260.0652445721817
  0
LWPOLYLINE
  5
566
330
17
100
AcDbEntity
  8
LABELS
100
AcDbPolyline
 90
2
 70
0
 10
388.52858638743453
 20
260.0652445721817
 10
389.4085863874345
 20
260.0652445721817
  0
LWPOLYLINE
  5
567
330
17
100
AcDbEntity
  8
LABELS
100
AcDbPolyline
 90
2
 70
0
 10
388.52858638743453
 20
260.0652445721817
 10
388.52858638743453
 20
259.26524457218176
  0
LWPOLYLINE
  5
568
330
17
100
AcDbEntity
  8
LABELS
100
AcDbPolyline
 90
2
 70
0
 10
389.4085863874345
 20
260.0652445721817
 10
389.4085863874345
 20
259.26524457218176
  0
LWPOLYLINE
  5
569
330
17
100
AcDbEntity
  8
LABELS
100
AcDbPolyline
 90
2
 70
0
 10
388.52858638743453
 20
259.26524457218176
 10
389.4085863874345
 20
259.26524457218176
  0
LWPOLYLINE
  5
56A
330
17
100
AcDbEntity
  8
LABELS
100
AcDbPolyline
 90
2
 70
0
 10
466.5456020942408
 20
260.8652445721817
 10
467.4256020942408
 20
260.8652445721817
  0
LWPOLYLINE
  5
56B
330
17
100
AcDbEntity
  8
LABELS
100
AcDbPolyline
 90
2
 70
0
 10
467.4256020942408
 20
260.8652445721817
 10
467.4256020942408
 20
260.0652445721817
  0
LWPOLYLINE
  5
56C
330
17
100
AcDbEntity
  8
LABELS
100
AcDbPolyline
 90
2
 70
0
 10
466.5456020942408
 20
260.0652445721817
 10
467.4256020942408
 20
260.0652445721817
  0
LWPOLYLINE
  5
56D
330
17
100
AcDbEntity
  8
LABELS
100
AcDbPolyline
 90
2
 70
0
 10
466.5456020942408
 20
260.0652445721817
 10
466.5456020942408
 20
259.26524457218176
  0
LWPOLYLINE
  5
56E
330
17
100
AcDbEntity
  8
LABELS
100
AcDbPolyline
 90
2
 70
0
 10
466.5456020942408
 20
259.26524457218176
 10
467.4256020942408
 20
259.26524457218176
  0
LWPOLYLINE
  5
56F
330
17
100
AcDbEntity
  8
LABELS
100
AcDbPolyline
 90
2
 70
0
 10
467.7456020942408
 20
260.8652445721817
 10
468.6256020942408
 20
260.8652445721817
  0
LWPOLYLINE
  5
570
330
17
100
AcDbEntity
  8
LABELS
100
AcDbPolyline
 90
2
 70
0
 10
468.6256020942408
 20
260.8652445721817
 10
468.6256020942408
 20
260.0652445721817
  0
LWPOLYLINE
  5
571
330
17
100
AcDbEntity
  8
LABELS
100
AcDbPolyline
 90
2
 70
0
 10
468.6256020942408
 20
260.0652445721817
 10
468.6256020942408
 20
259.26524457218176
  0
LWPOLYLINE
  5
572
330
17
100
AcDbEntity
  8
LABELS
100
AcDbPolyline
 90
2
 70
0
 10
545.7626178010471
 20
260.8652445721817
 10
546.6426178010471
 20
260.8652445721817
  0
LWPOLYLINE
  5
573
330
17
100
AcDbEntity
  8
LABELS
100
AcDbPolyline
 90
2
 70
0
 10
546.6426178010471
 20
260.8652445721817
 10
546.6426178010471
 20
260.0652445721817
  0
LWPOLYLINE
  5
574
330
17
100
AcDbEntity
  8
LABELS
100
AcDbPolyline
 90
2
 70
0
 10
545.7626178010471
 20
260.0652445721817
 10
546.6426178010471
 20
260.0652445721817
  0
LWPOLYLINE
  5
575
330
17
100
AcDbEntity
  8
LABELS
100
AcDbPolyline
 90
2
 70
0
 10
545.7626178010471
 20
260.0652445721817
 10
545.7626178010471
 20
259.26524457218176
  0
LWPOLYLINE
  5
576
330
17
100
AcDbEntity
  8
LABELS
100
AcDbPolyline
 90
2
 70
0
 10
545.7626178010471
 20
259.26524457218176
 10
546.6426178010471
 20
259.26524457218176
  0
LWPOLYLINE
  5
577
330
17
100
AcDbEntity
  8
LABELS
100
AcDbPolyline
 90
2
 70
0
 10
546.962617801047
 20
260.8652445721817
 10
547.8426178010471
 20
260.8652445721817
  0
LWPOLYLINE
  5
578
330
17
100
AcDbEntity
  8
LABELS
100
AcDbPolyline
 90
2
 70
0
 10
547.8426178010471
 20
260.8652445721817
 10
547.8426178010471
 20
260.0652445721817
  0
LWPOLYLINE
  5
579
330
17
100
AcDbEntity
  8
LABELS
100
AcDbPolyline
 90
2
 70
0
 10
546.962617801047
 20
260.8652445721817
 10
546.962617801047
 20
260.0652445721817
  0
LWPOLYLINE
  5
57A
330
17
100
AcDbEntity
  8
LABELS
100
AcDbPolyline
 90
2
 70
0
 10
546.962617801047
 20
260.0652445721817
 10
547.8426178010471
 20
260.0652445721817
  0
LWPOLYLINE
  5
57B
330
17
100
AcDbEntity
  8
LABELS
100
AcDbPolyline
 90
2
 70
0
 10
547.8426178010471
 20
260.0652445721817
 10
547.8426178010471
 20
259.26524457218176
  0
LWPOLYLINE
  5
57C
330
17
100
AcDbEntity
  8
LABELS
100
AcDbPolyline
 90
2
 70
0
 10
546.962617801047
 20
259.26524457218176
 10
547.8426178010471
 20
259.26524457218176
  0
LWPOLYLINE
  5
57D
330
17
100
AcDbEntity
  8
LABELS
100
AcDbPolyline
 90
2
 70
0
 10
343.44392670157066
 20
10.462499999999999
 10
343.44392670157066
 20
9.6625
  0
LWPOLYLINE
  5
57E
330
17
100
AcDbEntity
  8
LABELS
100
AcDbPolyline
 90
2
 70
0
 10
343.44392670157066
 20
9.6625
 10
343.44392670157066
 20
8.862499999999999
  0
LWPOLYLINE
  5
57F
330
17
100
AcDbEntity
  8
LABELS
100
AcDbPolyline
 90
2
 70
0
 10
343.76392670157065
 20
10.462499999999999
 10
344.64392670157065
 20
10.462499999999999
  0
LWPOLYLINE
  5
580
330
17
100
AcDbEntity
  8
LABELS
100
AcDbPolyline
 90
2
 70
0
 10
344.64392670157065
 20
10.462499999999999
 10
344.64392670157065
 20
9.6625
  0
LWPOLYLINE
  5
581
330
17
100
AcDbEntity
  8
LABELS
100
AcDbPolyline
 90
2
 70
0
 10
343.76392670157065
 20
9.6625
 10
344.64392670157065
 20
9.6625
  0
LWPOLYLINE
  5
582
330
17
100
AcDbEntity
  8
LABELS
100
AcDbPolyline
 90
2
 70
0
 10
343.76392670157065
 20
9.6625
 10
343.76392670157065
 20
8.862499999999999
  0
LWPOLYLINE
  5
583
330
17
100
AcDbEntity
  8
LABELS
100
AcDbPolyline
 90
2
 70
0
 10
343.76392670157065
 20
8.862499999999999
 10
344.64392670157065
 20
8.862499999999999
  0
LWPOLYLINE
  5
584
330
17
100
AcDbEntity
  8
LABELS
100
AcDbPolyline
 90
2
 70
0
 10
344.9639267015707
 20
10.462499999999999
 10
345.8439267015707
 20
10.462499999999999
  0
LWPOLYLINE
  5
585
330
17
100
AcDbEntity
  8
LABELS
100
AcDbPolyline
 90
2
 70
0
 10
344.9639267015707
 20
10.462499999999999
 10
344.9639267015707
 20
9.6625
  0
LWPOLYLINE
  5
586
330
17
100
AcDbEntity
  8
LABELS
100
AcDbPolyline
 90
2
 70
0
 10
344.9639267015707
 20
9.6625
 10
345.8439267015707
 20
9.6625
  0
LWPOLYLINE
  5
587
330
17
100
AcDbEntity
  8
LABELS
100
AcDbPolyline
 90
2
 70
0
 10
344.9639267015707
 20
9.6625
 10
344.9639267015707
 20
8.862499999999999
  0
LWPOLYLINE
  5
588
330
17
100
AcDbEntity
  8
LABELS
100
AcDbPolyline
 90
2
 70
0
 10
345.8439267015707
 20
9.6625
 10
345.8439267015707
 20
8.862499999999999
  0
LWPOLYLINE
  5
589
330
17
100
AcDbEntity
  8
LABELS
100
AcDbPolyline
 90
2
 70
0
 10
344.9639267015707
 20
8.862499999999999
 10
345.8439267015707
 20
8.862499999999999
  0
LWPOLYLINE
  5
58A
330
17
100
AcDbEntity
  8
LABELS
100
AcDbPolyline
 90
2
 70
0
 10
371.01445117709517
 20
10.462499999999999
 10
371.01445117709517
 20
9.6625
  0
LWPOLYLINE
  5
58B
330
17
100
AcDbEntity
  8
LABELS
100
AcDbPolyline
 90
2
 70
0
 10
371.01445117709517
 20
9.6625
 10
371.89445117709516
 20
9.6625
  0
LWPOLYLINE
  5
58C
330
17
100
AcDbEntity
  8
LABELS
100
AcDbPolyline
 90
2
 70
0
 10
371.89445117709516
 20
10.462499999999999
 10
371.89445117709516
 20
9.6625
  0
LWPOLYLINE
  5
58D
330
17
100
AcDbEntity
  8
LABELS
100
AcDbPolyline
 90
2
 70
0
 10
371.89445117709516
 20
9.6625
 10
371.89445117709516
 20
8.862499999999999
  0
LWPOLYLINE
  5
58E
330
17
100
AcDbEntity
  8
LABELS
100
AcDbPolyline
 90
2
 70
0
 10
372.21445117709516
 20
10.462499999999999
 10
373.09445117709515
 20
10.462499999999999
  0
LWPOLYLINE
  5
58F
330
17
100
AcDbEntity
  8
LABELS
100
AcDbPolyline
 90
2
 70
0
 10
373.09445117709515
 20
10.462499999999999
 10
373.09445117709515
 20
9.6625
  0
LWPOLYLINE
  5
590
330
17
100
AcDbEntity
  8
LABELS
100
AcDbPolyline
 90
2
 70
0
 10
372.21445117709516
 20
9.6625
 10
373.09445117709515
 20
9.6625
  0
LWPOLYLINE
  5
591
330
17
100
AcDbEntity
  8
LABELS
100
AcDbPolyline
 90
2
 70
0
 10
372.21445117709516
 20
9.6625
 10
372.21445117709516
 20
8.862499999999999
  0
LWPOLYLINE
  5
592
330
17
100
AcDbEntity
  8
LABELS
100
AcDbPolyline
 90
2
 70
0
 10
372.21445117709516
 20
8.862499999999999
 10
373.09445117709515
 20
8.862499999999999
  0
LWPOLYLINE
  5
593
330
17
100
AcDbEntity
  8
LABELS
100
AcDbPolyline
 90
2
 70
0
 10
403.0716501299747
 20
10.462499999999999
 10
403.9516501299747
 20
10.462499999999999
  0
LWPOLYLINE
  5
594
330
17
100
AcDbEntity
  8
LABELS
100
AcDbPolyline
 90
2
 70
0
 10
403.0716501299747
 20
10.462499999999999
 10
403.0716501299747
 20
9.6625
  0
LWPOLYLINE
  5
595
330
17
100
AcDbEntity
  8
LABELS
100
AcDbPolyline
 90
2
 70
0
 10
403.0716501299747
 20
9.6625
 10
403.9516501299747
 20
9.6625
  0
LWPOLYLINE
  5
596
330
17
100
AcDbEntity
  8
LABELS
100
AcDbPolyline
 90
2
 70
0
 10
403.0716501299747
 20
9.6625
 10
403.0716501299747
 20
8.862499999999999
  0
LWPOLYLINE
  5
597
330
17
100
AcDbEntity
  8
LABELS
100
AcDbPolyline
 90
2
 70
0
 10
403.9516501299747
 20
9.6625
 10
403.9516501299747
 20
8.862499999999999
  0
LWPOLYLINE
  5
598
330
17
100
AcDbEntity
  8
LABELS
100
AcDbPolyline
 90
2
 70
0
 10
403.0716501299747
 20
8.862499999999999
 10
403.9516501299747
 20
8.862499999999999
  0
LWPOLYLINE
  5
599
330
17
100
AcDbEntity
  8
LABELS
100
AcDbPolyline
 90
2
 70
0
 10
404.2716501299747
 20
10.462499999999999
 10
405.1516501299747
 20
10.462499999999999
  0
LWPOLYLINE
  5
59A
330
17
100
AcDbEntity
  8
LABELS
100
AcDbPolyline
 90
2
 70
0
 10
405.1516501299747
 20
10.462499999999999
 10
405.1516501299747
 20
9.6625
  0
LWPOLYLINE
  5
59B
330
17
100
AcDbEntity
  8
LABELS
100
AcDbPolyline
 90
2
 70
0
 10
405.1516501299747
 20
9.6625
 10
405.1516501299747
 20
8.862499999999999
  0
LWPOLYLINE
  5
59C
330
17
100
AcDbEntity
  8
LABELS
100
AcDbPolyline
 90
2
 70
0
 10
404.2716501299747
 20
8.862499999999999
 10
405.1516501299747
 20
8.862499999999999
  0
LWPOLYLINE
  5
59D
330
17
100
AcDbEntity
  8
LABELS
100
AcDbPolyline
 90
2
 70
0
 10
404.2716501299747
 20
9.6625
 10
404.2716501299747
 20
8.862499999999999
  0
LWPOLYLINE
  5
59E
330
17
100
AcDbEntity
  8
LABELS
100
AcDbPolyline
 90
2
 70
0
 10
404.2716501299747
 20
10.462499999999999
 10
404.2716501299747
 20
9.6625
  0
LWPOLYLINE
  5
59F
330
17
100
AcDbEntity
  8
LABELS
100
AcDbPolyline
 90
2
 70
0
 10
435.1288490828543
 20
10.462499999999999
 10
436.0088490828543
 20
10.462499999999999
  0
LWPOLYLINE
  5
5A0
330
17
100
AcDbEntity
  8
LABELS
100
AcDbPolyline
 90
2
 70
0
 10
435.1288490828543
 20
10.462499999999999
 10
435.1288490828543
 20
9.6625
  0
LWPOLYLINE
  5
5A1
330
17
100
AcDbEntity
  8
LABELS
100
AcDbPolyline
 90
2
 70
0
 10
435.1288490828543
 20
9.6625
 10
436.0088490828543
 20
9.6625
  0
LWPOLYLINE
  5
5A2
330
17
100
AcDbEntity
  8
LABELS
100
AcDbPolyline
 90
2
 70
0
 10
436.0088490828543
 20
9.6625
 10
436.0088490828543
 20
8.862499999999999
  0
LWPOLYLINE
  5
5A3
330
17
100
AcDbEntity
  8
LABELS
100
AcDbPolyline
 90
2
 70
0
 10
435.1288490828543
 20
8.862499999999999
 10
436.0088490828543
 20
8.862499999999999
  0
LWPOLYLINE
  5
5A4
330
17
100
AcDbEntity
  8
LABELS
100
AcDbPolyline
 90
2
 70
0
 10
436.3288490828543
 20
10.462499999999999
 10
437.2088490828543
 20
10.462499999999999
  0
LWPOLYLINE
  5
5A5
330
17
100
AcDbEntity
  8
LABELS
100
AcDbPolyline
 90
2
 70
0
 10
437.2088490828543
 20
10.462499999999999
 10
437.2088490828543
 20
9.6625
  0
LWPOLYLINE
  5
5A6
330
17
100
AcDbEntity
  8
LABELS
100
AcDbPolyline
 90
2
 70
0
 10
436.3288490828543
 20
9.6625
 10
437.2088490828543
 20
9.6625
  0
LWPOLYLINE
  5
5A7
330
17
100
AcDbEntity
  8
LABELS
100
AcDbPolyline
 90
2
 70
0
 10
436.3288490828543
 20
9.6625
 10
436.3288490828543
 20
8.862499999999999
  0
LWPOLYLINE
  5
5A8
330
17
100
AcDbEntity
  8
LABELS
100
AcDbPolyline
 90
2
 70
0
 10
436.3288490828543
 20
8.862499999999999
 10
437.2088490828543
 20
8.862499999999999
  0
LWPOLYLINE
  5
5A9
330
17
100
AcDbEntity
  8
LABELS
100
AcDbPolyline
 90
2
 70
0
 10
470.98405196243544
 20
10.462499999999999
 10
471.86405196243544
 20
10.462499999999999
  0
LWPOLYLINE
  5
5AA
330
17
100
AcDbEntity
  8
LABELS
100
AcDbPolyline
 90
2
 70
0
 10
470.98405196243544
 20
10.462499999999999
 10
470.98405196243544
 20
9.6625
  0
LWPOLYLINE
  5
5AB
330
17
100
AcDbEntity
  8
LABELS
100
AcDbPolyline
 90
2
 70
0
 10
470.98405196243544
 20
9.6625
 10
471.86405196243544
 20
9.6625
  0
LWPOLYLINE
  5
5AC
330
17
100
AcDbEntity
  8
LABELS
100
AcDbPolyline
 90
2
 70
0
 10
471.86405196243544
 20
9.6625
 10
471.86405196243544
 20
8.862499999999999
  0
LWPOLYLINE
  5
5AD
330
17
100
AcDbEntity
  8
LABELS
100
AcDbPolyline
 90
2
 70
0
 10
470.98405196243544
 20
8.862499999999999
 10
471.86405196243544
 20
8.862499999999999
  0
LWPOLYLINE
  5
5AE
330
17
100
AcDbEntity
  8
LABELS
100
AcDbPolyline
 90
2
 70
0
 10
472.18405196243543
 20
10.462499999999999
 10
473.0640519624354
 20
10.462499999999999
  0
LWPOLYLINE
  5
5AF
330
17
100
AcDbEntity
  8
LABELS
100
AcDbPolyline
 90
2
 70
0
 10
473.0640519624354
 20
10.462499999999999
 10
473.0640519624354
 20
9.6625
  0
LWPOLYLINE
  5
5B0
330
17
100
AcDbEntity
  8
LABELS
100
AcDbPolyline
 90
2
 70
0
 10
473.0640519624354
 20
9.6625
 10
473.0640519624354
 20
8.862499999999999
  0
LWPOLYLINE
  5
5B1
330
17
100
AcDbEntity
  8
LABELS
100
AcDbPolyline
 90
2
 70
0
 10
472.18405196243543
 20
8.862499999999999
 10
473.0640519624354
 20
8.862499999999999
  0
LWPOLYLINE
  5
5B2
330
17
100
AcDbEntity
  8
LABELS
100
AcDbPolyline
 90
2
 70
0
 10
472.18405196243543
 20
9.6625
 10
472.18405196243543
 20
8.862499999999999
  0
LWPOLYLINE
  5
5B3
330
17
100
AcDbEntity
  8
LABELS
100
AcDbPolyline
 90
2
 70
0
 10
472.18405196243543
 20
10.462499999999999
 10
472.18405196243543
 20
9.6625
  0
LWPOLYLINE
  5
5B4
330
17
100
AcDbEntity
  8
LABELS
100
AcDbPolyline
 90
2
 70
0
 10
472.18405196243543
 20
9.6625
 10
473.0640519624354
 20
9.6625
  0
LWPOLYLINE
  5
5B5
330
17
100
AcDbEntity
  8
LABELS
100
AcDbPolyline
 90
2
 70
0
 10
496.3175925383517
 20
10.462499999999999
 10
497.19759253835167
 20
10.462499999999999
  0
LWPOLYLINE
  5
5B6
330
17
100
AcDbEntity
  8
LABELS
100
AcDbPolyline
 90
2
 70
0
 10
496.3175925383517
 20
10.462499999999999
 10
496.3175925383517
 20
9.6625
  0
LWPOLYLINE
  5
5B7
330
17
100
AcDbEntity
  8
LABELS
100
AcDbPolyline
 90
2
 70
0
 10
496.3175925383517
 20
9.6625
 10
497.19759253835167
 20
9.6625
  0
LWPOLYLINE
  5
5B8
330
17
100
AcDbEntity
  8
LABELS
100
AcDbPolyline
 90
2
 70
0
 10
496.3175925383517
 20
9.6625
 10
496.3175925383517
 20
8.862499999999999
  0
LWPOLYLINE
  5
5B9
330
17
100
AcDbEntity
  8
LABELS
100
AcDbPolyline
 90
2
 70
0
 10
497.19759253835167
 20
9.6625
 10
497.19759253835167
 20
8.862499999999999
  0
LWPOLYLINE
  5
5BA
330
17
100
AcDbEntity
  8
LABELS
100
AcDbPolyline
 90
2
 70
0
 10
496.3175925383517
 20
8.862499999999999
 10
497.19759253835167
 20
8.862499999999999
  0
LWPOLYLINE
  5
5BB
330
17
100
AcDbEntity
  8
LABELS
100
AcDbPolyline
 90
2
 70
0
 10
497.51759253835166
 20
10.462499999999999
 10
498.39759253835166
 20
10.462499999999999
  0
LWPOLYLINE
  5
5BC
330
17
100
AcDbEntity
  8
LABELS
100
AcDbPolyline
 90
2
 70
0
 10
498.39759253835166
 20
10.462499999999999
 10
498.39759253835166
 20
9.6625
  0
LWPOLYLINE
  5
5BD
330
17
100
AcDbEntity
  8
LABELS
100
AcDbPolyline
 90
2
 70
0
 10
497.51759253835166
 20
9.6625
 10
498.39759253835166
 20
9.6625
  0
LWPOLYLINE
  5
5BE
330
17
100
AcDbEntity
  8
LABELS
100
AcDbPolyline
 90
2
 70
0
 10
498.39759253835166
 20
9.6625
 10
498.39759253835166
 20
8.862499999999999
  0
LWPOLYLINE
  5
5BF
330
17
100
AcDbEntity
  8
LABELS
100
AcDbPolyline
 90
2
 70
0
 10
497.51759253835166
 20
8.862499999999999
 10
498.39759253835166
 20
8.862499999999999
  0
LWPOLYLINE
  5
5C0
330
17
100
AcDbEntity
  8
LABELS
100
AcDbPolyline
 90
2
 70
0
 10
343.44392670157066
 20
38.758500000000005
 10
343.44392670157066
 20
37.9585
  0
LWPOLYLINE
  5
5C1
330
17
100
AcDbEntity
  8
LABELS
100
AcDbPolyline
 90
2
 70
0
 10
343.44392670157066
 20
37.9585
 10
343.44392670157066
 20
37.158500000000004
  0
LWPOLYLINE
  5
5C2
330
17
100
AcDbEntity
  8
LABELS
100
AcDbPolyline
 90
2
 70
0
 10
343.76392670157065
 20
38.758500000000005
 10
344.64392670157065
 20
38.758500000000005
  0
LWPOLYLINE
  5
5C3
330
17
100
AcDbEntity
  8
LABELS
100
AcDbPolyline
 90
2
 70
0
 10
344.64392670157065
 20
38.758500000000005
 10
344.64392670157065
 20
37.9585
  0
LWPOLYLINE
  5
5C4
330
17
100
AcDbEntity
  8
LABELS
100
AcDbPolyline
 90
2
 70
0
 10
343.76392670157065
 20
37.9585
 10
344.64392670157065
 20
37.9585
  0
LWPOLYLINE
  5
5C5
330
17
100
AcDbEntity
  8
LABELS
100
AcDbPolyline
 90
2
 70
0
 10
344.64392670157065
 20
37.9585
 10
344.64392670157065
 20
37.158500000000004
  0
LWPOLYLINE
  5
5C6
330
17
100
AcDbEntity
  8
LABELS
100
AcDbPolyline
 90
2
 70
0
 10
343.76392670157065
 20
37.158500000000004
 10
344.64392670157065
 20
37.158500000000004
  0
LWPOLYLINE
  5
5C7
330
17
100
AcDbEntity
  8
LABELS
100
AcDbPolyline
 90
2
 70
0
 10
344.9639267015707
 20
38.758500000000005
 10
345.8439267015707
 20
38.758500000000005
  0
LWPOLYLINE
  5
5C8
330
17
100
AcDbEntity
  8
LABELS
100
AcDbPolyline
 90
2
 70
0
 10
344.9639267015707
 20
38.758500000000005
 10
344.9639267015707
 20
37.9585
  0
LWPOLYLINE
  5
5C9
330
17
100
AcDbEntity
  8
LABELS
100
AcDbPolyline
 90
2
 70
0
 10
344.9639267015707
 20
37.9585
 10
345.8439267015707
 20
37.9585
  0
LWPOLYLINE
  5
5CA
330
17
100
AcDbEntity
  8
LABELS
100
AcDbPolyline
 90
2
 70
0
 10
345.8439267015707
 20
37.9585
 10
345.8439267015707
 20
37.158500000000004
  0
LWPOLYLINE
  5
5CB
330
17
100
AcDbEntity
  8
LABELS
100
AcDbPolyline
 90
2
 70
0
 10
344.9639267015707
 20
37.158500000000004
 10
345.8439267015707
 20
37.158500000000004
  0
LWPOLYLINE
  5
5CC
330
17
100
AcDbEntity
  8
LABELS
100
AcDbPolyline
 90
2
 70
0
 10
534.916850828055
 20
10.462499999999999
 10
535.796850828055
 20
10.462499999999999
  0
LWPOLYLINE
  5
5CD
330
17
100
AcDbEntity
  8
LABELS
100
AcDbPolyline
 90
2
 70
0
 10
535.796850828055
 20
10.462499999999999
 10
535.796850828055
 20
9.6625
  0
LWPOLYLINE
  5
5CE
330
17
100
AcDbEntity
  8
LABELS
100
AcDbPolyline
 90
2
 70
0
 10
534.916850828055
 20
9.6625
 10
535.796850828055
 20
9.6625
  0
LWPOLYLINE
  5
5CF
330
17
100
AcDbEntity
  8
LABELS
100
AcDbPolyline
 90
2
 70
0
 10
535.796850828055
 20
9.6625
 10
535.796850828055
 20
8.862499999999999
  0
LWPOLYLINE
  5
5D0
330
17
100
AcDbEntity
  8
LABELS
100
AcDbPolyline
 90
2
 70
0
 10
534.916850828055
 20
8.862499999999999
 10
535.796850828055
 20
8.862499999999999
  0
LWPOLYLINE
  5
5D1
330
17
100
AcDbEntity
  8
LABELS
100
AcDbPolyline
 90
2
 70
0
 10
536.116850828055
 20
10.462499999999999
 10
536.116850828055
 20
9.6625
  0
LWPOLYLINE
  5
5D2
330
17
100
AcDbEntity
  8
LABELS
100
AcDbPolyline
 90
2
 70
0
 10
536.116850828055
 20
9.6625
 10
536.996850828055
 20
9.6625
  0
LWPOLYLINE
  5
5D3
330
17
100
AcDbEntity
  8
LABELS
100
AcDbPolyline
 90
2
 70
0
 10
536.996850828055
 20
10.462499999999999
 10
536.996850828055
 20
9.6625
  0
LWPOLYLINE
  5
5D4
330
17
100
AcDbEntity
  8
LABELS
100
AcDbPolyline
 90
2
 70
0
 10
536.996850828055
 20
9.6625
 10
536.996850828055
 20
8.862499999999999
  0
LWPOLYLINE
  5
5D5
330
17
100
AcDbEntity
  8
LABELS
100
AcDbPolyline
 90
2
 70
0
 10
557.1398700252627
 20
10.462499999999999
 10
557.1398700252627
 20
9.6625
  0
LWPOLYLINE
  5
5D6
330
17
100
AcDbEntity
  8
LABELS
100
AcDbPolyline
 90
2
 70
0
 10
557.1398700252627
 20
9.6625
 10
557.1398700252627
 20
8.862499999999999
  0
LWPOLYLINE
  5
5D7
330
17
100
AcDbEntity
  8
LABELS
100
AcDbPolyline
 90
2
 70
0
 10
557.4598700252626
 20
10.462499999999999
 10
558.3398700252627
 20
10.462499999999999
  0
LWPOLYLINE
  5
5D8
330
17
100
AcDbEntity
  8
LABELS
100
AcDbPolyline
 90
2
 70
0
 10
557.4598700252626
 20
10.462499999999999
 10
557.4598700252626
 20
9.6625
  0
LWPOLYLINE
  5
5D9
330
17
100
AcDbEntity
  8
LABELS
100
AcDbPolyline
 90
2
 70
0
 10
557.4598700252626
 20
9.6625
 10
558.3398700252627
 20
9.6625
  0
LWPOLYLINE
  5
5DA
330
17
100
AcDbEntity
  8
LABELS
100
AcDbPolyline
 90
2
 70
0
 10
557.4598700252626
 20
9.6625
 10
557.4598700252626
 20
8.862499999999999
  0
LWPOLYLINE
  5
5DB
330
17
100
AcDbEntity
  8
LABELS
100
AcDbPolyline
 90
2
 70
0
 10
558.3398700252627
 20
9.6625
 10
558.3398700252627
 20
8.862499999999999
  0
LWPOLYLINE
  5
5DC
330
17
100
AcDbEntity
  8
LABELS
100
AcDbPolyline
 90
2
 70
0
 10
557.4598700252626
 20
8.862499999999999
 10
558.3398700252627
 20
8.862499999999999
  0
LWPOLYLINE
  5
5DD
330
17
100
AcDbEntity
  8
LABELS
100
AcDbPolyline
 90
2
 70
0
 10
390.3228812470252
 20
39.011
 10
391.1228812470252
 20
39.011
  0
LWPOLYLINE
  5
5DE
330
17
100
AcDbEntity
  8
LABELS
100
AcDbPolyline
 90
2
 70
0
 10
391.1228812470252
 20
39.011
 10
391.9228812470252
 20
39.011
  0
LWPOLYLINE
  5
5DF
330
17
100
AcDbEntity
  8
LABELS
100
AcDbPolyline
 90
2
 70
0
 10
390.3228812470252
 20
39.331
 10
391.1228812470252
 20
39.331
  0
LWPOLYLINE
  5
5E0
330
17
100
AcDbEntity
  8
LABELS
100
AcDbPolyline
 90
2
 70
0
 10
391.1228812470252
 20
39.331
 10
391.1228812470252
 20
40.211
  0
LWPOLYLINE
  5
5E1
330
17
100
AcDbEntity
  8
LABELS
100
AcDbPolyline
 90
2
 70
0
 10
390.3228812470252
 20
40.211
 10
391.1228812470252
 20
40.211
  0
LWPOLYLINE
  5
5E2
330
17
100
AcDbEntity
  8
LABELS
100
AcDbPolyline
 90
2
 70
0
 10
391.1228812470252
 20
40.211
 10
391.9228812470252
 20
40.211
  0
LWPOLYLINE
  5
5E3
330
17
100
AcDbEntity
  8
LABELS
100
AcDbPolyline
 90
2
 70
0
 10
390.3228812470252
 20
40.531000000000006
 10
390.3228812470252
 20
41.411
  0
LWPOLYLINE
  5
5E4
330
17
100
AcDbEntity
  8
LABELS
100
AcDbPolyline
 90
2
 70
0
 10
390.3228812470252
 20
41.411
 10
391.1228812470252
 20
41.411
  0
LWPOLYLINE
  5
5E5
330
17
100
AcDbEntity
  8
LABELS
100
AcDbPolyline
 90
2
 70
0
 10
390.3228812470252
 20
40.531000000000006
 10
391.1228812470252
 20
40.531000000000006
  0
LWPOLYLINE
  5
5E6
330
17
100
AcDbEntity
  8
LABELS
100
AcDbPolyline
 90
2
 70
0
 10
391.1228812470252
 20
40.531000000000006
 10
391.1228812470252
 20
41.411
  0
LWPOLYLINE
  5
5E7
330
17
100
AcDbEntity
  8
LABELS
100
AcDbPolyline
 90
2
 70
0
 10
391.1228812470252
 20
41.411
 10
391.9228812470252
 20
41.411
  0
LWPOLYLINE
  5
5E8
330
17
100
AcDbEntity
  8
LABELS
100
AcDbPolyline
 90
2
 70
0
 10
391.9228812470252
 20
40.531000000000006
 10
391.9228812470252
 20
41.411
  0
LWPOLYLINE
  5
5E9
330
17
100
AcDbEntity
  8
LABELS
100
AcDbPolyline
 90
2
 70
0
 10
409.64765397429795
 20
42.17100000000001
 10
409.64765397429795
 20
41.371
  0
LWPOLYLINE
  5
5EA
330
17
100
AcDbEntity
  8
LABELS
100
AcDbPolyline
 90
2
 70
0
 10
409.64765397429795
 20
41.371
 10
409.64765397429795
 20
40.571000000000005
  0
LWPOLYLINE
  5
5EB
330
17
100
AcDbEntity
  8
LABELS
100
AcDbPolyline
 90
2
 70
0
 10
409.96765397429795
 20
42.17100000000001
 10
410.84765397429794
 20
42.17100000000001
  0
LWPOLYLINE
  5
5EC
330
17
100
AcDbEntity
  8
LABELS
100
AcDbPolyline
 90
2
 70
0
 10
410.84765397429794
 20
42.17100000000001
 10
410.84765397429794
 20
41.371
  0
LWPOLYLINE
  5
5ED
330
17
100
AcDbEntity
  8
LABELS
100
AcDbPolyline
 90
2
 70
0
 10
409.96765397429795
 20
41.371
 10
410.84765397429794
 20
41.371
  0
LWPOLYLINE
  5
5EE
330
17
100
AcDbEntity
  8
LABELS
100
AcDbPolyline
 90
2
 70
0
 10
410.84765397429794
 20
41.371
 10
410.84765397429794
 20
40.571000000000005
  0
LWPOLYLINE
  5
5EF
330
17
100
AcDbEntity
  8
LABELS
100
AcDbPolyline
 90
2
 70
0
 10
409.96765397429795
 20
40.571000000000005
 10
410.84765397429794
 20
40.571000000000005
  0
LWPOLYLINE
  5
5F0
330
17
100
AcDbEntity
  8
LABELS
100
AcDbPolyline
 90
2
 70
0
 10
411.16765397429793
 20
42.17100000000001
 10
411.16765397429793
 20
41.371
  0
LWPOLYLINE
  5
5F1
330
17
100
AcDbEntity
  8
LABELS
100
AcDbPolyline
 90
2
 70
0
 10
411.16765397429793
 20
41.371
 10
412.04765397429793
 20
41.371
  0
LWPOLYLINE
  5
5F2
330
17
100
AcDbEntity
  8
LABELS
100
AcDbPolyline
 90
2
 70
0
 10
412.04765397429793
 20
42.17100000000001
 10
412.04765397429793
 20
41.371
  0
LWPOLYLINE
  5
5F3
330
17
100
AcDbEntity
  8
LABELS
100
AcDbPolyline
 90
2
 70
0
 10
412.04765397429793
 20
41.371
 10
412.04765397429793
 20
40.571000000000005
  0
LWPOLYLINE
  5
5F4
330
17
100
AcDbEntity
  8
LABELS
100
AcDbPolyline
 90
2
 70
0
 10
343.1639267015707
 20
65.6575
 10
344.0439267015707
 20
65.6575
  0
LWPOLYLINE
  5
5F5
330
17
100
AcDbEntity
  8
LABELS
100
AcDbPolyline
 90
2
 70
0
 10
344.0439267015707
 20
65.6575
 10
344.0439267015707
 20
64.8575
  0
LWPOLYLINE
  5
5F6
330
17
100
AcDbEntity
  8
LABELS
100
AcDbPolyline
 90
2
 70
0
 10
343.1639267015707
 20
64.8575
 10
344.0439267015707
 20
64.8575
  0
LWPOLYLINE
  5
5F7
330
17
100
AcDbEntity
  8
LABELS
100
AcDbPolyline
 90
2
 70
0
 10
344.0439267015707
 20
64.8575
 10
344.0439267015707
 20
64.05749999999999
  0
LWPOLYLINE
  5
5F8
330
17
100
AcDbEntity
  8
LABELS
100
AcDbPolyline
 90
2
 70
0
 10
343.1639267015707
 20
64.05749999999999
 10
344.0439267015707
 20
64.05749999999999
  0
LWPOLYLINE
  5
5F9
330
17
100
AcDbEntity
  8
LABELS
100
AcDbPolyline
 90
2
 70
0
 10
344.3639267015707
 20
65.6575
 10
345.2439267015707
 20
65.6575
  0
LWPOLYLINE
  5
5FA
330
17
100
AcDbEntity
  8
LABELS
100
AcDbPolyline
 90
2
 70
0
 10
345.2439267015707
 20
65.6575
 10
345.2439267015707
 20
64.8575
  0
LWPOLYLINE
  5
5FB
330
17
100
AcDbEntity
  8
LABELS
100
AcDbPolyline
 90
2
 70
0
 10
345.2439267015707
 20
64.8575
 10
345.2439267015707
 20
64.05749999999999
  0
LWPOLYLINE
  5
5FC
330
17
100
AcDbEntity
  8
LABELS
100
AcDbPolyline
 90
2
 70
0
 10
369.70384816753926
 20
65.6575
 10
370.58384816753926
 20
65.6575
  0
LWPOLYLINE
  5
5FD
330
17
100
AcDbEntity
  8
LABELS
100
AcDbPolyline
 90
2
 70
0
 10
369.70384816753926
 20
65.6575
 10
369.70384816753926
 20
64.8575
  0
LWPOLYLINE
  5
5FE
330
17
100
AcDbEntity
  8
LABELS
100
AcDbPolyline
 90
2
 70
0
 10
369.70384816753926
 20
64.8575
 10
370.58384816753926
 20
64.8575
  0
LWPOLYLINE
  5
5FF
330
17
100
AcDbEntity
  8
LABELS
100
AcDbPolyline
 90
2
 70
0
 10
369.70384816753926
 20
64.8575
 10
369.70384816753926
 20
64.05749999999999
  0
LWPOLYLINE
  5
600
330
17
100
AcDbEntity
  8
LABELS
100
AcDbPolyline
 90
2
 70
0
 10
370.58384816753926
 20
64.8575
 10
370.58384816753926
 20
64.05749999999999
  0
LWPOLYLINE
  5
601
330
17
100
AcDbEntity
  8
LABELS
100
AcDbPolyline
 90
2
 70
0
 10
369.70384816753926
 20
64.05749999999999
 10
370.58384816753926
 20
64.05749999999999
  0
LWPOLYLINE
  5
602
330
17
100
AcDbEntity
  8
LABELS
100
AcDbPolyline
 90
2
 70
0
 10
446.01433579247976
 20
44.78939160839161
 10
446.01433579247976
 20
45.669391608391614
  0
LWPOLYLINE
  5
603
330
17
100
AcDbEntity
  8
LABELS
100
AcDbPolyline
 90
2
 70
0
 10
446.01433579247976
 20
45.669391608391614
 10
446.8143357924797
 20
45.669391608391614
  0
LWPOLYLINE
  5
604
330
17
100
AcDbEntity
  8
LABELS
100
AcDbPolyline
 90
2
 70
0
 10
446.01433579247976
 20
44.78939160839161
 10
446.8143357924797
 20
44.78939160839161
  0
LWPOLYLINE
  5
605
330
17
100
AcDbEntity
  8
LABELS
100
AcDbPolyline
 90
2
 70
0
 10
446.8143357924797
 20
44.78939160839161
 10
446.8143357924797
 20
45.669391608391614
  0
LWPOLYLINE
  5
606
330
17
100
AcDbEntity
  8
LABELS
100
AcDbPolyline
 90
2
 70
0
 10
446.8143357924797
 20
45.669391608391614
 10
447.6143357924797
 20
45.669391608391614
  0
LWPOLYLINE
  5
607
330
17
100
AcDbEntity
  8
LABELS
100
AcDbPolyline
 90
2
 70
0
 10
447.6143357924797
 20
44.78939160839161
 10
447.6143357924797
 20
45.669391608391614
  0
LWPOLYLINE
  5
608
330
17
100
AcDbEntity
  8
LABELS
100
AcDbPolyline
 90
2
 70
0
 10
446.01433579247976
 20
45.989391608391614
 10
446.01433579247976
 20
46.86939160839161
  0
LWPOLYLINE
  5
609
330
17
100
AcDbEntity
  8
LABELS
100
AcDbPolyline
 90
2
 70
0
 10
446.01433579247976
 20
46.86939160839161
 10
446.8143357924797
 20
46.86939160839161
  0
LWPOLYLINE
  5
60A
330
17
100
AcDbEntity
  8
LABELS
100
AcDbPolyline
 90
2
 70
0
 10
446.8143357924797
 20
46.86939160839161
 10
447.6143357924797
 20
46.86939160839161
  0
LWPOLYLINE
  5
60B
330
17
100
AcDbEntity
  8
LABELS
100
AcDbPolyline
 90
2
 70
0
 10
447.6143357924797
 20
45.989391608391614
 10
447.6143357924797
 20
46.86939160839161
  0
LWPOLYLINE
  5
60C
330
17
100
AcDbEntity
  8
LABELS
100
AcDbPolyline
 90
2
 70
0
 10
446.8143357924797
 20
45.989391608391614
 10
447.6143357924797
 20
45.989391608391614
  0
LWPOLYLINE
  5
60D
330
17
100
AcDbEntity
  8
LABELS
100
AcDbPolyline
 90
2
 70
0
 10
446.01433579247976
 20
45.989391608391614
 10
446.8143357924797
 20
45.989391608391614
  0
LWPOLYLINE
  5
60E
330
17
100
AcDbEntity
  8
LABELS
100
AcDbPolyline
 90
2
 70
0
 10
404.58374089261525
 20
69.07
 10
404.58374089261525
 20
68.27
  0
LWPOLYLINE
  5
60F
330
17
100
AcDbEntity
  8
LABELS
100
AcDbPolyline
 90
2
 70
0
 10
404.58374089261525
 20
68.27
 10
404.58374089261525
 20
67.47
  0
LWPOLYLINE
  5
610
330
17
100
AcDbEntity
  8
LABELS
100
AcDbPolyline
 90
2
 70
0
 10
404.90374089261525
 20
69.07
 10
404.90374089261525
 20
68.27
  0
LWPOLYLINE
  5
611
330
17
100
AcDbEntity
  8
LABELS
100
AcDbPolyline
 90
2
 70
0
 10
404.90374089261525
 20
68.27
 10
405.78374089261524
 20
68.27
  0
LWPOLYLINE
  5
612
330
17
100
AcDbEntity
  8
LABELS
100
AcDbPolyline
 90
2
 70
0
 10
405.78374089261524
 20
69.07
 10
405.78374089261524
 20
68.27
  0
LWPOLYLINE
  5
613
330
17
100
AcDbEntity
  8
LABELS
100
AcDbPolyline
 90
2
 70
0
 10
405.78374089261524
 20
68.27
 10
405.78374089261524
 20
67.47
  0
LWPOLYLINE
  5
614
330
17
100
AcDbEntity
  8
LABELS
100
AcDbPolyline
 90
2
 70
0
 10
406.10374089261524
 20
69.07
 10
406.9837408926153
 20
69.07
  0
LWPOLYLINE
  5
615
330
17
100
AcDbEntity
  8
LABELS
100
AcDbPolyline
 90
2
 70
0
 10
406.9837408926153
 20
69.07
 10
406.9837408926153
 20
68.27
  0
LWPOLYLINE
  5
616
330
17
100
AcDbEntity
  8
LABELS
100
AcDbPolyline
 90
2
 70
0
 10
406.9837408926153
 20
68.27
 10
406.9837408926153
 20
67.47
  0
LWPOLYLINE
  5
617
330
17
100
AcDbEntity
  8
LABELS
100
AcDbPolyline
 90
2
 70
0
 10
406.10374089261524
 20
67.47
 10
406.9837408926153
 20
67.47
  0
LWPOLYLINE
  5
618
330
17
100
AcDbEntity
  8
LABELS
100
AcDbPolyline
 90
2
 70
0
 10
406.10374089261524
 20
68.27
 10
406.10374089261524
 20
67.47
  0
LWPOLYLINE
  5
619
330
17
100
AcDbEntity
  8
LABELS
100
AcDbPolyline
 90
2
 70
0
 10
406.10374089261524
 20
69.07
 10
406.10374089261524
 20
68.27
  0
LWPOLYLINE
  5
61A
330
17
100
AcDbEntity
  8
LABELS
100
AcDbPolyline
 90
2
 70
0
 10
406.10374089261524
 20
68.27
 10
406.9837408926153
 20
68.27
  0
LWPOLYLINE
  5
61B
330
17
100
AcDbEntity
  8
LABELS
100
AcDbPolyline
 90
2
 70
0
 10
427.05578543184566
 20
84.506
 10
427.93578543184566
 20
84.506
  0
LWPOLYLINE
  5
61C
330
17
100
AcDbEntity
  8
LABELS
100
AcDbPolyline
 90
2
 70
0
 10
427.93578543184566
 20
84.506
 10
427.93578543184566
 20
83.70599999999999
  0
LWPOLYLINE
  5
61D
330
17
100
AcDbEntity
  8
LABELS
100
AcDbPolyline
 90
2
 70
0
 10
427.93578543184566
 20
83.70599999999999
 10
427.93578543184566
 20
82.90599999999999
  0
LWPOLYLINE
  5
61E
330
17
100
AcDbEntity
  8
LABELS
100
AcDbPolyline
 90
2
 70
0
 10
428.25578543184565
 20
84.506
 10
429.13578543184565
 20
84.506
  0
LWPOLYLINE
  5
61F
330
17
100
AcDbEntity
  8
LABELS
100
AcDbPolyline
 90
2
 70
0
 10
429.13578543184565
 20
84.506
 10
429.13578543184565
 20
83.70599999999999
  0
LWPOLYLINE
  5
620
330
17
100
AcDbEntity
  8
LABELS
100
AcDbPolyline
 90
2
 70
0
 10
429.13578543184565
 20
83.70599999999999
 10
429.13578543184565
 20
82.90599999999999
  0
LWPOLYLINE
  5
621
330
17
100
AcDbEntity
  8
LABELS
100
AcDbPolyline
 90
2
 70
0
 10
451.9318325522645
 20
84.506
 10
452.8118325522645
 20
84.506
  0
LWPOLYLINE
  5
622
330
17
100
AcDbEntity
  8
LABELS
100
AcDbPolyline
 90
2
 70
0
 10
452.8118325522645
 20
84.506
 10
452.8118325522645
 20
83.70599999999999
  0
LWPOLYLINE
  5
623
330
17
100
AcDbEntity
  8
LABELS
100
AcDbPolyline
 90
2
 70
0
 10
452.8118325522645
 20
83.70599999999999
 10
452.8118325522645
 20
82.90599999999999
  0
LWPOLYLINE
  5
624
330
17
100
AcDbEntity
  8
LABELS
100
AcDbPolyline
 90
2
 70
0
 10
453.1318325522645
 20
84.506
 10
454.0118325522645
 20
84.506
  0
LWPOLYLINE
  5
625
330
17
100
AcDbEntity
  8
LABELS
100
AcDbPolyline
 90
2
 70
0
 10
454.0118325522645
 20
84.506
 10
454.0118325522645
 20
83.70599999999999
  0
LWPOLYLINE
  5
626
330
17
100
AcDbEntity
  8
LABELS
100
AcDbPolyline
 90
2
 70
0
 10
453.1318325522645
 20
84.506
 10
453.1318325522645
 20
83.70599999999999
  0
LWPOLYLINE
  5
627
330
17
100
AcDbEntity
  8
LABELS
100
AcDbPolyline
 90
2
 70
0
 10
453.1318325522645
 20
83.70599999999999
 10
454.0118325522645
 20
83.70599999999999
  0
LWPOLYLINE
  5
628
330
17
100
AcDbEntity
  8
LABELS
100
AcDbPolyline
 90
2
 70
0
 10
454.0118325522645
 20
83.70599999999999
 10
454.0118325522645
 20
82.90599999999999
  0
LWPOLYLINE
  5
629
330
17
100
AcDbEntity
  8
LABELS
100
AcDbPolyline
 90
2
 70
0
 10
453.1318325522645
 20
82.90599999999999
 10
454.0118325522645
 20
82.90599999999999
  0
LWPOLYLINE
  5
62A
330
17
100
AcDbEntity
  8
LABELS
100
AcDbPolyline
 90
2
 70
0
 10
489.7433561124739
 20
65.63
 10
489.7433561124739
 20
66.50999999999999
  0
LWPOLYLINE
  5
62B
330
17
100
AcDbEntity
  8
LABELS
100
AcDbPolyline
 90
2
 70
0
 10
489.7433561124739
 20
66.50999999999999
 10
490.5433561124739
 20
66.50999999999999
  0
LWPOLYLINE
  5
62C
330
17
100
AcDbEntity
  8
LABELS
100
AcDbPolyline
 90
2
 70
0
 10
490.5433561124739
 20
66.50999999999999
 10
491.3433561124739
 20
66.50999999999999
  0
LWPOLYLINE
  5
62D
330
17
100
AcDbEntity
  8
LABELS
100
AcDbPolyline
 90
2
 70
0
 10
491.3433561124739
 20
65.63
 10
491.3433561124739
 20
66.50999999999999
  0
LWPOLYLINE
  5
62E
330
17
100
AcDbEntity
  8
LABELS
100
AcDbPolyline
 90
2
 70
0
 10
490.5433561124739
 20
65.63
 10
491.3433561124739
 20
65.63
  0
LWPOLYLINE
  5
62F
330
17
100
AcDbEntity
  8
LABELS
100
AcDbPolyline
 90
2
 70
0
 10
489.7433561124739
 20
65.63
 10
490.5433561124739
 20
65.63
  0
LWPOLYLINE
  5
630
330
17
100
AcDbEntity
  8
LABELS
100
AcDbPolyline
 90
2
 70
0
 10
490.5433561124739
 20
65.63
 10
490.5433561124739
 20
66.50999999999999
  0
LWPOLYLINE
  5
631
330
17
100
AcDbEntity
  8
LABELS
100
AcDbPolyline
 90
2
 70
0
 10
489.7433561124739
 20
66.83
 10
489.7433561124739
 20
67.71
  0
LWPOLYLINE
  5
632
330
17
100
AcDbEntity
  8
LABELS
100
AcDbPolyline
 90
2
 70
0
 10
489.7433561124739
 20
67.71
 10
490.5433561124739
 20
67.71
  0
LWPOLYLINE
  5
633
330
17
100
AcDbEntity
  8
LABELS
100
AcDbPolyline
 90
2
 70
0
 10
490.5433561124739
 20
66.83
 10
490.5433561124739
 20
67.71
  0
LWPOLYLINE
  5
634
330
17
100
AcDbEntity
  8
LABELS
100
AcDbPolyline
 90
2
 70
0
 10
490.5433561124739
 20
66.83
 10
491.3433561124739
 20
66.83
  0
LWPOLYLINE
  5
635
330
17
100
AcDbEntity
  8
LABELS
100
AcDbPolyline
 90
2
 70
0
 10
491.3433561124739
 20
66.83
 10
491.3433561124739
 20
67.71
  0
LWPOLYLINE
  5
636
330
17
100
AcDbEntity
  8
LABELS
100
AcDbPolyline
 90
2
 70
0
 10
470.50033579247975
 20
38.731
 10
470.50033579247975
 20
39.611000000000004
  0
LWPOLYLINE
  5
637
330
17
100
AcDbEntity
  8
LABELS
100
AcDbPolyline
 90
2
 70
0
 10
470.50033579247975
 20
39.611000000000004
 10
471.3003357924797
 20
39.611000000000004
  0
LWPOLYLINE
  5
638
330
17
100
AcDbEntity
  8
LABELS
100
AcDbPolyline
 90
2
 70
0
 10
471.3003357924797
 20
39.611000000000004
 10
472.1003357924797
 20
39.611000000000004
  0
LWPOLYLINE
  5
639
330
17
100
AcDbEntity
  8
LABELS
100
AcDbPolyline
 90
2
 70
0
 10
470.50033579247975
 20
39.931000000000004
 10
470.50033579247975
 20
40.811
  0
LWPOLYLINE
  5
63A
330
17
100
AcDbEntity
  8
LABELS
100
AcDbPolyline
 90
2
 70
0
 10
470.50033579247975
 20
39.931000000000004
 10
471.3003357924797
 20
39.931000000000004
  0
LWPOLYLINE
  5
63B
330
17
100
AcDbEntity
  8
LABELS
100
AcDbPolyline
 90
2
 70
0
 10
471.3003357924797
 20
39.931000000000004
 10
471.3003357924797
 20
40.811
  0
LWPOLYLINE
  5
63C
330
17
100
AcDbEntity
  8
LABELS
100
AcDbPolyline
 90
2
 70
0
 10
471.3003357924797
 20
40.811
 10
472.1003357924797
 20
40.811
  0
LWPOLYLINE
  5
63D
330
17
100
AcDbEntity
  8
LABELS
100
AcDbPolyline
 90
2
 70
0
 10
472.1003357924797
 20
39.931000000000004
 10
472.1003357924797
 20
40.811
  0
LWPOLYLINE
  5
63E
330
17
100
AcDbEntity
  8
LABELS
100
AcDbPolyline
 90
2
 70
0
 10
514.2293561124739
 20
71.27151084517573
 10
514.2293561124739
 20
72.15151084517574
  0
LWPOLYLINE
  5
63F
330
17
100
AcDbEntity
  8
LABELS
100
AcDbPolyline
 90
2
 70
0
 10
514.2293561124739
 20
71.27151084517573
 10
515.0293561124739
 20
71.27151084517573
  0
LWPOLYLINE
  5
640
330
17
100
AcDbEntity
  8
LABELS
100
AcDbPolyline
 90
2
 70
0
 10
515.0293561124739
 20
71.27151084517573
 10
515.0293561124739
 20
72.15151084517574
  0
LWPOLYLINE
  5
641
330
17
100
AcDbEntity
  8
LABELS
100
AcDbPolyline
 90
2
 70
0
 10
515.0293561124739
 20
72.15151084517574
 10
515.8293561124739
 20
72.15151084517574
  0
LWPOLYLINE
  5
642
330
17
100
AcDbEntity
  8
LABELS
100
AcDbPolyline
 90
2
 70
0
 10
515.8293561124739
 20
71.27151084517573
 10
515.8293561124739
 20
72.15151084517574
  0
LWPOLYLINE
  5
643
330
17
100
AcDbEntity
  8
LABELS
100
AcDbPolyline
 90
2
 70
0
 10
514.2293561124739
 20
72.47151084517573
 10
514.2293561124739
 20
73.35151084517574
  0
LWPOLYLINE
  5
644
330
17
100
AcDbEntity
  8
LABELS
100
AcDbPolyline
 90
2
 70
0
 10
514.2293561124739
 20
73.35151084517574
 10
515.0293561124739
 20
73.35151084517574
  0
LWPOLYLINE
  5
645
330
17
100
AcDbEntity
  8
LABELS
100
AcDbPolyline
 90
2
 70
0
 10
515.0293561124739
 20
73.35151084517574
 10
515.8293561124739
 20
73.35151084517574
  0
LWPOLYLINE
  5
646
330
17
100
AcDbEntity
  8
LABELS
100
AcDbPolyline
 90
2
 70
0
 10
538.715356112474
 20
66.22999999999999
 10
538.715356112474
 20
67.11
  0
LWPOLYLINE
  5
647
330
17
100
AcDbEntity
  8
LABELS
100
AcDbPolyline
 90
2
 70
0
 10
538.715356112474
 20
67.11
 10
539.515356112474
 20
67.11
  0
LWPOLYLINE
  5
648
330
17
100
AcDbEntity
  8
LABELS
100
AcDbPolyline
 90
2
 70
0
 10
539.515356112474
 20
67.11
 10
540.315356112474
 20
67.11
  0
LWPOLYLINE
  5
649
330
17
100
AcDbEntity
  8
LABELS
100
AcDbPolyline
 90
2
 70
0
 10
540.315356112474
 20
66.22999999999999
 10
540.315356112474
 20
67.11
  0
LWPOLYLINE
  5
64A
330
17
100
AcDbEntity
  8
LABELS
100
AcDbPolyline
 90
2
 70
0
 10
539.515356112474
 20
66.22999999999999
 10
540.315356112474
 20
66.22999999999999
  0
LWPOLYLINE
  5
64B
330
17
100
AcDbEntity
  8
LABELS
100
AcDbPolyline
 90
2
 70
0
 10
538.715356112474
 20
66.22999999999999
 10
539.515356112474
 20
66.22999999999999
  0
LWPOLYLINE
  5
64C
330
17
100
AcDbEntity
  8
LABELS
100
AcDbPolyline
 90
2
 70
0
 10
539.515356112474
 20
66.22999999999999
 10
539.515356112474
 20
67.11
  0
LWPOLYLINE
  5
64D
330
17
100
AcDbEntity
  8
LABELS
100
AcDbPolyline
 90
2
 70
0
 10
490.8118357924797
 20
45.682188811188816
 10
491.6118357924797
 20
45.682188811188816
  0
LWPOLYLINE
  5
64E
330
17
100
AcDbEntity
  8
LABELS
100
AcDbPolyline
 90
2
 70
0
 10
491.6118357924797
 20
45.682188811188816
 10
492.41183579247974
 20
45.682188811188816
  0
LWPOLYLINE
  5
64F
330
17
100
AcDbEntity
  8
LABELS
100
AcDbPolyline
 90
2
 70
0
 10
490.8118357924797
 20
46.002188811188816
 10
491.6118357924797
 20
46.002188811188816
  0
LWPOLYLINE
  5
650
330
17
100
AcDbEntity
  8
LABELS
100
AcDbPolyline
 90
2
 70
0
 10
491.6118357924797
 20
46.002188811188816
 10
491.6118357924797
 20
46.88218881118882
  0
LWPOLYLINE
  5
651
330
17
100
AcDbEntity
  8
LABELS
100
AcDbPolyline
 90
2
 70
0
 10
490.8118357924797
 20
46.88218881118882
 10
491.6118357924797
 20
46.88218881118882
  0
LWPOLYLINE
  5
652
330
17
100
AcDbEntity
  8
LABELS
100
AcDbPolyline
 90
2
 70
0
 10
491.6118357924797
 20
46.88218881118882
 10
492.41183579247974
 20
46.88218881118882
  0
LWPOLYLINE
  5
653
330
17
100
AcDbEntity
  8
LABELS
100
AcDbPolyline
 90
2
 70
0
 10
490.8118357924797
 20
47.20218881118882
 10
490.8118357924797
 20
48.082188811188814
  0
LWPOLYLINE
  5
654
330
17
100
AcDbEntity
  8
LABELS
100
AcDbPolyline
 90
2
 70
0
 10
490.8118357924797
 20
48.082188811188814
 10
491.6118357924797
 20
48.082188811188814
  0
LWPOLYLINE
  5
655
330
17
100
AcDbEntity
  8
LABELS
100
AcDbPolyline
 90
2
 70
0
 10
491.6118357924797
 20
47.20218881118882
 10
491.6118357924797
 20
48.082188811188814
  0
LWPOLYLINE
  5
656
330
17
100
AcDbEntity
  8
LABELS
100
AcDbPolyline
 90
2
 70
0
 10
491.6118357924797
 20
47.20218881118882
 10
492.41183579247974
 20
47.20218881118882
  0
LWPOLYLINE
  5
657
330
17
100
AcDbEntity
  8
LABELS
100
AcDbPolyline
 90
2
 70
0
 10
492.41183579247974
 20
47.20218881118882
 10
492.41183579247974
 20
48.082188811188814
  0
LWPOLYLINE
  5
658
330
17
100
AcDbEntity
  8
LABELS
100
AcDbPolyline
 90
2
 70
0
 10
544.352856112474
 20
69.02405594405593
 10
544.352856112474
 20
69.90405594405594
  0
LWPOLYLINE
  5
659
330
17
100
AcDbEntity
  8
LABELS
100
AcDbPolyline
 90
2
 70
0
 10
544.352856112474
 20
69.90405594405594
 10
545.152856112474
 20
69.90405594405594
  0
LWPOLYLINE
  5
65A
330
17
100
AcDbEntity
  8
LABELS
100
AcDbPolyline
 90
2
 70
0
 10
544.352856112474
 20
69.02405594405593
 10
545.152856112474
 20
69.02405594405593
  0
LWPOLYLINE
  5
65B
330
17
100
AcDbEntity
  8
LABELS
100
AcDbPolyline
 90
2
 70
0
 10
545.152856112474
 20
69.02405594405593
 10
545.152856112474
 20
69.90405594405594
  0
LWPOLYLINE
  5
65C
330
17
100
AcDbEntity
  8
LABELS
100
AcDbPolyline
 90
2
 70
0
 10
545.152856112474
 20
69.90405594405594
 10
545.952856112474
 20
69.90405594405594
  0
LWPOLYLINE
  5
65D
330
17
100
AcDbEntity
  8
LABELS
100
AcDbPolyline
 90
2
 70
0
 10
545.952856112474
 20
69.02405594405593
 10
545.952856112474
 20
69.90405594405594
  0
LWPOLYLINE
  5
65E
330
17
100
AcDbEntity
  8
LABELS
100
AcDbPolyline
 90
2
 70
0
 10
544.352856112474
 20
70.22405594405593
 10
544.352856112474
 20
71.10405594405594
  0
LWPOLYLINE
  5
65F
330
17
100
AcDbEntity
  8
LABELS
100
AcDbPolyline
 90
2
 70
0
 10
544.352856112474
 20
71.10405594405594
 10
545.152856112474
 20
71.10405594405594
  0
LWPOLYLINE
  5
660
330
17
100
AcDbEntity
  8
LABELS
100
AcDbPolyline
 90
2
 70
0
 10
545.152856112474
 20
70.22405594405593
 10
545.152856112474
 20
71.10405594405594
  0
LWPOLYLINE
  5
661
330
17
100
AcDbEntity
  8
LABELS
100
AcDbPolyline
 90
2
 70
0
 10
545.152856112474
 20
70.22405594405593
 10
545.952856112474
 20
70.22405594405593
  0
LWPOLYLINE
  5
662
330
17
100
AcDbEntity
  8
LABELS
100
AcDbPolyline
 90
2
 70
0
 10
545.952856112474
 20
70.22405594405593
 10
545.952856112474
 20
71.10405594405594
  0
LWPOLYLINE
  5
663
330
17
100
AcDbEntity
  8
LABELS
100
AcDbPolyline
 90
2
 70
0
 10
595.307356112474
 20
65.63
 10
595.307356112474
 20
66.50999999999999
  0
LWPOLYLINE
  5
664
330
17
100
AcDbEntity
  8
LABELS
100
AcDbPolyline
 90
2
 70
0
 10
595.307356112474
 20
66.50999999999999
 10
596.107356112474
 20
66.50999999999999
  0
LWPOLYLINE
  5
665
330
17
100
AcDbEntity
  8
LABELS
100
AcDbPolyline
 90
2
 70
0
 10
595.307356112474
 20
65.63
 10
596.107356112474
 20
65.63
  0
LWPOLYLINE
  5
666
330
17
100
AcDbEntity
  8
LABELS
100
AcDbPolyline
 90
2
 70
0
 10
596.107356112474
 20
65.63
 10
596.107356112474
 20
66.50999999999999
  0
LWPOLYLINE
  5
667
330
17
100
AcDbEntity
  8
LABELS
100
AcDbPolyline
 90
2
 70
0
 10
596.107356112474
 20
66.50999999999999
 10
596.9073561124741
 20
66.50999999999999
  0
LWPOLYLINE
  5
668
330
17
100
AcDbEntity
  8
LABELS
100
AcDbPolyline
 90
2
 70
0
 10
596.9073561124741
 20
65.63
 10
596.9073561124741
 20
66.50999999999999
  0
LWPOLYLINE
  5
669
330
17
100
AcDbEntity
  8
LABELS
100
AcDbPolyline
 90
2
 70
0
 10
595.307356112474
 20
66.83
 10
595.307356112474
 20
67.71
  0
LWPOLYLINE
  5
66A
330
17
100
AcDbEntity
  8
LABELS
100
AcDbPolyline
 90
2
 70
0
 10
595.307356112474
 20
67.71
 10
596.107356112474
 20
67.71
  0
LWPOLYLINE
  5
66B
330
17
100
AcDbEntity
  8
LABELS
100
AcDbPolyline
 90
2
 70
0
 10
596.107356112474
 20
66.83
 10
596.107356112474
 20
67.71
  0
LWPOLYLINE
  5
66C
330
17
100
AcDbEntity
  8
LABELS
100
AcDbPolyline
 90
2
 70
0
 10
596.107356112474
 20
67.71
 10
596.9073561124741
 20
67.71
  0
LWPOLYLINE
  5
66D
330
17
100
AcDbEntity
  8
LABELS
100
AcDbPolyline
 90
2
 70
0
 10
596.9073561124741
 20
66.83
 10
596.9073561124741
 20
67.71
  0
LWPOLYLINE
  5
66E
330
17
100
AcDbEntity
  8
LABELS
100
AcDbPolyline
 90
2
 70
0
 10
522.5203357924797
 20
38.731
 10
522.5203357924797
 20
39.611000000000004
  0
LWPOLYLINE
  5
66F
330
17
100
AcDbEntity
  8
LABELS
100
AcDbPolyline
 90
2
 70
0
 10
522.5203357924797
 20
39.611000000000004
 10
523.3203357924797
 20
39.611000000000004
  0
LWPOLYLINE
  5
670
330
17
100
AcDbEntity
  8
LABELS
100
AcDbPolyline
 90
2
 70
0
 10
522.5203357924797
 20
38.731
 10
523.3203357924797
 20
38.731
  0
LWPOLYLINE
  5
671
330
17
100
AcDbEntity
  8
LABELS
100
AcDbPolyline
 90
2
 70
0
 10
523.3203357924797
 20
38.731
 10
523.3203357924797
 20
39.611000000000004
  0
LWPOLYLINE
  5
672
330
17
100
AcDbEntity
  8
LABELS
100
AcDbPolyline
 90
2
 70
0
 10
523.3203357924797
 20
39.611000000000004
 10
524.1203357924798
 20
39.611000000000004
  0
LWPOLYLINE
  5
673
330
17
100
AcDbEntity
  8
LABELS
100
AcDbPolyline
 90
2
 70
0
 10
524.1203357924798
 20
38.731
 10
524.1203357924798
 20
39.611000000000004
  0
LWPOLYLINE
  5
674
330
17
100
AcDbEntity
  8
LABELS
100
AcDbPolyline
 90
2
 70
0
 10
522.5203357924797
 20
39.931000000000004
 10
523.3203357924797
 20
39.931000000000004
  0
LWPOLYLINE
  5
675
330
17
100
AcDbEntity
  8
LABELS
100
AcDbPolyline
 90
2
 70
0
 10
523.3203357924797
 20
39.931000000000004
 10
523.3203357924797
 20
40.811
  0
LWPOLYLINE
  5
676
330
17
100
AcDbEntity
  8
LABELS
100
AcDbPolyline
 90
2
 70
0
 10
522.5203357924797
 20
40.811
 10
523.3203357924797
 20
40.811
  0
LWPOLYLINE
  5
677
330
17
100
AcDbEntity
  8
LABELS
100
AcDbPolyline
 90
2
 70
0
 10
523.3203357924797
 20
40.811
 10
524.1203357924798
 20
40.811
  0
LWPOLYLINE
  5
678
330
17
100
AcDbEntity
  8
LABELS
100
AcDbPolyline
 90
2
 70
0
 10
550.8163357924798
 20
38.731
 10
550.8163357924798
 20
39.611000000000004
  0
LWPOLYLINE
  5
679
330
17
100
AcDbEntity
  8
LABELS
100
AcDbPolyline
 90
2
 70
0
 10
550.8163357924798
 20
39.611000000000004
 10
551.6163357924797
 20
39.611000000000004
  0
LWPOLYLINE
  5
67A
330
17
100
AcDbEntity
  8
LABELS
100
AcDbPolyline
 90
2
 70
0
 10
550.8163357924798
 20
38.731
 10
551.6163357924797
 20
38.731
  0
LWPOLYLINE
  5
67B
330
17
100
AcDbEntity
  8
LABELS
100
AcDbPolyline
 90
2
 70
0
 10
551.6163357924797
 20
38.731
 10
551.6163357924797
 20
39.611000000000004
  0
LWPOLYLINE
  5
67C
330
17
100
AcDbEntity
  8
LABELS
100
AcDbPolyline
 90
2
 70
0
 10
551.6163357924797
 20
39.611000000000004
 10
552.4163357924798
 20
39.611000000000004
  0
LWPOLYLINE
  5
67D
330
17
100
AcDbEntity
  8
LABELS
100
AcDbPolyline
 90
2
 70
0
 10
552.4163357924798
 20
38.731
 10
552.4163357924798
 20
39.611000000000004
  0
LWPOLYLINE
  5
67E
330
17
100
AcDbEntity
  8
LABELS
100
AcDbPolyline
 90
2
 70
0
 10
550.8163357924798
 20
39.931000000000004
 10
550.8163357924798
 20
40.811
  0
LWPOLYLINE
  5
67F
330
17
100
AcDbEntity
  8
LABELS
100
AcDbPolyline
 90
2
 70
0
 10
550.8163357924798
 20
40.811
 10
551.6163357924797
 20
40.811
  0
LWPOLYLINE
  5
680
330
17
100
AcDbEntity
  8
LABELS
100
AcDbPolyline
 90
2
 70
0
 10
551.6163357924797
 20
40.811
 10
552.4163357924798
 20
40.811
  0
LWPOLYLINE
  5
681
330
17
100
AcDbEntity
  8
LABELS
100
AcDbPolyline
 90
2
 70
0
 10
552.4163357924798
 20
39.931000000000004
 10
552.4163357924798
 20
40.811
  0
LWPOLYLINE
  5
682
330
17
100
AcDbEntity
  8
LABELS
100
AcDbPolyline
 90
2
 70
0
 10
551.6163357924797
 20
39.931000000000004
 10
552.4163357924798
 20
39.931000000000004
  0
LWPOLYLINE
  5
683
330
17
100
AcDbEntity
  8
LABELS
100
AcDbPolyline
 90
2
 70
0
 10
550.8163357924798
 20
39.931000000000004
 10
551.6163357924797
 20
39.931000000000004
  0
LWPOLYLINE
  5
684
330
17
100
AcDbEntity
  8
LABELS
100
AcDbPolyline
 90
2
 70
0
 10
551.6163357924797
 20
39.931000000000004
 10
551.6163357924797
 20
40.811
  0
LWPOLYLINE
  5
685
330
17
100
AcDbEntity
  8
LABELS
100
AcDbPolyline
 90
2
 70
0
 10
584.676885732069
 20
10.462499999999999
 10
585.556885732069
 20
10.462499999999999
  0
LWPOLYLINE
  5
686
330
17
100
AcDbEntity
  8
LABELS
100
AcDbPolyline
 90
2
 70
0
 10
584.676885732069
 20
10.462499999999999
 10
584.676885732069
 20
9.6625
  0
LWPOLYLINE
  5
687
330
17
100
AcDbEntity
  8
LABELS
100
AcDbPolyline
 90
2
 70
0
 10
584.676885732069
 20
9.6625
 10
585.556885732069
 20
9.6625
  0
LWPOLYLINE
  5
688
330
17
100
AcDbEntity
  8
LABELS
100
AcDbPolyline
 90
2
 70
0
 10
585.556885732069
 20
9.6625
 10
585.556885732069
 20
8.862499999999999
  0
LWPOLYLINE
  5
689
330
17
100
AcDbEntity
  8
LABELS
100
AcDbPolyline
 90
2
 70
0
 10
584.676885732069
 20
8.862499999999999
 10
585.556885732069
 20
8.862499999999999
  0
LWPOLYLINE
  5
68A
330
17
100
AcDbEntity
  8
LABELS
100
AcDbPolyline
 90
2
 70
0
 10
585.8768857320689
 20
10.462499999999999
 10
585.8768857320689
 20
9.6625
  0
LWPOLYLINE
  5
68B
330
17
100
AcDbEntity
  8
LABELS
100
AcDbPolyline
 90
2
 70
0
 10
585.8768857320689
 20
9.6625
 10
586.756885732069
 20
9.6625
  0
LWPOLYLINE
  5
68C
330
17
100
AcDbEntity
  8
LABELS
100
AcDbPolyline
 90
2
 70
0
 10
586.756885732069
 20
10.462499999999999
 10
586.756885732069
 20
9.6625
  0
LWPOLYLINE
  5
68D
330
17
100
AcDbEntity
  8
LABELS
100
AcDbPolyline
 90
2
 70
0
 10
586.756885732069
 20
9.6625
 10
586.756885732069
 20
8.862499999999999
  0
LWPOLYLINE
  5
68E
330
17
100
AcDbEntity
  8
LABELS
100
AcDbPolyline
 90
2
 70
0
 10
579.1123357924798
 20
38.731
 10
579.1123357924798
 20
39.611000000000004
  0
LWPOLYLINE
  5
68F
330
17
100
AcDbEntity
  8
LABELS
100
AcDbPolyline
 90
2
 70
0
 10
579.1123357924798
 20
39.611000000000004
 10
579.9123357924798
 20
39.611000000000004
  0
LWPOLYLINE
  5
690
330
17
100
AcDbEntity
  8
LABELS
100
AcDbPolyline
 90
2
 70
0
 10
579.9123357924798
 20
39.611000000000004
 10
580.7123357924798
 20
39.611000000000004
  0
LWPOLYLINE
  5
691
330
17
100
AcDbEntity
  8
LABELS
100
AcDbPolyline
 90
2
 70
0
 10
580.7123357924798
 20
38.731
 10
580.7123357924798
 20
39.611000000000004
  0
LWPOLYLINE
  5
692
330
17
100
AcDbEntity
  8
LABELS
100
AcDbPolyline
 90
2
 70
0
 10
579.9123357924798
 20
38.731
 10
580.7123357924798
 20
38.731
  0
LWPOLYLINE
  5
693
330
17
100
AcDbEntity
  8
LABELS
100
AcDbPolyline
 90
2
 70
0
 10
579.1123357924798
 20
38.731
 10
579.9123357924798
 20
38.731
  0
LWPOLYLINE
  5
694
330
17
100
AcDbEntity
  8
LABELS
100
AcDbPolyline
 90
2
 70
0
 10
579.9123357924798
 20
38.731
 10
579.9123357924798
 20
39.611000000000004
  0
LWPOLYLINE
  5
695
330
17
100
AcDbEntity
  8
LABELS
100
AcDbPolyline
 90
2
 70
0
 10
579.1123357924798
 20
39.931000000000004
 10
579.1123357924798
 20
40.811
  0
LWPOLYLINE
  5
696
330
17
100
AcDbEntity
  8
LABELS
100
AcDbPolyline
 90
2
 70
0
 10
579.1123357924798
 20
39.931000000000004
 10
579.9123357924798
 20
39.931000000000004
  0
LWPOLYLINE
  5
697
330
17
100
AcDbEntity
  8
LABELS
100
AcDbPolyline
 90
2
 70
0
 10
579.9123357924798
 20
39.931000000000004
 10
579.9123357924798
 20
40.811
  0
LWPOLYLINE
  5
698
330
17
100
AcDbEntity
  8
LABELS
100
AcDbPolyline
 90
2
 70
0
 10
579.9123357924798
 20
39.931000000000004
 10
580.7123357924798
 20
39.931000000000004
  0
LWPOLYLINE
  5
699
330
17
100
AcDbEntity
  8
LABELS
100
AcDbPolyline
 90
2
 70
0
 10
579.9123357924798
 20
40.811
 10
580.7123357924798
 20
40.811
  0
LWPOLYLINE
  5
69A
330
17
100
AcDbEntity
  8
LABELS
100
AcDbPolyline
 90
2
 70
0
 10
580.7123357924798
 20
39.931000000000004
 10
580.7123357924798
 20
40.811
  0
LWPOLYLINE
  5
69B
330
17
100
AcDbEntity
  8
LABELS
100
AcDbPolyline
 90
2
 70
0
 10
343.1639267015707
 20
90.14349999999999
 10
344.0439267015707
 20
90.14349999999999
  0
LWPOLYLINE
  5
69C
330
17
100
AcDbEntity
  8
LABELS
100
AcDbPolyline
 90
2
 70
0
 10
343.1639267015707
 20
90.14349999999999
 10
343.1639267015707
 20
89.34349999999999
  0
LWPOLYLINE
  5
69D
330
17
100
AcDbEntity
  8
LABELS
100
AcDbPolyline
 90
2
 70
0
 10
343.1639267015707
 20
89.34349999999999
 10
344.0439267015707
 20
89.34349999999999
  0
LWPOLYLINE
  5
69E
330
17
100
AcDbEntity
  8
LABELS
100
AcDbPolyline
 90
2
 70
0
 10
343.1639267015707
 20
89.34349999999999
 10
343.1639267015707
 20
88.54349999999998
  0
LWPOLYLINE
  5
69F
330
17
100
AcDbEntity
  8
LABELS
100
AcDbPolyline
 90
2
 70
0
 10
344.0439267015707
 20
89.34349999999999
 10
344.0439267015707
 20
88.54349999999998
  0
LWPOLYLINE
  5
6A0
330
17
100
AcDbEntity
  8
LABELS
100
AcDbPolyline
 90
2
 70
0
 10
343.1639267015707
 20
88.54349999999998
 10
344.0439267015707
 20
88.54349999999998
  0
LWPOLYLINE
  5
6A1
330
17
100
AcDbEntity
  8
LABELS
100
AcDbPolyline
 90
2
 70
0
 10
344.3639267015707
 20
90.14349999999999
 10
345.2439267015707
 20
90.14349999999999
  0
LWPOLYLINE
  5
6A2
330
17
100
AcDbEntity
  8
LABELS
100
AcDbPolyline
 90
2
 70
0
 10
345.2439267015707
 20
90.14349999999999
 10
345.2439267015707
 20
89.34349999999999
  0
LWPOLYLINE
  5
6A3
330
17
100
AcDbEntity
  8
LABELS
100
AcDbPolyline
 90
2
 70
0
 10
344.3639267015707
 20
90.14349999999999
 10
344.3639267015707
 20
89.34349999999999
  0
LWPOLYLINE
  5
6A4
330
17
100
AcDbEntity
  8
LABELS
100
AcDbPolyline
 90
2
 70
0
 10
344.3639267015707
 20
89.34349999999999
 10
345.2439267015707
 20
89.34349999999999
  0
LWPOLYLINE
  5
6A5
330
17
100
AcDbEntity
  8
LABELS
100
AcDbPolyline
 90
2
 70
0
 10
345.2439267015707
 20
89.34349999999999
 10
345.2439267015707
 20
88.54349999999998
  0
LWPOLYLINE
  5
6A6
330
17
100
AcDbEntity
  8
LABELS
100
AcDbPolyline
 90
2
 70
0
 10
344.3639267015707
 20
88.54349999999998
 10
345.2439267015707
 20
88.54349999999998
  0
LWPOLYLINE
  5
6A7
330
17
100
AcDbEntity
  8
LABELS
100
AcDbPolyline
 90
2
 70
0
 10
360.63454188481677
 20
90.14349999999999
 10
361.51454188481677
 20
90.14349999999999
  0
LWPOLYLINE
  5
6A8
330
17
100
AcDbEntity
  8
LABELS
100
AcDbPolyline
 90
2
 70
0
 10
361.51454188481677
 20
90.14349999999999
 10
361.51454188481677
 20
89.34349999999999
  0
LWPOLYLINE
  5
6A9
330
17
100
AcDbEntity
  8
LABELS
100
AcDbPolyline
 90
2
 70
0
 10
360.63454188481677
 20
89.34349999999999
 10
361.51454188481677
 20
89.34349999999999
  0
LWPOLYLINE
  5
6AA
330
17
100
AcDbEntity
  8
LABELS
100
AcDbPolyline
 90
2
 70
0
 10
361.51454188481677
 20
89.34349999999999
 10
361.51454188481677
 20
88.54349999999998
  0
LWPOLYLINE
  5
6AB
330
17
100
AcDbEntity
  8
LABELS
100
AcDbPolyline
 90
2
 70
0
 10
360.63454188481677
 20
88.54349999999998
 10
361.51454188481677
 20
88.54349999999998
  0
LWPOLYLINE
  5
6AC
330
17
100
AcDbEntity
  8
LABELS
100
AcDbPolyline
 90
2
 70
0
 10
361.83454188481676
 20
90.14349999999999
 10
362.71454188481675
 20
90.14349999999999
  0
LWPOLYLINE
  5
6AD
330
17
100
AcDbEntity
  8
LABELS
100
AcDbPolyline
 90
2
 70
0
 10
361.83454188481676
 20
90.14349999999999
 10
361.83454188481676
 20
89.34349999999999
  0
LWPOLYLINE
  5
6AE
330
17
100
AcDbEntity
  8
LABELS
100
AcDbPolyline
 90
2
 70
0
 10
361.83454188481676
 20
89.34349999999999
 10
362.71454188481675
 20
89.34349999999999
  0
LWPOLYLINE
  5
6AF
330
17
100
AcDbEntity
  8
LABELS
100
AcDbPolyline
 90
2
 70
0
 10
361.83454188481676
 20
89.34349999999999
 10
361.83454188481676
 20
88.54349999999998
  0
LWPOLYLINE
  5
6B0
330
17
100
AcDbEntity
  8
LABELS
100
AcDbPolyline
 90
2
 70
0
 10
362.71454188481675
 20
89.34349999999999
 10
362.71454188481675
 20
88.54349999999998
  0
LWPOLYLINE
  5
6B1
330
17
100
AcDbEntity
  8
LABELS
100
AcDbPolyline
 90
2
 70
0
 10
361.83454188481676
 20
88.54349999999998
 10
362.71454188481675
 20
88.54349999999998
  0
LWPOLYLINE
  5
6B2
330
17
100
AcDbEntity
  8
LABELS
100
AcDbPolyline
 90
2
 70
0
 10
378.06346858638744
 20
90.14349999999999
 10
378.06346858638744
 20
89.34349999999999
  0
LWPOLYLINE
  5
6B3
330
17
100
AcDbEntity
  8
LABELS
100
AcDbPolyline
 90
2
 70
0
 10
378.06346858638744
 20
89.34349999999999
 10
378.94346858638744
 20
89.34349999999999
  0
LWPOLYLINE
  5
6B4
330
17
100
AcDbEntity
  8
LABELS
100
AcDbPolyline
 90
2
 70
0
 10
378.94346858638744
 20
90.14349999999999
 10
378.94346858638744
 20
89.34349999999999
  0
LWPOLYLINE
  5
6B5
330
17
100
AcDbEntity
  8
LABELS
100
AcDbPolyline
 90
2
 70
0
 10
378.94346858638744
 20
89.34349999999999
 10
378.94346858638744
 20
88.54349999999998
  0
LWPOLYLINE
  5
6B6
330
17
100
AcDbEntity
  8
LABELS
100
AcDbPolyline
 90
2
 70
0
 10
379.26346858638743
 20
90.14349999999999
 10
380.1434685863874
 20
90.14349999999999
  0
LWPOLYLINE
  5
6B7
330
17
100
AcDbEntity
  8
LABELS
100
AcDbPolyline
 90
2
 70
0
 10
379.26346858638743
 20
90.14349999999999
 10
379.26346858638743
 20
89.34349999999999
  0
LWPOLYLINE
  5
6B8
330
17
100
AcDbEntity
  8
LABELS
100
AcDbPolyline
 90
2
 70
0
 10
379.26346858638743
 20
89.34349999999999
 10
380.1434685863874
 20
89.34349999999999
  0
LWPOLYLINE
  5
6B9
330
17
100
AcDbEntity
  8
LABELS
100
AcDbPolyline
 90
2
 70
0
 10
379.26346858638743
 20
89.34349999999999
 10
379.26346858638743
 20
88.54349999999998
  0
LWPOLYLINE
  5
6BA
330
17
100
AcDbEntity
  8
LABELS
100
AcDbPolyline
 90
2
 70
0
 10
380.1434685863874
 20
89.34349999999999
 10
380.1434685863874
 20
88.54349999999998
  0
LWPOLYLINE
  5
6BB
330
17
100
AcDbEntity
  8
LABELS
100
AcDbPolyline
 90
2
 70
0
 10
379.26346858638743
 20
88.54349999999998
 10
380.1434685863874
 20
88.54349999999998
  0
LWPOLYLINE
  5
6BC
330
17
100
AcDbEntity
  8
LABELS
100
AcDbPolyline
 90
2
 70
0
 10
395.7723952879581
 20
90.14349999999999
 10
395.7723952879581
 20
89.34349999999999
  0
LWPOLYLINE
  5
6BD
330
17
100
AcDbEntity
  8
LABELS
100
AcDbPolyline
 90
2
 70
0
 10
395.7723952879581
 20
89.34349999999999
 10
395.7723952879581
 20
88.54349999999998
  0
LWPOLYLINE
  5
6BE
330
17
100
AcDbEntity
  8
LABELS
100
AcDbPolyline
 90
2
 70
0
 10
396.0923952879581
 20
90.14349999999999
 10
396.0923952879581
 20
89.34349999999999
  0
LWPOLYLINE
  5
6BF
330
17
100
AcDbEntity
  8
LABELS
100
AcDbPolyline
 90
2
 70
0
 10
396.0923952879581
 20
89.34349999999999
 10
396.9723952879581
 20
89.34349999999999
  0
LWPOLYLINE
  5
6C0
330
17
100
AcDbEntity
  8
LABELS
100
AcDbPolyline
 90
2
 70
0
 10
396.9723952879581
 20
90.14349999999999
 10
396.9723952879581
 20
89.34349999999999
  0
LWPOLYLINE
  5
6C1
330
17
100
AcDbEntity
  8
LABELS
100
AcDbPolyline
 90
2
 70
0
 10
396.9723952879581
 20
89.34349999999999
 10
396.9723952879581
 20
88.54349999999998
  0
LWPOLYLINE
  5
6C2
330
17
100
AcDbEntity
  8
LABELS
100
AcDbPolyline
 90
2
 70
0
 10
397.29239528795813
 20
90.14349999999999
 10
398.1723952879581
 20
90.14349999999999
  0
LWPOLYLINE
  5
6C3
330
17
100
AcDbEntity
  8
LABELS
100
AcDbPolyline
 90
2
 70
0
 10
398.1723952879581
 20
90.14349999999999
 10
398.1723952879581
 20
89.34349999999999
  0
LWPOLYLINE
  5
6C4
330
17
100
AcDbEntity
  8
LABELS
100
AcDbPolyline
 90
2
 70
0
 10
398.1723952879581
 20
89.34349999999999
 10
398.1723952879581
 20
88.54349999999998
  0
LWPOLYLINE
  5
6C5
330
17
100
AcDbEntity
  8
LABELS
100
AcDbPolyline
 90
2
 70
0
 10
343.1639267015707
 20
114.62949999999998
 10
344.0439267015707
 20
114.62949999999998
  0
LWPOLYLINE
  5
6C6
330
17
100
AcDbEntity
  8
LABELS
100
AcDbPolyline
 90
2
 70
0
 10
344.0439267015707
 20
114.62949999999998
 10
344.0439267015707
 20
113.82949999999998
  0
LWPOLYLINE
  5
6C7
330
17
100
AcDbEntity
  8
LABELS
100
AcDbPolyline
 90
2
 70
0
 10
343.1639267015707
 20
113.82949999999998
 10
344.0439267015707
 20
113.82949999999998
  0
LWPOLYLINE
  5
6C8
330
17
100
AcDbEntity
  8
LABELS
100
AcDbPolyline
 90
2
 70
0
 10
344.0439267015707
 20
113.82949999999998
 10
344.0439267015707
 20
113.02949999999997
  0
LWPOLYLINE
  5
6C9
330
17
100
AcDbEntity
  8
LABELS
100
AcDbPolyline
 90
2
 70
0
 10
343.1639267015707
 20
113.02949999999997
 10
344.0439267015707
 20
113.02949999999997
  0
LWPOLYLINE
  5
6CA
330
17
100
AcDbEntity
  8
LABELS
100
AcDbPolyline
 90
2
 70
0
 10
345.2439267015707
 20
114.62949999999998
 10
345.2439267015707
 20
113.82949999999998
  0
LWPOLYLINE
  5
6CB
330
17
100
AcDbEntity
  8
LABELS
100
AcDbPolyline
 90
2
 70
0
 10
345.2439267015707
 20
113.82949999999998
 10
345.2439267015707
 20
113.02949999999997
  0
LWPOLYLINE
  5
6CC
330
17
100
AcDbEntity
  8
LABELS
100
AcDbPolyline
 90
2
 70
0
 10
440.88844773551057
 20
90.39599999999999
 10
441.6884477355105
 20
90.39599999999999
  0
LWPOLYLINE
  5
6CD
330
17
100
AcDbEntity
  8
LABELS
100
AcDbPolyline
 90
2
 70
0
 10
441.6884477355105
 20
90.39599999999999
 10
442.48844773551053
 20
90.39599999999999
  0
LWPOLYLINE
  5
6CE
330
17
100
AcDbEntity
  8
LABELS
100
AcDbPolyline
 90
2
 70
0
 10
440.88844773551057
 20
90.71599999999998
 10
440.88844773551057
 20
91.59599999999999
  0
LWPOLYLINE
  5
6CF
330
17
100
AcDbEntity
  8
LABELS
100
AcDbPolyline
 90
2
 70
0
 10
440.88844773551057
 20
91.59599999999999
 10
441.6884477355105
 20
91.59599999999999
  0
LWPOLYLINE
  5
6D0
330
17
100
AcDbEntity
  8
LABELS
100
AcDbPolyline
 90
2
 70
0
 10
441.6884477355105
 20
91.59599999999999
 10
442.48844773551053
 20
91.59599999999999
  0
LWPOLYLINE
  5
6D1
330
17
100
AcDbEntity
  8
LABELS
100
AcDbPolyline
 90
2
 70
0
 10
442.48844773551053
 20
90.71599999999998
 10
442.48844773551053
 20
91.59599999999999
  0
LWPOLYLINE
  5
6D2
330
17
100
AcDbEntity
  8
LABELS
100
AcDbPolyline
 90
2
 70
0
 10
441.6884477355105
 20
90.71599999999998
 10
442.48844773551053
 20
90.71599999999998
  0
LWPOLYLINE
  5
6D3
330
17
100
AcDbEntity
  8
LABELS
100
AcDbPolyline
 90
2
 70
0
 10
440.88844773551057
 20
90.71599999999998
 10
441.6884477355105
 20
90.71599999999998
  0
LWPOLYLINE
  5
6D4
330
17
100
AcDbEntity
  8
LABELS
100
AcDbPolyline
 90
2
 70
0
 10
440.88844773551057
 20
91.91599999999998
 10
440.88844773551057
 20
92.79599999999999
  0
LWPOLYLINE
  5
6D5
330
17
100
AcDbEntity
  8
LABELS
100
AcDbPolyline
 90
2
 70
0
 10
440.88844773551057
 20
92.79599999999999
 10
441.6884477355105
 20
92.79599999999999
  0
LWPOLYLINE
  5
6D6
330
17
100
AcDbEntity
  8
LABELS
100
AcDbPolyline
 90
2
 70
0
 10
441.6884477355105
 20
92.79599999999999
 10
442.48844773551053
 20
92.79599999999999
  0
LWPOLYLINE
  5
6D7
330
17
100
AcDbEntity
  8
LABELS
100
AcDbPolyline
 90
2
 70
0
 10
469.18444773551056
 20
95.50771328671328
 10
469.9844477355105
 20
95.50771328671328
  0
LWPOLYLINE
  5
6D8
330
17
100
AcDbEntity
  8
LABELS
100
AcDbPolyline
 90
2
 70
0
 10
469.9844477355105
 20
95.50771328671328
 10
470.7844477355105
 20
95.50771328671328
  0
LWPOLYLINE
  5
6D9
330
17
100
AcDbEntity
  8
LABELS
100
AcDbPolyline
 90
2
 70
0
 10
469.18444773551056
 20
96.70771328671329
 10
469.9844477355105
 20
96.70771328671329
  0
LWPOLYLINE
  5
6DA
330
17
100
AcDbEntity
  8
LABELS
100
AcDbPolyline
 90
2
 70
0
 10
469.9844477355105
 20
96.70771328671329
 10
470.7844477355105
 20
96.70771328671329
  0
LWPOLYLINE
  5
6DB
330
17
100
AcDbEntity
  8
LABELS
100
AcDbPolyline
 90
2
 70
0
 10
469.18444773551056
 20
97.90771328671327
 10
469.9844477355105
 20
97.90771328671327
  0
LWPOLYLINE
  5
6DC
330
17
100
AcDbEntity
  8
LABELS
100
AcDbPolyline
 90
2
 70
0
 10
469.9844477355105
 20
97.90771328671327
 10
470.7844477355105
 20
97.90771328671327
  0
LWPOLYLINE
  5
6DD
330
17
100
AcDbEntity
  8
LABELS
100
AcDbPolyline
 90
2
 70
0
 10
497.48044773551055
 20
90.39599999999999
 10
498.2804477355105
 20
90.39599999999999
  0
LWPOLYLINE
  5
6DE
330
17
100
AcDbEntity
  8
LABELS
100
AcDbPolyline
 90
2
 70
0
 10
498.2804477355105
 20
90.39599999999999
 10
499.0804477355105
 20
90.39599999999999
  0
LWPOLYLINE
  5
6DF
330
17
100
AcDbEntity
  8
LABELS
100
AcDbPolyline
 90
2
 70
0
 10
497.48044773551055
 20
90.71599999999998
 10
497.48044773551055
 20
91.59599999999999
  0
LWPOLYLINE
  5
6E0
330
17
100
AcDbEntity
  8
LABELS
100
AcDbPolyline
 90
2
 70
0
 10
497.48044773551055
 20
91.59599999999999
 10
498.2804477355105
 20
91.59599999999999
  0
LWPOLYLINE
  5
6E1
330
17
100
AcDbEntity
  8
LABELS
100
AcDbPolyline
 90
2
 70
0
 10
498.2804477355105
 20
91.59599999999999
 10
499.0804477355105
 20
91.59599999999999
  0
LWPOLYLINE
  5
6E2
330
17
100
AcDbEntity
  8
LABELS
100
AcDbPolyline
 90
2
 70
0
 10
499.0804477355105
 20
90.71599999999998
 10
499.0804477355105
 20
91.59599999999999
  0
LWPOLYLINE
  5
6E3
330
17
100
AcDbEntity
  8
LABELS
100
AcDbPolyline
 90
2
 70
0
 10
498.2804477355105
 20
90.71599999999998
 10
499.0804477355105
 20
90.71599999999998
  0
LWPOLYLINE
  5
6E4
330
17
100
AcDbEntity
  8
LABELS
100
AcDbPolyline
 90
2
 70
0
 10
497.48044773551055
 20
90.71599999999998
 10
498.2804477355105
 20
90.71599999999998
  0
LWPOLYLINE
  5
6E5
330
17
100
AcDbEntity
  8
LABELS
100
AcDbPolyline
 90
2
 70
0
 10
497.48044773551055
 20
91.91599999999998
 10
498.2804477355105
 20
91.91599999999998
  0
LWPOLYLINE
  5
6E6
330
17
100
AcDbEntity
  8
LABELS
100
AcDbPolyline
 90
2
 70
0
 10
498.2804477355105
 20
91.91599999999998
 10
498.2804477355105
 20
92.79599999999999
  0
LWPOLYLINE
  5
6E7
330
17
100
AcDbEntity
  8
LABELS
100
AcDbPolyline
 90
2
 70
0
 10
497.48044773551055
 20
92.79599999999999
 10
498.2804477355105
 20
92.79599999999999
  0
LWPOLYLINE
  5
6E8
330
17
100
AcDbEntity
  8
LABELS
100
AcDbPolyline
 90
2
 70
0
 10
498.2804477355105
 20
92.79599999999999
 10
499.0804477355105
 20
92.79599999999999
  0
LWPOLYLINE
  5
6E9
330
17
100
AcDbEntity
  8
LABELS
100
AcDbPolyline
 90
2
 70
0
 10
525.7764477355105
 20
90.39599999999999
 10
526.5764477355106
 20
90.39599999999999
  0
LWPOLYLINE
  5
6EA
330
17
100
AcDbEntity
  8
LABELS
100
AcDbPolyline
 90
2
 70
0
 10
526.5764477355106
 20
90.39599999999999
 10
527.3764477355105
 20
90.39599999999999
  0
LWPOLYLINE
  5
6EB
330
17
100
AcDbEntity
  8
LABELS
100
AcDbPolyline
 90
2
 70
0
 10
525.7764477355105
 20
91.59599999999999
 10
526.5764477355106
 20
91.59599999999999
  0
LWPOLYLINE
  5
6EC
330
17
100
AcDbEntity
  8
LABELS
100
AcDbPolyline
 90
2
 70
0
 10
526.5764477355106
 20
91.59599999999999
 10
527.3764477355105
 20
91.59599999999999
  0
LWPOLYLINE
  5
6ED
330
17
100
AcDbEntity
  8
LABELS
100
AcDbPolyline
 90
2
 70
0
 10
525.7764477355105
 20
91.91599999999998
 10
525.7764477355105
 20
92.79599999999999
  0
LWPOLYLINE
  5
6EE
330
17
100
AcDbEntity
  8
LABELS
100
AcDbPolyline
 90
2
 70
0
 10
525.7764477355105
 20
92.79599999999999
 10
526.5764477355106
 20
92.79599999999999
  0
LWPOLYLINE
  5
6EF
330
17
100
AcDbEntity
  8
LABELS
100
AcDbPolyline
 90
2
 70
0
 10
526.5764477355106
 20
91.91599999999998
 10
526.5764477355106
 20
92.79599999999999
  0
LWPOLYLINE
  5
6F0
330
17
100
AcDbEntity
  8
LABELS
100
AcDbPolyline
 90
2
 70
0
 10
526.5764477355106
 20
91.91599999999998
 10
527.3764477355105
 20
91.91599999999998
  0
LWPOLYLINE
  5
6F1
330
17
100
AcDbEntity
  8
LABELS
100
AcDbPolyline
 90
2
 70
0
 10
527.3764477355105
 20
91.91599999999998
 10
527.3764477355105
 20
92.79599999999999
  0
LWPOLYLINE
  5
6F2
330
17
100
AcDbEntity
  8
LABELS
100
AcDbPolyline
 90
2
 70
0
 10
365.821780104712
 20
114.62949999999998
 10
366.701780104712
 20
114.62949999999998
  0
LWPOLYLINE
  5
6F3
330
17
100
AcDbEntity
  8
LABELS
100
AcDbPolyline
 90
2
 70
0
 10
366.701780104712
 20
114.62949999999998
 10
366.701780104712
 20
113.82949999999998
  0
LWPOLYLINE
  5
6F4
330
17
100
AcDbEntity
  8
LABELS
100
AcDbPolyline
 90
2
 70
0
 10
365.821780104712
 20
113.82949999999998
 10
366.701780104712
 20
113.82949999999998
  0
LWPOLYLINE
  5
6F5
330
17
100
AcDbEntity
  8
LABELS
100
AcDbPolyline
 90
2
 70
0
 10
366.701780104712
 20
113.82949999999998
 10
366.701780104712
 20
113.02949999999997
  0
LWPOLYLINE
  5
6F6
330
17
100
AcDbEntity
  8
LABELS
100
AcDbPolyline
 90
2
 70
0
 10
365.821780104712
 20
113.02949999999997
 10
366.701780104712
 20
113.02949999999997
  0
LWPOLYLINE
  5
6F7
330
17
100
AcDbEntity
  8
LABELS
100
AcDbPolyline
 90
2
 70
0
 10
367.021780104712
 20
114.62949999999998
 10
367.90178010471203
 20
114.62949999999998
  0
LWPOLYLINE
  5
6F8
330
17
100
AcDbEntity
  8
LABELS
100
AcDbPolyline
 90
2
 70
0
 10
367.90178010471203
 20
114.62949999999998
 10
367.90178010471203
 20
113.82949999999998
  0
LWPOLYLINE
  5
6F9
330
17
100
AcDbEntity
  8
LABELS
100
AcDbPolyline
 90
2
 70
0
 10
367.90178010471203
 20
113.82949999999998
 10
367.90178010471203
 20
113.02949999999997
  0
LWPOLYLINE
  5
6FA
330
17
100
AcDbEntity
  8
LABELS
100
AcDbPolyline
 90
2
 70
0
 10
367.021780104712
 20
113.02949999999997
 10
367.90178010471203
 20
113.02949999999997
  0
LWPOLYLINE
  5
6FB
330
17
100
AcDbEntity
  8
LABELS
100
AcDbPolyline
 90
2
 70
0
 10
367.021780104712
 20
113.82949999999998
 10
367.021780104712
 20
113.02949999999997
  0
LWPOLYLINE
  5
6FC
330
17
100
AcDbEntity
  8
LABELS
100
AcDbPolyline
 90
2
 70
0
 10
367.021780104712
 20
114.62949999999998
 10
367.021780104712
 20
113.82949999999998
  0
LWPOLYLINE
  5
6FD
330
17
100
AcDbEntity
  8
LABELS
100
AcDbPolyline
 90
2
 70
0
 10
554.0724477355107
 20
90.39599999999999
 10
554.8724477355106
 20
90.39599999999999
  0
LWPOLYLINE
  5
6FE
330
17
100
AcDbEntity
  8
LABELS
100
AcDbPolyline
 90
2
 70
0
 10
554.8724477355106
 20
90.39599999999999
 10
555.6724477355107
 20
90.39599999999999
  0
LWPOLYLINE
  5
6FF
330
17
100
AcDbEntity
  8
LABELS
100
AcDbPolyline
 90
2
 70
0
 10
554.0724477355107
 20
90.71599999999998
 10
554.0724477355107
 20
91.59599999999999
  0
LWPOLYLINE
  5
700
330
17
100
AcDbEntity
  8
LABELS
100
AcDbPolyline
 90
2
 70
0
 10
554.0724477355107
 20
91.59599999999999
 10
554.8724477355106
 20
91.59599999999999
  0
LWPOLYLINE
  5
701
330
17
100
AcDbEntity
  8
LABELS
100
AcDbPolyline
 90
2
 70
0
 10
554.8724477355106
 20
91.59599999999999
 10
555.6724477355107
 20
91.59599999999999
  0
LWPOLYLINE
  5
702
330
17
100
AcDbEntity
  8
LABELS
100
AcDbPolyline
 90
2
 70
0
 10
555.6724477355107
 20
90.71599999999998
 10
555.6724477355107
 20
91.59599999999999
  0
LWPOLYLINE
  5
703
330
17
100
AcDbEntity
  8
LABELS
100
AcDbPolyline
 90
2
 70
0
 10
554.8724477355106
 20
90.71599999999998
 10
555.6724477355107
 20
90.71599999999998
  0
LWPOLYLINE
  5
704
330
17
100
AcDbEntity
  8
LABELS
100
AcDbPolyline
 90
2
 70
0
 10
554.0724477355107
 20
90.71599999999998
 10
554.8724477355106
 20
90.71599999999998
  0
LWPOLYLINE
  5
705
330
17
100
AcDbEntity
  8
LABELS
100
AcDbPolyline
 90
2
 70
0
 10
554.0724477355107
 20
91.91599999999998
 10
554.0724477355107
 20
92.79599999999999
  0
LWPOLYLINE
  5
706
330
17
100
AcDbEntity
  8
LABELS
100
AcDbPolyline
 90
2
 70
0
 10
554.0724477355107
 20
91.91599999999998
 10
554.8724477355106
 20
91.91599999999998
  0
LWPOLYLINE
  5
707
330
17
100
AcDbEntity
  8
LABELS
100
AcDbPolyline
 90
2
 70
0
 10
554.8724477355106
 20
91.91599999999998
 10
554.8724477355106
 20
92.79599999999999
  0
LWPOLYLINE
  5
708
330
17
100
AcDbEntity
  8
LABELS
100
AcDbPolyline
 90
2
 70
0
 10
554.8724477355106
 20
92.79599999999999
 10
555.6724477355107
 20
92.79599999999999
  0
LWPOLYLINE
  5
709
330
17
100
AcDbEntity
  8
LABELS
100
AcDbPolyline
 90
2
 70
0
 10
555.6724477355107
 20
91.91599999999998
 10
555.6724477355107
 20
92.79599999999999
  0
LWPOLYLINE
  5
70A
330
17
100
AcDbEntity
  8
LABELS
100
AcDbPolyline
 90
2
 70
0
 10
559.7099477355107
 20
92.68542307692306
 10
560.5099477355107
 20
92.68542307692306
  0
LWPOLYLINE
  5
70B
330
17
100
AcDbEntity
  8
LABELS
100
AcDbPolyline
 90
2
 70
0
 10
560.5099477355107
 20
92.68542307692306
 10
561.3099477355107
 20
92.68542307692306
  0
LWPOLYLINE
  5
70C
330
17
100
AcDbEntity
  8
LABELS
100
AcDbPolyline
 90
2
 70
0
 10
559.7099477355107
 20
93.00542307692307
 10
559.7099477355107
 20
93.88542307692306
  0
LWPOLYLINE
  5
70D
330
17
100
AcDbEntity
  8
LABELS
100
AcDbPolyline
 90
2
 70
0
 10
559.7099477355107
 20
93.88542307692306
 10
560.5099477355107
 20
93.88542307692306
  0
LWPOLYLINE
  5
70E
330
17
100
AcDbEntity
  8
LABELS
100
AcDbPolyline
 90
2
 70
0
 10
560.5099477355107
 20
93.88542307692306
 10
561.3099477355107
 20
93.88542307692306
  0
LWPOLYLINE
  5
70F
330
17
100
AcDbEntity
  8
LABELS
100
AcDbPolyline
 90
2
 70
0
 10
561.3099477355107
 20
93.00542307692307
 10
561.3099477355107
 20
93.88542307692306
  0
LWPOLYLINE
  5
710
330
17
100
AcDbEntity
  8
LABELS
100
AcDbPolyline
 90
2
 70
0
 10
560.5099477355107
 20
93.00542307692307
 10
561.3099477355107
 20
93.00542307692307
  0
LWPOLYLINE
  5
711
330
17
100
AcDbEntity
  8
LABELS
100
AcDbPolyline
 90
2
 70
0
 10
559.7099477355107
 20
93.00542307692307
 10
560.5099477355107
 20
93.00542307692307
  0
LWPOLYLINE
  5
712
330
17
100
AcDbEntity
  8
LABELS
100
AcDbPolyline
 90
2
 70
0
 10
559.7099477355107
 20
94.20542307692305
 10
559.7099477355107
 20
95.08542307692306
  0
LWPOLYLINE
  5
713
330
17
100
AcDbEntity
  8
LABELS
100
AcDbPolyline
 90
2
 70
0
 10
559.7099477355107
 20
95.08542307692306
 10
560.5099477355107
 20
95.08542307692306
  0
LWPOLYLINE
  5
714
330
17
100
AcDbEntity
  8
LABELS
100
AcDbPolyline
 90
2
 70
0
 10
559.7099477355107
 20
94.20542307692305
 10
560.5099477355107
 20
94.20542307692305
  0
LWPOLYLINE
  5
715
330
17
100
AcDbEntity
  8
LABELS
100
AcDbPolyline
 90
2
 70
0
 10
560.5099477355107
 20
94.20542307692305
 10
560.5099477355107
 20
95.08542307692306
  0
LWPOLYLINE
  5
716
330
17
100
AcDbEntity
  8
LABELS
100
AcDbPolyline
 90
2
 70
0
 10
560.5099477355107
 20
95.08542307692306
 10
561.3099477355107
 20
95.08542307692306
  0
LWPOLYLINE
  5
717
330
17
100
AcDbEntity
  8
LABELS
100
AcDbPolyline
 90
2
 70
0
 10
561.3099477355107
 20
94.20542307692305
 10
561.3099477355107
 20
95.08542307692306
  0
LWPOLYLINE
  5
718
330
17
100
AcDbEntity
  8
LABELS
100
AcDbPolyline
 90
2
 70
0
 10
377.12465968586383
 20
114.62949999999998
 10
377.12465968586383
 20
113.82949999999998
  0
LWPOLYLINE
  5
719
330
17
100
AcDbEntity
  8
LABELS
100
AcDbPolyline
 90
2
 70
0
 10
377.12465968586383
 20
113.82949999999998
 10
378.0046596858638
 20
113.82949999999998
  0
LWPOLYLINE
  5
71A
330
17
100
AcDbEntity
  8
LABELS
100
AcDbPolyline
 90
2
 70
0
 10
378.0046596858638
 20
114.62949999999998
 10
378.0046596858638
 20
113.82949999999998
  0
LWPOLYLINE
  5
71B
330
17
100
AcDbEntity
  8
LABELS
100
AcDbPolyline
 90
2
 70
0
 10
378.0046596858638
 20
113.82949999999998
 10
378.0046596858638
 20
113.02949999999997
  0
LWPOLYLINE
  5
71C
330
17
100
AcDbEntity
  8
LABELS
100
AcDbPolyline
 90
2
 70
0
 10
378.3246596858638
 20
114.62949999999998
 10
379.2046596858638
 20
114.62949999999998
  0
LWPOLYLINE
  5
71D
330
17
100
AcDbEntity
  8
LABELS
100
AcDbPolyline
 90
2
 70
0
 10
379.2046596858638
 20
114.62949999999998
 10
379.2046596858638
 20
113.82949999999998
  0
LWPOLYLINE
  5
71E
330
17
100
AcDbEntity
  8
LABELS
100
AcDbPolyline
 90
2
 70
0
 10
379.2046596858638
 20
113.82949999999998
 10
379.2046596858638
 20
113.02949999999997
  0
LWPOLYLINE
  5
71F
330
17
100
AcDbEntity
  8
LABELS
100
AcDbPolyline
 90
2
 70
0
 10
378.3246596858638
 20
113.02949999999997
 10
379.2046596858638
 20
113.02949999999997
  0
LWPOLYLINE
  5
720
330
17
100
AcDbEntity
  8
LABELS
100
AcDbPolyline
 90
2
 70
0
 10
378.3246596858638
 20
113.82949999999998
 10
378.3246596858638
 20
113.02949999999997
  0
LWPOLYLINE
  5
721
330
17
100
AcDbEntity
  8
LABELS
100
AcDbPolyline
 90
2
 70
0
 10
378.3246596858638
 20
114.62949999999998
 10
378.3246596858638
 20
113.82949999999998
  0
LWPOLYLINE
  5
722
330
17
100
AcDbEntity
  8
LABELS
100
AcDbPolyline
 90
2
 70
0
 10
378.3246596858638
 20
113.82949999999998
 10
379.2046596858638
 20
113.82949999999998
  0
LWPOLYLINE
  5
723
330
17
100
AcDbEntity
  8
LABELS
100
AcDbPolyline
 90
2
 70
0
 10
393.2237434554973
 20
114.62949999999998
 10
394.1037434554973
 20
114.62949999999998
  0
LWPOLYLINE
  5
724
330
17
100
AcDbEntity
  8
LABELS
100
AcDbPolyline
 90
2
 70
0
 10
393.2237434554973
 20
114.62949999999998
 10
393.2237434554973
 20
113.82949999999998
  0
LWPOLYLINE
  5
725
330
17
100
AcDbEntity
  8
LABELS
100
AcDbPolyline
 90
2
 70
0
 10
393.2237434554973
 20
113.82949999999998
 10
394.1037434554973
 20
113.82949999999998
  0
LWPOLYLINE
  5
726
330
17
100
AcDbEntity
  8
LABELS
100
AcDbPolyline
 90
2
 70
0
 10
394.1037434554973
 20
113.82949999999998
 10
394.1037434554973
 20
113.02949999999997
  0
LWPOLYLINE
  5
727
330
17
100
AcDbEntity
  8
LABELS
100
AcDbPolyline
 90
2
 70
0
 10
393.2237434554973
 20
113.02949999999997
 10
394.1037434554973
 20
113.02949999999997
  0
LWPOLYLINE
  5
728
330
17
100
AcDbEntity
  8
LABELS
100
AcDbPolyline
 90
2
 70
0
 10
394.4237434554973
 20
114.62949999999998
 10
395.3037434554973
 20
114.62949999999998
  0
LWPOLYLINE
  5
729
330
17
100
AcDbEntity
  8
LABELS
100
AcDbPolyline
 90
2
 70
0
 10
395.3037434554973
 20
114.62949999999998
 10
395.3037434554973
 20
113.82949999999998
  0
LWPOLYLINE
  5
72A
330
17
100
AcDbEntity
  8
LABELS
100
AcDbPolyline
 90
2
 70
0
 10
395.3037434554973
 20
113.82949999999998
 10
395.3037434554973
 20
113.02949999999997
  0
LWPOLYLINE
  5
72B
330
17
100
AcDbEntity
  8
LABELS
100
AcDbPolyline
 90
2
 70
0
 10
394.4237434554973
 20
113.02949999999997
 10
395.3037434554973
 20
113.02949999999997
  0
LWPOLYLINE
  5
72C
330
17
100
AcDbEntity
  8
LABELS
100
AcDbPolyline
 90
2
 70
0
 10
394.4237434554973
 20
113.82949999999998
 10
394.4237434554973
 20
113.02949999999997
  0
LWPOLYLINE
  5
72D
330
17
100
AcDbEntity
  8
LABELS
100
AcDbPolyline
 90
2
 70
0
 10
394.4237434554973
 20
114.62949999999998
 10
394.4237434554973
 20
113.82949999999998
  0
LWPOLYLINE
  5
72E
330
17
100
AcDbEntity
  8
LABELS
100
AcDbPolyline
 90
2
 70
0
 10
409.60282722513074
 20
114.62949999999998
 10
409.60282722513074
 20
113.82949999999998
  0
LWPOLYLINE
  5
72F
330
17
100
AcDbEntity
  8
LABELS
100
AcDbPolyline
 90
2
 70
0
 10
409.60282722513074
 20
113.82949999999998
 10
409.60282722513074
 20
113.02949999999997
  0
LWPOLYLINE
  5
730
330
17
100
AcDbEntity
  8
LABELS
100
AcDbPolyline
 90
2
 70
0
 10
409.92282722513073
 20
114.62949999999998
 10
410.8028272251307
 20
114.62949999999998
  0
LWPOLYLINE
  5
731
330
17
100
AcDbEntity
  8
LABELS
100
AcDbPolyline
 90
2
 70
0
 10
409.92282722513073
 20
114.62949999999998
 10
409.92282722513073
 20
113.82949999999998
  0
LWPOLYLINE
  5
732
330
17
100
AcDbEntity
  8
LABELS
100
AcDbPolyline
 90
2
 70
0
 10
409.92282722513073
 20
113.82949999999998
 10
410.8028272251307
 20
113.82949999999998
  0
LWPOLYLINE
  5
733
330
17
100
AcDbEntity
  8
LABELS
100
AcDbPolyline
 90
2
 70
0
 10
410.8028272251307
 20
113.82949999999998
 10
410.8028272251307
 20
113.02949999999997
  0
LWPOLYLINE
  5
734
330
17
100
AcDbEntity
  8
LABELS
100
AcDbPolyline
 90
2
 70
0
 10
409.92282722513073
 20
113.02949999999997
 10
410.8028272251307
 20
113.02949999999997
  0
LWPOLYLINE
  5
735
330
17
100
AcDbEntity
  8
LABELS
100
AcDbPolyline
 90
2
 70
0
 10
411.1228272251308
 20
114.62949999999998
 10
412.0028272251308
 20
114.62949999999998
  0
LWPOLYLINE
  5
736
330
17
100
AcDbEntity
  8
LABELS
100
AcDbPolyline
 90
2
 70
0
 10
412.0028272251308
 20
114.62949999999998
 10
412.0028272251308
 20
113.82949999999998
  0
LWPOLYLINE
  5
737
330
17
100
AcDbEntity
  8
LABELS
100
AcDbPolyline
 90
2
 70
0
 10
411.1228272251308
 20
113.82949999999998
 10
412.0028272251308
 20
113.82949999999998
  0
LWPOLYLINE
  5
738
330
17
100
AcDbEntity
  8
LABELS
100
AcDbPolyline
 90
2
 70
0
 10
412.0028272251308
 20
113.82949999999998
 10
412.0028272251308
 20
113.02949999999997
  0
LWPOLYLINE
  5
739
330
17
100
AcDbEntity
  8
LABELS
100
AcDbPolyline
 90
2
 70
0
 10
411.1228272251308
 20
113.02949999999997
 10
412.0028272251308
 20
113.02949999999997
  0
LWPOLYLINE
  5
73A
330
17
100
AcDbEntity
  8
LABELS
100
AcDbPolyline
 90
2
 70
0
 10
429.9289111412147
 20
118.4652460732984
 10
430.72891114121467
 20
118.4652460732984
  0
LWPOLYLINE
  5
73B
330
17
100
AcDbEntity
  8
LABELS
100
AcDbPolyline
 90
2
 70
0
 10
430.72891114121467
 20
118.4652460732984
 10
431.5289111412147
 20
118.4652460732984
  0
LWPOLYLINE
  5
73C
330
17
100
AcDbEntity
  8
LABELS
100
AcDbPolyline
 90
2
 70
0
 10
429.9289111412147
 20
118.7852460732984
 10
429.9289111412147
 20
119.6652460732984
  0
LWPOLYLINE
  5
73D
330
17
100
AcDbEntity
  8
LABELS
100
AcDbPolyline
 90
2
 70
0
 10
429.9289111412147
 20
119.6652460732984
 10
430.72891114121467
 20
119.6652460732984
  0
LWPOLYLINE
  5
73E
330
17
100
AcDbEntity
  8
LABELS
100
AcDbPolyline
 90
2
 70
0
 10
430.72891114121467
 20
119.6652460732984
 10
431.5289111412147
 20
119.6652460732984
  0
LWPOLYLINE
  5
73F
330
17
100
AcDbEntity
  8
LABELS
100
AcDbPolyline
 90
2
 70
0
 10
473.2634111412147
 20
115.48199999999997
 10
474.06341114121466
 20
115.48199999999997
  0
LWPOLYLINE
  5
740
330
17
100
AcDbEntity
  8
LABELS
100
AcDbPolyline
 90
2
 70
0
 10
474.06341114121466
 20
115.48199999999997
 10
474.86341114121467
 20
115.48199999999997
  0
LWPOLYLINE
  5
741
330
17
100
AcDbEntity
  8
LABELS
100
AcDbPolyline
 90
2
 70
0
 10
473.2634111412147
 20
115.80199999999998
 10
473.2634111412147
 20
116.68199999999997
  0
LWPOLYLINE
  5
742
330
17
100
AcDbEntity
  8
LABELS
100
AcDbPolyline
 90
2
 70
0
 10
473.2634111412147
 20
116.68199999999997
 10
474.06341114121466
 20
116.68199999999997
  0
LWPOLYLINE
  5
743
330
17
100
AcDbEntity
  8
LABELS
100
AcDbPolyline
 90
2
 70
0
 10
474.06341114121466
 20
116.68199999999997
 10
474.86341114121467
 20
116.68199999999997
  0
LWPOLYLINE
  5
744
330
17
100
AcDbEntity
  8
LABELS
100
AcDbPolyline
 90
2
 70
0
 10
474.86341114121467
 20
115.80199999999998
 10
474.86341114121467
 20
116.68199999999997
  0
LWPOLYLINE
  5
745
330
17
100
AcDbEntity
  8
LABELS
100
AcDbPolyline
 90
2
 70
0
 10
474.06341114121466
 20
115.80199999999998
 10
474.86341114121467
 20
115.80199999999998
  0
LWPOLYLINE
  5
746
330
17
100
AcDbEntity
  8
LABELS
100
AcDbPolyline
 90
2
 70
0
 10
473.2634111412147
 20
115.80199999999998
 10
474.06341114121466
 20
115.80199999999998
  0
LWPOLYLINE
  5
747
330
17
100
AcDbEntity
  8
LABELS
100
AcDbPolyline
 90
2
 70
0
 10
474.06341114121466
 20
115.80199999999998
 10
474.06341114121466
 20
116.68199999999997
  0
LWPOLYLINE
  5
748
330
17
100
AcDbEntity
  8
LABELS
100
AcDbPolyline
 90
2
 70
0
 10
501.5594111412147
 20
114.60199999999998
 10
501.5594111412147
 20
115.48199999999997
  0
LWPOLYLINE
  5
749
330
17
100
AcDbEntity
  8
LABELS
100
AcDbPolyline
 90
2
 70
0
 10
501.5594111412147
 20
115.48199999999997
 10
502.35941114121465
 20
115.48199999999997
  0
LWPOLYLINE
  5
74A
330
17
100
AcDbEntity
  8
LABELS
100
AcDbPolyline
 90
2
 70
0
 10
502.35941114121465
 20
115.48199999999997
 10
503.15941114121466
 20
115.48199999999997
  0
LWPOLYLINE
  5
74B
330
17
100
AcDbEntity
  8
LABELS
100
AcDbPolyline
 90
2
 70
0
 10
503.15941114121466
 20
114.60199999999998
 10
503.15941114121466
 20
115.48199999999997
  0
LWPOLYLINE
  5
74C
330
17
100
AcDbEntity
  8
LABELS
100
AcDbPolyline
 90
2
 70
0
 10
502.35941114121465
 20
114.60199999999998
 10
503.15941114121466
 20
114.60199999999998
  0
LWPOLYLINE
  5
74D
330
17
100
AcDbEntity
  8
LABELS
100
AcDbPolyline
 90
2
 70
0
 10
501.5594111412147
 20
114.60199999999998
 10
502.35941114121465
 20
114.60199999999998
  0
LWPOLYLINE
  5
74E
330
17
100
AcDbEntity
  8
LABELS
100
AcDbPolyline
 90
2
 70
0
 10
502.35941114121465
 20
114.60199999999998
 10
502.35941114121465
 20
115.48199999999997
  0
LWPOLYLINE
  5
74F
330
17
100
AcDbEntity
  8
LABELS
100
AcDbPolyline
 90
2
 70
0
 10
501.5594111412147
 20
115.80199999999998
 10
501.5594111412147
 20
116.68199999999997
  0
LWPOLYLINE
  5
750
330
17
100
AcDbEntity
  8
LABELS
100
AcDbPolyline
 90
2
 70
0
 10
501.5594111412147
 20
116.68199999999997
 10
502.35941114121465
 20
116.68199999999997
  0
LWPOLYLINE
  5
751
330
17
100
AcDbEntity
  8
LABELS
100
AcDbPolyline
 90
2
 70
0
 10
502.35941114121465
 20
115.80199999999998
 10
502.35941114121465
 20
116.68199999999997
  0
LWPOLYLINE
  5
752
330
17
100
AcDbEntity
  8
LABELS
100
AcDbPolyline
 90
2
 70
0
 10
502.35941114121465
 20
116.68199999999997
 10
503.15941114121466
 20
116.68199999999997
  0
LWPOLYLINE
  5
753
330
17
100
AcDbEntity
  8
LABELS
100
AcDbPolyline
 90
2
 70
0
 10
503.15941114121466
 20
115.80199999999998
 10
503.15941114121466
 20
116.68199999999997
  0
LWPOLYLINE
  5
754
330
17
100
AcDbEntity
  8
LABELS
100
AcDbPolyline
 90
2
 70
0
 10
529.8554111412146
 20
114.60199999999998
 10
529.8554111412146
 20
115.48199999999997
  0
LWPOLYLINE
  5
755
330
17
100
AcDbEntity
  8
LABELS
100
AcDbPolyline
 90
2
 70
0
 10
529.8554111412146
 20
115.48199999999997
 10
530.6554111412147
 20
115.48199999999997
  0
LWPOLYLINE
  5
756
330
17
100
AcDbEntity
  8
LABELS
100
AcDbPolyline
 90
2
 70
0
 10
530.6554111412147
 20
115.48199999999997
 10
531.4554111412147
 20
115.48199999999997
  0
LWPOLYLINE
  5
757
330
17
100
AcDbEntity
  8
LABELS
100
AcDbPolyline
 90
2
 70
0
 10
531.4554111412147
 20
114.60199999999998
 10
531.4554111412147
 20
115.48199999999997
  0
LWPOLYLINE
  5
758
330
17
100
AcDbEntity
  8
LABELS
100
AcDbPolyline
 90
2
 70
0
 10
530.6554111412147
 20
114.60199999999998
 10
531.4554111412147
 20
114.60199999999998
  0
LWPOLYLINE
  5
759
330
17
100
AcDbEntity
  8
LABELS
100
AcDbPolyline
 90
2
 70
0
 10
529.8554111412146
 20
114.60199999999998
 10
530.6554111412147
 20
114.60199999999998
  0
LWPOLYLINE
  5
75A
330
17
100
AcDbEntity
  8
LABELS
100
AcDbPolyline
 90
2
 70
0
 10
530.6554111412147
 20
114.60199999999998
 10
530.6554111412147
 20
115.48199999999997
  0
LWPOLYLINE
  5
75B
330
17
100
AcDbEntity
  8
LABELS
100
AcDbPolyline
 90
2
 70
0
 10
529.8554111412146
 20
115.80199999999998
 10
529.8554111412146
 20
116.68199999999997
  0
LWPOLYLINE
  5
75C
330
17
100
AcDbEntity
  8
LABELS
100
AcDbPolyline
 90
2
 70
0
 10
529.8554111412146
 20
116.68199999999997
 10
530.6554111412147
 20
116.68199999999997
  0
LWPOLYLINE
  5
75D
330
17
100
AcDbEntity
  8
LABELS
100
AcDbPolyline
 90
2
 70
0
 10
530.6554111412147
 20
116.68199999999997
 10
531.4554111412147
 20
116.68199999999997
  0
LWPOLYLINE
  5
75E
330
17
100
AcDbEntity
  8
LABELS
100
AcDbPolyline
 90
2
 70
0
 10
531.4554111412147
 20
115.80199999999998
 10
531.4554111412147
 20
116.68199999999997
  0
LWPOLYLINE
  5
75F
330
17
100
AcDbEntity
  8
LABELS
100
AcDbPolyline
 90
2
 70
0
 10
530.6554111412147
 20
115.80199999999998
 10
531.4554111412147
 20
115.80199999999998
  0
LWPOLYLINE
  5
760
330
17
100
AcDbEntity
  8
LABELS
100
AcDbPolyline
 90
2
 70
0
 10
529.8554111412146
 20
115.80199999999998
 10
530.6554111412147
 20
115.80199999999998
  0
LWPOLYLINE
  5
761
330
17
100
AcDbEntity
  8
LABELS
100
AcDbPolyline
 90
2
 70
0
 10
530.6554111412147
 20
115.80199999999998
 10
530.6554111412147
 20
116.68199999999997
  0
LWPOLYLINE
  5
762
330
17
100
AcDbEntity
  8
LABELS
100
AcDbPolyline
 90
2
 70
0
 10
558.1514111412148
 20
114.88199999999998
 10
558.9514111412147
 20
114.88199999999998
  0
LWPOLYLINE
  5
763
330
17
100
AcDbEntity
  8
LABELS
100
AcDbPolyline
 90
2
 70
0
 10
558.9514111412147
 20
114.88199999999998
 10
559.7514111412148
 20
114.88199999999998
  0
LWPOLYLINE
  5
764
330
17
100
AcDbEntity
  8
LABELS
100
AcDbPolyline
 90
2
 70
0
 10
558.1514111412148
 20
116.08199999999998
 10
558.9514111412147
 20
116.08199999999998
  0
LWPOLYLINE
  5
765
330
17
100
AcDbEntity
  8
LABELS
100
AcDbPolyline
 90
2
 70
0
 10
558.9514111412147
 20
116.08199999999998
 10
559.7514111412148
 20
116.08199999999998
  0
LWPOLYLINE
  5
766
330
17
100
AcDbEntity
  8
LABELS
100
AcDbPolyline
 90
2
 70
0
 10
558.1514111412148
 20
116.40199999999997
 10
558.1514111412148
 20
117.28199999999998
  0
LWPOLYLINE
  5
767
330
17
100
AcDbEntity
  8
LABELS
100
AcDbPolyline
 90
2
 70
0
 10
558.1514111412148
 20
117.28199999999998
 10
558.9514111412147
 20
117.28199999999998
  0
LWPOLYLINE
  5
768
330
17
100
AcDbEntity
  8
LABELS
100
AcDbPolyline
 90
2
 70
0
 10
558.9514111412147
 20
116.40199999999997
 10
558.9514111412147
 20
117.28199999999998
  0
LWPOLYLINE
  5
769
330
17
100
AcDbEntity
  8
LABELS
100
AcDbPolyline
 90
2
 70
0
 10
558.9514111412147
 20
117.28199999999998
 10
559.7514111412148
 20
117.28199999999998
  0
LWPOLYLINE
  5
76A
330
17
100
AcDbEntity
  8
LABELS
100
AcDbPolyline
 90
2
 70
0
 10
559.7514111412148
 20
116.40199999999997
 10
559.7514111412148
 20
117.28199999999998
  0
LWPOLYLINE
  5
76B
330
17
100
AcDbEntity
  8
LABELS
100
AcDbPolyline
 90
2
 70
0
 10
586.4474111412148
 20
114.88199999999998
 10
587.2474111412148
 20
114.88199999999998
  0
LWPOLYLINE
  5
76C
330
17
100
AcDbEntity
  8
LABELS
100
AcDbPolyline
 90
2
 70
0
 10
587.2474111412148
 20
114.88199999999998
 10
588.0474111412149
 20
114.88199999999998
  0
LWPOLYLINE
  5
76D
330
17
100
AcDbEntity
  8
LABELS
100
AcDbPolyline
 90
2
 70
0
 10
586.4474111412148
 20
116.08199999999998
 10
587.2474111412148
 20
116.08199999999998
  0
LWPOLYLINE
  5
76E
330
17
100
AcDbEntity
  8
LABELS
100
AcDbPolyline
 90
2
 70
0
 10
587.2474111412148
 20
116.08199999999998
 10
588.0474111412149
 20
116.08199999999998
  0
LWPOLYLINE
  5
76F
330
17
100
AcDbEntity
  8
LABELS
100
AcDbPolyline
 90
2
 70
0
 10
586.4474111412148
 20
116.40199999999997
 10
587.2474111412148
 20
116.40199999999997
  0
LWPOLYLINE
  5
770
330
17
100
AcDbEntity
  8
LABELS
100
AcDbPolyline
 90
2
 70
0
 10
587.2474111412148
 20
116.40199999999997
 10
587.2474111412148
 20
117.28199999999998
  0
LWPOLYLINE
  5
771
330
17
100
AcDbEntity
  8
LABELS
100
AcDbPolyline
 90
2
 70
0
 10
586.4474111412148
 20
117.28199999999998
 10
587.2474111412148
 20
117.28199999999998
  0
LWPOLYLINE
  5
772
330
17
100
AcDbEntity
  8
LABELS
100
AcDbPolyline
 90
2
 70
0
 10
587.2474111412148
 20
117.28199999999998
 10
588.0474111412149
 20
117.28199999999998
  0
LWPOLYLINE
  5
773
330
17
100
AcDbEntity
  8
LABELS
100
AcDbPolyline
 90
2
 70
0
 10
343.1639267015707
 20
139.11549999999994
 10
344.0439267015707
 20
139.11549999999994
  0
LWPOLYLINE
  5
774
330
17
100
AcDbEntity
  8
LABELS
100
AcDbPolyline
 90
2
 70
0
 10
344.0439267015707
 20
139.11549999999994
 10
344.0439267015707
 20
138.31549999999996
  0
LWPOLYLINE
  5
775
330
17
100
AcDbEntity
  8
LABELS
100
AcDbPolyline
 90
2
 70
0
 10
344.0439267015707
 20
138.31549999999996
 10
344.0439267015707
 20
137.51549999999995
  0
LWPOLYLINE
  5
776
330
17
100
AcDbEntity
  8
LABELS
100
AcDbPolyline
 90
2
 70
0
 10
344.3639267015707
 20
139.11549999999994
 10
344.3639267015707
 20
138.31549999999996
  0
LWPOLYLINE
  5
777
330
17
100
AcDbEntity
  8
LABELS
100
AcDbPolyline
 90
2
 70
0
 10
344.3639267015707
 20
138.31549999999996
 10
345.2439267015707
 20
138.31549999999996
  0
LWPOLYLINE
  5
778
330
17
100
AcDbEntity
  8
LABELS
100
AcDbPolyline
 90
2
 70
0
 10
345.2439267015707
 20
139.11549999999994
 10
345.2439267015707
 20
138.31549999999996
  0
LWPOLYLINE
  5
779
330
17
100
AcDbEntity
  8
LABELS
100
AcDbPolyline
 90
2
 70
0
 10
345.2439267015707
 20
138.31549999999996
 10
345.2439267015707
 20
137.51549999999995
  0
LWPOLYLINE
  5
77A
330
17
100
AcDbEntity
  8
LABELS
100
AcDbPolyline
 90
2
 70
0
 10
358.2548560209424
 20
139.11549999999994
 10
358.2548560209424
 20
138.31549999999996
  0
LWPOLYLINE
  5
77B
330
17
100
AcDbEntity
  8
LABELS
100
AcDbPolyline
 90
2
 70
0
 10
358.2548560209424
 20
138.31549999999996
 10
358.2548560209424
 20
137.51549999999995
  0
LWPOLYLINE
  5
77C
330
17
100
AcDbEntity
  8
LABELS
100
AcDbPolyline
 90
2
 70
0
 10
358.5748560209424
 20
139.11549999999994
 10
359.4548560209424
 20
139.11549999999994
  0
LWPOLYLINE
  5
77D
330
17
100
AcDbEntity
  8
LABELS
100
AcDbPolyline
 90
2
 70
0
 10
358.5748560209424
 20
139.11549999999994
 10
358.5748560209424
 20
138.31549999999996
  0
LWPOLYLINE
  5
77E
330
17
100
AcDbEntity
  8
LABELS
100
AcDbPolyline
 90
2
 70
0
 10
358.5748560209424
 20
138.31549999999996
 10
359.4548560209424
 20
138.31549999999996
  0
LWPOLYLINE
  5
77F
330
17
100
AcDbEntity
  8
LABELS
100
AcDbPolyline
 90
2
 70
0
 10
359.4548560209424
 20
138.31549999999996
 10
359.4548560209424
 20
137.51549999999995
  0
LWPOLYLINE
  5
780
330
17
100
AcDbEntity
  8
LABELS
100
AcDbPolyline
 90
2
 70
0
 10
358.5748560209424
 20
137.51549999999995
 10
359.4548560209424
 20
137.51549999999995
  0
LWPOLYLINE
  5
781
330
17
100
AcDbEntity
  8
LABELS
100
AcDbPolyline
 90
2
 70
0
 10
360.6548560209424
 20
139.11549999999994
 10
360.6548560209424
 20
138.31549999999996
  0
LWPOLYLINE
  5
782
330
17
100
AcDbEntity
  8
LABELS
100
AcDbPolyline
 90
2
 70
0
 10
360.6548560209424
 20
138.31549999999996
 10
360.6548560209424
 20
137.51549999999995
  0
LWPOLYLINE
  5
783
330
17
100
AcDbEntity
  8
LABELS
100
AcDbPolyline
 90
2
 70
0
 10
379.25590497199136
 20
139.11549999999994
 10
379.25590497199136
 20
138.31549999999996
  0
LWPOLYLINE
  5
784
330
17
100
AcDbEntity
  8
LABELS
100
AcDbPolyline
 90
2
 70
0
 10
379.25590497199136
 20
138.31549999999996
 10
379.25590497199136
 20
137.51549999999995
  0
LWPOLYLINE
  5
785
330
17
100
AcDbEntity
  8
LABELS
100
AcDbPolyline
 90
2
 70
0
 10
379.57590497199135
 20
139.11549999999994
 10
379.57590497199135
 20
138.31549999999996
  0
LWPOLYLINE
  5
786
330
17
100
AcDbEntity
  8
LABELS
100
AcDbPolyline
 90
2
 70
0
 10
379.57590497199135
 20
138.31549999999996
 10
380.45590497199134
 20
138.31549999999996
  0
LWPOLYLINE
  5
787
330
17
100
AcDbEntity
  8
LABELS
100
AcDbPolyline
 90
2
 70
0
 10
380.45590497199134
 20
139.11549999999994
 10
380.45590497199134
 20
138.31549999999996
  0
LWPOLYLINE
  5
788
330
17
100
AcDbEntity
  8
LABELS
100
AcDbPolyline
 90
2
 70
0
 10
380.45590497199134
 20
138.31549999999996
 10
380.45590497199134
 20
137.51549999999995
  0
LWPOLYLINE
  5
789
330
17
100
AcDbEntity
  8
LABELS
100
AcDbPolyline
 90
2
 70
0
 10
380.7759049719914
 20
139.11549999999994
 10
381.6559049719914
 20
139.11549999999994
  0
LWPOLYLINE
  5
78A
330
17
100
AcDbEntity
  8
LABELS
100
AcDbPolyline
 90
2
 70
0
 10
380.7759049719914
 20
139.11549999999994
 10
380.7759049719914
 20
138.31549999999996
  0
LWPOLYLINE
  5
78B
330
17
100
AcDbEntity
  8
LABELS
100
AcDbPolyline
 90
2
 70
0
 10
380.7759049719914
 20
138.31549999999996
 10
381.6559049719914
 20
138.31549999999996
  0
LWPOLYLINE
  5
78C
330
17
100
AcDbEntity
  8
LABELS
100
AcDbPolyline
 90
2
 70
0
 10
381.6559049719914
 20
138.31549999999996
 10
381.6559049719914
 20
137.51549999999995
  0
LWPOLYLINE
  5
78D
330
17
100
AcDbEntity
  8
LABELS
100
AcDbPolyline
 90
2
 70
0
 10
380.7759049719914
 20
137.51549999999995
 10
381.6559049719914
 20
137.51549999999995
  0
LWPOLYLINE
  5
78E
330
17
100
AcDbEntity
  8
LABELS
100
AcDbPolyline
 90
2
 70
0
 10
416.0325867901732
 20
139.96799999999996
 10
416.83258679017314
 20
139.96799999999996
  0
LWPOLYLINE
  5
78F
330
17
100
AcDbEntity
  8
LABELS
100
AcDbPolyline
 90
2
 70
0
 10
416.83258679017314
 20
139.96799999999996
 10
417.63258679017315
 20
139.96799999999996
  0
LWPOLYLINE
  5
790
330
17
100
AcDbEntity
  8
LABELS
100
AcDbPolyline
 90
2
 70
0
 10
416.0325867901732
 20
140.28799999999995
 10
416.83258679017314
 20
140.28799999999995
  0
LWPOLYLINE
  5
791
330
17
100
AcDbEntity
  8
LABELS
100
AcDbPolyline
 90
2
 70
0
 10
416.83258679017314
 20
140.28799999999995
 10
416.83258679017314
 20
141.16799999999995
  0
LWPOLYLINE
  5
792
330
17
100
AcDbEntity
  8
LABELS
100
AcDbPolyline
 90
2
 70
0
 10
416.0325867901732
 20
141.16799999999995
 10
416.83258679017314
 20
141.16799999999995
  0
LWPOLYLINE
  5
793
330
17
100
AcDbEntity
  8
LABELS
100
AcDbPolyline
 90
2
 70
0
 10
416.83258679017314
 20
141.16799999999995
 10
417.63258679017315
 20
141.16799999999995
  0
LWPOLYLINE
  5
794
330
17
100
AcDbEntity
  8
LABELS
100
AcDbPolyline
 90
2
 70
0
 10
440.5185867901732
 20
139.08799999999997
 10
440.5185867901732
 20
139.96799999999996
  0
LWPOLYLINE
  5
795
330
17
100
AcDbEntity
  8
LABELS
100
AcDbPolyline
 90
2
 70
0
 10
440.5185867901732
 20
139.96799999999996
 10
441.31858679017313
 20
139.96799999999996
  0
LWPOLYLINE
  5
796
330
17
100
AcDbEntity
  8
LABELS
100
AcDbPolyline
 90
2
 70
0
 10
441.31858679017313
 20
139.08799999999997
 10
441.31858679017313
 20
139.96799999999996
  0
LWPOLYLINE
  5
797
330
17
100
AcDbEntity
  8
LABELS
100
AcDbPolyline
 90
2
 70
0
 10
441.31858679017313
 20
139.08799999999997
 10
442.11858679017314
 20
139.08799999999997
  0
LWPOLYLINE
  5
798
330
17
100
AcDbEntity
  8
LABELS
100
AcDbPolyline
 90
2
 70
0
 10
442.11858679017314
 20
139.08799999999997
 10
442.11858679017314
 20
139.96799999999996
  0
LWPOLYLINE
  5
799
330
17
100
AcDbEntity
  8
LABELS
100
AcDbPolyline
 90
2
 70
0
 10
440.5185867901732
 20
140.28799999999995
 10
440.5185867901732
 20
141.16799999999995
  0
LWPOLYLINE
  5
79A
330
17
100
AcDbEntity
  8
LABELS
100
AcDbPolyline
 90
2
 70
0
 10
440.5185867901732
 20
141.16799999999995
 10
441.31858679017313
 20
141.16799999999995
  0
LWPOLYLINE
  5
79B
330
17
100
AcDbEntity
  8
LABELS
100
AcDbPolyline
 90
2
 70
0
 10
441.31858679017313
 20
140.28799999999995
 10
441.31858679017313
 20
141.16799999999995
  0
LWPOLYLINE
  5
79C
330
17
100
AcDbEntity
  8
LABELS
100
AcDbPolyline
 90
2
 70
0
 10
441.31858679017313
 20
141.16799999999995
 10
442.11858679017314
 20
141.16799999999995
  0
LWPOLYLINE
  5
79D
330
17
100
AcDbEntity
  8
LABELS
100
AcDbPolyline
 90
2
 70
0
 10
442.11858679017314
 20
140.28799999999995
 10
442.11858679017314
 20
141.16799999999995
  0
LWPOLYLINE
  5
79E
330
17
100
AcDbEntity
  8
LABELS
100
AcDbPolyline
 90
2
 70
0
 10
457.09608679017316
 20
140.92799999999994
 10
457.09608679017316
 20
140.12799999999996
  0
LWPOLYLINE
  5
79F
330
17
100
AcDbEntity
  8
LABELS
100
AcDbPolyline
 90
2
 70
0
 10
457.09608679017316
 20
140.12799999999996
 10
457.09608679017316
 20
139.32799999999995
  0
LWPOLYLINE
  5
7A0
330
17
100
AcDbEntity
  8
LABELS
100
AcDbPolyline
 90
2
 70
0
 10
457.41608679017315
 20
140.92799999999994
 10
457.41608679017315
 20
140.12799999999996
  0
LWPOLYLINE
  5
7A1
330
17
100
AcDbEntity
  8
LABELS
100
AcDbPolyline
 90
2
 70
0
 10
457.41608679017315
 20
140.12799999999996
 10
458.29608679017315
 20
140.12799999999996
  0
LWPOLYLINE
  5
7A2
330
17
100
AcDbEntity
  8
LABELS
100
AcDbPolyline
 90
2
 70
0
 10
458.29608679017315
 20
140.92799999999994
 10
458.29608679017315
 20
140.12799999999996
  0
LWPOLYLINE
  5
7A3
330
17
100
AcDbEntity
  8
LABELS
100
AcDbPolyline
 90
2
 70
0
 10
458.29608679017315
 20
140.12799999999996
 10
458.29608679017315
 20
139.32799999999995
  0
LWPOLYLINE
  5
7A4
330
17
100
AcDbEntity
  8
LABELS
100
AcDbPolyline
 90
2
 70
0
 10
458.61608679017314
 20
140.92799999999994
 10
459.49608679017314
 20
140.92799999999994
  0
LWPOLYLINE
  5
7A5
330
17
100
AcDbEntity
  8
LABELS
100
AcDbPolyline
 90
2
 70
0
 10
458.61608679017314
 20
140.92799999999994
 10
458.61608679017314
 20
140.12799999999996
  0
LWPOLYLINE
  5
7A6
330
17
100
AcDbEntity
  8
LABELS
100
AcDbPolyline
 90
2
 70
0
 10
458.61608679017314
 20
140.12799999999996
 10
459.49608679017314
 20
140.12799999999996
  0
LWPOLYLINE
  5
7A7
330
17
100
AcDbEntity
  8
LABELS
100
AcDbPolyline
 90
2
 70
0
 10
458.61608679017314
 20
140.12799999999996
 10
458.61608679017314
 20
139.32799999999995
  0
LWPOLYLINE
  5
7A8
330
17
100
AcDbEntity
  8
LABELS
100
AcDbPolyline
 90
2
 70
0
 10
459.49608679017314
 20
140.12799999999996
 10
459.49608679017314
 20
139.32799999999995
  0
LWPOLYLINE
  5
7A9
330
17
100
AcDbEntity
  8
LABELS
100
AcDbPolyline
 90
2
 70
0
 10
458.61608679017314
 20
139.32799999999995
 10
459.49608679017314
 20
139.32799999999995
  0
LWPOLYLINE
  5
7AA
330
17
100
AcDbEntity
  8
LABELS
100
AcDbPolyline
 90
2
 70
0
 10
490.0021392377256
 20
139.08799999999997
 10
490.80213923772556
 20
139.08799999999997
  0
LWPOLYLINE
  5
7AB
330
17
100
AcDbEntity
  8
LABELS
100
AcDbPolyline
 90
2
 70
0
 10
490.80213923772556
 20
139.08799999999997
 10
490.80213923772556
 20
139.96799999999996
  0
LWPOLYLINE
  5
7AC
330
17
100
AcDbEntity
  8
LABELS
100
AcDbPolyline
 90
2
 70
0
 10
490.0021392377256
 20
139.96799999999996
 10
490.80213923772556
 20
139.96799999999996
  0
LWPOLYLINE
  5
7AD
330
17
100
AcDbEntity
  8
LABELS
100
AcDbPolyline
 90
2
 70
0
 10
490.80213923772556
 20
139.96799999999996
 10
491.60213923772557
 20
139.96799999999996
  0
LWPOLYLINE
  5
7AE
330
17
100
AcDbEntity
  8
LABELS
100
AcDbPolyline
 90
2
 70
0
 10
490.0021392377256
 20
140.28799999999995
 10
490.80213923772556
 20
140.28799999999995
  0
LWPOLYLINE
  5
7AF
330
17
100
AcDbEntity
  8
LABELS
100
AcDbPolyline
 90
2
 70
0
 10
490.80213923772556
 20
140.28799999999995
 10
490.80213923772556
 20
141.16799999999995
  0
LWPOLYLINE
  5
7B0
330
17
100
AcDbEntity
  8
LABELS
100
AcDbPolyline
 90
2
 70
0
 10
490.0021392377256
 20
141.16799999999995
 10
490.80213923772556
 20
141.16799999999995
  0
LWPOLYLINE
  5
7B1
330
17
100
AcDbEntity
  8
LABELS
100
AcDbPolyline
 90
2
 70
0
 10
490.80213923772556
 20
141.16799999999995
 10
491.60213923772557
 20
141.16799999999995
  0
LWPOLYLINE
  5
7B2
330
17
100
AcDbEntity
  8
LABELS
100
AcDbPolyline
 90
2
 70
0
 10
514.4881392377256
 20
139.08799999999997
 10
515.2881392377255
 20
139.08799999999997
  0
LWPOLYLINE
  5
7B3
330
17
100
AcDbEntity
  8
LABELS
100
AcDbPolyline
 90
2
 70
0
 10
515.2881392377255
 20
139.08799999999997
 10
515.2881392377255
 20
139.96799999999996
  0
LWPOLYLINE
  5
7B4
330
17
100
AcDbEntity
  8
LABELS
100
AcDbPolyline
 90
2
 70
0
 10
514.4881392377256
 20
139.96799999999996
 10
515.2881392377255
 20
139.96799999999996
  0
LWPOLYLINE
  5
7B5
330
17
100
AcDbEntity
  8
LABELS
100
AcDbPolyline
 90
2
 70
0
 10
515.2881392377255
 20
139.96799999999996
 10
516.0881392377256
 20
139.96799999999996
  0
LWPOLYLINE
  5
7B6
330
17
100
AcDbEntity
  8
LABELS
100
AcDbPolyline
 90
2
 70
0
 10
514.4881392377256
 20
140.28799999999995
 10
514.4881392377256
 20
141.16799999999995
  0
LWPOLYLINE
  5
7B7
330
17
100
AcDbEntity
  8
LABELS
100
AcDbPolyline
 90
2
 70
0
 10
514.4881392377256
 20
141.16799999999995
 10
515.2881392377255
 20
141.16799999999995
  0
LWPOLYLINE
  5
7B8
330
17
100
AcDbEntity
  8
LABELS
100
AcDbPolyline
 90
2
 70
0
 10
515.2881392377255
 20
141.16799999999995
 10
516.0881392377256
 20
141.16799999999995
  0
LWPOLYLINE
  5
7B9
330
17
100
AcDbEntity
  8
LABELS
100
AcDbPolyline
 90
2
 70
0
 10
18.114999999999995
 20
287.1637445721817
 10
18.114999999999995
 20
286.3637445721817
  0
LWPOLYLINE
  5
7BA
330
17
100
AcDbEntity
  8
LABELS
100
AcDbPolyline
 90
2
 70
0
 10
18.114999999999995
 20
286.3637445721817
 10
18.114999999999995
 20
285.56374457218175
  0
LWPOLYLINE
  5
7BB
330
17
100
AcDbEntity
  8
LABELS
100
AcDbPolyline
 90
2
 70
0
 10
18.434999999999995
 20
287.1637445721817
 10
19.314999999999998
 20
287.1637445721817
  0
LWPOLYLINE
  5
7BC
330
17
100
AcDbEntity
  8
LABELS
100
AcDbPolyline
 90
2
 70
0
 10
18.434999999999995
 20
287.1637445721817
 10
18.434999999999995
 20
286.3637445721817
  0
LWPOLYLINE
  5
7BD
330
17
100
AcDbEntity
  8
LABELS
100
AcDbPolyline
 90
2
 70
0
 10
18.434999999999995
 20
286.3637445721817
 10
19.314999999999998
 20
286.3637445721817
  0
LWPOLYLINE
  5
7BE
330
17
100
AcDbEntity
  8
LABELS
100
AcDbPolyline
 90
2
 70
0
 10
19.314999999999998
 20
286.3637445721817
 10
19.314999999999998
 20
285.56374457218175
  0
LWPOLYLINE
  5
7BF
330
17
100
AcDbEntity
  8
LABELS
100
AcDbPolyline
 90
2
 70
0
 10
18.434999999999995
 20
285.56374457218175
 10
19.314999999999998
 20
285.56374457218175
  0
LWPOLYLINE
  5
7C0
330
17
100
AcDbEntity
  8
LABELS
100
AcDbPolyline
 90
2
 70
0
 10
19.634999999999998
 20
287.1637445721817
 10
20.514999999999997
 20
287.1637445721817
  0
LWPOLYLINE
  5
7C1
330
17
100
AcDbEntity
  8
LABELS
100
AcDbPolyline
 90
2
 70
0
 10
20.514999999999997
 20
287.1637445721817
 10
20.514999999999997
 20
286.3637445721817
  0
LWPOLYLINE
  5
7C2
330
17
100
AcDbEntity
  8
LABELS
100
AcDbPolyline
 90
2
 70
0
 10
19.634999999999998
 20
286.3637445721817
 10
20.514999999999997
 20
286.3637445721817
  0
LWPOLYLINE
  5
7C3
330
17
100
AcDbEntity
  8
LABELS
100
AcDbPolyline
 90
2
 70
0
 10
19.634999999999998
 20
286.3637445721817
 10
19.634999999999998
 20
285.56374457218175
  0
LWPOLYLINE
  5
7C4
330
17
100
AcDbEntity
  8
LABELS
100
AcDbPolyline
 90
2
 70
0
 10
19.634999999999998
 20
285.56374457218175
 10
20.514999999999997
 20
285.56374457218175
  0
LWPOLYLINE
  5
7C5
330
17
100
AcDbEntity
  8
LABELS
100
AcDbPolyline
 90
2
 70
0
 10
344.84171224935625
 20
163.60149999999993
 10
344.84171224935625
 20
162.80149999999995
  0
LWPOLYLINE
  5
7C6
330
17
100
AcDbEntity
  8
LABELS
100
AcDbPolyline
 90
2
 70
0
 10
344.84171224935625
 20
162.80149999999995
 10
344.84171224935625
 20
162.00149999999994
  0
LWPOLYLINE
  5
7C7
330
17
100
AcDbEntity
  8
LABELS
100
AcDbPolyline
 90
2
 70
0
 10
345.16171224935624
 20
163.60149999999993
 10
346.04171224935624
 20
163.60149999999993
  0
LWPOLYLINE
  5
7C8
330
17
100
AcDbEntity
  8
LABELS
100
AcDbPolyline
 90
2
 70
0
 10
346.04171224935624
 20
163.60149999999993
 10
346.04171224935624
 20
162.80149999999995
  0
LWPOLYLINE
  5
7C9
330
17
100
AcDbEntity
  8
LABELS
100
AcDbPolyline
 90
2
 70
0
 10
345.16171224935624
 20
162.80149999999995
 10
346.04171224935624
 20
162.80149999999995
  0
LWPOLYLINE
  5
7CA
330
17
100
AcDbEntity
  8
LABELS
100
AcDbPolyline
 90
2
 70
0
 10
346.04171224935624
 20
162.80149999999995
 10
346.04171224935624
 20
162.00149999999994
  0
LWPOLYLINE
  5
7CB
330
17
100
AcDbEntity
  8
LABELS
100
AcDbPolyline
 90
2
 70
0
 10
345.16171224935624
 20
162.00149999999994
 10
346.04171224935624
 20
162.00149999999994
  0
LWPOLYLINE
  5
7CC
330
17
100
AcDbEntity
  8
LABELS
100
AcDbPolyline
 90
2
 70
0
 10
346.36171224935623
 20
163.60149999999993
 10
347.2417122493562
 20
163.60149999999993
  0
LWPOLYLINE
  5
7CD
330
17
100
AcDbEntity
  8
LABELS
100
AcDbPolyline
 90
2
 70
0
 10
347.2417122493562
 20
163.60149999999993
 10
347.2417122493562
 20
162.80149999999995
  0
LWPOLYLINE
  5
7CE
330
17
100
AcDbEntity
  8
LABELS
100
AcDbPolyline
 90
2
 70
0
 10
346.36171224935623
 20
163.60149999999993
 10
346.36171224935623
 20
162.80149999999995
  0
LWPOLYLINE
  5
7CF
330
17
100
AcDbEntity
  8
LABELS
100
AcDbPolyline
 90
2
 70
0
 10
346.36171224935623
 20
162.80149999999995
 10
347.2417122493562
 20
162.80149999999995
  0
LWPOLYLINE
  5
7D0
330
17
100
AcDbEntity
  8
LABELS
100
AcDbPolyline
 90
2
 70
0
 10
347.2417122493562
 20
162.80149999999995
 10
347.2417122493562
 20
162.00149999999994
  0
LWPOLYLINE
  5
7D1
330
17
100
AcDbEntity
  8
LABELS
100
AcDbPolyline
 90
2
 70
0
 10
346.36171224935623
 20
162.00149999999994
 10
347.2417122493562
 20
162.00149999999994
  0
LWPOLYLINE
  5
7D2
330
17
100
AcDbEntity
  8
LABELS
100
AcDbPolyline
 90
2
 70
0
 10
520.1256392377256
 20
140.5667303664921
 10
520.1256392377256
 20
141.4467303664921
  0
LWPOLYLINE
  5
7D3
330
17
100
AcDbEntity
  8
LABELS
100
AcDbPolyline
 90
2
 70
0
 10
520.1256392377256
 20
140.5667303664921
 10
520.9256392377256
 20
140.5667303664921
  0
LWPOLYLINE
  5
7D4
330
17
100
AcDbEntity
  8
LABELS
100
AcDbPolyline
 90
2
 70
0
 10
520.9256392377256
 20
140.5667303664921
 10
520.9256392377256
 20
141.4467303664921
  0
LWPOLYLINE
  5
7D5
330
17
100
AcDbEntity
  8
LABELS
100
AcDbPolyline
 90
2
 70
0
 10
520.9256392377256
 20
141.4467303664921
 10
521.7256392377257
 20
141.4467303664921
  0
LWPOLYLINE
  5
7D6
330
17
100
AcDbEntity
  8
LABELS
100
AcDbPolyline
 90
2
 70
0
 10
521.7256392377257
 20
140.5667303664921
 10
521.7256392377257
 20
141.4467303664921
  0
LWPOLYLINE
  5
7D7
330
17
100
AcDbEntity
  8
LABELS
100
AcDbPolyline
 90
2
 70
0
 10
520.1256392377256
 20
141.7667303664921
 10
520.1256392377256
 20
142.6467303664921
  0
LWPOLYLINE
  5
7D8
330
17
100
AcDbEntity
  8
LABELS
100
AcDbPolyline
 90
2
 70
0
 10
520.1256392377256
 20
142.6467303664921
 10
520.9256392377256
 20
142.6467303664921
  0
LWPOLYLINE
  5
7D9
330
17
100
AcDbEntity
  8
LABELS
100
AcDbPolyline
 90
2
 70
0
 10
520.1256392377256
 20
141.7667303664921
 10
520.9256392377256
 20
141.7667303664921
  0
LWPOLYLINE
  5
7DA
330
17
100
AcDbEntity
  8
LABELS
100
AcDbPolyline
 90
2
 70
0
 10
520.9256392377256
 20
141.7667303664921
 10
520.9256392377256
 20
142.6467303664921
  0
LWPOLYLINE
  5
7DB
330
17
100
AcDbEntity
  8
LABELS
100
AcDbPolyline
 90
2
 70
0
 10
520.9256392377256
 20
142.6467303664921
 10
521.7256392377257
 20
142.6467303664921
  0
LWPOLYLINE
  5
7DC
330
17
100
AcDbEntity
  8
LABELS
100
AcDbPolyline
 90
2
 70
0
 10
521.7256392377257
 20
141.7667303664921
 10
521.7256392377257
 20
142.6467303664921
  0
LWPOLYLINE
  5
7DD
330
17
100
AcDbEntity
  8
LABELS
100
AcDbPolyline
 90
2
 70
0
 10
544.6116392377256
 20
140.43374607329838
 10
545.4116392377256
 20
140.43374607329838
  0
LWPOLYLINE
  5
7DE
330
17
100
AcDbEntity
  8
LABELS
100
AcDbPolyline
 90
2
 70
0
 10
545.4116392377256
 20
140.43374607329838
 10
545.4116392377256
 20
141.31374607329838
  0
LWPOLYLINE
  5
7DF
330
17
100
AcDbEntity
  8
LABELS
100
AcDbPolyline
 90
2
 70
0
 10
544.6116392377256
 20
141.31374607329838
 10
545.4116392377256
 20
141.31374607329838
  0
LWPOLYLINE
  5
7E0
330
17
100
AcDbEntity
  8
LABELS
100
AcDbPolyline
 90
2
 70
0
 10
545.4116392377256
 20
141.31374607329838
 10
546.2116392377256
 20
141.31374607329838
  0
LWPOLYLINE
  5
7E1
330
17
100
AcDbEntity
  8
LABELS
100
AcDbPolyline
 90
2
 70
0
 10
544.6116392377256
 20
141.63374607329837
 10
544.6116392377256
 20
142.51374607329836
  0
LWPOLYLINE
  5
7E2
330
17
100
AcDbEntity
  8
LABELS
100
AcDbPolyline
 90
2
 70
0
 10
544.6116392377256
 20
141.63374607329837
 10
545.4116392377256
 20
141.63374607329837
  0
LWPOLYLINE
  5
7E3
330
17
100
AcDbEntity
  8
LABELS
100
AcDbPolyline
 90
2
 70
0
 10
545.4116392377256
 20
141.63374607329837
 10
545.4116392377256
 20
142.51374607329836
  0
LWPOLYLINE
  5
7E4
330
17
100
AcDbEntity
  8
LABELS
100
AcDbPolyline
 90
2
 70
0
 10
545.4116392377256
 20
142.51374607329836
 10
546.2116392377256
 20
142.51374607329836
  0
LWPOLYLINE
  5
7E5
330
17
100
AcDbEntity
  8
LABELS
100
AcDbPolyline
 90
2
 70
0
 10
546.2116392377256
 20
141.63374607329837
 10
546.2116392377256
 20
142.51374607329836
  0
LWPOLYLINE
  5
7E6
330
17
100
AcDbEntity
  8
LABELS
100
AcDbPolyline
 90
2
 70
0
 10
591.7561392377256
 20
139.36799999999994
 10
592.5561392377256
 20
139.36799999999994
  0
LWPOLYLINE
  5
7E7
330
17
100
AcDbEntity
  8
LABELS
100
AcDbPolyline
 90
2
 70
0
 10
592.5561392377256
 20
139.36799999999994
 10
593.3561392377256
 20
139.36799999999994
  0
LWPOLYLINE
  5
7E8
330
17
100
AcDbEntity
  8
LABELS
100
AcDbPolyline
 90
2
 70
0
 10
591.7561392377256
 20
139.68799999999996
 10
591.7561392377256
 20
140.56799999999996
  0
LWPOLYLINE
  5
7E9
330
17
100
AcDbEntity
  8
LABELS
100
AcDbPolyline
 90
2
 70
0
 10
591.7561392377256
 20
140.56799999999996
 10
592.5561392377256
 20
140.56799999999996
  0
LWPOLYLINE
  5
7EA
330
17
100
AcDbEntity
  8
LABELS
100
AcDbPolyline
 90
2
 70
0
 10
592.5561392377256
 20
140.56799999999996
 10
593.3561392377256
 20
140.56799999999996
  0
LWPOLYLINE
  5
7EB
330
17
100
AcDbEntity
  8
LABELS
100
AcDbPolyline
 90
2
 70
0
 10
593.3561392377256
 20
139.68799999999996
 10
593.3561392377256
 20
140.56799999999996
  0
LWPOLYLINE
  5
7EC
330
17
100
AcDbEntity
  8
LABELS
100
AcDbPolyline
 90
2
 70
0
 10
592.5561392377256
 20
139.68799999999996
 10
593.3561392377256
 20
139.68799999999996
  0
LWPOLYLINE
  5
7ED
330
17
100
AcDbEntity
  8
LABELS
100
AcDbPolyline
 90
2
 70
0
 10
591.7561392377256
 20
139.68799999999996
 10
592.5561392377256
 20
139.68799999999996
  0
LWPOLYLINE
  5
7EE
330
17
100
AcDbEntity
  8
LABELS
100
AcDbPolyline
 90
2
 70
0
 10
591.7561392377256
 20
140.88799999999995
 10
591.7561392377256
 20
141.76799999999994
  0
LWPOLYLINE
  5
7EF
330
17
100
AcDbEntity
  8
LABELS
100
AcDbPolyline
 90
2
 70
0
 10
591.7561392377256
 20
140.88799999999995
 10
592.5561392377256
 20
140.88799999999995
  0
LWPOLYLINE
  5
7F0
330
17
100
AcDbEntity
  8
LABELS
100
AcDbPolyline
 90
2
 70
0
 10
592.5561392377256
 20
140.88799999999995
 10
592.5561392377256
 20
141.76799999999994
  0
LWPOLYLINE
  5
7F1
330
17
100
AcDbEntity
  8
LABELS
100
AcDbPolyline
 90
2
 70
0
 10
592.5561392377256
 20
140.88799999999995
 10
593.3561392377256
 20
140.88799999999995
  0
LWPOLYLINE
  5
7F2
330
17
100
AcDbEntity
  8
LABELS
100
AcDbPolyline
 90
2
 70
0
 10
592.5561392377256
 20
141.76799999999994
 10
593.3561392377256
 20
141.76799999999994
  0
LWPOLYLINE
  5
7F3
330
17
100
AcDbEntity
  8
LABELS
100
AcDbPolyline
 90
2
 70
0
 10
593.3561392377256
 20
140.88799999999995
 10
593.3561392377256
 20
141.76799999999994
  0
LWPOLYLINE
  5
7F4
330
17
100
AcDbEntity
  8
LABELS
100
AcDbPolyline
 90
2
 70
0
 10
369.09126935891334
 20
167.01399999999995
 10
369.09126935891334
 20
166.21399999999994
  0
LWPOLYLINE
  5
7F5
330
17
100
AcDbEntity
  8
LABELS
100
AcDbPolyline
 90
2
 70
0
 10
369.09126935891334
 20
166.21399999999994
 10
369.09126935891334
 20
165.41399999999993
  0
LWPOLYLINE
  5
7F6
330
17
100
AcDbEntity
  8
LABELS
100
AcDbPolyline
 90
2
 70
0
 10
369.41126935891333
 20
167.01399999999995
 10
370.2912693589133
 20
167.01399999999995
  0
LWPOLYLINE
  5
7F7
330
17
100
AcDbEntity
  8
LABELS
100
AcDbPolyline
 90
2
 70
0
 10
369.41126935891333
 20
167.01399999999995
 10
369.41126935891333
 20
166.21399999999994
  0
LWPOLYLINE
  5
7F8
330
17
100
AcDbEntity
  8
LABELS
100
AcDbPolyline
 90
2
 70
0
 10
369.41126935891333
 20
166.21399999999994
 10
370.2912693589133
 20
166.21399999999994
  0
LWPOLYLINE
  5
7F9
330
17
100
AcDbEntity
  8
LABELS
100
AcDbPolyline
 90
2
 70
0
 10
370.2912693589133
 20
166.21399999999994
 10
370.2912693589133
 20
165.41399999999993
  0
LWPOLYLINE
  5
7FA
330
17
100
AcDbEntity
  8
LABELS
100
AcDbPolyline
 90
2
 70
0
 10
369.41126935891333
 20
165.41399999999993
 10
370.2912693589133
 20
165.41399999999993
  0
LWPOLYLINE
  5
7FB
330
17
100
AcDbEntity
  8
LABELS
100
AcDbPolyline
 90
2
 70
0
 10
370.6112693589133
 20
167.01399999999995
 10
371.49126935891337
 20
167.01399999999995
  0
LWPOLYLINE
  5
7FC
330
17
100
AcDbEntity
  8
LABELS
100
AcDbPolyline
 90
2
 70
0
 10
371.49126935891337
 20
167.01399999999995
 10
371.49126935891337
 20
166.21399999999994
  0
LWPOLYLINE
  5
7FD
330
17
100
AcDbEntity
  8
LABELS
100
AcDbPolyline
 90
2
 70
0
 10
371.49126935891337
 20
166.21399999999994
 10
371.49126935891337
 20
165.41399999999993
  0
LWPOLYLINE
  5
7FE
330
17
100
AcDbEntity
  8
LABELS
100
AcDbPolyline
 90
2
 70
0
 10
370.6112693589133
 20
165.41399999999993
 10
371.49126935891337
 20
165.41399999999993
  0
LWPOLYLINE
  5
7FF
330
17
100
AcDbEntity
  8
LABELS
100
AcDbPolyline
 90
2
 70
0
 10
370.6112693589133
 20
166.21399999999994
 10
370.6112693589133
 20
165.41399999999993
  0
LWPOLYLINE
  5
800
330
17
100
AcDbEntity
  8
LABELS
100
AcDbPolyline
 90
2
 70
0
 10
370.6112693589133
 20
167.01399999999995
 10
370.6112693589133
 20
166.21399999999994
  0
LWPOLYLINE
  5
801
330
17
100
AcDbEntity
  8
LABELS
100
AcDbPolyline
 90
2
 70
0
 10
389.772598030242
 20
167.01399999999995
 10
389.772598030242
 20
166.21399999999994
  0
LWPOLYLINE
  5
802
330
17
100
AcDbEntity
  8
LABELS
100
AcDbPolyline
 90
2
 70
0
 10
389.772598030242
 20
166.21399999999994
 10
389.772598030242
 20
165.41399999999993
  0
LWPOLYLINE
  5
803
330
17
100
AcDbEntity
  8
LABELS
100
AcDbPolyline
 90
2
 70
0
 10
390.092598030242
 20
167.01399999999995
 10
390.092598030242
 20
166.21399999999994
  0
LWPOLYLINE
  5
804
330
17
100
AcDbEntity
  8
LABELS
100
AcDbPolyline
 90
2
 70
0
 10
390.092598030242
 20
166.21399999999994
 10
390.972598030242
 20
166.21399999999994
  0
LWPOLYLINE
  5
805
330
17
100
AcDbEntity
  8
LABELS
100
AcDbPolyline
 90
2
 70
0
 10
390.972598030242
 20
167.01399999999995
 10
390.972598030242
 20
166.21399999999994
  0
LWPOLYLINE
  5
806
330
17
100
AcDbEntity
  8
LABELS
100
AcDbPolyline
 90
2
 70
0
 10
390.972598030242
 20
166.21399999999994
 10
390.972598030242
 20
165.41399999999993
  0
LWPOLYLINE
  5
807
330
17
100
AcDbEntity
  8
LABELS
100
AcDbPolyline
 90
2
 70
0
 10
391.292598030242
 20
167.01399999999995
 10
391.292598030242
 20
166.21399999999994
  0
LWPOLYLINE
  5
808
330
17
100
AcDbEntity
  8
LABELS
100
AcDbPolyline
 90
2
 70
0
 10
391.292598030242
 20
166.21399999999994
 10
392.172598030242
 20
166.21399999999994
  0
LWPOLYLINE
  5
809
330
17
100
AcDbEntity
  8
LABELS
100
AcDbPolyline
 90
2
 70
0
 10
392.172598030242
 20
167.01399999999995
 10
392.172598030242
 20
166.21399999999994
  0
LWPOLYLINE
  5
80A
330
17
100
AcDbEntity
  8
LABELS
100
AcDbPolyline
 90
2
 70
0
 10
392.172598030242
 20
166.21399999999994
 10
392.172598030242
 20
165.41399999999993
  0
LWPOLYLINE
  5
80B
330
17
100
AcDbEntity
  8
LABELS
100
AcDbPolyline
 90
2
 70
0
 10
419.55837075751475
 20
164.45399999999995
 10
420.3583707575147
 20
164.45399999999995
  0
LWPOLYLINE
  5
80C
330
17
100
AcDbEntity
  8
LABELS
100
AcDbPolyline
 90
2
 70
0
 10
420.3583707575147
 20
164.45399999999995
 10
421.1583707575147
 20
164.45399999999995
  0
LWPOLYLINE
  5
80D
330
17
100
AcDbEntity
  8
LABELS
100
AcDbPolyline
 90
2
 70
0
 10
419.55837075751475
 20
164.77399999999994
 10
419.55837075751475
 20
165.65399999999994
  0
LWPOLYLINE
  5
80E
330
17
100
AcDbEntity
  8
LABELS
100
AcDbPolyline
 90
2
 70
0
 10
419.55837075751475
 20
165.65399999999994
 10
420.3583707575147
 20
165.65399999999994
  0
LWPOLYLINE
  5
80F
330
17
100
AcDbEntity
  8
LABELS
100
AcDbPolyline
 90
2
 70
0
 10
420.3583707575147
 20
165.65399999999994
 10
421.1583707575147
 20
165.65399999999994
  0
LWPOLYLINE
  5
810
330
17
100
AcDbEntity
  8
LABELS
100
AcDbPolyline
 90
2
 70
0
 10
421.1583707575147
 20
164.77399999999994
 10
421.1583707575147
 20
165.65399999999994
  0
LWPOLYLINE
  5
811
330
17
100
AcDbEntity
  8
LABELS
100
AcDbPolyline
 90
2
 70
0
 10
420.3583707575147
 20
164.77399999999994
 10
421.1583707575147
 20
164.77399999999994
  0
LWPOLYLINE
  5
812
330
17
100
AcDbEntity
  8
LABELS
100
AcDbPolyline
 90
2
 70
0
 10
419.55837075751475
 20
164.77399999999994
 10
420.3583707575147
 20
164.77399999999994
  0
LWPOLYLINE
  5
813
330
17
100
AcDbEntity
  8
LABELS
100
AcDbPolyline
 90
2
 70
0
 10
425.19587075751474
 20
165.17651308900517
 10
425.9958707575147
 20
165.17651308900517
  0
LWPOLYLINE
  5
814
330
17
100
AcDbEntity
  8
LABELS
100
AcDbPolyline
 90
2
 70
0
 10
425.9958707575147
 20
165.17651308900517
 10
426.7958707575147
 20
165.17651308900517
  0
LWPOLYLINE
  5
815
330
17
100
AcDbEntity
  8
LABELS
100
AcDbPolyline
 90
2
 70
0
 10
425.19587075751474
 20
166.3765130890052
 10
425.9958707575147
 20
166.3765130890052
  0
LWPOLYLINE
  5
816
330
17
100
AcDbEntity
  8
LABELS
100
AcDbPolyline
 90
2
 70
0
 10
425.9958707575147
 20
166.3765130890052
 10
426.7958707575147
 20
166.3765130890052
  0
LWPOLYLINE
  5
817
330
17
100
AcDbEntity
  8
LABELS
100
AcDbPolyline
 90
2
 70
0
 10
39.293111888111895
 20
288.76374457218174
 10
39.293111888111895
 20
287.9637445721817
  0
LWPOLYLINE
  5
818
330
17
100
AcDbEntity
  8
LABELS
100
AcDbPolyline
 90
2
 70
0
 10
39.293111888111895
 20
287.9637445721817
 10
39.293111888111895
 20
287.1637445721817
  0
LWPOLYLINE
  5
819
330
17
100
AcDbEntity
  8
LABELS
100
AcDbPolyline
 90
2
 70
0
 10
39.61311188811189
 20
288.76374457218174
 10
40.49311188811189
 20
288.76374457218174
  0
LWPOLYLINE
  5
81A
330
17
100
AcDbEntity
  8
LABELS
100
AcDbPolyline
 90
2
 70
0
 10
40.49311188811189
 20
288.76374457218174
 10
40.49311188811189
 20
287.9637445721817
  0
LWPOLYLINE
  5
81B
330
17
100
AcDbEntity
  8
LABELS
100
AcDbPolyline
 90
2
 70
0
 10
39.61311188811189
 20
287.9637445721817
 10
40.49311188811189
 20
287.9637445721817
  0
LWPOLYLINE
  5
81C
330
17
100
AcDbEntity
  8
LABELS
100
AcDbPolyline
 90
2
 70
0
 10
40.49311188811189
 20
287.9637445721817
 10
40.49311188811189
 20
287.1637445721817
  0
LWPOLYLINE
  5
81D
330
17
100
AcDbEntity
  8
LABELS
100
AcDbPolyline
 90
2
 70
0
 10
39.61311188811189
 20
287.1637445721817
 10
40.49311188811189
 20
287.1637445721817
  0
LWPOLYLINE
  5
81E
330
17
100
AcDbEntity
  8
LABELS
100
AcDbPolyline
 90
2
 70
0
 10
40.81311188811189
 20
288.76374457218174
 10
41.69311188811189
 20
288.76374457218174
  0
LWPOLYLINE
  5
81F
330
17
100
AcDbEntity
  8
LABELS
100
AcDbPolyline
 90
2
 70
0
 10
41.69311188811189
 20
288.76374457218174
 10
41.69311188811189
 20
287.9637445721817
  0
LWPOLYLINE
  5
820
330
17
100
AcDbEntity
  8
LABELS
100
AcDbPolyline
 90
2
 70
0
 10
41.69311188811189
 20
287.9637445721817
 10
41.69311188811189
 20
287.1637445721817
  0
LWPOLYLINE
  5
821
330
17
100
AcDbEntity
  8
LABELS
100
AcDbPolyline
 90
2
 70
0
 10
40.81311188811189
 20
287.1637445721817
 10
41.69311188811189
 20
287.1637445721817
  0
LWPOLYLINE
  5
822
330
17
100
AcDbEntity
  8
LABELS
100
AcDbPolyline
 90
2
 70
0
 10
40.81311188811189
 20
287.9637445721817
 10
40.81311188811189
 20
287.1637445721817
  0
LWPOLYLINE
  5
823
330
17
100
AcDbEntity
  8
LABELS
100
AcDbPolyline
 90
2
 70
0
 10
40.81311188811189
 20
288.76374457218174
 10
40.81311188811189
 20
287.9637445721817
  0
LWPOLYLINE
  5
824
330
17
100
AcDbEntity
  8
LABELS
100
AcDbPolyline
 90
2
 70
0
 10
40.81311188811189
 20
287.9637445721817
 10
41.69311188811189
 20
287.9637445721817
  0
LWPOLYLINE
  5
825
330
17
100
AcDbEntity
  8
LABELS
100
AcDbPolyline
 90
2
 70
0
 10
472.34037075751473
 20
162.94587062937057
 10
473.1403707575147
 20
162.94587062937057
  0
LWPOLYLINE
  5
826
330
17
100
AcDbEntity
  8
LABELS
100
AcDbPolyline
 90
2
 70
0
 10
473.1403707575147
 20
162.94587062937057
 10
473.9403707575147
 20
162.94587062937057
  0
LWPOLYLINE
  5
827
330
17
100
AcDbEntity
  8
LABELS
100
AcDbPolyline
 90
2
 70
0
 10
472.34037075751473
 20
163.26587062937057
 10
472.34037075751473
 20
164.14587062937056
  0
LWPOLYLINE
  5
828
330
17
100
AcDbEntity
  8
LABELS
100
AcDbPolyline
 90
2
 70
0
 10
472.34037075751473
 20
164.14587062937056
 10
473.1403707575147
 20
164.14587062937056
  0
LWPOLYLINE
  5
829
330
17
100
AcDbEntity
  8
LABELS
100
AcDbPolyline
 90
2
 70
0
 10
473.1403707575147
 20
163.26587062937057
 10
473.1403707575147
 20
164.14587062937056
  0
LWPOLYLINE
  5
82A
330
17
100
AcDbEntity
  8
LABELS
100
AcDbPolyline
 90
2
 70
0
 10
473.1403707575147
 20
163.26587062937057
 10
473.9403707575147
 20
163.26587062937057
  0
LWPOLYLINE
  5
82B
330
17
100
AcDbEntity
  8
LABELS
100
AcDbPolyline
 90
2
 70
0
 10
473.9403707575147
 20
163.26587062937057
 10
473.9403707575147
 20
164.14587062937056
  0
LWPOLYLINE
  5
82C
330
17
100
AcDbEntity
  8
LABELS
100
AcDbPolyline
 90
2
 70
0
 10
472.34037075751473
 20
164.46587062937058
 10
472.34037075751473
 20
165.34587062937058
  0
LWPOLYLINE
  5
82D
330
17
100
AcDbEntity
  8
LABELS
100
AcDbPolyline
 90
2
 70
0
 10
472.34037075751473
 20
165.34587062937058
 10
473.1403707575147
 20
165.34587062937058
  0
LWPOLYLINE
  5
82E
330
17
100
AcDbEntity
  8
LABELS
100
AcDbPolyline
 90
2
 70
0
 10
473.1403707575147
 20
165.34587062937058
 10
473.9403707575147
 20
165.34587062937058
  0
LWPOLYLINE
  5
82F
330
17
100
AcDbEntity
  8
LABELS
100
AcDbPolyline
 90
2
 70
0
 10
477.9778707575147
 20
163.30070157068056
 10
478.7778707575147
 20
163.30070157068056
  0
LWPOLYLINE
  5
830
330
17
100
AcDbEntity
  8
LABELS
100
AcDbPolyline
 90
2
 70
0
 10
478.7778707575147
 20
163.30070157068056
 10
478.7778707575147
 20
164.18070157068058
  0
LWPOLYLINE
  5
831
330
17
100
AcDbEntity
  8
LABELS
100
AcDbPolyline
 90
2
 70
0
 10
477.9778707575147
 20
164.18070157068058
 10
478.7778707575147
 20
164.18070157068058
  0
LWPOLYLINE
  5
832
330
17
100
AcDbEntity
  8
LABELS
100
AcDbPolyline
 90
2
 70
0
 10
478.7778707575147
 20
164.18070157068058
 10
479.5778707575147
 20
164.18070157068058
  0
LWPOLYLINE
  5
833
330
17
100
AcDbEntity
  8
LABELS
100
AcDbPolyline
 90
2
 70
0
 10
502.4638707575147
 20
162.56771727748688
 10
502.4638707575147
 20
163.44771727748687
  0
LWPOLYLINE
  5
834
330
17
100
AcDbEntity
  8
LABELS
100
AcDbPolyline
 90
2
 70
0
 10
502.4638707575147
 20
163.44771727748687
 10
503.26387075751467
 20
163.44771727748687
  0
LWPOLYLINE
  5
835
330
17
100
AcDbEntity
  8
LABELS
100
AcDbPolyline
 90
2
 70
0
 10
503.26387075751467
 20
162.56771727748688
 10
503.26387075751467
 20
163.44771727748687
  0
LWPOLYLINE
  5
836
330
17
100
AcDbEntity
  8
LABELS
100
AcDbPolyline
 90
2
 70
0
 10
503.26387075751467
 20
162.56771727748688
 10
504.0638707575147
 20
162.56771727748688
  0
LWPOLYLINE
  5
837
330
17
100
AcDbEntity
  8
LABELS
100
AcDbPolyline
 90
2
 70
0
 10
504.0638707575147
 20
162.56771727748688
 10
504.0638707575147
 20
163.44771727748687
  0
LWPOLYLINE
  5
838
330
17
100
AcDbEntity
  8
LABELS
100
AcDbPolyline
 90
2
 70
0
 10
502.4638707575147
 20
164.64771727748686
 10
503.26387075751467
 20
164.64771727748686
  0
LWPOLYLINE
  5
839
330
17
100
AcDbEntity
  8
LABELS
100
AcDbPolyline
 90
2
 70
0
 10
503.26387075751467
 20
164.64771727748686
 10
504.0638707575147
 20
164.64771727748686
  0
LWPOLYLINE
  5
83A
330
17
100
AcDbEntity
  8
LABELS
100
AcDbPolyline
 90
2
 70
0
 10
526.9498707575148
 20
163.18174869109941
 10
527.7498707575147
 20
163.18174869109941
  0
LWPOLYLINE
  5
83B
330
17
100
AcDbEntity
  8
LABELS
100
AcDbPolyline
 90
2
 70
0
 10
527.7498707575147
 20
163.18174869109941
 10
528.5498707575148
 20
163.18174869109941
  0
LWPOLYLINE
  5
83C
330
17
100
AcDbEntity
  8
LABELS
100
AcDbPolyline
 90
2
 70
0
 10
526.9498707575148
 20
163.50174869109944
 10
526.9498707575148
 20
164.38174869109943
  0
LWPOLYLINE
  5
83D
330
17
100
AcDbEntity
  8
LABELS
100
AcDbPolyline
 90
2
 70
0
 10
526.9498707575148
 20
164.38174869109943
 10
527.7498707575147
 20
164.38174869109943
  0
LWPOLYLINE
  5
83E
330
17
100
AcDbEntity
  8
LABELS
100
AcDbPolyline
 90
2
 70
0
 10
527.7498707575147
 20
163.50174869109944
 10
527.7498707575147
 20
164.38174869109943
  0
LWPOLYLINE
  5
83F
330
17
100
AcDbEntity
  8
LABELS
100
AcDbPolyline
 90
2
 70
0
 10
527.7498707575147
 20
164.38174869109943
 10
528.5498707575148
 20
164.38174869109943
  0
LWPOLYLINE
  5
840
330
17
100
AcDbEntity
  8
LABELS
100
AcDbPolyline
 90
2
 70
0
 10
528.5498707575148
 20
163.50174869109944
 10
528.5498707575148
 20
164.38174869109943
  0
LWPOLYLINE
  5
841
330
17
100
AcDbEntity
  8
LABELS
100
AcDbPolyline
 90
2
 70
0
 10
590.4760176655807
 20
90.14349999999999
 10
590.4760176655807
 20
89.34349999999999
  0
LWPOLYLINE
  5
842
330
17
100
AcDbEntity
  8
LABELS
100
AcDbPolyline
 90
2
 70
0
 10
590.4760176655807
 20
89.34349999999999
 10
590.4760176655807
 20
88.54349999999998
  0
LWPOLYLINE
  5
843
330
17
100
AcDbEntity
  8
LABELS
100
AcDbPolyline
 90
2
 70
0
 10
590.7960176655806
 20
90.14349999999999
 10
591.6760176655806
 20
90.14349999999999
  0
LWPOLYLINE
  5
844
330
17
100
AcDbEntity
  8
LABELS
100
AcDbPolyline
 90
2
 70
0
 10
591.6760176655806
 20
90.14349999999999
 10
591.6760176655806
 20
89.34349999999999
  0
LWPOLYLINE
  5
845
330
17
100
AcDbEntity
  8
LABELS
100
AcDbPolyline
 90
2
 70
0
 10
590.7960176655806
 20
89.34349999999999
 10
591.6760176655806
 20
89.34349999999999
  0
LWPOLYLINE
  5
846
330
17
100
AcDbEntity
  8
LABELS
100
AcDbPolyline
 90
2
 70
0
 10
591.6760176655806
 20
89.34349999999999
 10
591.6760176655806
 20
88.54349999999998
  0
LWPOLYLINE
  5
847
330
17
100
AcDbEntity
  8
LABELS
100
AcDbPolyline
 90
2
 70
0
 10
590.7960176655806
 20
88.54349999999998
 10
591.6760176655806
 20
88.54349999999998
  0
LWPOLYLINE
  5
848
330
17
100
AcDbEntity
  8
LABELS
100
AcDbPolyline
 90
2
 70
0
 10
591.9960176655807
 20
90.14349999999999
 10
592.8760176655807
 20
90.14349999999999
  0
LWPOLYLINE
  5
849
330
17
100
AcDbEntity
  8
LABELS
100
AcDbPolyline
 90
2
 70
0
 10
592.8760176655807
 20
90.14349999999999
 10
592.8760176655807
 20
89.34349999999999
  0
LWPOLYLINE
  5
84A
330
17
100
AcDbEntity
  8
LABELS
100
AcDbPolyline
 90
2
 70
0
 10
592.8760176655807
 20
89.34349999999999
 10
592.8760176655807
 20
88.54349999999998
  0
LWPOLYLINE
  5
84B
330
17
100
AcDbEntity
  8
LABELS
100
AcDbPolyline
 90
2
 70
0
 10
587.8863392889833
 20
42.17100000000001
 10
587.8863392889833
 20
41.371
  0
LWPOLYLINE
  5
84C
330
17
100
AcDbEntity
  8
LABELS
100
AcDbPolyline
 90
2
 70
0
 10
587.8863392889833
 20
41.371
 10
587.8863392889833
 20
40.571000000000005
  0
LWPOLYLINE
  5
84D
330
17
100
AcDbEntity
  8
LABELS
100
AcDbPolyline
 90
2
 70
0
 10
588.2063392889834
 20
42.17100000000001
 10
588.2063392889834
 20
41.371
  0
LWPOLYLINE
  5
84E
330
17
100
AcDbEntity
  8
LABELS
100
AcDbPolyline
 90
2
 70
0
 10
588.2063392889834
 20
41.371
 10
589.0863392889834
 20
41.371
  0
LWPOLYLINE
  5
84F
330
17
100
AcDbEntity
  8
LABELS
100
AcDbPolyline
 90
2
 70
0
 10
589.0863392889834
 20
42.17100000000001
 10
589.0863392889834
 20
41.371
  0
LWPOLYLINE
  5
850
330
17
100
AcDbEntity
  8
LABELS
100
AcDbPolyline
 90
2
 70
0
 10
589.0863392889834
 20
41.371
 10
589.0863392889834
 20
40.571000000000005
  0
LWPOLYLINE
  5
851
330
17
100
AcDbEntity
  8
LABELS
100
AcDbPolyline
 90
2
 70
0
 10
589.4063392889833
 20
42.17100000000001
 10
590.2863392889833
 20
42.17100000000001
  0
LWPOLYLINE
  5
852
330
17
100
AcDbEntity
  8
LABELS
100
AcDbPolyline
 90
2
 70
0
 10
590.2863392889833
 20
42.17100000000001
 10
590.2863392889833
 20
41.371
  0
LWPOLYLINE
  5
853
330
17
100
AcDbEntity
  8
LABELS
100
AcDbPolyline
 90
2
 70
0
 10
590.2863392889833
 20
41.371
 10
590.2863392889833
 20
40.571000000000005
  0
LWPOLYLINE
  5
854
330
17
100
AcDbEntity
  8
LABELS
100
AcDbPolyline
 90
2
 70
0
 10
589.4063392889833
 20
40.571000000000005
 10
590.2863392889833
 20
40.571000000000005
  0
LWPOLYLINE
  5
855
330
17
100
AcDbEntity
  8
LABELS
100
AcDbPolyline
 90
2
 70
0
 10
589.4063392889833
 20
41.371
 10
589.4063392889833
 20
40.571000000000005
  0
LWPOLYLINE
  5
856
330
17
100
AcDbEntity
  8
LABELS
100
AcDbPolyline
 90
2
 70
0
 10
589.4063392889833
 20
42.17100000000001
 10
589.4063392889833
 20
41.371
  0
LWPOLYLINE
  5
857
330
17
100
AcDbEntity
  8
LABELS
100
AcDbPolyline
 90
2
 70
0
 10
551.4358707575147
 20
161.72812303664915
 10
551.4358707575147
 20
162.60812303664915
  0
LWPOLYLINE
  5
858
330
17
100
AcDbEntity
  8
LABELS
100
AcDbPolyline
 90
2
 70
0
 10
551.4358707575147
 20
161.72812303664915
 10
552.2358707575147
 20
161.72812303664915
  0
LWPOLYLINE
  5
859
330
17
100
AcDbEntity
  8
LABELS
100
AcDbPolyline
 90
2
 70
0
 10
552.2358707575147
 20
161.72812303664915
 10
552.2358707575147
 20
162.60812303664915
  0
LWPOLYLINE
  5
85A
330
17
100
AcDbEntity
  8
LABELS
100
AcDbPolyline
 90
2
 70
0
 10
552.2358707575147
 20
161.72812303664915
 10
553.0358707575148
 20
161.72812303664915
  0
LWPOLYLINE
  5
85B
330
17
100
AcDbEntity
  8
LABELS
100
AcDbPolyline
 90
2
 70
0
 10
552.2358707575147
 20
162.60812303664915
 10
553.0358707575148
 20
162.60812303664915
  0
LWPOLYLINE
  5
85C
330
17
100
AcDbEntity
  8
LABELS
100
AcDbPolyline
 90
2
 70
0
 10
553.0358707575148
 20
161.72812303664915
 10
553.0358707575148
 20
162.60812303664915
  0
LWPOLYLINE
  5
85D
330
17
100
AcDbEntity
  8
LABELS
100
AcDbPolyline
 90
2
 70
0
 10
551.4358707575147
 20
162.92812303664917
 10
551.4358707575147
 20
163.80812303664916
  0
LWPOLYLINE
  5
85E
330
17
100
AcDbEntity
  8
LABELS
100
AcDbPolyline
 90
2
 70
0
 10
551.4358707575147
 20
163.80812303664916
 10
552.2358707575147
 20
163.80812303664916
  0
LWPOLYLINE
  5
85F
330
17
100
AcDbEntity
  8
LABELS
100
AcDbPolyline
 90
2
 70
0
 10
552.2358707575147
 20
162.92812303664917
 10
552.2358707575147
 20
163.80812303664916
  0
LWPOLYLINE
  5
860
330
17
100
AcDbEntity
  8
LABELS
100
AcDbPolyline
 90
2
 70
0
 10
552.2358707575147
 20
162.92812303664917
 10
553.0358707575148
 20
162.92812303664917
  0
LWPOLYLINE
  5
861
330
17
100
AcDbEntity
  8
LABELS
100
AcDbPolyline
 90
2
 70
0
 10
553.0358707575148
 20
162.92812303664917
 10
553.0358707575148
 20
163.80812303664916
  0
LWPOLYLINE
  5
862
330
17
100
AcDbEntity
  8
LABELS
100
AcDbPolyline
 90
2
 70
0
 10
52.99388111888113
 20
287.57374457218174
 10
52.99388111888113
 20
286.7737445721817
  0
LWPOLYLINE
  5
863
330
17
100
AcDbEntity
  8
LABELS
100
AcDbPolyline
 90
2
 70
0
 10
52.99388111888113
 20
286.7737445721817
 10
52.99388111888113
 20
285.9737445721817
  0
LWPOLYLINE
  5
864
330
17
100
AcDbEntity
  8
LABELS
100
AcDbPolyline
 90
2
 70
0
 10
53.31388111888113
 20
287.57374457218174
 10
54.19388111888112
 20
287.57374457218174
  0
LWPOLYLINE
  5
865
330
17
100
AcDbEntity
  8
LABELS
100
AcDbPolyline
 90
2
 70
0
 10
54.19388111888112
 20
287.57374457218174
 10
54.19388111888112
 20
286.7737445721817
  0
LWPOLYLINE
  5
866
330
17
100
AcDbEntity
  8
LABELS
100
AcDbPolyline
 90
2
 70
0
 10
53.31388111888113
 20
286.7737445721817
 10
54.19388111888112
 20
286.7737445721817
  0
LWPOLYLINE
  5
867
330
17
100
AcDbEntity
  8
LABELS
100
AcDbPolyline
 90
2
 70
0
 10
54.19388111888112
 20
286.7737445721817
 10
54.19388111888112
 20
285.9737445721817
  0
LWPOLYLINE
  5
868
330
17
100
AcDbEntity
  8
LABELS
100
AcDbPolyline
 90
2
 70
0
 10
53.31388111888113
 20
285.9737445721817
 10
54.19388111888112
 20
285.9737445721817
  0
LWPOLYLINE
  5
869
330
17
100
AcDbEntity
  8
LABELS
100
AcDbPolyline
 90
2
 70
0
 10
54.51388111888112
 20
287.57374457218174
 10
55.393881118881126
 20
287.57374457218174
  0
LWPOLYLINE
  5
86A
330
17
100
AcDbEntity
  8
LABELS
100
AcDbPolyline
 90
2
 70
0
 10
54.51388111888112
 20
287.57374457218174
 10
54.51388111888112
 20
286.7737445721817
  0
LWPOLYLINE
  5
86B
330
17
100
AcDbEntity
  8
LABELS
100
AcDbPolyline
 90
2
 70
0
 10
54.51388111888112
 20
286.7737445721817
 10
55.393881118881126
 20
286.7737445721817
  0
LWPOLYLINE
  5
86C
330
17
100
AcDbEntity
  8
LABELS
100
AcDbPolyline
 90
2
 70
0
 10
54.51388111888112
 20
286.7737445721817
 10
54.51388111888112
 20
285.9737445721817
  0
LWPOLYLINE
  5
86D
330
17
100
AcDbEntity
  8
LABELS
100
AcDbPolyline
 90
2
 70
0
 10
55.393881118881126
 20
286.7737445721817
 10
55.393881118881126
 20
285.9737445721817
  0
LWPOLYLINE
  5
86E
330
17
100
AcDbEntity
  8
LABELS
100
AcDbPolyline
 90
2
 70
0
 10
54.51388111888112
 20
285.9737445721817
 10
55.393881118881126
 20
285.9737445721817
  0
ENDSEC
  0
SECTION
  2
OBJECTS
  0
DICTIONARY
  5
A
330
0
100
AcDbDictionary
281
1
  3
ACAD_COLOR
350
B
  3
ACAD_GROUP
350
C
  3
ACAD_LAYOUT
350
D
  3
ACAD_MATERIAL
350
E
  3
ACAD_MLEADERSTYLE
350
F
  3
ACAD_MLINESTYLE
350
10
  3
ACAD_PLOTSETTINGS
350
11
  3
ACAD_PLOTSTYLENAME
350
12
  3
ACAD_SCALELIST
350
14
  3
ACAD_TABLESTYLE
350
15
  3
ACAD_VISUALSTYLE
350
16
  3
EZDXF_META
350
2D
  0
DICTIONARY
  5
B
330
A
100
AcDbDictionary
281
1
  0
DICTIONARY
  5
C
330
A
100
AcDbDictionary
281
1
  0
DICTIONARY
  5
D
330
A
100
AcDbDictionary
281
1
  3
Model
350
1A
  3
Layout1
350
1E
  0
DICTIONARY
  5
E
330
A
100
AcDbDictionary
281
1
  3
ByBlock
350
1F
  3
ByLayer
350
20
  3
Global
350
21
  0
DICTIONARY
  5
F
330
A
100
AcDbDictionary
281
1
  3
Standard
350
2C
  0
DICTIONARY
  5
10
330
A
100
AcDbDictionary
281
1
  3
Standard
350
22
  0
DICTIONARY
  5
11
330
A
100
AcDbDictionary
281
1
  0
ACDBDICTIONARYWDFLT
  5
12
330
A
100
AcDbDictionary
281
1
  3
Normal
350
13
100
AcDbDictionaryWithDefault
340
13
  0
ACDBPLACEHOLDER
  5
13
330
12
  0
DICTIONARY
  5
14
330
A
100
AcDbDictionary
281
1
  0
DICTIONARY
  5
15
330
A
100
AcDbDictionary
281
1
  0
DICTIONARY
  5
16
330
A
100
AcDbDictionary
281
1
  0
LAYOUT
  5
1A
330
D
100
AcDbPlotSettings
  1

  4
A3
  6

 40
7.5
 41
20.0
 42
7.5
 43
20.0
 44
420.0
 45
297.0
 46
0.0
 47
0.0
 48
0.0
 49
0.0
140
0.0
141
0.0
142
1.0
143
1.0
 70
1024
 72
1
 73
0
 74
5
  7

 75
16
 76
0
 77
2
 78
300
147
1.0
148
0.0
149
0.0
100
AcDbLayout
  1
Model
 70
1
 71
0
 10
0.0
 20
0.0
 11
420.0
 21
297.0
 12
0.0
 22
0.0
 32
0.0
 14
1e+20
 24
1e+20
 34
1e+20
 15
-1e+20
 25
-1e+20
 35
-1e+20
146
0.0
 13
0.0
 23
0.0
 33
0.0
 16
1.0
 26
0.0
 36
0.0
 17
0.0
 27
1.0
 37
0.0
 76
1
330
17
  0
LAYOUT
  5
1E
330
D
100
AcDbPlotSettings
  1

  4
A3
  6

 40
7.5
 41
20.0
 42
7.5
 43
20.0
 44
420.0
 45
297.0
 46
0.0
 47
0.0
 48
0.0
 49
0.0
140
0.0
141
0.0
142
1.0
143
1.0
 70
0
 72
1
 73
0
 74
5
  7

 75
16
 76
0
 77
2
 78
300
147
1.0
148
0.0
149
0.0
100
AcDbLayout
  1
Layout1
 70
1
 71
1
 10
0.0
 20
0.0
 11
420.0
 21
297.0
 12
0.0
 22
0.0
 32
0.0
 14
1e+20
 24
1e+20
 34
1e+20
 15
-1e+20
 25
-1e+20
 35
-1e+20
146
0.0
 13
0.0
 23
0.0
 33
0.0
 16
1.0
 26
0.0
 36
0.0
 17
0.0
 27
1.0
 37
0.0
 76
1
330
1B
  0
MATERIAL
  5
1F
102
{ACAD_REACTORS
330
E
102
}
330
E
100
AcDbMaterial
  1
ByBlock
  2

 70
0
 40
1.0
 71
1
 41
1.0
 91
-1023410177
 42
1.0
 72
1
  3

 73
1
 74
1
 75
1
 44
0.5
 73
0
 45
1.0
 46
1.0
 77
1
  4

 78
1
 79
1
170
1
 48
1.0
171
1
  6

172
1
173
1
174
1
140
1.0
141
1.0
175
1
  7

176
1
177
1
178
1
143
1.0
179
1
  8

270
1
271
1
272
1
145
1.0
146
1.0
273
1
  9

274
1
275
1
276
1
 42
1.0
 72
1
  3

 73
1
 74
1
 75
1
 94
63
  0
MATERIAL
  5
20
102
{ACAD_REACTORS
330
E
102
}
330
E
100
AcDbMaterial
  1
ByLayer
  2

 70
0
 40
1.0
 71
1
 41
1.0
 91
-1023410177
 42
1.0
 72
1
  3

 73
1
 74
1
 75
1
 44
0.5
 73
0
 45
1.0
 46
1.0
 77
1
  4

 78
1
 79
1
170
1
 48
1.0
171
1
  6

172
1
173
1
174
1
140
1.0
141
1.0
175
1
  7

176
1
177
1
178
1
143
1.0
179
1
  8

270
1
271
1
272
1
145
1.0
146
1.0
273
1
  9

274
1
275
1
276
1
 42
1.0
 72
1
  3

 73
1
 74
1
 75
1
 94
63
  0
MATERIAL
  5
21
102
{ACAD_REACTORS
330
E
102
}
330
E
100
AcDbMaterial
  1
Global
  2

 70
0
 40
1.0
 71
1
 41
1.0
 91
-1023410177
 42
1.0
 72
1
  3

 73
1
 74
1
 75
1
 44
0.5
 73
0
 45
1.0
 46
1.0
 77
1
  4

 78
1
 79
1
170
1
 48
1.0
171
1
  6

172
1
173
1
174
1
140
1.0
141
1.0
175
1
  7

176
1
177
1
178
1
143
1.0
179
1
  8

270
1
271
1
272
1
145
1.0
146
1.0
273
1
  9

274
1
275
1
276
1
 42
1.0
 72
1
  3

 73
1
 74
1
 75
1
 94
63
  0
MLINESTYLE
  5
22
102
{ACAD_REACTORS
330
10
102
}
330
10
100
AcDbMlineStyle
  2
Standard
 70
0
  3

 62
256
 51
90.0
 52
90.0
 71
2
 49
0.5
 62
256
  6
BYLAYER
 49
-0.5
 62
256
  6
BYLAYER
  0
MLEADERSTYLE
  5
2C
102
{ACAD_REACTORS
330
F
102
}
330
F
100
AcDbMLeaderStyle
179
2
170
2
171
1
172
0
 90
2
 40
0.0
 41
0.0
173
1
 91
-1056964608
 92
-2
290
1
 42
2.0
291
1
 43
8.0
  3
Standard
 44
4.0
300

342
29
174
1
175
1
176
0
178
1
 93
-1056964608
 45
4.0
292
0
297
0
 46
4.0
 94
-1056964608
 47
1.0
 49
1.0
140
1.0
294
1
141
0.0
177
0
142
1.0
295
0
296
0
143
3.75
271
0
272
9
273
9
  0
DICTIONARY
  5
2D
330
A
100
AcDbDictionary
280
1
281
1
  3
CREATED_BY_EZDXF
350
2E
  3
WRITTEN_BY_EZDXF
350
871
  0
DICTIONARYVAR
  5
2E
330
2D
100
DictionaryVariables
280
0
  1
1.4.4 @ 2026-09-07T12:51:15.466235+00:00
  0
DICTIONARYVAR
  5
871
330
2D
100
DictionaryVariables
280
0
  1
1.4.4 @ 2026-09-07T12:51:15.561752+00:00
  0
ENDSEC
  0
EOF
