  0
SECTION
  2
HEADER
  9
$ACADVER
  1
AC1024
  9
$ACADMAINTVER
 70
6
  9
$DWGCODEPAGE
  3
ANSI_1252
  9
$LASTSAVEDBY
  1
ezdxf
  9
$INSBASE
 10
0.0
 20
0.0
 30
0.0
  9
$EXTMIN
 10
1e+20
 20
1e+20
 30
1e+20
  9
$EXTMAX
 10
-1e+20
 20
-1e+20
 30
-1e+20
  9
$LIMMIN
 10
0.0
 20
0.0
  9
$LIMMAX
 10
420.0
 20
297.0
  9
$ORTHOMODE
 70
0
  9
$REGENMODE
 70
1
  9
$FILLMODE
 70
1
  9
$QTEXTMODE
 70
0
  9
$MIRRTEXT
 70
1
  9
$LTSCALE
 40
1.0
  9
$ATTMODE
 70
1
  9
$TEXTSIZE
 40
2.5
  9
$TRACEWID
 40
1.0
  9
$TEXTSTYLE
  7
Standard
  9
$CLAYER
  8
0
  9
$CELTYPE
  6
ByLayer
  9
$CECOLOR
 62
256
  9
$CELTSCALE
 40
1.0
  9
$DISPSILH
 70
0
  9
$DIMSCALE
 40
1.0
  9
$DIMASZ
 40
2.5
  9
$DIMEXO
 40
0.625
  9
$DIMDLI
 40
3.75
  9
$DIMRND
 40
0.0
  9
$DIMDLE
 40
0.0
  9
$DIMEXE
 40
1.25
  9
$DIMTP
 40
0.0
  9
$DIMTM
 40
0.0
  9
$DIMTXT
 40
2.5
  9
$DIMCEN
 40
2.5
  9
$DIMTSZ
 40
0.0
  9
$DIMTOL
 70
0
  9
$DIMLIM
 70
0
  9
$DIMTIH
 70
0
  9
$DIMTOH
 70
0
  9
$DIMSE1
 70
0
  9
$DIMSE2
 70
0
  9
$DIMTAD
 70
1
  9
$DIMZIN
 70
8
  9
$DIMBLK
  1

  9
$DIMASO
 70
1
  9
$DIMSHO
 70
1
  9
$DIMPOST
  1

  9
$DIMAPOST
  1

  9
$DIMALT
 70
0
  9
$DIMALTD
 70
3
  9
$DIMALTF
 40
0.03937007874
  9
$DIMLFAC
 40
1.0
  9
$DIMTOFL
 70
1
  9
$DIMTVP
 40
0.0
  9
$DIMTIX
 70
0
  9
$DIMSOXD
 70
0
  9
$DIMSAH
 70
0
  9
$DIMBLK1
  1

  9
$DIMBLK2
  1

  9
$DIMSTYLE
  2
ISO-25
  9
$DIMCLRD
 70
0
  9
$DIMCLRE
 70
0
  9
$DIMCLRT
 70
0
  9
$DIMTFAC
 40
1.0
  9
$DIMGAP
 40
0.625
  9
$DIMJUST
 70
0
  9
$DIMSD1
 70
0
  9
$DIMSD2
 70
0
  9
$DIMTOLJ
 70
0
  9
$DIMTZIN
 70
8
  9
$DIMALTZ
 70
0
  9
$DIMALTTZ
 70
0
  9
$DIMUPT
 70
0
  9
$DIMDEC
 70
2
  9
$DIMTDEC
 70
2
  9
$DIMALTU
 70
2
  9
$DIMALTTD
 70
3
  9
$DIMTXSTY
  7
Standard
  9
$DIMAUNIT
 70
0
  9
$DIMADEC
 70
0
  9
$DIMALTRND
 40
0.0
  9
$DIMAZIN
 70
0
  9
$DIMDSEP
 70
44
  9
$DIMATFIT
 70
3
  9
$DIMFRAC
 70
0
  9
$DIMLDRBLK
  1

  9
$DIMLUNIT
 70
2
  9
$DIMLWD
 70
-2
  9
$DIMLWE
 70
-2
  9
$DIMTMOVE
 70
0
  9
$DIMFXL
 40
1.0
  9
$DIMFXLON
 70
0
  9
$DIMJOGANG
 40
0.785398163397
  9
$DIMTFILL
 70
0
  9
$DIMTFILLCLR
 70
0
  9
$DIMARCSYM
 70
0
  9
$DIMLTYPE
  6

  9
$DIMLTEX1
  6

  9
$DIMLTEX2
  6

  9
$DIMTXTDIRECTION
 70
0
  9
$LUNITS
 70
2
  9
$LUPREC
 70
4
  9
$SKETCHINC
 40
1.0
  9
$FILLETRAD
 40
10.0
  9
$AUNITS
 70
0
  9
$AUPREC
 70
2
  9
$MENU
  1
.
  9
$ELEVATION
 40
0.0
  9
$PELEVATION
 40
0.0
  9
$THICKNESS
 40
0.0
  9
$LIMCHECK
 70
0
  9
$CHAMFERA
 40
0.0
  9
$CHAMFERB
 40
0.0
  9
$CHAMFERC
 40
0.0
  9
$CHAMFERD
 40
0.0
  9
$SKPOLY
 70
0
  9
$TDCREATE
 40
2461291.368923611
  9
$TDUCREATE
 40
2458532.153996898
  9
$TDUPDATE
 40
2461291.368923611
  9
$TDUUPDATE
 40
2458532.1544311
  9
$TDINDWG
 40
0.0
  9
$TDUSRTIMER
 40
0.0
  9
$USRTIMER
 70
1
  9
$ANGBASE
 50
0.0
  9
$ANGDIR
 70
0
  9
$PDMODE
 70
0
  9
$PDSIZE
 40
0.0
  9
$PLINEWID
 40
0.0
  9
$SPLFRAME
 70
0
  9
$SPLINETYPE
 70
6
  9
$SPLINESEGS
 70
8
  9
$HANDSEED
  5
72E
  9
$SURFTAB1
 70
6
  9
$SURFTAB2
 70
6
  9
$SURFTYPE
 70
6
  9
$SURFU
 70
6
  9
$SURFV
 70
6
  9
$UCSBASE
  2

  9
$UCSNAME
  2

  9
$UCSORG
 10
0.0
 20
0.0
 30
0.0
  9
$UCSXDIR
 10
1.0
 20
0.0
 30
0.0
  9
$UCSYDIR
 10
0.0
 20
1.0
 30
0.0
  9
$UCSORTHOREF
  2

  9
$UCSORTHOVIEW
 70
0
  9
$UCSORGTOP
 10
0.0
 20
0.0
 30
0.0
  9
$UCSORGBOTTOM
 10
0.0
 20
0.0
 30
0.0
  9
$UCSORGLEFT
 10
0.0
 20
0.0
 30
0.0
  9
$UCSORGRIGHT
 10
0.0
 20
0.0
 30
0.0
  9
$UCSORGFRONT
 10
0.0
 20
0.0
 30
0.0
  9
$UCSORGBACK
 10
0.0
 20
0.0
 30
0.0
  9
$PUCSBASE
  2

  9
$PUCSNAME
  2

  9
$PUCSORG
 10
0.0
 20
0.0
 30
0.0
  9
$PUCSXDIR
 10
1.0
 20
0.0
 30
0.0
  9
$PUCSYDIR
 10
0.0
 20
1.0
 30
0.0
  9
$PUCSORTHOREF
  2

  9
$PUCSORTHOVIEW
 70
0
  9
$PUCSORGTOP
 10
0.0
 20
0.0
 30
0.0
  9
$PUCSORGBOTTOM
 10
0.0
 20
0.0
 30
0.0
  9
$PUCSORGLEFT
 10
0.0
 20
0.0
 30
0.0
  9
$PUCSORGRIGHT
 10
0.0
 20
0.0
 30
0.0
  9
$PUCSORGFRONT
 10
0.0
 20
0.0
 30
0.0
  9
$PUCSORGBACK
 10
0.0
 20
0.0
 30
0.0
  9
$USERI1
 70
0
  9
$USERI2
 70
0
  9
$USERI3
 70
0
  9
$USERI4
 70
0
  9
$USERI5
 70
0
  9
$USERR1
 40
0.0
  9
$USERR2
 40
0.0
  9
$USERR3
 40
0.0
  9
$USERR4
 40
0.0
  9
$USERR5
 40
0.0
  9
$WORLDVIEW
 70
1
  9
$SHADEDGE
 70
3
  9
$SHADEDIF
 70
70
  9
$TILEMODE
 70
1
  9
$MAXACTVP
 70
64
  9
$PINSBASE
 10
0.0
 20
0.0
 30
0.0
  9
$PLIMCHECK
 70
0
  9
$PEXTMIN
 10
1e+20
 20
1e+20
 30
1e+20
  9
$PEXTMAX
 10
-1e+20
 20
-1e+20
 30
-1e+20
  9
$PLIMMIN
 10
0.0
 20
0.0
  9
$PLIMMAX
 10
420.0
 20
297.0
  9
$UNITMODE
 70
0
  9
$VISRETAIN
 70
1
  9
$PLINEGEN
 70
0
  9
$PSLTSCALE
 70
1
  9
$TREEDEPTH
 70
3020
  9
$CMLSTYLE
  2
Standard
  9
$CMLJUST
 70
0
  9
$CMLSCALE
 40
20.0
  9
$PROXYGRAPHICS
 70
1
  9
$MEASUREMENT
 70
1
  9
$CELWEIGHT
370
-1
  9
$ENDCAPS
280
0
  9
$JOINSTYLE
280
0
  9
$LWDISPLAY
290
0
  9
$INSUNITS
 70
4
  9
$HYPERLINKBASE
  1

  9
$STYLESHEET
  1

  9
$XEDIT
290
1
  9
$CEPSNTYPE
380
0
  9
$PSTYLEMODE
290
1
  9
$FINGERPRINTGUID
  2
{0CA58E45-0F96-4B85-9932-E1B825BB21D9}
  9
$VERSIONGUID
  2
{B54E98B4-72B8-417A-9016-E920A9C36F89}
  9
$EXTNAMES
290
1
  9
$PSVPSCALE
 40
0.0
  9
$OLESTARTUP
290
0
  9
$SORTENTS
280
127
  9
$INDEXCTL
280
0
  9
$HIDETEXT
280
1
  9
$XCLIPFRAME
280
1
  9
$HALOGAP
280
0
  9
$OBSCOLOR
 70
257
  9
$OBSLTYPE
280
0
  9
$INTERSECTIONDISPLAY
280
0
  9
$INTERSECTIONCOLOR
 70
257
  9
$DIMASSOC
280
2
  9
$PROJECTNAME
  1

  9
$CAMERADISPLAY
290
0
  9
$LENSLENGTH
 40
50.0
  9
$CAMERAHEIGHT
 40
0.0
  9
$STEPSPERSEC
 40
24.0
  9
$STEPSIZE
 40
100.0
  9
$3DDWFPREC
 40
2.0
  9
$PSOLWIDTH
 40
0.005
  9
$PSOLHEIGHT
 40
0.08
  9
$LOFTANG1
 40
1.570796326795
  9
$LOFTANG2
 40
1.570796326795
  9
$LOFTMAG1
 40
0.0
  9
$LOFTMAG2
 40
0.0
  9
$LOFTPARAM
 70
7
  9
$LOFTNORMALS
280
1
  9
$LATITUDE
 40
37.795
  9
$LONGITUDE
 40
-122.394
  9
$NORTHDIRECTION
 40
0.0
  9
$TIMEZONE
 70
-8000
  9
$LIGHTGLYPHDISPLAY
280
1
  9
$TILEMODELIGHTSYNCH
280
1
  9
$CMATERIAL
347
20
  9
$SOLIDHIST
280
0
  9
$SHOWHIST
280
1
  9
$DWFFRAME
280
2
  9
$DGNFRAME
280
2
  9
$REALWORLDSCALE
290
1
  9
$INTERFERECOLOR
 62
256
  9
$CSHADOW
280
0
  9
$SHADOWPLANELOCATION
 40
0.0
  0
ENDSEC
  0
SECTION
  2
CLASSES
  0
CLASS
  1
ACDBDICTIONARYWDFLT
  2
AcDbDictionaryWithDefault
  3
ObjectDBX Classes
 90
0
 91
0
280
0
281
0
  0
CLASS
  1
SUN
  2
AcDbSun
  3
SCENEOE
 90
1153
 91
0
280
0
281
0
  0
CLASS
  1
VISUALSTYLE
  2
AcDbVisualStyle
  3
ObjectDBX Classes
 90
4095
 91
0
280
0
281
0
  0
CLASS
  1
MATERIAL
  2
AcDbMaterial
  3
ObjectDBX Classes
 90
1153
 91
0
280
0
281
0
  0
CLASS
  1
SCALE
  2
AcDbScale
  3
ObjectDBX Classes
 90
1153
 91
0
280
0
281
0
  0
CLASS
  1
TABLESTYLE
  2
AcDbTableStyle
  3
ObjectDBX Classes
 90
4095
 91
0
280
0
281
0
  0
CLASS
  1
MLEADERSTYLE
  2
AcDbMLeaderStyle
  3
ACDB_MLEADERSTYLE_CLASS
 90
4095
 91
0
280
0
281
0
  0
CLASS
  1
DICTIONARYVAR
  2
AcDbDictionaryVar
  3
ObjectDBX Classes
 90
0
 91
0
280
0
281
0
  0
CLASS
  1
CELLSTYLEMAP
  2
AcDbCellStyleMap
  3
ObjectDBX Classes
 90
1152
 91
0
280
0
281
0
  0
CLASS
  1
MENTALRAYRENDERSETTINGS
  2
AcDbMentalRayRenderSettings
  3
SCENEOE
 90
1024
 91
0
280
0
281
0
  0
CLASS
  1
ACDBDETAILVIEWSTYLE
  2
AcDbDetailViewStyle
  3
ObjectDBX Classes
 90
1025
 91
0
280
0
281
0
  0
CLASS
  1
ACDBSECTIONVIEWSTYLE
  2
AcDbSectionViewStyle
  3
ObjectDBX Classes
 90
1025
 91
0
280
0
281
0
  0
CLASS
  1
RASTERVARIABLES
  2
AcDbRasterVariables
  3
ISM
 90
0
 91
0
280
0
281
0
  0
CLASS
  1
ACDBPLACEHOLDER
  2
AcDbPlaceHolder
  3
ObjectDBX Classes
 90
0
 91
0
280
0
281
0
  0
CLASS
  1
LAYOUT
  2
AcDbLayout
  3
ObjectDBX Classes
 90
0
 91
0
280
0
281
0
  0
ENDSEC
  0
SECTION
  2
TABLES
  0
TABLE
  2
VPORT
  5
8
330
0
100
AcDbSymbolTable
 70
1
  0
VPORT
  5
23
330
8
100
AcDbSymbolTableRecord
100
AcDbViewportTableRecord
  2
*Active
 70
0
 10
0.0
 20
0.0
 11
1.0
 21
1.0
 12
0.0
 22
0.0
 13
0.0
 23
0.0
 14
0.5
 24
0.5
 15
0.5
 25
0.5
 16
0.0
 26
0.0
 36
1.0
 17
0.0
 27
0.0
 37
0.0
 40
1000.0
 41
1.34
 42
50.0
 43
0.0
 44
0.0
 50
0.0
 51
0.0
 71
0
 72
1000
 73
1
 74
3
 75
0
 76
0
 77
0
 78
0
281
0
 65
0
146
0.0
  0
ENDTAB
  0
TABLE
  2
LTYPE
  5
2
330
0
100
AcDbSymbolTable
 70
3
  0
LTYPE
  5
24
330
2
100
AcDbSymbolTableRecord
100
AcDbLinetypeTableRecord
  2
ByBlock
 70
0
  3

 72
65
 73
0
 40
0.0
  0
LTYPE
  5
25
330
2
100
AcDbSymbolTableRecord
100
AcDbLinetypeTableRecord
  2
ByLayer
 70
0
  3

 72
65
 73
0
 40
0.0
  0
LTYPE
  5
26
330
2
100
AcDbSymbolTableRecord
100
AcDbLinetypeTableRecord
  2
Continuous
 70
0
  3

 72
65
 73
0
 40
0.0
  0
ENDTAB
  0
TABLE
  2
LAYER
  5
1
330
0
100
AcDbSymbolTable
 70
5
  0
LAYER
  5
27
330
1
100
AcDbSymbolTableRecord
100
AcDbLayerTableRecord
  2
0
 70
0
 62
7
  6
Continuous
370
-3
390
13
347
21
  0
LAYER
  5
28
330
1
100
AcDbSymbolTableRecord
100
AcDbLayerTableRecord
  2
Defpoints
 70
0
 62
7
  6
Continuous
290
0
370
-3
390
13
347
21
  0
LAYER
  5
2F
330
1
100
AcDbSymbolTableRecord
100
AcDbLayerTableRecord
  2
CUT
 70
0
 62
1
  6
Continuous
370
-3
390
13
347
21
  0
LAYER
  5
114
330
1
100
AcDbSymbolTableRecord
100
AcDbLayerTableRecord
  2
ENGRAVE
 70
0
 62
5
  6
Continuous
370
-3
390
13
347
21
  0
LAYER
  5
1A1
330
1
100
AcDbSymbolTableRecord
100
AcDbLayerTableRecord
  2
LABELS
 70
0
 62
8
  6
Continuous
370
-3
390
13
347
21
  0
ENDTAB
  0
TABLE
  2
STYLE
  5
5
330
0
100
AcDbSymbolTable
 70
1
  0
STYLE
  5
29
330
5
100
AcDbSymbolTableRecord
100
AcDbTextStyleTableRecord
  2
Standard
 70
0
 40
0.0
 41
1.0
 50
0.0
 71
0
 42
2.5
  3
txt
  4

  0
ENDTAB
  0
TABLE
  2
VIEW
  5
7
330
0
100
AcDbSymbolTable
 70
0
  0
ENDTAB
  0
TABLE
  2
UCS
  5
6
330
0
100
AcDbSymbolTable
 70
0
  0
ENDTAB
  0
TABLE
  2
APPID
  5
3
330
0
100
AcDbSymbolTable
 70
3
  0
APPID
  5
2A
330
3
100
AcDbSymbolTableRecord
100
AcDbRegAppTableRecord
  2
ACAD
 70
0
  0
APPID
  5
72B
330
3
100
AcDbSymbolTableRecord
100
AcDbRegAppTableRecord
  2
HATCHBACKGROUNDCOLOR
 70
0
  0
APPID
  5
72C
330
3
100
AcDbSymbolTableRecord
100
AcDbRegAppTableRecord
  2
EZDXF
 70
0
  0
ENDTAB
  0
TABLE
  2
DIMSTYLE
  5
4
330
0
100
AcDbSymbolTable
 70
1
100
AcDbDimStyleTable
  0
DIMSTYLE
105
2B
330
4
100
AcDbSymbolTableRecord
100
AcDbDimStyleTableRecord
  2
Standard
 70
0
 40
1.0
 41
2.5
 42
0.625
 43
3.75
 44
1.25
 45
0.0
 46
0.0
 47
0.0
 48
0.0
 49
2.5
140
2.5
141
2.5
142
0.0
143
0.03937007874
144
1.0
145
0.0
146
1.0
147
0.625
148
0.0
 69
0
 70
0
 71
0
 72
0
 73
0
 74
0
 75
0
 76
0
 77
1
 78
8
 79
3
170
0
171
3
172
1
173
0
174
0
175
0
176
0
177
0
178
0
179
2
271
2
272
2
273
2
274
3
275
0
276
0
277
2
278
44
279
0
280
0
281
0
282
0
283
0
284
8
285
0
286
0
288
0
289
3
290
0
371
-2
372
-2
  0
ENDTAB
  0
TABLE
  2
BLOCK_RECORD
  5
9
330
0
100
AcDbSymbolTable
 70
2
  0
BLOCK_RECORD
  5
17
330
9
100
AcDbSymbolTableRecord
100
AcDbBlockTableRecord
  2
*Model_Space
340
1A
 70
0
280
1
281
0
  0
BLOCK_RECORD
  5
1B
330
9
100
AcDbSymbolTableRecord
100
AcDbBlockTableRecord
  2
*Paper_Space
340
1E
 70
0
280
1
281
0
  0
ENDTAB
  0
ENDSEC
  0
SECTION
  2
BLOCKS
  0
BLOCK
  5
18
330
17
100
AcDbEntity
  8
0
100
AcDbBlockBegin
  2
*Model_Space
 70
0
 10
0.0
 20
0.0
 30
0.0
  3
*Model_Space
  1

  0
ENDBLK
  5
19
330
17
100
AcDbEntity
  8
0
100
AcDbBlockEnd
  0
BLOCK
  5
1C
330
1B
100
AcDbEntity
  8
0
100
AcDbBlockBegin
  2
*Paper_Space
 70
0
 10
0.0
 20
0.0
 30
0.0
  3
*Paper_Space
  1

  0
ENDBLK
  5
1D
330
1B
100
AcDbEntity
  8
0
100
AcDbBlockEnd
  0
ENDSEC
  0
SECTION
  2
ENTITIES
  0
LWPOLYLINE
  5
30
330
17
100
AcDbEntity
  8
CUT
100
AcDbPolyline
 90
132
 70
1
 10
8.025000000000016
 20
53.83907342657342
 10
8.00000000000001
 20
53.83907342657342
 10
8.00000000000001
 20
64.03907342657342
 10
8.025000000000016
 20
64.03907342657342
 10
8.025000000000016
 20
68.75935314685314
 10
8.00000000000001
 20
68.75935314685314
 10
8.00000000000001
 20
78.95935314685315
 10
8.025000000000016
 20
78.95935314685315
 10
8.025000000000016
 20
83.4131993006993
 10
8.00000000000001
 20
83.4131993006993
 10
8.00000000000001
 20
93.6131993006993
 10
8.025000000000016
 20
93.6131993006993
 10
8.025000000000016
 20
94.6034090909091
 10
8.00000000000001
 20
94.6034090909091
 10
8.00000000000001
 20
104.8034090909091
 10
8.025000000000016
 20
104.8034090909091
 10
8.025000000000016
 20
109.7901223776224
 10
8.00000000000001
 20
109.7901223776224
 10
8.00000000000001
 20
119.9901223776224
 10
8.025000000000016
 20
119.9901223776224
 10
8.025000000000016
 20
153.26826923076925
 10
8.00000000000001
 20
153.26826923076925
 10
8.00000000000001
 20
163.4682692307692
 10
8.025000000000016
 20
163.4682692307692
 10
8.025000000000016
 20
163.8432692307692
 10
9.612500000000022
 20
163.8432692307692
 10
9.612500000000022
 20
167.06826923076923
 10
9.987500000000022
 20
167.06826923076923
 10
9.987500000000022
 20
167.09326923076924
 10
20.18750000000001
 20
167.09326923076924
 10
20.18750000000001
 20
167.06826923076923
 10
56.404711272630706
 20
167.06826923076923
 10
56.404711272630706
 20
167.09326923076924
 10
66.60471127263067
 20
167.09326923076924
 10
66.60471127263067
 20
167.06826923076923
 10
100.88787207556844
 20
167.06826923076923
 10
100.88787207556844
 20
167.09326923076924
 10
109.46287207556846
 20
167.09326923076924
 10
109.46287207556846
 20
99.16596446746972
 10
112.58787207556846
 20
99.16596446746972
 10
112.58787207556846
 20
101.14096446746971
 10
121.16287207556846
 20
101.14096446746971
 10
121.16287207556846
 20
101.11596446746972
 10
170.72168462384752
 20
101.11596446746972
 10
170.72168462384752
 20
101.14096446746971
 10
180.92168462384754
 20
101.14096446746971
 10
180.92168462384754
 20
101.11596446746972
 10
228.552793541537
 20
101.11596446746972
 10
228.552793541537
 20
101.14096446746971
 10
237.12779354153702
 20
101.14096446746971
 10
237.12779354153702
 20
99.16596446746972
 10
239.127793541537
 20
99.16596446746972
 10
239.127793541537
 20
97.93811188811189
 10
239.5631993006993
 20
97.93811188811189
 10
239.5631993006993
 20
84.35000000000001
 10
296.54755244755245
 20
84.35000000000001
 10
296.54755244755245
 20
93.84073426573427
 10
296.5725524475525
 20
93.84073426573427
 10
296.5725524475525
 20
162.32701048951049
 10
296.54755244755245
 20
162.32701048951049
 10
296.54755244755245
 20
168.7770104895105
 10
290.6693181818182
 20
168.7770104895105
 10
290.6693181818182
 20
168.8020104895105
 10
249.05393356643356
 20
168.8020104895105
 10
249.05393356643356
 20
168.7770104895105
 10
240.25279354153702
 20
168.7770104895105
 10
240.25279354153702
 20
176.1520104895105
 10
249.05393356643356
 20
176.1520104895105
 10
249.05393356643356
 20
176.1270104895105
 10
290.6693181818182
 20
176.1270104895105
 10
290.6693181818182
 20
176.1520104895105
 10
300.16005244755246
 20
176.1520104895105
 10
300.16005244755246
 20
184.52902097902094
 10
308.0366258741259
 20
184.52902097902094
 10
308.0366258741259
 20
172.5395104895105
 10
322.1576048951049
 20
172.5395104895105
 10
322.1576048951049
 20
88.87937062937064
 10
346.66949300699304
 20
88.87937062937064
 10
346.66949300699304
 20
65.01678321678322
 10
322.1576048951049
 20
65.01678321678322
 10
322.1576048951049
 20
7.999999999999999
 10
314.54746503496506
 20
7.999999999999999
 10
314.54746503496506
 20
14.394405594405594
 10
241.5631993006993
 20
14.394405594405594
 10
241.5631993006993
 20
11.87263986013986
 10
241.1881993006993
 20
11.87263986013986
 10
241.1881993006993
 20
11.84763986013986
 10
230.9881993006993
 20
11.84763986013986
 10
230.9881993006993
 20
11.87263986013986
 10
189.63924825174826
 20
11.87263986013986
 10
189.63924825174826
 20
11.84763986013986
 10
179.43924825174827
 20
11.84763986013986
 10
179.43924825174827
 20
11.87263986013986
 10
179.06424825174827
 20
11.87263986013986
 10
179.06424825174827
 20
15.09763986013986
 10
177.47674825174826
 20
15.09763986013986
 10
177.47674825174826
 20
15.47263986013986
 10
177.45174825174826
 20
15.47263986013986
 10
177.45174825174826
 20
25.67263986013986
 10
177.47674825174826
 20
25.67263986013986
 10
177.47674825174826
 20
38.4354020979021
 10
177.45174825174826
 20
38.4354020979021
 10
177.45174825174826
 20
44.8854020979021
 10
172.63924825174826
 20
44.8854020979021
 10
172.63924825174826
 20
44.91040209790209
 10
119.5672202797203
 20
44.91040209790209
 10
119.5672202797203
 20
44.8854020979021
 10
109.36722027972031
 20
44.8854020979021
 10
109.36722027972031
 20
44.91040209790209
 10
108.99222027972031
 20
44.91040209790209
 10
108.99222027972031
 20
46.4979020979021
 10
105.00681818181822
 20
46.4979020979021
 10
105.00681818181822
 20
46.8729020979021
 10
104.98181818181821
 20
46.8729020979021
 10
104.98181818181821
 20
50.214073426573435
 10
98.57071678321678
 20
50.214073426573435
 10
98.57071678321678
 20
50.23907342657343
 10
98.25253496503497
 20
50.23907342657343
 10
98.25253496503497
 20
50.214073426573435
 10
88.05253496503498
 20
50.214073426573435
 10
88.05253496503498
 20
50.23907342657343
 10
82.266520979021
 20
50.23907342657343
 10
82.266520979021
 20
50.214073426573435
 10
63.135052447552496
 20
50.214073426573435
 10
63.135052447552496
 20
50.23907342657343
 10
20.18750000000001
 20
50.23907342657343
 10
20.18750000000001
 20
50.214073426573435
 10
9.987500000000022
 20
50.214073426573435
 10
9.987500000000022
 20
50.23907342657343
 10
9.612500000000022
 20
50.23907342657343
 10
9.612500000000022
 20
53.46407342657342
 10
8.025000000000016
 20
53.46407342657342
  0
LWPOLYLINE
  5
31
330
17
100
AcDbEntity
  8
CUT
100
AcDbPolyline
 90
4
 70
1
 10
298.6975524475525
 20
83.075
 10
301.77255244755247
 20
83.075
 10
301.77255244755247
 20
84.175
 10
298.6975524475525
 20
84.175
  0
LWPOLYLINE
  5
32
330
17
100
AcDbEntity
  8
CUT
100
AcDbPolyline
 90
4
 70
1
 10
298.6975524475525
 20
73.21905594405595
 10
298.6975524475525
 20
72.11905594405596
 10
301.77255244755247
 20
72.11905594405596
 10
301.77255244755247
 20
73.21905594405595
  0
LWPOLYLINE
  5
33
330
17
100
AcDbEntity
  8
CUT
100
AcDbPolyline
 90
4
 70
1
 10
298.6975524475525
 20
63.00472027972029
 10
301.77255244755247
 20
63.00472027972029
 10
301.77255244755247
 20
68.90472027972028
 10
298.6975524475525
 20
68.90472027972028
  0
LWPOLYLINE
  5
34
330
17
100
AcDbEntity
  8
CUT
100
AcDbPolyline
 90
4
 70
1
 10
298.6975524475525
 20
26.986276223776226
 10
298.6975524475525
 20
21.086276223776224
 10
301.77255244755247
 20
21.086276223776224
 10
301.77255244755247
 20
26.986276223776226
  0
LWPOLYLINE
  5
35
330
17
100
AcDbEntity
  8
CUT
100
AcDbPolyline
 90
4
 70
1
 10
298.6975524475525
 20
164.47701048951046
 10
301.77255244755247
 20
164.47701048951046
 10
301.77255244755247
 20
170.3770104895105
 10
298.6975524475525
 20
170.3770104895105
  0
LWPOLYLINE
  5
36
330
17
100
AcDbEntity
  8
CUT
100
AcDbPolyline
 90
4
 70
1
 10
298.6975524475525
 20
91.69073426573426
 10
298.6975524475525
 20
85.79073426573427
 10
301.77255244755247
 20
85.79073426573427
 10
301.77255244755247
 20
91.69073426573426
  0
LWPOLYLINE
  5
37
330
17
100
AcDbEntity
  8
CUT
100
AcDbPolyline
 90
4
 70
1
 10
292.8193181818182
 20
174.00201048951052
 10
292.8193181818182
 20
170.92701048951048
 10
298.7193181818182
 20
170.92701048951048
 10
298.7193181818182
 20
174.00201048951052
  0
LWPOLYLINE
  5
38
330
17
100
AcDbEntity
  8
CUT
100
AcDbPolyline
 90
4
 70
1
 10
292.8193181818182
 20
20.536276223776223
 10
292.8193181818182
 20
17.461276223776224
 10
298.7193181818182
 20
17.461276223776224
 10
298.7193181818182
 20
20.536276223776223
  0
LWPOLYLINE
  5
39
330
17
100
AcDbEntity
  8
CUT
100
AcDbPolyline
 90
22
 70
1
 10
243.1506993006993
 20
29.136276223776225
 10
243.1756993006993
 20
29.136276223776225
 10
243.1756993006993
 20
22.686276223776225
 10
249.05393356643356
 20
22.686276223776225
 10
249.05393356643356
 20
22.661276223776227
 10
290.6693181818182
 20
22.661276223776227
 10
290.6693181818182
 20
22.686276223776225
 10
296.54755244755245
 20
22.686276223776225
 10
296.54755244755245
 20
29.136276223776225
 10
296.5725524475525
 20
29.136276223776225
 10
296.5725524475525
 20
60.85472027972028
 10
296.54755244755245
 20
60.85472027972028
 10
296.54755244755245
 20
70.34545454545454
 10
239.5631993006993
 20
70.34545454545454
 10
239.5631993006993
 20
69.82001748251749
 10
241.5631993006993
 20
69.82001748251749
 10
241.5631993006993
 20
69.06328671328671
 10
241.40043706293707
 20
69.06328671328671
 10
241.40043706293707
 20
61.310589410589415
 10
243.1756993006993
 20
61.310589410589415
 10
243.1756993006993
 20
56.02001748251749
 10
243.1506993006993
 20
56.02001748251749
  0
LWPOLYLINE
  5
3A
330
17
100
AcDbEntity
  8
CUT
100
AcDbPolyline
 90
4
 70
1
 10
241.00393356643357
 20
174.00201048951052
 10
241.00393356643357
 20
170.92701048951048
 10
246.90393356643358
 20
170.92701048951048
 10
246.90393356643358
 20
174.00201048951052
  0
LWPOLYLINE
  5
3B
330
17
100
AcDbEntity
  8
CUT
100
AcDbPolyline
 90
4
 70
1
 10
241.00393356643357
 20
20.536276223776223
 10
241.00393356643357
 20
17.461276223776224
 10
246.90393356643358
 20
17.461276223776224
 10
246.90393356643358
 20
20.536276223776223
  0
LWPOLYLINE
  5
3C
330
17
100
AcDbEntity
  8
CUT
100
AcDbPolyline
 90
4
 70
1
 10
237.9506993006993
 20
26.986276223776226
 10
237.9506993006993
 20
21.086276223776224
 10
241.0256993006993
 20
21.086276223776224
 10
241.0256993006993
 20
26.986276223776226
  0
LWPOLYLINE
  5
3D
330
17
100
AcDbEntity
  8
CUT
100
AcDbPolyline
 90
4
 70
1
 10
237.9506993006993
 20
64.07001748251749
 10
237.9506993006993
 20
58.170017482517494
 10
241.0256993006993
 20
58.170017482517494
 10
241.0256993006993
 20
64.07001748251749
  0
LWPOLYLINE
  5
3E
330
17
100
AcDbEntity
  8
CUT
100
AcDbPolyline
 90
4
 70
1
 10
233.1381993006993
 20
13.99763986013986
 10
239.03819930069932
 20
13.99763986013986
 10
239.03819930069932
 20
17.07263986013986
 10
233.1381993006993
 20
17.07263986013986
  0
LWPOLYLINE
  5
3F
330
17
100
AcDbEntity
  8
CUT
100
AcDbPolyline
 90
4
 70
1
 10
230.70279354153698
 20
98.99096446746971
 10
230.70279354153698
 20
95.91596446746972
 10
236.602793541537
 20
95.91596446746972
 10
236.602793541537
 20
98.99096446746971
  0
LWPOLYLINE
  5
40
330
17
100
AcDbEntity
  8
CUT
100
AcDbPolyline
 90
4
 70
1
 10
227.0798076923077
 20
67.69501748251749
 10
227.0798076923077
 20
64.6200174825175
 10
232.9798076923077
 20
64.6200174825175
 10
232.9798076923077
 20
67.69501748251749
  0
LWPOLYLINE
  5
41
330
17
100
AcDbEntity
  8
CUT
100
AcDbPolyline
 90
4
 70
1
 10
217.4353146853147
 20
56.21260926573427
 10
217.4353146853147
 20
50.31260926573427
 10
220.51031468531468
 20
50.31260926573427
 10
220.51031468531468
 20
56.21260926573427
  0
LWPOLYLINE
  5
42
330
17
100
AcDbEntity
  8
CUT
100
AcDbPolyline
 90
4
 70
1
 10
212.6228146853147
 20
41.973164335664336
 10
218.5228146853147
 20
41.973164335664336
 10
218.5228146853147
 20
45.04816433566434
 10
212.6228146853147
 20
45.04816433566434
  0
LWPOLYLINE
  5
43
330
17
100
AcDbEntity
  8
CUT
100
AcDbPolyline
 90
4
 70
1
 10
207.0803187197418
 20
64.6200174825175
 10
212.9803187197418
 20
64.6200174825175
 10
212.9803187197418
 20
67.69501748251749
 10
207.0803187197418
 20
67.69501748251749
  0
LWPOLYLINE
  5
44
330
17
100
AcDbEntity
  8
CUT
100
AcDbPolyline
 90
4
 70
1
 10
201.0388986013986
 20
41.973164335664336
 10
206.9388986013986
 20
41.973164335664336
 10
206.9388986013986
 20
45.04816433566434
 10
201.0388986013986
 20
45.04816433566434
  0
LWPOLYLINE
  5
45
330
17
100
AcDbEntity
  8
CUT
100
AcDbPolyline
 90
4
 70
1
 10
199.0513986013986
 20
63.27001748251749
 10
199.0513986013986
 20
57.587674825174815
 10
202.1263986013986
 20
57.587674825174815
 10
202.1263986013986
 20
63.27001748251749
  0
LWPOLYLINE
  5
46
330
17
100
AcDbEntity
  8
CUT
100
AcDbPolyline
 90
4
 70
1
 10
199.0513986013986
 20
48.528933566433565
 10
202.1263986013986
 20
48.528933566433565
 10
202.1263986013986
 20
52.61267482517482
 10
199.0513986013986
 20
52.61267482517482
  0
LWPOLYLINE
  5
47
330
17
100
AcDbEntity
  8
CUT
100
AcDbPolyline
 90
4
 70
1
 10
199.0513986013986
 20
17.62263986013986
 10
202.1263986013986
 20
17.62263986013986
 10
202.1263986013986
 20
23.52263986013986
 10
199.0513986013986
 20
23.52263986013986
  0
LWPOLYLINE
  5
48
330
17
100
AcDbEntity
  8
CUT
100
AcDbPolyline
 90
4
 70
1
 10
199.0513986013986
 20
35.52316433566434
 10
202.1263986013986
 20
35.52316433566434
 10
202.1263986013986
 20
41.42316433566434
 10
199.0513986013986
 20
41.42316433566434
  0
LWPOLYLINE
  5
49
330
17
100
AcDbEntity
  8
CUT
100
AcDbPolyline
 90
4
 70
1
 10
190.38155594405595
 20
47.97893356643357
 10
190.38155594405595
 20
44.903933566433565
 10
196.28155594405592
 20
44.903933566433565
 10
196.28155594405592
 20
47.97893356643357
  0
LWPOLYLINE
  5
4A
330
17
100
AcDbEntity
  8
CUT
100
AcDbPolyline
 90
4
 70
1
 10
190.38155594405595
 20
64.6200174825175
 10
196.28155594405592
 20
64.6200174825175
 10
196.28155594405592
 20
67.69501748251749
 10
190.38155594405595
 20
67.69501748251749
  0
LWPOLYLINE
  5
4B
330
17
100
AcDbEntity
  8
CUT
100
AcDbPolyline
 90
4
 70
1
 10
190.38155594405595
 20
57.03767482517482
 10
190.38155594405595
 20
53.96267482517483
 10
196.28155594405592
 20
53.96267482517483
 10
196.28155594405592
 20
57.03767482517482
  0
LWPOLYLINE
  5
4C
330
17
100
AcDbEntity
  8
CUT
100
AcDbPolyline
 90
4
 70
1
 10
188.39405594405594
 20
52.61267482517482
 10
188.39405594405594
 20
48.528933566433565
 10
191.46905594405592
 20
48.528933566433565
 10
191.46905594405592
 20
52.61267482517482
  0
LWPOLYLINE
  5
4D
330
17
100
AcDbEntity
  8
CUT
100
AcDbPolyline
 90
4
 70
1
 10
188.39405594405594
 20
64.4200174825175
 10
188.39405594405594
 20
63.3200174825175
 10
191.46905594405592
 20
63.3200174825175
 10
191.46905594405592
 20
64.4200174825175
  0
LWPOLYLINE
  5
4E
330
17
100
AcDbEntity
  8
CUT
100
AcDbPolyline
 90
4
 70
1
 10
188.39405594405594
 20
57.23767482517482
 10
191.46905594405592
 20
57.23767482517482
 10
191.46905594405592
 20
58.337674825174815
 10
188.39405594405594
 20
58.337674825174815
  0
LWPOLYLINE
  5
4F
330
17
100
AcDbEntity
  8
CUT
100
AcDbPolyline
 90
4
 70
1
 10
181.58924825174824
 20
13.99763986013986
 10
187.48924825174825
 20
13.99763986013986
 10
187.48924825174825
 20
17.07263986013986
 10
181.58924825174824
 20
17.07263986013986
  0
LWPOLYLINE
  5
50
330
17
100
AcDbEntity
  8
CUT
100
AcDbPolyline
 90
4
 70
1
 10
179.60174825174826
 20
76.28750000000002
 10
182.67674825174825
 20
76.28750000000002
 10
182.67674825174825
 20
82.18750000000001
 10
179.60174825174826
 20
82.18750000000001
  0
LWPOLYLINE
  5
51
330
17
100
AcDbEntity
  8
CUT
100
AcDbPolyline
 90
4
 70
1
 10
179.60174825174826
 20
55.78582167832168
 10
182.67674825174825
 20
55.78582167832168
 10
182.67674825174825
 20
61.68582167832167
 10
179.60174825174826
 20
61.68582167832167
  0
LWPOLYLINE
  5
52
330
17
100
AcDbEntity
  8
CUT
100
AcDbPolyline
 90
4
 70
1
 10
179.60174825174826
 20
46.485402097902096
 10
179.60174825174826
 20
40.585402097902104
 10
182.67674825174825
 20
40.585402097902104
 10
182.67674825174825
 20
46.485402097902096
  0
LWPOLYLINE
  5
53
330
17
100
AcDbEntity
  8
CUT
100
AcDbPolyline
 90
4
 70
1
 10
179.60174825174826
 20
23.52263986013986
 10
179.60174825174826
 20
17.62263986013986
 10
182.67674825174825
 20
17.62263986013986
 10
182.67674825174825
 20
23.52263986013986
  0
LWPOLYLINE
  5
54
330
17
100
AcDbEntity
  8
CUT
100
AcDbPolyline
 90
4
 70
1
 10
174.78924825174823
 20
47.03540209790209
 10
180.68924825174827
 20
47.03540209790209
 10
180.68924825174827
 20
50.110402097902096
 10
174.78924825174823
 20
50.110402097902096
  0
LWPOLYLINE
  5
55
330
17
100
AcDbEntity
  8
CUT
100
AcDbPolyline
 90
4
 70
1
 10
172.87168462384756
 20
95.91596446746972
 10
178.77168462384753
 20
95.91596446746972
 10
178.77168462384753
 20
98.99096446746971
 10
172.87168462384756
 20
98.99096446746971
  0
LWPOLYLINE
  5
56
330
17
100
AcDbEntity
  8
CUT
100
AcDbPolyline
 90
4
 70
1
 10
168.50899321266968
 20
85.81250000000001
 10
168.50899321266968
 20
82.73750000000003
 10
174.40899321266966
 20
82.73750000000003
 10
174.40899321266966
 20
85.81250000000001
  0
LWPOLYLINE
  5
57
330
17
100
AcDbEntity
  8
CUT
100
AcDbPolyline
 90
4
 70
1
 10
160.9513986013986
 20
82.18750000000001
 10
160.9513986013986
 20
76.28750000000002
 10
164.0263986013986
 20
76.28750000000002
 10
164.0263986013986
 20
82.18750000000001
  0
LWPOLYLINE
  5
58
330
17
100
AcDbEntity
  8
CUT
100
AcDbPolyline
 90
4
 70
1
 10
160.9513986013986
 20
56.560402097902085
 10
160.9513986013986
 20
50.66040209790209
 10
164.0263986013986
 20
50.66040209790209
 10
164.0263986013986
 20
56.560402097902085
  0
LWPOLYLINE
  5
59
330
17
100
AcDbEntity
  8
CUT
100
AcDbPolyline
 90
4
 70
1
 10
126.31503496503497
 20
82.18750000000001
 10
126.31503496503497
 20
76.28750000000002
 10
129.39003496503494
 20
76.28750000000002
 10
129.39003496503494
 20
82.18750000000001
  0
LWPOLYLINE
  5
5A
330
17
100
AcDbEntity
  8
CUT
100
AcDbPolyline
 90
4
 70
1
 10
126.31503496503497
 20
56.560402097902085
 10
126.31503496503497
 20
50.66040209790209
 10
129.39003496503494
 20
50.66040209790209
 10
129.39003496503494
 20
56.560402097902085
  0
LWPOLYLINE
  5
5B
330
17
100
AcDbEntity
  8
CUT
100
AcDbPolyline
 90
4
 70
1
 10
113.11287207556846
 20
95.91596446746972
 10
119.01287207556845
 20
95.91596446746972
 10
119.01287207556845
 20
98.99096446746971
 10
113.11287207556846
 20
98.99096446746971
  0
LWPOLYLINE
  5
5C
330
17
100
AcDbEntity
  8
CUT
100
AcDbPolyline
 90
4
 70
1
 10
111.5172202797203
 20
47.03540209790209
 10
117.4172202797203
 20
47.03540209790209
 10
117.4172202797203
 20
50.110402097902096
 10
111.5172202797203
 20
50.110402097902096
  0
LWPOLYLINE
  5
5D
330
17
100
AcDbEntity
  8
CUT
100
AcDbPolyline
 90
4
 70
1
 10
109.11931818181817
 20
82.73750000000003
 10
115.01931818181818
 20
82.73750000000003
 10
115.01931818181818
 20
85.81250000000001
 10
109.11931818181817
 20
85.81250000000001
  0
LWPOLYLINE
  5
5E
330
17
100
AcDbEntity
  8
CUT
100
AcDbPolyline
 90
4
 70
1
 10
107.13181818181819
 20
49.022902097902104
 10
110.20681818181824
 20
49.022902097902104
 10
110.20681818181824
 20
54.922902097902096
 10
107.13181818181819
 20
54.922902097902096
  0
LWPOLYLINE
  5
5F
330
17
100
AcDbEntity
  8
CUT
100
AcDbPolyline
 90
4
 70
1
 10
107.13181818181819
 20
75.75463286713288
 10
110.20681818181824
 20
75.75463286713288
 10
110.20681818181824
 20
81.65463286713288
 10
107.13181818181819
 20
81.65463286713288
  0
LWPOLYLINE
  5
60
330
17
100
AcDbEntity
  8
CUT
100
AcDbPolyline
 90
4
 70
1
 10
103.03787207556842
 20
164.94326923076926
 10
103.03787207556842
 20
161.86826923076922
 10
108.93787207556845
 20
161.86826923076922
 10
108.93787207556845
 20
164.94326923076926
  0
LWPOLYLINE
  5
61
330
17
100
AcDbEntity
  8
CUT
100
AcDbPolyline
 90
4
 70
1
 10
102.31931818181816
 20
85.27963286713288
 10
102.31931818181816
 20
82.20463286713289
 10
108.2193181818182
 20
82.20463286713289
 10
108.2193181818182
 20
85.27963286713288
  0
LWPOLYLINE
  5
62
330
17
100
AcDbEntity
  8
CUT
100
AcDbPolyline
 90
4
 70
1
 10
100.72071678321676
 20
55.43907342657343
 10
100.72071678321676
 20
52.36407342657344
 10
106.62071678321679
 20
52.36407342657344
 10
106.62071678321679
 20
55.43907342657343
  0
LWPOLYLINE
  5
63
330
17
100
AcDbEntity
  8
CUT
100
AcDbPolyline
 90
4
 70
1
 10
90.20253496503496
 20
55.43907342657343
 10
90.20253496503496
 20
52.36407342657344
 10
96.10253496503499
 20
52.36407342657344
 10
96.10253496503499
 20
55.43907342657343
  0
LWPOLYLINE
  5
64
330
17
100
AcDbEntity
  8
CUT
100
AcDbPolyline
 90
4
 70
1
 10
89.4995187877178
 20
111.39012237762239
 10
89.4995187877178
 20
108.3151223776224
 10
95.39951878771784
 20
108.3151223776224
 10
95.39951878771784
 20
111.39012237762239
  0
LWPOLYLINE
  5
65
330
17
100
AcDbEntity
  8
CUT
100
AcDbPolyline
 90
4
 70
1
 10
89.81363636363632
 20
98.3520104895105
 10
92.88863636363637
 20
98.3520104895105
 10
92.88863636363637
 20
104.2520104895105
 10
89.81363636363632
 20
104.2520104895105
  0
LWPOLYLINE
  5
66
330
17
100
AcDbEntity
  8
CUT
100
AcDbPolyline
 90
4
 70
1
 10
86.8828671328671
 20
74.10655594405596
 10
89.95786713286715
 20
74.10655594405596
 10
89.95786713286715
 20
78.98959790209791
 10
86.8828671328671
 20
78.98959790209791
  0
LWPOLYLINE
  5
67
330
17
100
AcDbEntity
  8
CUT
100
AcDbPolyline
 90
4
 70
1
 10
86.8828671328671
 20
61.88907342657342
 10
86.8828671328671
 20
55.98907342657343
 10
89.95786713286715
 20
55.98907342657343
 10
89.95786713286715
 20
61.88907342657342
  0
LWPOLYLINE
  5
68
330
17
100
AcDbEntity
  8
CUT
100
AcDbPolyline
 90
4
 70
1
 10
85.8881993006993
 20
70.48155594405596
 10
86.98819930069932
 20
70.48155594405596
 10
86.98819930069932
 20
73.55655594405594
 10
85.8881993006993
 20
73.55655594405594
  0
LWPOLYLINE
  5
69
330
17
100
AcDbEntity
  8
CUT
100
AcDbPolyline
 90
14
 70
1
 10
75.29755244755243
 20
64.03907342657342
 10
75.32255244755244
 20
64.03907342657342
 10
75.32255244755244
 20
57.589073426573435
 10
82.266520979021
 20
57.589073426573435
 10
82.266520979021
 20
57.56407342657343
 10
84.73286713286713
 20
57.56407342657343
 10
84.73286713286713
 20
64.03907342657342
 10
84.75786713286713
 20
64.03907342657342
 10
84.75786713286713
 20
68.33155594405595
 10
83.73819930069932
 20
68.33155594405595
 10
83.73819930069932
 20
68.35655594405596
 10
76.85008741258743
 20
68.35655594405596
 10
76.85008741258743
 20
68.33155594405595
 10
75.29755244755243
 20
68.33155594405595
  0
LWPOLYLINE
  5
6A
330
17
100
AcDbEntity
  8
CUT
100
AcDbPolyline
 90
4
 70
1
 10
78.27467948717948
 20
97.8020104895105
 10
78.27467948717948
 20
94.7270104895105
 10
84.17467948717949
 20
94.7270104895105
 10
84.17467948717949
 20
97.8020104895105
  0
LWPOLYLINE
  5
6B
330
17
100
AcDbEntity
  8
CUT
100
AcDbPolyline
 90
4
 70
1
 10
74.21652097902098
 20
52.36407342657344
 10
80.11652097902102
 20
52.36407342657344
 10
80.11652097902102
 20
55.43907342657343
 10
74.21652097902098
 20
55.43907342657343
  0
LWPOLYLINE
  5
6C
330
17
100
AcDbEntity
  8
CUT
100
AcDbPolyline
 90
4
 70
1
 10
73.95008741258742
 20
83.41459790209791
 10
73.95008741258742
 20
80.33959790209792
 10
79.85008741258746
 20
80.33959790209792
 10
79.85008741258746
 20
83.41459790209791
  0
LWPOLYLINE
  5
6D
330
17
100
AcDbEntity
  8
CUT
100
AcDbPolyline
 90
4
 70
1
 10
73.60008741258743
 20
70.48155594405596
 10
74.70008741258745
 20
70.48155594405596
 10
74.70008741258745
 20
73.55655594405594
 10
73.60008741258743
 20
73.55655594405594
  0
LWPOLYLINE
  5
6E
330
17
100
AcDbEntity
  8
CUT
100
AcDbPolyline
 90
4
 70
1
 10
70.09755244755242
 20
82.18750000000001
 10
70.09755244755242
 20
76.28750000000002
 10
73.17255244755246
 20
76.28750000000002
 10
73.17255244755246
 20
82.18750000000001
  0
LWPOLYLINE
  5
6F
330
17
100
AcDbEntity
  8
CUT
100
AcDbPolyline
 90
4
 70
1
 10
70.09755244755242
 20
61.88907342657342
 10
70.09755244755242
 20
55.98907342657343
 10
73.17255244755246
 20
55.98907342657343
 10
73.17255244755246
 20
61.88907342657342
  0
LWPOLYLINE
  5
70
330
17
100
AcDbEntity
  8
CUT
100
AcDbPolyline
 90
4
 70
1
 10
65.28505244755247
 20
52.36407342657344
 10
71.18505244755248
 20
52.36407342657344
 10
71.18505244755248
 20
55.43907342657343
 10
65.28505244755247
 20
55.43907342657343
  0
LWPOLYLINE
  5
71
330
17
100
AcDbEntity
  8
CUT
100
AcDbPolyline
 90
4
 70
1
 10
65.03531468531465
 20
98.3520104895105
 10
68.11031468531469
 20
98.3520104895105
 10
68.11031468531469
 20
104.2520104895105
 10
65.03531468531465
 20
104.2520104895105
  0
LWPOLYLINE
  5
72
330
17
100
AcDbEntity
  8
CUT
100
AcDbPolyline
 90
4
 70
1
 10
58.94858891108892
 20
85.81250000000001
 10
58.94858891108892
 20
82.73750000000003
 10
64.84858891108892
 20
82.73750000000003
 10
64.84858891108892
 20
85.81250000000001
  0
LWPOLYLINE
  5
73
330
17
100
AcDbEntity
  8
CUT
100
AcDbPolyline
 90
4
 70
1
 10
58.55471127263068
 20
164.94326923076926
 10
58.55471127263068
 20
161.86826923076922
 10
64.45471127263069
 20
161.86826923076922
 10
64.45471127263069
 20
164.94326923076926
  0
LWPOLYLINE
  5
74
330
17
100
AcDbEntity
  8
CUT
100
AcDbPolyline
 90
4
 70
1
 10
58.55471127263068
 20
111.39012237762239
 10
58.55471127263068
 20
108.3151223776224
 10
64.45471127263069
 20
108.3151223776224
 10
64.45471127263069
 20
111.39012237762239
  0
LWPOLYLINE
  5
75
330
17
100
AcDbEntity
  8
CUT
100
AcDbPolyline
 90
4
 70
1
 10
51.30323426573425
 20
94.7270104895105
 10
57.20323426573428
 20
94.7270104895105
 10
57.20323426573428
 20
97.8020104895105
 10
51.30323426573425
 20
97.8020104895105
  0
LWPOLYLINE
  5
76
330
17
100
AcDbEntity
  8
CUT
100
AcDbPolyline
 90
4
 70
1
 10
49.315734265734235
 20
104.2520104895105
 10
49.315734265734235
 20
98.3520104895105
 10
52.39073426573428
 20
98.3520104895105
 10
52.39073426573428
 20
104.2520104895105
  0
LWPOLYLINE
  5
77
330
17
100
AcDbEntity
  8
CUT
100
AcDbPolyline
 90
4
 70
1
 10
40.789860139860096
 20
61.88907342657342
 10
40.789860139860096
 20
55.98907342657343
 10
43.86486013986014
 20
55.98907342657343
 10
43.86486013986014
 20
61.88907342657342
  0
LWPOLYLINE
  5
78
330
17
100
AcDbEntity
  8
CUT
100
AcDbPolyline
 90
4
 70
1
 10
35.977360139860096
 20
70.35935314685315
 10
35.977360139860096
 20
67.28435314685316
 10
41.87736013986013
 20
67.28435314685316
 10
41.87736013986013
 20
70.35935314685315
  0
LWPOLYLINE
  5
79
330
17
100
AcDbEntity
  8
CUT
100
AcDbPolyline
 90
4
 70
1
 10
25.72561188811188
 20
82.73750000000003
 10
31.625611888111916
 20
82.73750000000003
 10
31.625611888111916
 20
85.81250000000001
 10
25.72561188811188
 20
85.81250000000001
  0
LWPOLYLINE
  5
7A
330
17
100
AcDbEntity
  8
CUT
100
AcDbPolyline
 90
4
 70
1
 10
23.73811188811187
 20
101.8651223776224
 10
26.813111888111916
 20
101.8651223776224
 10
26.813111888111916
 20
107.76512237762239
 10
23.73811188811187
 20
107.76512237762239
  0
LWPOLYLINE
  5
7B
330
17
100
AcDbEntity
  8
CUT
100
AcDbPolyline
 90
4
 70
1
 10
23.73811188811187
 20
92.92840909090908
 10
23.73811188811187
 20
91.82840909090909
 10
26.813111888111916
 20
91.82840909090909
 10
26.813111888111916
 20
92.92840909090908
  0
LWPOLYLINE
  5
7C
330
17
100
AcDbEntity
  8
CUT
100
AcDbPolyline
 90
4
 70
1
 10
23.73811188811187
 20
87.11250000000003
 10
23.73811188811187
 20
86.01250000000003
 10
26.813111888111916
 20
86.01250000000003
 10
26.813111888111916
 20
87.11250000000003
  0
LWPOLYLINE
  5
7D
330
17
100
AcDbEntity
  8
CUT
100
AcDbPolyline
 90
4
 70
1
 10
23.73811188811187
 20
80.6381993006993
 10
26.813111888111916
 20
80.6381993006993
 10
26.813111888111916
 20
81.73819930069929
 10
23.73811188811187
 20
81.73819930069929
  0
LWPOLYLINE
  5
7E
330
17
100
AcDbEntity
  8
CUT
100
AcDbPolyline
 90
4
 70
1
 10
23.73811188811187
 20
71.65935314685315
 10
23.73811188811187
 20
70.55935314685316
 10
26.813111888111916
 20
70.55935314685316
 10
26.813111888111916
 20
71.65935314685315
  0
LWPOLYLINE
  5
7F
330
17
100
AcDbEntity
  8
CUT
100
AcDbPolyline
 90
4
 70
1
 10
12.1375
 20
164.94326923076926
 10
12.1375
 20
161.86826923076922
 10
18.037500000000033
 20
161.86826923076922
 10
18.037500000000033
 20
164.94326923076926
  0
LWPOLYLINE
  5
80
330
17
100
AcDbEntity
  8
CUT
100
AcDbPolyline
 90
4
 70
1
 10
12.1375
 20
96.20340909090909
 10
12.1375
 20
93.1284090909091
 10
18.037500000000033
 20
93.1284090909091
 10
18.037500000000033
 20
96.20340909090909
  0
LWPOLYLINE
  5
81
330
17
100
AcDbEntity
  8
CUT
100
AcDbPolyline
 90
4
 70
1
 10
12.1375
 20
108.3151223776224
 10
18.037500000000033
 20
108.3151223776224
 10
18.037500000000033
 20
111.39012237762239
 10
12.1375
 20
111.39012237762239
  0
LWPOLYLINE
  5
82
330
17
100
AcDbEntity
  8
CUT
100
AcDbPolyline
 90
4
 70
1
 10
12.1375
 20
67.28435314685316
 10
18.037500000000033
 20
67.28435314685316
 10
18.037500000000033
 20
70.35935314685315
 10
12.1375
 20
70.35935314685315
  0
LWPOLYLINE
  5
83
330
17
100
AcDbEntity
  8
CUT
100
AcDbPolyline
 90
4
 70
1
 10
12.1375
 20
52.36407342657344
 10
18.037500000000033
 20
52.36407342657344
 10
18.037500000000033
 20
55.43907342657343
 10
12.1375
 20
55.43907342657343
  0
LWPOLYLINE
  5
84
330
17
100
AcDbEntity
  8
CUT
100
AcDbPolyline
 90
4
 70
1
 10
12.1375
 20
81.93819930069931
 10
18.037500000000033
 20
81.93819930069931
 10
18.037500000000033
 20
85.0131993006993
 10
12.1375
 20
85.0131993006993
  0
LWPOLYLINE
  5
85
330
17
100
AcDbEntity
  8
CUT
100
AcDbPolyline
 90
4
 70
1
 10
10.149999999999988
 20
155.41826923076923
 10
13.225000000000033
 20
155.41826923076923
 10
13.225000000000033
 20
161.31826923076923
 10
10.149999999999988
 20
161.31826923076923
  0
LWPOLYLINE
  5
86
330
17
100
AcDbEntity
  8
CUT
100
AcDbPolyline
 90
4
 70
1
 10
10.149999999999988
 20
117.8401223776224
 10
10.149999999999988
 20
111.9401223776224
 10
13.225000000000033
 20
111.9401223776224
 10
13.225000000000033
 20
117.8401223776224
  0
LWPOLYLINE
  5
87
330
17
100
AcDbEntity
  8
CUT
100
AcDbPolyline
 90
4
 70
1
 10
10.149999999999988
 20
85.56319930069931
 10
13.225000000000033
 20
85.56319930069931
 10
13.225000000000033
 20
91.4631993006993
 10
10.149999999999988
 20
91.4631993006993
  0
LWPOLYLINE
  5
88
330
17
100
AcDbEntity
  8
CUT
100
AcDbPolyline
 90
4
 70
1
 10
10.149999999999988
 20
76.80935314685314
 10
10.149999999999988
 20
70.90935314685315
 10
13.225000000000033
 20
70.90935314685315
 10
13.225000000000033
 20
76.80935314685314
  0
LWPOLYLINE
  5
89
330
17
100
AcDbEntity
  8
CUT
100
AcDbPolyline
 90
4
 70
1
 10
10.149999999999988
 20
55.98907342657343
 10
13.225000000000033
 20
55.98907342657343
 10
13.225000000000033
 20
61.88907342657342
 10
10.149999999999988
 20
61.88907342657342
  0
LWPOLYLINE
  5
8A
330
17
100
AcDbEntity
  8
CUT
100
AcDbPolyline
 90
4
 70
1
 10
10.149999999999988
 20
102.6534090909091
 10
10.149999999999988
 20
96.7534090909091
 10
13.225000000000033
 20
96.7534090909091
 10
13.225000000000033
 20
102.6534090909091
  0
LWPOLYLINE
  5
8B
330
17
100
AcDbEntity
  8
CUT
100
AcDbPolyline
 90
16
 70
1
 10
500.80627311170497
 20
54.760000000000005
 10
500.80627311170497
 20
11.174999999999999
 10
500.406273111705
 20
11.174999999999999
 10
500.406273111705
 20
7.999999999999999
 10
494.256273111705
 20
7.999999999999999
 10
494.256273111705
 20
11.174999999999999
 10
428.31288305934896
 20
11.174999999999999
 10
428.31288305934896
 20
7.999999999999999
 10
422.162883059349
 20
7.999999999999999
 10
422.162883059349
 20
11.174999999999999
 10
356.219493006993
 20
11.174999999999999
 10
356.219493006993
 20
7.999999999999999
 10
350.06949300699296
 20
7.999999999999999
 10
350.06949300699296
 20
11.174999999999999
 10
349.669493006993
 20
11.174999999999999
 10
349.669493006993
 20
54.760000000000005
  0
LWPOLYLINE
  5
8C
330
17
100
AcDbEntity
  8
CUT
100
AcDbPolyline
 90
16
 70
1
 10
500.80627311170497
 20
104.52000000000001
 10
500.80627311170497
 20
60.935
 10
500.406273111705
 20
60.935
 10
500.406273111705
 20
57.76
 10
494.256273111705
 20
57.76
 10
494.256273111705
 20
60.935
 10
428.31288305934896
 20
60.935
 10
428.31288305934896
 20
57.76
 10
422.162883059349
 20
57.76
 10
422.162883059349
 20
60.935
 10
356.219493006993
 20
60.935
 10
356.219493006993
 20
57.76
 10
350.06949300699296
 20
57.76
 10
350.06949300699296
 20
60.935
 10
349.669493006993
 20
60.935
 10
349.669493006993
 20
104.52000000000001
  0
LWPOLYLINE
  5
8D
330
17
100
AcDbEntity
  8
CUT
100
AcDbPolyline
 90
16
 70
1
 10
477.48441447296153
 20
154.28
 10
477.48441447296153
 20
110.695
 10
477.0844144729615
 20
110.695
 10
477.0844144729615
 20
107.52
 10
470.9344144729615
 20
107.52
 10
470.9344144729615
 20
110.695
 10
416.6519537399772
 20
110.695
 10
416.6519537399772
 20
107.52
 10
410.50195373997724
 20
107.52
 10
410.50195373997724
 20
110.695
 10
356.219493006993
 20
110.695
 10
356.219493006993
 20
107.52
 10
350.06949300699296
 20
107.52
 10
350.06949300699296
 20
110.695
 10
349.669493006993
 20
110.695
 10
349.669493006993
 20
154.28
  0
LWPOLYLINE
  5
8E
330
17
100
AcDbEntity
  8
CUT
100
AcDbPolyline
 90
52
 70
1
 10
496.03441447296154
 20
142.595
 10
502.0594144729615
 20
142.595
 10
502.0594144729615
 20
122.595
 10
505.0594144729615
 20
122.595
 10
505.0594144729615
 20
142.595
 10
511.04691447296153
 20
142.595
 10
511.04691447296153
 20
122.595
 10
514.0719144729616
 20
122.595
 10
514.0719144729616
 20
142.595
 10
520.0344144729615
 20
142.595
 10
520.0344144729615
 20
122.595
 10
523.0844144729615
 20
122.595
 10
523.0844144729615
 20
142.595
 10
529.0219144729615
 20
142.595
 10
529.0219144729615
 20
122.595
 10
532.0969144729615
 20
122.595
 10
532.0969144729615
 20
142.595
 10
538.0094144729616
 20
142.595
 10
538.0094144729616
 20
122.595
 10
541.1094144729615
 20
122.595
 10
541.1094144729615
 20
142.595
 10
546.9969144729615
 20
142.595
 10
546.9969144729615
 20
122.595
 10
550.1219144729615
 20
122.595
 10
550.1219144729615
 20
142.595
 10
555.9844144729615
 20
142.595
 10
555.9844144729615
 20
122.595
 10
559.1344144729616
 20
122.595
 10
559.1344144729616
 20
142.595
 10
564.9719144729615
 20
142.595
 10
564.9719144729615
 20
122.595
 10
568.1469144729615
 20
122.595
 10
568.1469144729615
 20
142.595
 10
573.9594144729615
 20
142.595
 10
573.9594144729615
 20
122.595
 10
577.1594144729615
 20
122.595
 10
577.1594144729615
 20
142.595
 10
582.9344144729615
 20
142.595
 10
582.9344144729615
 20
122.595
 10
586.1844144729615
 20
122.595
 10
586.1844144729615
 20
142.595
 10
595.5594144729615
 20
142.595
 10
595.5594144729615
 20
107.595
 10
480.5594144729615
 20
107.595
 10
480.5594144729615
 20
142.595
 10
484.10941447296153
 20
142.595
 10
484.10941447296153
 20
122.595
 10
487.0094144729615
 20
122.595
 10
487.0094144729615
 20
142.595
 10
493.0844144729615
 20
142.595
 10
493.0844144729615
 20
122.595
 10
496.03441447296154
 20
122.595
  0
LWPOLYLINE
  5
8F
330
17
100
AcDbEntity
  8
CUT
100
AcDbPolyline
 90
16
 70
1
 10
474.2094144729615
 20
182.576
 10
474.2094144729615
 20
160.45499999999998
 10
473.8094144729615
 20
160.45499999999998
 10
473.8094144729615
 20
157.28
 10
467.65941447296154
 20
157.28
 10
467.65941447296154
 20
160.45499999999998
 10
415.9783055552721
 20
160.45499999999998
 10
415.9783055552721
 20
157.28
 10
409.82830555527204
 20
157.28
 10
409.82830555527204
 20
160.45499999999998
 10
356.219493006993
 20
160.45499999999998
 10
356.219493006993
 20
157.28
 10
350.06949300699296
 20
157.28
 10
350.06949300699296
 20
160.45499999999998
 10
349.669493006993
 20
160.45499999999998
 10
349.669493006993
 20
182.576
  0
LWPOLYLINE
  5
90
330
17
100
AcDbEntity
  8
CUT
100
AcDbPolyline
 90
24
 70
1
 10
575.0597865485299
 20
160.45499999999998
 10
570.9937885988356
 20
160.45499999999998
 10
570.9937885988356
 20
171.125
 10
562.0852885988356
 20
171.125
 10
562.0852885988356
 20
160.45499999999998
 10
561.1214332606794
 20
160.45499999999998
 10
561.1214332606794
 20
157.28
 10
554.9714332606793
 20
157.28
 10
554.9714332606793
 20
160.45499999999998
 10
530.1766257455922
 20
160.45499999999998
 10
530.1766257455922
 20
157.28
 10
524.0266257455922
 20
157.28
 10
524.0266257455922
 20
160.45499999999998
 10
510.7798025848497
 20
160.45499999999998
 10
510.7798025848497
 20
171.125
 10
501.8713025848497
 20
171.125
 10
501.8713025848497
 20
160.45499999999998
 10
483.75941447296157
 20
160.45499999999998
 10
483.75941447296157
 20
157.28
 10
477.60941447296153
 20
157.28
 10
477.60941447296153
 20
160.45499999999998
 10
477.20941447296156
 20
160.45499999999998
 10
477.20941447296156
 20
182.576
 10
575.0597865485299
 20
182.576
  0
LWPOLYLINE
  5
91
330
17
100
AcDbEntity
  8
CUT
100
AcDbPolyline
 90
4
 70
1
 10
550.9443795079266
 20
179.926
 10
543.0192046827517
 20
179.926
 10
543.0192046827517
 20
162.405
 10
550.9443795079266
 20
162.405
  0
LWPOLYLINE
  5
92
330
17
100
AcDbEntity
  8
CUT
100
AcDbPolyline
 90
4
 70
1
 10
541.5692046827518
 20
179.926
 10
533.6440298575769
 20
179.926
 10
533.6440298575769
 20
162.405
 10
541.5692046827518
 20
162.405
  0
LWPOLYLINE
  5
93
330
17
100
AcDbEntity
  8
CUT
100
AcDbPolyline
 90
4
 70
1
 10
491.81395992750697
 20
179.926
 10
491.81395992750697
 20
162.405
 10
498.456966920514
 20
162.405
 10
498.456966920514
 20
179.926
  0
LWPOLYLINE
  5
94
330
17
100
AcDbEntity
  8
CUT
100
AcDbPolyline
 90
16
 70
1
 10
105.85037207556843
 20
190.70402097902095
 10
105.45037207556842
 20
190.70402097902095
 10
105.45037207556842
 20
187.52902097902097
 10
99.30037207556842
 20
187.52902097902097
 10
99.30037207556842
 20
190.70402097902095
 10
60.96721127263068
 20
190.70402097902095
 10
60.96721127263068
 20
187.52902097902097
 10
54.81721127263067
 20
187.52902097902097
 10
54.81721127263067
 20
190.70402097902095
 10
14.55
 20
190.70402097902095
 10
14.55
 20
187.52902097902097
 10
8.399999999999999
 20
187.52902097902097
 10
8.399999999999999
 20
190.70402097902095
 10
7.999999999999999
 20
190.70402097902095
 10
7.999999999999999
 20
212.82502097902096
 10
105.85037207556843
 20
212.82502097902096
  0
LWPOLYLINE
  5
95
330
17
100
AcDbEntity
  8
CUT
100
AcDbPolyline
 90
4
 70
1
 10
39.656293706293695
 20
205.70402097902095
 10
39.656293706293695
 20
195.35402097902096
 10
50.02937062937063
 20
195.35402097902096
 10
50.02937062937063
 20
205.70402097902095
  0
LWPOLYLINE
  5
96
330
17
100
AcDbEntity
  8
CUT
100
AcDbPolyline
 90
4
 70
1
 10
21.05594405594404
 20
205.70402097902095
 10
21.05594405594404
 20
195.35402097902096
 10
28.448251748251714
 20
195.35402097902096
 10
28.448251748251714
 20
205.70402097902095
  0
LWPOLYLINE
  5
97
330
17
100
AcDbEntity
  8
CUT
100
AcDbPolyline
 90
4
 70
1
 10
12.213636363636368
 20
195.35402097902096
 10
19.60594405594404
 20
195.35402097902096
 10
19.60594405594404
 20
205.70402097902095
 10
12.213636363636368
 20
205.70402097902095
  0
LWPOLYLINE
  5
98
330
17
100
AcDbEntity
  8
CUT
100
AcDbPolyline
 90
12
 70
1
 10
589.4425493354812
 20
33.296
 10
589.4425493354812
 20
11.174999999999999
 10
589.0425493354812
 20
11.174999999999999
 10
589.0425493354812
 20
7.999999999999999
 10
582.8925493354811
 20
7.999999999999999
 10
582.8925493354811
 20
11.174999999999999
 10
510.356273111705
 20
11.174999999999999
 10
510.356273111705
 20
7.999999999999999
 10
504.20627311170495
 20
7.999999999999999
 10
504.20627311170495
 20
11.174999999999999
 10
503.80627311170497
 20
11.174999999999999
 10
503.80627311170497
 20
33.296
  0
LWPOLYLINE
  5
99
330
17
100
AcDbEntity
  8
CUT
100
AcDbPolyline
 90
4
 70
1
 10
587.6925493354812
 20
13.125
 10
587.6925493354812
 20
30.646000000000008
 10
577.2016527320845
 20
30.646000000000008
 10
577.2016527320845
 20
13.125
  0
LWPOLYLINE
  5
9A
330
17
100
AcDbEntity
  8
CUT
100
AcDbPolyline
 90
4
 70
1
 10
575.7516527320846
 20
13.125
 10
575.7516527320846
 20
30.646000000000008
 10
565.260756128688
 20
30.646000000000008
 10
565.260756128688
 20
13.125
  0
LWPOLYLINE
  5
9B
330
17
100
AcDbEntity
  8
CUT
100
AcDbPolyline
 90
4
 70
1
 10
563.810756128688
 20
13.125
 10
563.810756128688
 20
30.646000000000008
 10
553.3198595252913
 20
30.646000000000008
 10
553.3198595252913
 20
13.125
  0
LWPOLYLINE
  5
9C
330
17
100
AcDbEntity
  8
CUT
100
AcDbPolyline
 90
4
 70
1
 10
551.8698595252914
 20
13.125
 10
551.8698595252914
 20
30.646000000000008
 10
541.3789629218948
 20
30.646000000000008
 10
541.3789629218948
 20
13.125
  0
LWPOLYLINE
  5
9D
330
17
100
AcDbEntity
  8
CUT
100
AcDbPolyline
 90
4
 70
1
 10
539.9289629218948
 20
13.125
 10
539.9289629218948
 20
30.646000000000008
 10
529.4380663184982
 20
30.646000000000008
 10
529.4380663184982
 20
13.125
  0
LWPOLYLINE
  5
9E
330
17
100
AcDbEntity
  8
CUT
100
AcDbPolyline
 90
4
 70
1
 10
527.9880663184982
 20
13.125
 10
527.9880663184982
 20
30.646000000000008
 10
517.4971697151016
 20
30.646000000000008
 10
517.4971697151016
 20
13.125
  0
LWPOLYLINE
  5
9F
330
17
100
AcDbEntity
  8
CUT
100
AcDbPolyline
 90
4
 70
1
 10
516.0471697151015
 20
30.646000000000008
 10
505.55627311170497
 20
30.646000000000008
 10
505.55627311170497
 20
13.125
 10
516.0471697151015
 20
13.125
  0
LWPOLYLINE
  5
A0
330
17
100
AcDbEntity
  8
CUT
100
AcDbPolyline
 90
24
 70
1
 10
575.8933360487679
 20
83.056
 10
575.8933360487679
 20
60.935
 10
574.1433360487679
 20
60.935
 10
574.1433360487679
 20
71.605
 10
570.5646647200966
 20
71.605
 10
570.5646647200966
 20
60.935
 10
569.7459481425565
 20
60.935
 10
569.7459481425565
 20
57.76
 10
563.5959481425565
 20
57.76
 10
563.5959481425565
 20
60.935
 10
557.092815069747
 20
60.935
 10
557.092815069747
 20
71.605
 10
551.914315069747
 20
71.605
 10
551.914315069747
 20
60.935
 10
521.1242836012154
 20
60.935
 10
521.1242836012154
 20
71.605
 10
515.9457836012155
 20
71.605
 10
515.9457836012155
 20
60.935
 10
510.356273111705
 20
60.935
 10
510.356273111705
 20
57.76
 10
504.20627311170495
 20
57.76
 10
504.20627311170495
 20
60.935
 10
503.80627311170497
 20
60.935
 10
503.80627311170497
 20
83.056
  0
LWPOLYLINE
  5
A1
330
17
100
AcDbEntity
  8
CUT
100
AcDbPolyline
 90
12
 70
1
 10
179.0724000475964
 20
212.82502097902096
 10
179.0724000475964
 20
190.70402097902095
 10
178.6724000475964
 20
190.70402097902095
 10
178.6724000475964
 20
187.52902097902097
 10
172.5224000475964
 20
187.52902097902097
 10
172.5224000475964
 20
190.70402097902095
 10
115.40037207556843
 20
190.70402097902095
 10
115.40037207556843
 20
187.52902097902097
 10
109.25037207556844
 20
187.52902097902097
 10
109.25037207556844
 20
190.70402097902095
 10
108.85037207556843
 20
190.70402097902095
 10
108.85037207556843
 20
212.82502097902096
  0
LWPOLYLINE
  5
A2
330
17
100
AcDbEntity
  8
CUT
100
AcDbPolyline
 90
4
 70
1
 10
174.59233011752647
 20
205.70402097902095
 10
165.5514210266174
 20
205.70402097902095
 10
165.5514210266174
 20
195.35402097902096
 10
174.59233011752647
 20
195.35402097902096
  0
LWPOLYLINE
  5
A3
330
17
100
AcDbEntity
  8
CUT
100
AcDbPolyline
 90
4
 70
1
 10
150.08044200563836
 20
205.70402097902095
 10
142.55491753011387
 20
205.70402097902095
 10
142.55491753011387
 20
195.35402097902096
 10
150.08044200563836
 20
195.35402097902096
  0
LWPOLYLINE
  5
A4
330
17
100
AcDbEntity
  8
CUT
100
AcDbPolyline
 90
4
 70
1
 10
141.10491753011388
 20
205.70402097902095
 10
133.57939305458942
 20
205.70402097902095
 10
133.57939305458942
 20
195.35402097902096
 10
141.10491753011388
 20
195.35402097902096
  0
LWPOLYLINE
  5
A5
330
17
100
AcDbEntity
  8
CUT
100
AcDbPolyline
 90
4
 70
1
 10
120.23988256507891
 20
205.70402097902095
 10
110.60037207556843
 20
205.70402097902095
 10
110.60037207556843
 20
195.35402097902096
 10
120.23988256507891
 20
195.35402097902096
  0
LWPOLYLINE
  5
A6
330
17
100
AcDbEntity
  8
CUT
100
AcDbPolyline
 90
24
 70
1
 10
256.69360423607804
 20
209.01502097902096
 10
256.69360423607804
 20
190.70402097902095
 10
254.94360423607807
 20
190.70402097902095
 10
254.94360423607807
 20
201.37402097902097
 10
251.90616968110425
 20
201.37402097902097
 10
251.90616968110425
 20
190.70402097902095
 10
250.65433722037125
 20
190.70402097902095
 10
250.65433722037125
 20
187.52902097902097
 10
244.50433722037127
 20
187.52902097902097
 10
244.50433722037127
 20
190.70402097902095
 10
228.6169681104236
 20
190.70402097902095
 10
228.6169681104236
 20
201.37402097902097
 10
223.97946811042362
 20
201.37402097902097
 10
223.97946811042362
 20
190.70402097902095
 10
203.66044542281455
 20
190.70402097902095
 10
203.66044542281455
 20
187.52902097902097
 10
197.51044542281454
 20
187.52902097902097
 10
197.51044542281454
 20
190.70402097902095
 10
196.4347717753451
 20
190.70402097902095
 10
196.4347717753451
 20
201.37402097902097
 10
187.54177177534507
 20
201.37402097902097
 10
187.54177177534507
 20
190.70402097902095
 10
182.0724000475964
 20
190.70402097902095
 10
182.0724000475964
 20
209.01502097902096
  0
LWPOLYLINE
  5
A7
330
17
100
AcDbEntity
  8
CUT
100
AcDbPolyline
 90
20
 70
1
 10
334.04883983817234
 20
209.01502097902096
 10
334.04883983817234
 20
190.70402097902095
 10
332.29883983817234
 20
190.70402097902095
 10
332.29883983817234
 20
201.37402097902097
 10
329.2614052831985
 20
201.37402097902097
 10
329.2614052831985
 20
190.70402097902095
 10
328.03173687133113
 20
190.70402097902095
 10
328.03173687133113
 20
187.52902097902097
 10
321.8817368713311
 20
187.52902097902097
 10
321.8817368713311
 20
190.70402097902095
 10
282.3009995240362
 20
190.70402097902095
 10
282.3009995240362
 20
201.37402097902097
 10
277.6634995240362
 20
201.37402097902097
 10
277.6634995240362
 20
190.70402097902095
 10
266.2436042360781
 20
190.70402097902095
 10
266.2436042360781
 20
187.52902097902097
 10
260.0936042360781
 20
187.52902097902097
 10
260.0936042360781
 20
190.70402097902095
 10
259.6936042360781
 20
190.70402097902095
 10
259.6936042360781
 20
209.01502097902096
  0
LWPOLYLINE
  5
A8
330
17
100
AcDbEntity
  8
CUT
100
AcDbPolyline
 90
4
 70
1
 10
324.25590790099955
 20
192.65402097902097
 10
324.25590790099955
 20
207.06502097902097
 10
315.6405937648739
 20
207.06502097902097
 10
315.6405937648739
 20
192.65402097902097
  0
LWPOLYLINE
  5
A9
330
17
100
AcDbEntity
  8
CUT
100
AcDbPolyline
 90
4
 70
1
 10
314.19059376487394
 20
192.65402097902097
 10
314.19059376487394
 20
207.06502097902097
 10
305.57527962874826
 20
207.06502097902097
 10
305.57527962874826
 20
192.65402097902097
  0
LWPOLYLINE
  5
AA
330
17
100
AcDbEntity
  8
CUT
100
AcDbPolyline
 90
4
 70
1
 10
304.1252796287482
 20
207.06502097902097
 10
295.5099654926226
 20
207.06502097902097
 10
295.5099654926226
 20
192.65402097902097
 10
304.1252796287482
 20
192.65402097902097
  0
LWPOLYLINE
  5
AB
330
17
100
AcDbEntity
  8
CUT
100
AcDbPolyline
 90
4
 70
1
 10
294.0599654926226
 20
192.65402097902097
 10
294.0599654926226
 20
207.06502097902097
 10
285.44465135649693
 20
207.06502097902097
 10
285.44465135649693
 20
192.65402097902097
  0
LWPOLYLINE
  5
AC
330
17
100
AcDbEntity
  8
CUT
100
AcDbPolyline
 90
12
 70
1
 10
408.4784209900048
 20
209.01502097902096
 10
408.4784209900048
 20
190.70402097902095
 10
408.07842099000476
 20
190.70402097902095
 10
408.07842099000476
 20
187.52902097902097
 10
401.9284209900048
 20
187.52902097902097
 10
401.9284209900048
 20
190.70402097902095
 10
343.59883983817235
 20
190.70402097902095
 10
343.59883983817235
 20
187.52902097902097
 10
337.4488398381723
 20
187.52902097902097
 10
337.4488398381723
 20
190.70402097902095
 10
337.04883983817234
 20
190.70402097902095
 10
337.04883983817234
 20
209.01502097902096
  0
LWPOLYLINE
  5
AD
330
17
100
AcDbEntity
  8
CUT
100
AcDbPolyline
 90
4
 70
1
 10
406.7284209900048
 20
192.65402097902097
 10
406.7284209900048
 20
207.06502097902097
 10
399.3195204664446
 20
207.06502097902097
 10
399.3195204664446
 20
192.65402097902097
  0
LWPOLYLINE
  5
AE
330
17
100
AcDbEntity
  8
CUT
100
AcDbPolyline
 90
4
 70
1
 10
397.86952046644456
 20
192.65402097902097
 10
397.86952046644456
 20
207.06502097902097
 10
390.46061994288436
 20
207.06502097902097
 10
390.46061994288436
 20
192.65402097902097
  0
LWPOLYLINE
  5
AF
330
17
100
AcDbEntity
  8
CUT
100
AcDbPolyline
 90
4
 70
1
 10
385.38705973346026
 20
207.06502097902097
 10
374.8275047596383
 20
207.06502097902097
 10
374.8275047596383
 20
192.65402097902097
 10
385.38705973346026
 20
192.65402097902097
  0
LWPOLYLINE
  5
B0
330
17
100
AcDbEntity
  8
CUT
100
AcDbPolyline
 90
4
 70
1
 10
373.37750475963827
 20
192.65402097902097
 10
373.37750475963827
 20
207.06502097902097
 10
362.8179497858163
 20
207.06502097902097
 10
362.8179497858163
 20
192.65402097902097
  0
LWPOLYLINE
  5
B1
330
17
100
AcDbEntity
  8
CUT
100
AcDbPolyline
 90
4
 70
1
 10
361.3679497858163
 20
192.65402097902097
 10
361.3679497858163
 20
207.06502097902097
 10
350.80839481199433
 20
207.06502097902097
 10
350.80839481199433
 20
192.65402097902097
  0
LWPOLYLINE
  5
B2
330
17
100
AcDbEntity
  8
CUT
100
AcDbPolyline
 90
4
 70
1
 10
349.35839481199434
 20
207.06502097902097
 10
338.79883983817234
 20
207.06502097902097
 10
338.79883983817234
 20
192.65402097902097
 10
349.35839481199434
 20
192.65402097902097
  0
LWPOLYLINE
  5
B3
330
17
100
AcDbEntity
  8
CUT
100
AcDbPolyline
 90
12
 70
1
 10
68.09755244755246
 20
241.12102097902095
 10
68.09755244755246
 20
219.00002097902095
 10
67.69755244755245
 20
219.00002097902095
 10
67.69755244755245
 20
215.82502097902096
 10
61.54755244755245
 20
215.82502097902096
 10
61.54755244755245
 20
219.00002097902095
 10
14.55
 20
219.00002097902095
 10
14.55
 20
215.82502097902096
 10
8.399999999999999
 20
215.82502097902096
 10
8.399999999999999
 20
219.00002097902095
 10
7.999999999999999
 20
219.00002097902095
 10
7.999999999999999
 20
241.12102097902095
  0
LWPOLYLINE
  5
B4
330
17
100
AcDbEntity
  8
CUT
100
AcDbPolyline
 90
4
 70
1
 10
51.37937062937064
 20
223.65002097902095
 10
62.551748251748236
 20
223.65002097902095
 10
62.551748251748236
 20
234.00002097902095
 10
51.37937062937064
 20
234.00002097902095
  0
LWPOLYLINE
  5
B5
330
17
100
AcDbEntity
  8
CUT
100
AcDbPolyline
 90
12
 70
1
 10
129.86293706293708
 20
241.12102097902095
 10
129.86293706293708
 20
219.00002097902095
 10
129.4629370629371
 20
219.00002097902095
 10
129.4629370629371
 20
215.82502097902096
 10
123.31293706293708
 20
215.82502097902096
 10
123.31293706293708
 20
219.00002097902095
 10
77.64755244755246
 20
219.00002097902095
 10
77.64755244755246
 20
215.82502097902096
 10
71.49755244755247
 20
215.82502097902096
 10
71.49755244755247
 20
219.00002097902095
 10
71.09755244755246
 20
219.00002097902095
 10
71.09755244755246
 20
241.12102097902095
  0
LWPOLYLINE
  5
B6
330
17
100
AcDbEntity
  8
CUT
100
AcDbPolyline
 90
4
 70
1
 10
128.11293706293708
 20
220.95002097902096
 10
128.11293706293708
 20
238.47102097902095
 10
118.21986013986016
 20
238.47102097902095
 10
118.21986013986016
 20
220.95002097902096
  0
LWPOLYLINE
  5
B7
330
17
100
AcDbEntity
  8
CUT
100
AcDbPolyline
 90
4
 70
1
 10
116.76986013986016
 20
220.95002097902096
 10
116.76986013986016
 20
238.47102097902095
 10
106.87678321678324
 20
238.47102097902095
 10
106.87678321678324
 20
220.95002097902096
  0
LWPOLYLINE
  5
B8
330
17
100
AcDbEntity
  8
CUT
100
AcDbPolyline
 90
4
 70
1
 10
105.42678321678324
 20
238.47102097902095
 10
95.5337062937063
 20
238.47102097902095
 10
95.5337062937063
 20
220.95002097902096
 10
105.42678321678324
 20
220.95002097902096
  0
LWPOLYLINE
  5
B9
330
17
100
AcDbEntity
  8
CUT
100
AcDbPolyline
 90
4
 70
1
 10
94.08370629370631
 20
238.47102097902095
 10
84.19062937062938
 20
238.47102097902095
 10
84.19062937062938
 20
220.95002097902096
 10
94.08370629370631
 20
220.95002097902096
  0
LWPOLYLINE
  5
BA
330
17
100
AcDbEntity
  8
CUT
100
AcDbPolyline
 90
4
 70
1
 10
82.74062937062939
 20
238.47102097902095
 10
72.84755244755246
 20
238.47102097902095
 10
72.84755244755246
 20
220.95002097902096
 10
82.74062937062939
 20
220.95002097902096
  0
LWPOLYLINE
  5
BB
330
17
100
AcDbEntity
  8
CUT
100
AcDbPolyline
 90
12
 70
1
 10
191.6283216783217
 20
241.12102097902095
 10
191.6283216783217
 20
219.00002097902095
 10
191.2283216783217
 20
219.00002097902095
 10
191.2283216783217
 20
215.82502097902096
 10
185.0783216783217
 20
215.82502097902096
 10
185.0783216783217
 20
219.00002097902095
 10
139.41293706293706
 20
219.00002097902095
 10
139.41293706293706
 20
215.82502097902096
 10
133.26293706293706
 20
215.82502097902096
 10
133.26293706293706
 20
219.00002097902095
 10
132.86293706293708
 20
219.00002097902095
 10
132.86293706293708
 20
241.12102097902095
  0
LWPOLYLINE
  5
BC
330
17
100
AcDbEntity
  8
CUT
100
AcDbPolyline
 90
4
 70
1
 10
189.8783216783217
 20
220.95002097902096
 10
189.8783216783217
 20
238.47102097902095
 10
179.98524475524476
 20
238.47102097902095
 10
179.98524475524476
 20
220.95002097902096
  0
LWPOLYLINE
  5
BD
330
17
100
AcDbEntity
  8
CUT
100
AcDbPolyline
 90
4
 70
1
 10
178.53524475524478
 20
220.95002097902096
 10
178.53524475524478
 20
238.47102097902095
 10
168.64216783216784
 20
238.47102097902095
 10
168.64216783216784
 20
220.95002097902096
  0
LWPOLYLINE
  5
BE
330
17
100
AcDbEntity
  8
CUT
100
AcDbPolyline
 90
4
 70
1
 10
167.19216783216783
 20
238.47102097902095
 10
157.29909090909092
 20
238.47102097902095
 10
157.29909090909092
 20
220.95002097902096
 10
167.19216783216783
 20
220.95002097902096
  0
LWPOLYLINE
  5
BF
330
17
100
AcDbEntity
  8
CUT
100
AcDbPolyline
 90
4
 70
1
 10
155.8490909090909
 20
238.47102097902095
 10
145.956013986014
 20
238.47102097902095
 10
145.956013986014
 20
220.95002097902096
 10
155.8490909090909
 20
220.95002097902096
  0
LWPOLYLINE
  5
C0
330
17
100
AcDbEntity
  8
CUT
100
AcDbPolyline
 90
4
 70
1
 10
144.50601398601398
 20
238.47102097902095
 10
134.61293706293708
 20
238.47102097902095
 10
134.61293706293708
 20
220.95002097902096
 10
144.50601398601398
 20
220.95002097902096
  0
LWPOLYLINE
  5
C1
330
17
100
AcDbEntity
  8
CUT
100
AcDbPolyline
 90
12
 70
1
 10
253.12727272727273
 20
241.12102097902095
 10
253.12727272727273
 20
219.00002097902095
 10
252.72727272727275
 20
219.00002097902095
 10
252.72727272727275
 20
215.82502097902096
 10
246.57727272727274
 20
215.82502097902096
 10
246.57727272727274
 20
219.00002097902095
 10
201.17832167832168
 20
219.00002097902095
 10
201.17832167832168
 20
215.82502097902096
 10
195.02832167832167
 20
215.82502097902096
 10
195.02832167832167
 20
219.00002097902095
 10
194.6283216783217
 20
219.00002097902095
 10
194.6283216783217
 20
241.12102097902095
  0
LWPOLYLINE
  5
C2
330
17
100
AcDbEntity
  8
CUT
100
AcDbPolyline
 90
4
 70
1
 10
247.58146853146854
 20
234.00002097902095
 10
241.65454545454546
 20
234.00002097902095
 10
241.65454545454546
 20
223.65002097902095
 10
247.58146853146854
 20
223.65002097902095
  0
LWPOLYLINE
  5
C3
330
17
100
AcDbEntity
  8
CUT
100
AcDbPolyline
 90
4
 70
1
 10
240.20454545454547
 20
234.00002097902095
 10
234.27762237762238
 20
234.00002097902095
 10
234.27762237762238
 20
223.65002097902095
 10
240.20454545454547
 20
223.65002097902095
  0
LWPOLYLINE
  5
C4
330
17
100
AcDbEntity
  8
CUT
100
AcDbPolyline
 90
4
 70
1
 10
223.86888111888112
 20
234.00002097902095
 10
216.16013986013988
 20
234.00002097902095
 10
216.16013986013988
 20
223.65002097902095
 10
223.86888111888112
 20
223.65002097902095
  0
LWPOLYLINE
  5
C5
330
17
100
AcDbEntity
  8
CUT
100
AcDbPolyline
 90
4
 70
1
 10
208.41573426573427
 20
234.00002097902095
 10
201.23986013986016
 20
234.00002097902095
 10
201.23986013986016
 20
223.65002097902095
 10
208.41573426573427
 20
223.65002097902095
  0
LWPOLYLINE
  5
C6
330
17
100
AcDbEntity
  8
CUT
100
AcDbPolyline
 90
12
 70
1
 10
477.85459900047596
 20
209.01502097902096
 10
477.85459900047596
 20
190.70402097902095
 10
477.454599000476
 20
190.70402097902095
 10
477.454599000476
 20
187.52902097902097
 10
471.30459900047595
 20
187.52902097902097
 10
471.30459900047595
 20
190.70402097902095
 10
418.0284209900048
 20
190.70402097902095
 10
418.0284209900048
 20
187.52902097902097
 10
411.87842099000477
 20
187.52902097902097
 10
411.87842099000477
 20
190.70402097902095
 10
411.4784209900048
 20
190.70402097902095
 10
411.4784209900048
 20
209.01502097902096
  0
LWPOLYLINE
  5
C7
330
17
100
AcDbEntity
  8
CUT
100
AcDbPolyline
 90
4
 70
1
 10
465.9339183722037
 20
195.35402097902096
 10
465.9339183722037
 20
205.70402097902095
 10
459.7538136601618
 20
205.70402097902095
 10
459.7538136601618
 20
195.35402097902096
  0
LWPOLYLINE
  5
C8
330
17
100
AcDbEntity
  8
CUT
100
AcDbPolyline
 90
4
 70
1
 10
458.30381366016184
 20
195.35402097902096
 10
458.30381366016184
 20
205.70402097902095
 10
452.12370894811994
 20
205.70402097902095
 10
452.12370894811994
 20
195.35402097902096
  0
LWPOLYLINE
  5
C9
330
17
100
AcDbEntity
  8
CUT
100
AcDbPolyline
 90
4
 70
1
 10
445.7203058067587
 20
205.70402097902095
 10
436.96349952403614
 20
205.70402097902095
 10
436.96349952403614
 20
195.35402097902096
 10
445.7203058067587
 20
195.35402097902096
  0
LWPOLYLINE
  5
CA
330
17
100
AcDbEntity
  8
CUT
100
AcDbPolyline
 90
4
 70
1
 10
427.10250475963824
 20
205.70402097902095
 10
420.89046287482154
 20
205.70402097902095
 10
420.89046287482154
 20
195.35402097902096
 10
427.10250475963824
 20
195.35402097902096
  0
LWPOLYLINE
  5
CB
330
17
100
AcDbEntity
  8
CUT
100
AcDbPolyline
 90
4
 70
1
 10
419.4404628748215
 20
205.70402097902095
 10
413.2284209900048
 20
205.70402097902095
 10
413.2284209900048
 20
195.35402097902096
 10
419.4404628748215
 20
195.35402097902096
  0
LWPOLYLINE
  5
CC
330
17
100
AcDbEntity
  8
CUT
100
AcDbPolyline
 90
12
 70
1
 10
480.854599000476
 20
209.01502097902096
 10
541.3794681104237
 20
209.01502097902096
 10
541.3794681104237
 20
190.70402097902095
 10
540.9794681104237
 20
190.70402097902095
 10
540.9794681104237
 20
187.52902097902097
 10
534.8294681104236
 20
187.52902097902097
 10
534.8294681104236
 20
190.70402097902095
 10
487.404599000476
 20
190.70402097902095
 10
487.404599000476
 20
187.52902097902097
 10
481.254599000476
 20
187.52902097902097
 10
481.254599000476
 20
190.70402097902095
 10
480.854599000476
 20
190.70402097902095
  0
LWPOLYLINE
  5
CD
330
17
100
AcDbEntity
  8
CUT
100
AcDbPolyline
 90
12
 70
1
 10
306.55541958041954
 20
241.12102097902095
 10
306.55541958041954
 20
219.00002097902095
 10
306.15541958041956
 20
219.00002097902095
 10
306.15541958041956
 20
215.82502097902096
 10
300.0054195804195
 20
215.82502097902096
 10
300.0054195804195
 20
219.00002097902095
 10
262.67727272727274
 20
219.00002097902095
 10
262.67727272727274
 20
215.82502097902096
 10
256.5272727272727
 20
215.82502097902096
 10
256.5272727272727
 20
219.00002097902095
 10
256.1272727272727
 20
219.00002097902095
 10
256.1272727272727
 20
241.12102097902095
  0
LWPOLYLINE
  5
CE
330
17
100
AcDbEntity
  8
CUT
100
AcDbPolyline
 90
4
 70
1
 10
286.0628496503496
 20
234.00002097902095
 10
286.0628496503496
 20
223.65002097902095
 10
293.5883741258741
 20
223.65002097902095
 10
293.5883741258741
 20
234.00002097902095
  0
LWPOLYLINE
  5
CF
330
17
100
AcDbEntity
  8
CUT
100
AcDbPolyline
 90
4
 70
1
 10
277.08732517482514
 20
234.00002097902095
 10
277.08732517482514
 20
223.65002097902095
 10
284.61284965034963
 20
223.65002097902095
 10
284.61284965034963
 20
234.00002097902095
  0
LWPOLYLINE
  5
D0
330
17
100
AcDbEntity
  8
CUT
100
AcDbPolyline
 90
12
 70
1
 10
367.4206028264928
 20
237.31102097902095
 10
367.4206028264928
 20
219.00002097902095
 10
367.02060282649285
 20
219.00002097902095
 10
367.02060282649285
 20
215.82502097902096
 10
360.8706028264928
 20
215.82502097902096
 10
360.8706028264928
 20
219.00002097902095
 10
316.10541958041955
 20
219.00002097902095
 10
316.10541958041955
 20
215.82502097902096
 10
309.9554195804195
 20
215.82502097902096
 10
309.9554195804195
 20
219.00002097902095
 10
309.55541958041954
 20
219.00002097902095
 10
309.55541958041954
 20
237.31102097902095
  0
LWPOLYLINE
  5
D1
330
17
100
AcDbEntity
  8
CUT
100
AcDbPolyline
 90
4
 70
1
 10
360.2873567531944
 20
234.00002097902095
 10
353.1763619887965
 20
234.00002097902095
 10
353.1763619887965
 20
223.65002097902095
 10
360.2873567531944
 20
223.65002097902095
  0
LWPOLYLINE
  5
D2
330
17
100
AcDbEntity
  8
CUT
100
AcDbPolyline
 90
4
 70
1
 10
351.7263619887965
 20
234.00002097902095
 10
344.6153672243986
 20
234.00002097902095
 10
344.6153672243986
 20
223.65002097902095
 10
351.7263619887965
 20
223.65002097902095
  0
LWPOLYLINE
  5
D3
330
17
100
AcDbEntity
  8
CUT
100
AcDbPolyline
 90
4
 70
1
 10
331.0308122505766
 20
234.00002097902095
 10
325.11667612492215
 20
234.00002097902095
 10
325.11667612492215
 20
223.65002097902095
 10
331.0308122505766
 20
223.65002097902095
  0
LWPOLYLINE
  5
D4
330
17
100
AcDbEntity
  8
CUT
100
AcDbPolyline
 90
4
 70
1
 10
323.66667612492216
 20
234.00002097902095
 10
317.7525399992677
 20
234.00002097902095
 10
317.7525399992677
 20
223.65002097902095
 10
323.66667612492216
 20
223.65002097902095
  0
LWPOLYLINE
  5
D5
330
17
100
AcDbEntity
  8
CUT
100
AcDbPolyline
 90
12
 70
1
 10
56.86844405594405
 20
269.41702097902095
 10
56.86844405594405
 20
247.29602097902094
 10
56.46844405594406
 20
247.29602097902094
 10
56.46844405594406
 20
244.12102097902095
 10
50.318444055944056
 20
244.12102097902095
 10
50.318444055944056
 20
247.29602097902094
 10
14.55
 20
247.29602097902094
 10
14.55
 20
244.12102097902095
 10
8.399999999999999
 20
244.12102097902095
 10
8.399999999999999
 20
247.29602097902094
 10
7.999999999999999
 20
247.29602097902094
 10
7.999999999999999
 20
269.41702097902095
  0
LWPOLYLINE
  5
D6
330
17
100
AcDbEntity
  8
CUT
100
AcDbPolyline
 90
4
 70
1
 10
55.11844405594405
 20
266.76702097902097
 10
44.863833041958046
 20
266.76702097902097
 10
44.863833041958046
 20
249.24602097902095
 10
55.11844405594405
 20
249.24602097902095
  0
LWPOLYLINE
  5
D7
330
17
100
AcDbEntity
  8
CUT
100
AcDbPolyline
 90
4
 70
1
 10
43.41383304195804
 20
266.76702097902097
 10
33.15922202797203
 20
266.76702097902097
 10
33.15922202797203
 20
249.24602097902095
 10
43.41383304195804
 20
249.24602097902095
  0
LWPOLYLINE
  5
D8
330
17
100
AcDbEntity
  8
CUT
100
AcDbPolyline
 90
4
 70
1
 10
31.709222027972025
 20
266.76702097902097
 10
21.45461101398601
 20
266.76702097902097
 10
21.45461101398601
 20
249.24602097902095
 10
31.709222027972025
 20
249.24602097902095
  0
LWPOLYLINE
  5
D9
330
17
100
AcDbEntity
  8
CUT
100
AcDbPolyline
 90
4
 70
1
 10
20.004611013986015
 20
266.76702097902097
 10
9.75
 20
266.76702097902097
 10
9.75
 20
249.24602097902095
 10
20.004611013986015
 20
249.24602097902095
  0
LWPOLYLINE
  5
DA
330
17
100
AcDbEntity
  8
CUT
100
AcDbPolyline
 90
16
 70
1
 10
598.2551225606855
 20
209.01502097902096
 10
598.2551225606855
 20
190.70402097902095
 10
596.5051225606854
 20
190.70402097902095
 10
596.5051225606854
 20
201.37402097902097
 10
592.9357508329368
 20
201.37402097902097
 10
592.9357508329368
 20
190.70402097902095
 10
592.224044026654
 20
190.70402097902095
 10
592.224044026654
 20
187.52902097902097
 10
586.0740440266541
 20
187.52902097902097
 10
586.0740440266541
 20
190.70402097902095
 10
550.9294681104237
 20
190.70402097902095
 10
550.9294681104237
 20
187.52902097902097
 10
544.7794681104237
 20
187.52902097902097
 10
544.7794681104237
 20
190.70402097902095
 10
544.3794681104237
 20
190.70402097902095
 10
544.3794681104237
 20
209.01502097902096
  0
LWPOLYLINE
  5
DB
330
17
100
AcDbEntity
  8
CUT
100
AcDbPolyline
 90
4
 70
1
 10
588.9941277962876
 20
205.70402097902095
 10
582.681038791052
 20
205.70402097902095
 10
582.681038791052
 20
195.35402097902096
 10
588.9941277962876
 20
195.35402097902096
  0
LWPOLYLINE
  5
DC
330
17
100
AcDbEntity
  8
CUT
100
AcDbPolyline
 90
4
 70
1
 10
581.231038791052
 20
205.70402097902095
 10
574.9179497858164
 20
205.70402097902095
 10
574.9179497858164
 20
195.35402097902096
 10
581.231038791052
 20
195.35402097902096
  0
LWPOLYLINE
  5
DD
330
17
100
AcDbEntity
  8
CUT
100
AcDbPolyline
 90
4
 70
1
 10
559.2056461208949
 20
205.70402097902095
 10
548.5870597334604
 20
205.70402097902095
 10
548.5870597334604
 20
195.35402097902096
 10
559.2056461208949
 20
195.35402097902096
  0
LWPOLYLINE
  5
DE
330
17
100
AcDbEntity
  8
CUT
100
AcDbPolyline
 90
16
 70
1
 10
105.57858391608391
 20
269.41702097902095
 10
105.57858391608391
 20
247.29602097902094
 10
103.82858391608391
 20
247.29602097902094
 10
103.82858391608391
 20
257.9660209790209
 10
100.24991258741258
 20
257.9660209790209
 10
100.24991258741258
 20
247.29602097902094
 10
99.64142107892107
 20
247.29602097902094
 10
99.64142107892107
 20
244.12102097902095
 10
93.49142107892106
 20
244.12102097902095
 10
93.49142107892106
 20
247.29602097902094
 10
66.41844405594405
 20
247.29602097902094
 10
66.41844405594405
 20
244.12102097902095
 10
60.26844405594406
 20
244.12102097902095
 10
60.26844405594406
 20
247.29602097902094
 10
59.86844405594405
 20
247.29602097902094
 10
59.86844405594405
 20
269.41702097902095
  0
LWPOLYLINE
  5
DF
330
17
100
AcDbEntity
  8
CUT
100
AcDbPolyline
 90
12
 70
1
 10
108.57858391608391
 20
269.41702097902095
 10
152.61232517482517
 20
269.41702097902095
 10
152.61232517482517
 20
247.29602097902094
 10
152.2123251748252
 20
247.29602097902094
 10
152.2123251748252
 20
244.12102097902095
 10
146.0623251748252
 20
244.12102097902095
 10
146.0623251748252
 20
247.29602097902094
 10
115.12858391608391
 20
247.29602097902094
 10
115.12858391608391
 20
244.12102097902095
 10
108.97858391608392
 20
244.12102097902095
 10
108.97858391608392
 20
247.29602097902094
 10
108.57858391608391
 20
247.29602097902094
  0
LWPOLYLINE
  5
E0
330
17
100
AcDbEntity
  8
CUT
100
AcDbPolyline
 90
16
 70
1
 10
417.8296342401054
 20
237.31102097902095
 10
417.8296342401054
 20
219.00002097902095
 10
417.4296342401054
 20
219.00002097902095
 10
417.4296342401054
 20
215.82502097902096
 10
411.2796342401054
 20
215.82502097902096
 10
411.2796342401054
 20
219.00002097902095
 10
382.4877434738036
 20
219.00002097902095
 10
382.4877434738036
 20
215.82502097902096
 10
376.33774347380364
 20
215.82502097902096
 10
376.33774347380364
 20
219.00002097902095
 10
375.1663488997912
 20
219.00002097902095
 10
375.1663488997912
 20
229.67002097902096
 10
372.1706028264928
 20
229.67002097902096
 10
372.1706028264928
 20
219.00002097902095
 10
370.4206028264928
 20
219.00002097902095
 10
370.4206028264928
 20
237.31102097902095
  0
LWPOLYLINE
  5
E1
330
17
100
AcDbEntity
  8
CUT
100
AcDbPolyline
 90
20
 70
1
 10
194.92805944055942
 20
269.41702097902095
 10
194.92805944055942
 20
247.29602097902094
 10
193.17805944055942
 20
247.29602097902094
 10
193.17805944055942
 20
257.9660209790209
 10
189.59938811188812
 20
257.9660209790209
 10
189.59938811188812
 20
247.29602097902094
 10
189.1337703962704
 20
247.29602097902094
 10
189.1337703962704
 20
244.12102097902095
 10
182.9837703962704
 20
244.12102097902095
 10
182.9837703962704
 20
247.29602097902094
 10
170.79886713286714
 20
247.29602097902094
 10
170.79886713286714
 20
257.9660209790209
 10
165.62036713286713
 20
257.9660209790209
 10
165.62036713286713
 20
247.29602097902094
 10
162.16232517482516
 20
247.29602097902094
 10
162.16232517482516
 20
244.12102097902095
 10
156.01232517482515
 20
244.12102097902095
 10
156.01232517482515
 20
247.29602097902094
 10
155.61232517482517
 20
247.29602097902094
 10
155.61232517482517
 20
269.41702097902095
  0
LWPOLYLINE
  5
E2
330
17
100
AcDbEntity
  8
CUT
100
AcDbPolyline
 90
12
 70
1
 10
197.92805944055945
 20
269.41702097902095
 10
231.60979020979022
 20
269.41702097902095
 10
231.60979020979022
 20
247.29602097902094
 10
231.2097902097902
 20
247.29602097902094
 10
231.2097902097902
 20
244.12102097902095
 10
225.0597902097902
 20
244.12102097902095
 10
225.0597902097902
 20
247.29602097902094
 10
204.47805944055943
 20
247.29602097902094
 10
204.47805944055943
 20
244.12102097902095
 10
198.32805944055943
 20
244.12102097902095
 10
198.32805944055943
 20
247.29602097902094
 10
197.92805944055945
 20
247.29602097902094
  0
LWPOLYLINE
  5
E3
330
17
100
AcDbEntity
  8
CUT
100
AcDbPolyline
 90
12
 70
1
 10
234.60979020979022
 20
269.41702097902095
 10
267.18688811188815
 20
269.41702097902095
 10
267.18688811188815
 20
247.29602097902094
 10
266.7868881118881
 20
247.29602097902094
 10
266.7868881118881
 20
244.12102097902095
 10
260.63688811188814
 20
244.12102097902095
 10
260.63688811188814
 20
247.29602097902094
 10
241.1597902097902
 20
247.29602097902094
 10
241.1597902097902
 20
244.12102097902095
 10
235.0097902097902
 20
244.12102097902095
 10
235.0097902097902
 20
247.29602097902094
 10
234.60979020979022
 20
247.29602097902094
  0
LWPOLYLINE
  5
E4
330
17
100
AcDbEntity
  8
CUT
100
AcDbPolyline
 90
12
 70
1
 10
270.18688811188815
 20
269.41702097902095
 10
302.7639860139861
 20
269.41702097902095
 10
302.7639860139861
 20
247.29602097902094
 10
302.36398601398605
 20
247.29602097902094
 10
302.36398601398605
 20
244.12102097902095
 10
296.2139860139861
 20
244.12102097902095
 10
296.2139860139861
 20
247.29602097902094
 10
276.73688811188816
 20
247.29602097902094
 10
276.73688811188816
 20
244.12102097902095
 10
270.58688811188813
 20
244.12102097902095
 10
270.58688811188813
 20
247.29602097902094
 10
270.18688811188815
 20
247.29602097902094
  0
LWPOLYLINE
  5
E5
330
17
100
AcDbEntity
  8
CUT
100
AcDbPolyline
 90
16
 70
1
 10
338.341083916084
 20
269.41702097902095
 10
338.341083916084
 20
247.29602097902094
 10
337.941083916084
 20
247.29602097902094
 10
337.941083916084
 20
244.12102097902095
 10
331.791083916084
 20
244.12102097902095
 10
331.791083916084
 20
247.29602097902094
 10
317.4394055944057
 20
247.29602097902094
 10
317.4394055944057
 20
244.12102097902095
 10
311.28940559440565
 20
244.12102097902095
 10
311.28940559440565
 20
247.29602097902094
 10
310.2544580419581
 20
247.29602097902094
 10
310.2544580419581
 20
257.9660209790209
 10
307.5139860139861
 20
257.9660209790209
 10
307.5139860139861
 20
247.29602097902094
 10
305.7639860139861
 20
247.29602097902094
 10
305.7639860139861
 20
269.41702097902095
  0
LWPOLYLINE
  5
E6
330
17
100
AcDbEntity
  8
CUT
100
AcDbPolyline
 90
12
 70
1
 10
420.8296342401054
 20
237.31102097902095
 10
458.43951643905825
 20
237.31102097902095
 10
458.43951643905825
 20
219.00002097902095
 10
458.0395164390583
 20
219.00002097902095
 10
458.0395164390583
 20
215.82502097902096
 10
451.88951643905824
 20
215.82502097902096
 10
451.88951643905824
 20
219.00002097902095
 10
427.3796342401054
 20
219.00002097902095
 10
427.3796342401054
 20
215.82502097902096
 10
421.2296342401054
 20
215.82502097902096
 10
421.2296342401054
 20
219.00002097902095
 10
420.8296342401054
 20
219.00002097902095
  0
LWPOLYLINE
  5
E7
330
17
100
AcDbEntity
  8
CUT
100
AcDbPolyline
 90
12
 70
1
 10
341.341083916084
 20
269.41702097902095
 10
372.1309440559441
 20
269.41702097902095
 10
372.1309440559441
 20
247.29602097902094
 10
371.7309440559441
 20
247.29602097902094
 10
371.7309440559441
 20
244.12102097902095
 10
365.5809440559441
 20
244.12102097902095
 10
365.5809440559441
 20
247.29602097902094
 10
347.891083916084
 20
247.29602097902094
 10
347.891083916084
 20
244.12102097902095
 10
341.741083916084
 20
244.12102097902095
 10
341.741083916084
 20
247.29602097902094
 10
341.341083916084
 20
247.29602097902094
  0
LWPOLYLINE
  5
E8
330
17
100
AcDbEntity
  8
CUT
100
AcDbPolyline
 90
16
 70
1
 10
461.43951643905825
 20
237.31102097902095
 10
496.69736984219963
 20
237.31102097902095
 10
496.69736984219963
 20
219.00002097902095
 10
491.49409497308966
 20
219.00002097902095
 10
491.49409497308966
 20
229.67002097902096
 10
486.3245949730897
 20
229.67002097902096
 10
486.3245949730897
 20
219.00002097902095
 10
476.8357206275399
 20
219.00002097902095
 10
476.8357206275399
 20
215.82502097902096
 10
470.6857206275399
 20
215.82502097902096
 10
470.6857206275399
 20
219.00002097902095
 10
470.2166080620949
 20
219.00002097902095
 10
470.2166080620949
 20
229.67002097902096
 10
465.04710806209494
 20
229.67002097902096
 10
465.04710806209494
 20
219.00002097902095
 10
461.43951643905825
 20
219.00002097902095
  0
LWPOLYLINE
  5
E9
330
17
100
AcDbEntity
  8
CUT
100
AcDbPolyline
 90
12
 70
1
 10
375.1309440559441
 20
269.41702097902095
 10
405.04370629370635
 20
269.41702097902095
 10
405.04370629370635
 20
247.29602097902094
 10
404.6437062937063
 20
247.29602097902094
 10
404.6437062937063
 20
244.12102097902095
 10
398.49370629370634
 20
244.12102097902095
 10
398.49370629370634
 20
247.29602097902094
 10
381.6809440559441
 20
247.29602097902094
 10
381.6809440559441
 20
244.12102097902095
 10
375.5309440559441
 20
244.12102097902095
 10
375.5309440559441
 20
247.29602097902094
 10
375.1309440559441
 20
247.29602097902094
  0
LWPOLYLINE
  5
EA
330
17
100
AcDbEntity
  8
CUT
100
AcDbPolyline
 90
12
 70
1
 10
499.69736984219963
 20
237.31102097902095
 10
533.542003350053
 20
237.31102097902095
 10
533.542003350053
 20
219.00002097902095
 10
533.1420033500531
 20
219.00002097902095
 10
533.1420033500531
 20
215.82502097902096
 10
526.992003350053
 20
215.82502097902096
 10
526.992003350053
 20
219.00002097902095
 10
506.24736984219965
 20
219.00002097902095
 10
506.24736984219965
 20
215.82502097902096
 10
500.0973698421996
 20
215.82502097902096
 10
500.0973698421996
 20
219.00002097902095
 10
499.69736984219963
 20
219.00002097902095
  0
LWPOLYLINE
  5
EB
330
17
100
AcDbEntity
  8
CUT
100
AcDbPolyline
 90
16
 70
1
 10
436.70209790209793
 20
269.41702097902095
 10
436.70209790209793
 20
247.29602097902094
 10
434.95209790209793
 20
247.29602097902094
 10
434.95209790209793
 20
257.9660209790209
 10
431.3734265734266
 20
257.9660209790209
 10
431.3734265734266
 20
247.29602097902094
 10
431.2924690693922
 20
247.29602097902094
 10
431.2924690693922
 20
244.12102097902095
 10
425.1424690693922
 20
244.12102097902095
 10
425.1424690693922
 20
247.29602097902094
 10
414.59370629370636
 20
247.29602097902094
 10
414.59370629370636
 20
244.12102097902095
 10
408.4437062937063
 20
244.12102097902095
 10
408.4437062937063
 20
247.29602097902094
 10
408.04370629370635
 20
247.29602097902094
 10
408.04370629370635
 20
269.41702097902095
  0
LWPOLYLINE
  5
EC
330
17
100
AcDbEntity
  8
CUT
100
AcDbPolyline
 90
12
 70
1
 10
439.702097902098
 20
269.41702097902095
 10
466.95052447552456
 20
269.41702097902095
 10
466.95052447552456
 20
247.29602097902094
 10
466.5505244755246
 20
247.29602097902094
 10
466.5505244755246
 20
244.12102097902095
 10
460.40052447552455
 20
244.12102097902095
 10
460.40052447552455
 20
247.29602097902094
 10
446.252097902098
 20
247.29602097902094
 10
446.252097902098
 20
244.12102097902095
 10
440.10209790209797
 20
244.12102097902095
 10
440.10209790209797
 20
247.29602097902094
 10
439.702097902098
 20
247.29602097902094
  0
LWPOLYLINE
  5
ED
330
17
100
AcDbEntity
  8
CUT
100
AcDbPolyline
 90
12
 70
1
 10
536.542003350053
 20
237.31102097902095
 10
566.6630766484824
 20
237.31102097902095
 10
566.6630766484824
 20
219.00002097902095
 10
566.2630766484824
 20
219.00002097902095
 10
566.2630766484824
 20
215.82502097902096
 10
560.1130766484823
 20
215.82502097902096
 10
560.1130766484823
 20
219.00002097902095
 10
543.0920033500531
 20
219.00002097902095
 10
543.0920033500531
 20
215.82502097902096
 10
536.9420033500531
 20
215.82502097902096
 10
536.9420033500531
 20
219.00002097902095
 10
536.542003350053
 20
219.00002097902095
  0
LWPOLYLINE
  5
EE
330
17
100
AcDbEntity
  8
CUT
100
AcDbPolyline
 90
16
 70
1
 10
500.0715977739538
 20
265.60702097902094
 10
500.0715977739538
 20
247.29602097902094
 10
499.6715977739538
 20
247.29602097902094
 10
499.6715977739538
 20
244.12102097902095
 10
493.52159777395383
 20
244.12102097902095
 10
493.52159777395383
 20
247.29602097902094
 10
488.5266370409696
 20
247.29602097902094
 10
488.5266370409696
 20
257.9660209790209
 10
482.8251370409696
 20
257.9660209790209
 10
482.8251370409696
 20
247.29602097902094
 10
476.50052447552457
 20
247.29602097902094
 10
476.50052447552457
 20
244.12102097902095
 10
470.35052447552454
 20
244.12102097902095
 10
470.35052447552454
 20
247.29602097902094
 10
469.95052447552456
 20
247.29602097902094
 10
469.95052447552456
 20
265.60702097902094
  0
LWPOLYLINE
  5
EF
330
17
100
AcDbEntity
  8
CUT
100
AcDbPolyline
 90
12
 70
1
 10
503.07159777395384
 20
265.60702097902094
 10
533.1926710723831
 20
265.60702097902094
 10
533.1926710723831
 20
247.29602097902094
 10
532.7926710723831
 20
247.29602097902094
 10
532.7926710723831
 20
244.12102097902095
 10
526.6426710723831
 20
244.12102097902095
 10
526.6426710723831
 20
247.29602097902094
 10
509.62159777395385
 20
247.29602097902094
 10
509.62159777395385
 20
244.12102097902095
 10
503.4715977739538
 20
244.12102097902095
 10
503.4715977739538
 20
247.29602097902094
 10
503.07159777395384
 20
247.29602097902094
  0
LWPOLYLINE
  5
F0
330
17
100
AcDbEntity
  8
CUT
100
AcDbPolyline
 90
16
 70
1
 10
565.5158386116501
 20
265.60702097902094
 10
565.5158386116501
 20
247.29602097902094
 10
565.1158386116501
 20
247.29602097902094
 10
565.1158386116501
 20
244.12102097902095
 10
558.9658386116502
 20
244.12102097902095
 10
558.9658386116502
 20
247.29602097902094
 10
553.438940705891
 20
247.29602097902094
 10
553.438940705891
 20
257.9660209790209
 10
544.013940705891
 20
257.9660209790209
 10
544.013940705891
 20
247.29602097902094
 10
542.7426710723831
 20
247.29602097902094
 10
542.7426710723831
 20
244.12102097902095
 10
536.5926710723832
 20
244.12102097902095
 10
536.5926710723832
 20
247.29602097902094
 10
536.1926710723831
 20
247.29602097902094
 10
536.1926710723831
 20
265.60702097902094
  0
LWPOLYLINE
  5
F1
330
17
100
AcDbEntity
  8
CUT
100
AcDbPolyline
 90
12
 70
1
 10
568.5158386116501
 20
265.60702097902094
 10
597.5730375645297
 20
265.60702097902094
 10
597.5730375645297
 20
247.29602097902094
 10
597.1730375645297
 20
247.29602097902094
 10
597.1730375645297
 20
244.12102097902095
 10
591.0230375645298
 20
244.12102097902095
 10
591.0230375645298
 20
247.29602097902094
 10
575.0658386116502
 20
247.29602097902094
 10
575.0658386116502
 20
244.12102097902095
 10
568.9158386116502
 20
244.12102097902095
 10
568.9158386116502
 20
247.29602097902094
 10
568.5158386116501
 20
247.29602097902094
  0
LWPOLYLINE
  5
F2
330
17
100
AcDbEntity
  8
CUT
100
AcDbPolyline
 90
12
 70
1
 10
569.6630766484823
 20
237.31102097902095
 10
598.2717153919378
 20
237.31102097902095
 10
598.2717153919378
 20
219.00002097902095
 10
597.8717153919379
 20
219.00002097902095
 10
597.8717153919379
 20
215.82502097902096
 10
591.7217153919378
 20
215.82502097902096
 10
591.7217153919378
 20
219.00002097902095
 10
576.2130766484823
 20
219.00002097902095
 10
576.2130766484823
 20
215.82502097902096
 10
570.0630766484824
 20
215.82502097902096
 10
570.0630766484824
 20
219.00002097902095
 10
569.6630766484823
 20
219.00002097902095
  0
LWPOLYLINE
  5
F3
330
17
100
AcDbEntity
  8
CUT
100
AcDbPolyline
 90
12
 70
1
 10
578.0597865485299
 20
182.576
 10
598.458737597481
 20
182.576
 10
598.458737597481
 20
160.45499999999998
 10
598.058737597481
 20
160.45499999999998
 10
598.058737597481
 20
157.28
 10
591.908737597481
 20
157.28
 10
591.908737597481
 20
160.45499999999998
 10
591.381223611467
 20
160.45499999999998
 10
591.381223611467
 20
171.125
 10
582.472723611467
 20
171.125
 10
582.472723611467
 20
160.45499999999998
 10
578.0597865485299
 20
160.45499999999998
  0
LWPOLYLINE
  5
F4
330
17
100
AcDbEntity
  8
CUT
100
AcDbPolyline
 90
12
 70
1
 10
578.8933360487679
 20
83.056
 10
598.4151891956211
 20
83.056
 10
598.4151891956211
 20
60.935
 10
590.1577809788379
 20
60.935
 10
590.1577809788379
 20
57.76
 10
584.0077809788379
 20
57.76
 10
584.0077809788379
 20
60.935
 10
583.6502416431736
 20
60.935
 10
583.6502416431736
 20
71.605
 10
580.6433360487679
 20
71.605
 10
580.6433360487679
 20
60.935
 10
578.8933360487679
 20
60.935
  0
LWPOLYLINE
  5
F5
330
17
100
AcDbEntity
  8
CUT
100
AcDbPolyline
 90
12
 70
1
 10
8.0
 20
293.4951623402775
 10
26.310999999999996
 20
293.4951623402775
 10
26.310999999999996
 20
293.0951623402775
 10
29.485999999999997
 20
293.0951623402775
 10
29.485999999999997
 20
286.9451623402775
 10
26.310999999999996
 20
286.9451623402775
 10
26.310999999999996
 20
278.96702097902096
 10
29.485999999999997
 20
278.96702097902096
 10
29.485999999999997
 20
272.8170209790209
 10
26.310999999999996
 20
272.8170209790209
 10
26.310999999999996
 20
272.41702097902095
 10
8.0
 20
272.41702097902095
  0
LWPOLYLINE
  5
F6
330
17
100
AcDbEntity
  8
CUT
100
AcDbPolyline
 90
4
 70
1
 10
9.95
 20
283.6810916596492
 10
24.360999999999997
 20
283.6810916596492
 10
24.360999999999997
 20
291.7451623402775
 10
9.95
 20
291.7451623402775
  0
LWPOLYLINE
  5
F7
330
17
100
AcDbEntity
  8
CUT
100
AcDbPolyline
 90
4
 70
1
 10
9.95
 20
274.16702097902095
 10
24.360999999999997
 20
274.16702097902095
 10
24.360999999999997
 20
282.2310916596492
 10
9.95
 20
282.2310916596492
  0
LWPOLYLINE
  5
F8
330
17
100
AcDbEntity
  8
CUT
100
AcDbPolyline
 90
12
 70
1
 10
503.80627311170497
 20
53.76418181818181
 10
525.927273111705
 20
53.76418181818181
 10
525.927273111705
 20
53.36418181818182
 10
529.1022731117049
 20
53.36418181818182
 10
529.1022731117049
 20
47.214181818181814
 10
525.927273111705
 20
47.214181818181814
 10
525.927273111705
 20
42.846000000000004
 10
529.1022731117049
 20
42.846000000000004
 10
529.1022731117049
 20
36.696000000000005
 10
525.927273111705
 20
36.696000000000005
 10
525.927273111705
 20
36.296
 10
503.80627311170497
 20
36.296
  0
LWPOLYLINE
  5
F9
330
17
100
AcDbEntity
  8
CUT
100
AcDbPolyline
 90
4
 70
1
 10
506.45627311170495
 20
45.75509090909091
 10
523.9772731117049
 20
45.75509090909091
 10
523.9772731117049
 20
52.01418181818182
 10
506.45627311170495
 20
52.01418181818182
  0
LWPOLYLINE
  5
FA
330
17
100
AcDbEntity
  8
CUT
100
AcDbPolyline
 90
4
 70
1
 10
506.45627311170495
 20
38.046
 10
523.9772731117049
 20
38.046
 10
523.9772731117049
 20
44.30509090909091
 10
506.45627311170495
 20
44.30509090909091
  0
LWPOLYLINE
  5
FB
330
17
100
AcDbEntity
  8
CUT
100
AcDbPolyline
 90
30
 70
1
 10
38.455
 20
275.23360439560435
 10
37.693
 20
275.23360439560435
 10
37.693
 20
276.64189610389604
 10
36.931
 20
276.64189610389604
 10
36.931
 20
278.05018781218774
 10
36.169
 20
278.05018781218774
 10
36.169
 20
279.45847952047944
 10
35.407
 20
279.45847952047944
 10
35.407
 20
280.86677122877114
 10
34.644999999999996
 20
280.86677122877114
 10
34.644999999999996
 20
282.2750629370629
 10
33.882999999999996
 20
282.2750629370629
 10
33.882999999999996
 20
283.6833546453546
 10
33.120999999999995
 20
283.6833546453546
 10
33.120999999999995
 20
285.0916463536463
 10
32.486000000000004
 20
285.0916463536463
 10
32.486000000000004
 20
292.2831048951048
 10
50.797
 20
292.2831048951048
 10
50.797
 20
291.88310489510485
 10
53.971999999999994
 20
291.88310489510485
 10
53.971999999999994
 20
285.7331048951049
 10
50.797
 20
285.7331048951049
 10
50.797
 20
278.96702097902096
 10
53.971999999999994
 20
278.96702097902096
 10
53.971999999999994
 20
272.8170209790209
 10
50.797
 20
272.8170209790209
 10
50.797
 20
272.41702097902095
 10
39.217
 20
272.41702097902095
 10
39.217
 20
273.82531268731265
 10
38.455
 20
273.82531268731265
  0
LWPOLYLINE
  5
FC
330
17
100
AcDbEntity
  8
CUT
100
AcDbPolyline
 90
12
 70
1
 10
56.971999999999994
 20
272.41702097902095
 10
56.971999999999994
 20
292.1653194083403
 10
75.28299999999999
 20
292.1653194083403
 10
75.28299999999999
 20
283.7663828900157
 10
78.458
 20
283.7663828900157
 10
78.458
 20
277.6163828900157
 10
75.28299999999999
 20
277.6163828900157
 10
75.28299999999999
 20
276.36486129315705
 10
64.613
 20
276.36486129315705
 10
64.613
 20
274.16702097902095
 10
75.28299999999999
 20
274.16702097902095
 10
75.28299999999999
 20
272.41702097902095
  0
LWPOLYLINE
  5
FD
330
17
100
AcDbEntity
  8
CUT
100
AcDbPolyline
 90
38
 70
1
 10
540.4842731117051
 20
38.6939020979021
 10
539.722273111705
 20
38.6939020979021
 10
539.722273111705
 20
39.89285314685314
 10
538.9602731117051
 20
39.89285314685314
 10
538.9602731117051
 20
41.091804195804194
 10
538.198273111705
 20
41.091804195804194
 10
538.198273111705
 20
42.29075524475525
 10
537.4362731117051
 20
42.29075524475525
 10
537.4362731117051
 20
43.4897062937063
 10
536.674273111705
 20
43.4897062937063
 10
536.674273111705
 20
44.68865734265735
 10
535.9122731117051
 20
44.68865734265735
 10
535.9122731117051
 20
45.887608391608396
 10
535.150273111705
 20
45.887608391608396
 10
535.150273111705
 20
47.086559440559455
 10
534.3882731117051
 20
47.086559440559455
 10
534.3882731117051
 20
48.2855104895105
 10
533.626273111705
 20
48.2855104895105
 10
533.626273111705
 20
49.484461538461545
 10
532.8642731117051
 20
49.484461538461545
 10
532.8642731117051
 20
50.68341258741259
 10
532.102273111705
 20
50.68341258741259
 10
532.102273111705
 20
52.03236363636364
 10
534.515273111705
 20
52.03236363636364
 10
534.515273111705
 20
53.231314685314686
 10
552.8262731117051
 20
53.231314685314686
 10
552.8262731117051
 20
52.831314685314695
 10
556.001273111705
 20
52.831314685314695
 10
556.001273111705
 20
46.68131468531469
 10
552.8262731117051
 20
46.68131468531469
 10
552.8262731117051
 20
42.846000000000004
 10
556.001273111705
 20
42.846000000000004
 10
556.001273111705
 20
36.696000000000005
 10
552.8262731117051
 20
36.696000000000005
 10
552.8262731117051
 20
36.296
 10
541.246273111705
 20
36.296
 10
541.246273111705
 20
37.494951048951044
 10
540.4842731117051
 20
37.494951048951044
  0
LWPOLYLINE
  5
FE
330
17
100
AcDbEntity
  8
CUT
100
AcDbPolyline
 90
12
 70
1
 10
503.80627311170497
 20
86.056
 10
503.80627311170497
 20
104.4744554973822
 10
522.117273111705
 20
104.4744554973822
 10
522.117273111705
 20
102.7244554973822
 10
511.44727311170493
 20
102.7244554973822
 10
511.44727311170493
 20
99.99454973821989
 10
522.117273111705
 20
99.99454973821989
 10
522.117273111705
 20
92.606
 10
525.292273111705
 20
92.606
 10
525.292273111705
 20
86.456
 10
522.117273111705
 20
86.456
 10
522.117273111705
 20
86.056
  0
LWPOLYLINE
  5
FF
330
17
100
AcDbEntity
  8
CUT
100
AcDbPolyline
 90
8
 70
1
 10
581.1222731117051
 20
36.296
 10
559.001273111705
 20
36.296
 10
559.001273111705
 20
51.288482517482535
 10
581.1222731117051
 20
51.288482517482535
 10
581.1222731117051
 20
42.846000000000004
 10
584.2972731117051
 20
42.846000000000004
 10
584.2972731117051
 20
36.696000000000005
 10
581.1222731117051
 20
36.696000000000005
  0
LWPOLYLINE
  5
100
330
17
100
AcDbEntity
  8
CUT
100
AcDbPolyline
 90
22
 70
1
 10
529.7005648199968
 20
97.636
 10
529.7005648199968
 20
98.398
 10
531.1088565282884
 20
98.398
 10
531.1088565282884
 20
99.16
 10
532.5171482365802
 20
99.16
 10
532.5171482365802
 20
99.922
 10
533.9254399448719
 20
99.922
 10
533.9254399448719
 20
100.684
 10
535.3337316531636
 20
100.684
 10
535.3337316531636
 20
101.446
 10
536.7420233614553
 20
101.446
 10
536.7420233614553
 20
102.208
 10
538.150315069747
 20
102.208
 10
538.150315069747
 20
102.97
 10
539.5586067780387
 20
102.97
 10
539.5586067780387
 20
103.732
 10
540.9668984863304
 20
103.732
 10
540.9668984863304
 20
104.36699999999999
 10
548.158357027789
 20
104.36699999999999
 10
548.158357027789
 20
86.056
 10
528.292273111705
 20
86.056
 10
528.292273111705
 20
97.636
  0
LWPOLYLINE
  5
101
330
17
100
AcDbEntity
  8
CUT
100
AcDbPolyline
 90
12
 70
1
 10
551.1583570277888
 20
86.056
 10
551.1583570277888
 20
102.96202094240837
 10
569.4693570277889
 20
102.96202094240837
 10
569.4693570277889
 20
101.21202094240837
 10
558.7993570277889
 20
101.21202094240837
 10
558.7993570277889
 20
98.17458638743454
 10
569.4693570277889
 20
98.17458638743454
 10
569.4693570277889
 20
92.606
 10
572.6443570277888
 20
92.606
 10
572.6443570277888
 20
86.456
 10
569.4693570277889
 20
86.456
 10
569.4693570277889
 20
86.056
  0
LWPOLYLINE
  5
102
330
17
100
AcDbEntity
  8
CUT
100
AcDbPolyline
 90
12
 70
1
 10
575.6443570277888
 20
86.056
 10
575.6443570277888
 20
102.87864397905754
 10
593.9553570277889
 20
102.87864397905754
 10
593.9553570277889
 20
102.47864397905754
 10
597.1303570277888
 20
102.47864397905754
 10
597.1303570277888
 20
96.32864397905755
 10
593.9553570277889
 20
96.32864397905755
 10
593.9553570277889
 20
92.606
 10
597.1303570277888
 20
92.606
 10
597.1303570277888
 20
86.456
 10
593.9553570277889
 20
86.456
 10
593.9553570277889
 20
86.056
  0
LWPOLYLINE
  5
103
330
17
100
AcDbEntity
  8
CUT
100
AcDbPolyline
 90
12
 70
1
 10
81.458
 20
272.41702097902095
 10
81.458
 20
288.4417591989162
 10
99.769
 20
288.4417591989162
 10
99.769
 20
288.0417591989162
 10
102.944
 20
288.0417591989162
 10
102.944
 20
281.8917591989162
 10
99.769
 20
281.8917591989162
 10
99.769
 20
278.96702097902096
 10
102.944
 20
278.96702097902096
 10
102.944
 20
272.8170209790209
 10
99.769
 20
272.8170209790209
 10
99.769
 20
272.41702097902095
  0
LWPOLYLINE
  5
104
330
17
100
AcDbEntity
  8
CUT
100
AcDbPolyline
 90
12
 70
1
 10
105.94399999999999
 20
272.41702097902095
 10
105.94399999999999
 20
288.4417591989162
 10
124.255
 20
288.4417591989162
 10
124.255
 20
288.0417591989162
 10
127.42999999999999
 20
288.0417591989162
 10
127.42999999999999
 20
281.8917591989162
 10
124.255
 20
281.8917591989162
 10
124.255
 20
278.96702097902096
 10
127.42999999999999
 20
278.96702097902096
 10
127.42999999999999
 20
272.8170209790209
 10
124.255
 20
272.8170209790209
 10
124.255
 20
272.41702097902095
  0
LWPOLYLINE
  5
105
330
17
100
AcDbEntity
  8
CUT
100
AcDbPolyline
 90
8
 70
1
 10
148.74099999999996
 20
272.41702097902095
 10
130.42999999999998
 20
272.41702097902095
 10
130.42999999999998
 20
287.6438534397539
 10
148.74099999999996
 20
287.6438534397539
 10
148.74099999999996
 20
278.96702097902096
 10
151.91599999999997
 20
278.96702097902096
 10
151.91599999999997
 20
272.8170209790209
 10
148.74099999999996
 20
272.8170209790209
  0
LWPOLYLINE
  5
106
330
17
100
AcDbEntity
  8
CUT
100
AcDbPolyline
 90
8
 70
1
 10
173.22699999999995
 20
272.41702097902095
 10
154.91599999999997
 20
272.41702097902095
 10
154.91599999999997
 20
287.6438534397539
 10
173.22699999999995
 20
287.6438534397539
 10
173.22699999999995
 20
278.96702097902096
 10
176.40199999999996
 20
278.96702097902096
 10
176.40199999999996
 20
272.8170209790209
 10
173.22699999999995
 20
272.8170209790209
  0
LWPOLYLINE
  5
107
330
17
100
AcDbEntity
  8
CUT
100
AcDbPolyline
 90
8
 70
1
 10
197.71299999999994
 20
272.41702097902095
 10
179.40199999999996
 20
272.41702097902095
 10
179.40199999999996
 20
287.3778848533665
 10
197.71299999999994
 20
287.3778848533665
 10
197.71299999999994
 20
278.96702097902096
 10
200.88799999999995
 20
278.96702097902096
 10
200.88799999999995
 20
272.8170209790209
 10
197.71299999999994
 20
272.8170209790209
  0
LWPOLYLINE
  5
108
330
17
100
AcDbEntity
  8
CUT
100
AcDbPolyline
 90
18
 70
1
 10
226.00899999999993
 20
272.46702097902096
 10
226.00899999999993
 20
272.41702097902095
 10
203.88799999999995
 20
272.41702097902095
 10
203.88799999999995
 20
284.82296503496497
 10
226.00899999999993
 20
284.82296503496497
 10
226.00899999999993
 20
284.77296503496495
 10
229.18399999999994
 20
284.77296503496495
 10
229.18399999999994
 20
283.422965034965
 10
226.00899999999993
 20
283.422965034965
 10
226.00899999999993
 20
281.4757622377622
 10
215.33899999999994
 20
281.4757622377622
 10
215.33899999999994
 20
280.8757622377622
 10
205.83799999999994
 20
280.8757622377622
 10
205.83799999999994
 20
274.16702097902095
 10
226.00899999999993
 20
274.16702097902095
 10
226.00899999999993
 20
273.8170209790209
 10
229.18399999999994
 20
273.8170209790209
 10
229.18399999999994
 20
272.46702097902096
  0
LWPOLYLINE
  5
109
330
17
100
AcDbEntity
  8
CUT
100
AcDbPolyline
 90
8
 70
1
 10
254.30499999999992
 20
272.41702097902095
 10
232.18399999999994
 20
272.41702097902095
 10
232.18399999999994
 20
282.88013286713283
 10
254.30499999999992
 20
282.88013286713283
 10
254.30499999999992
 20
278.96702097902096
 10
257.4799999999999
 20
278.96702097902096
 10
257.4799999999999
 20
272.8170209790209
 10
254.30499999999992
 20
272.8170209790209
  0
LWPOLYLINE
  5
10A
330
17
100
AcDbEntity
  8
CUT
100
AcDbPolyline
 90
4
 70
1
 10
285.55499999999995
 20
282.49202097902094
 10
285.55499999999995
 20
272.49202097902094
 10
260.55499999999995
 20
272.49202097902094
 10
260.55499999999995
 20
282.49202097902094
  0
LWPOLYLINE
  5
10B
330
17
100
AcDbEntity
  8
CUT
100
AcDbPolyline
 90
16
 70
1
 10
306.9409999999999
 20
272.46702097902096
 10
306.9409999999999
 20
272.41702097902095
 10
288.62999999999994
 20
272.41702097902095
 10
288.62999999999994
 20
281.79254453923033
 10
306.9409999999999
 20
281.79254453923033
 10
306.9409999999999
 20
281.7425445392303
 10
310.11599999999993
 20
281.7425445392303
 10
310.11599999999993
 20
280.39254453923036
 10
306.9409999999999
 20
280.39254453923036
 10
306.9409999999999
 20
280.04254453923033
 10
296.2709999999999
 20
280.04254453923033
 10
296.2709999999999
 20
274.16702097902095
 10
306.9409999999999
 20
274.16702097902095
 10
306.9409999999999
 20
273.8170209790209
 10
310.11599999999993
 20
273.8170209790209
 10
310.11599999999993
 20
272.46702097902096
  0
LWPOLYLINE
  5
10C
330
17
100
AcDbEntity
  8
CUT
100
AcDbPolyline
 90
16
 70
1
 10
331.4269999999999
 20
272.46702097902096
 10
331.4269999999999
 20
272.41702097902095
 10
313.11599999999993
 20
272.41702097902095
 10
313.11599999999993
 20
281.6099529161937
 10
331.4269999999999
 20
281.6099529161937
 10
331.4269999999999
 20
281.5599529161937
 10
334.6019999999999
 20
281.5599529161937
 10
334.6019999999999
 20
280.20995291619374
 10
331.4269999999999
 20
280.20995291619374
 10
331.4269999999999
 20
279.8599529161937
 10
320.7569999999999
 20
279.8599529161937
 10
320.7569999999999
 20
274.16702097902095
 10
331.4269999999999
 20
274.16702097902095
 10
331.4269999999999
 20
273.8170209790209
 10
334.6019999999999
 20
273.8170209790209
 10
334.6019999999999
 20
272.46702097902096
  0
LWPOLYLINE
  5
10D
330
17
100
AcDbEntity
  8
CUT
100
AcDbPolyline
 90
16
 70
1
 10
502.6054144729615
 20
145.71999999999997
 10
502.6054144729615
 20
145.67
 10
480.48441447296153
 20
145.67
 10
480.48441447296153
 20
153.20234265734265
 10
502.6054144729615
 20
153.20234265734265
 10
502.6054144729615
 20
153.15234265734264
 10
505.7804144729615
 20
153.15234265734264
 10
505.7804144729615
 20
151.80234265734265
 10
502.6054144729615
 20
151.80234265734265
 10
502.6054144729615
 20
150.69333916083914
 10
491.9354144729615
 20
150.69333916083914
 10
491.9354144729615
 20
147.42
 10
502.6054144729615
 20
147.42
 10
502.6054144729615
 20
147.06999999999996
 10
505.7804144729615
 20
147.06999999999996
 10
505.7804144729615
 20
145.71999999999997
  0
LWPOLYLINE
  5
10E
330
17
100
AcDbEntity
  8
CUT
100
AcDbPolyline
 90
8
 70
1
 10
530.9014144729615
 20
145.67
 10
508.7804144729615
 20
145.67
 10
508.7804144729615
 20
153.20234265734265
 10
530.9014144729615
 20
153.20234265734265
 10
530.9014144729615
 20
152.00234265734267
 10
534.0764144729615
 20
152.00234265734267
 10
534.0764144729615
 20
146.06999999999996
 10
530.9014144729615
 20
146.06999999999996
  0
LWPOLYLINE
  5
10F
330
17
100
AcDbEntity
  8
CUT
100
AcDbPolyline
 90
16
 70
1
 10
559.1974144729617
 20
145.71999999999997
 10
559.1974144729617
 20
145.67
 10
537.0764144729616
 20
145.67
 10
537.0764144729616
 20
152.93590909090904
 10
559.1974144729617
 20
152.93590909090904
 10
559.1974144729617
 20
152.88590909090905
 10
562.3724144729616
 20
152.88590909090905
 10
562.3724144729616
 20
151.53590909090906
 10
559.1974144729617
 20
151.53590909090906
 10
559.1974144729617
 20
149.62760489510487
 10
548.5274144729616
 20
149.62760489510487
 10
548.5274144729616
 20
147.42
 10
559.1974144729617
 20
147.42
 10
559.1974144729617
 20
147.06999999999996
 10
562.3724144729616
 20
147.06999999999996
 10
562.3724144729616
 20
145.71999999999997
  0
LWPOLYLINE
  5
110
330
17
100
AcDbEntity
  8
CUT
100
AcDbPolyline
 90
8
 70
1
 10
587.4934144729617
 20
145.67
 10
565.3724144729616
 20
145.67
 10
565.3724144729616
 20
152.40304195804194
 10
587.4934144729617
 20
152.40304195804194
 10
587.4934144729617
 20
151.20304195804195
 10
590.6684144729617
 20
151.20304195804195
 10
590.6684144729617
 20
146.06999999999996
 10
587.4934144729617
 20
146.06999999999996
  0
LWPOLYLINE
  5
111
330
17
100
AcDbEntity
  8
CUT
100
AcDbPolyline
 90
8
 70
1
 10
592.4425493354812
 20
11.174999999999999
 10
592.4425493354812
 20
33.296
 10
598.3762905942225
 20
33.296
 10
598.3762905942225
 20
11.174999999999999
 10
597.1762905942226
 20
11.174999999999999
 10
597.1762905942226
 20
7.999999999999999
 10
592.8425493354813
 20
7.999999999999999
 10
592.8425493354813
 20
11.174999999999999
  0
LWPOLYLINE
  5
112
330
17
100
AcDbEntity
  8
CUT
100
AcDbPolyline
 90
8
 70
1
 10
355.9129999999999
 20
272.41702097902095
 10
337.6019999999999
 20
272.41702097902095
 10
337.6019999999999
 20
278.8668900889686
 10
355.9129999999999
 20
278.8668900889686
 10
355.9129999999999
 20
277.66689008896856
 10
359.0879999999999
 20
277.66689008896856
 10
359.0879999999999
 20
272.8170209790209
 10
355.9129999999999
 20
272.8170209790209
  0
LWPOLYLINE
  5
113
330
17
100
AcDbEntity
  8
CUT
100
AcDbPolyline
 90
8
 70
1
 10
592.9081122725443
 20
39.471000000000004
 10
592.9081122725443
 20
36.296
 10
587.6972731117052
 20
36.296
 10
587.6972731117052
 20
39.471000000000004
 10
587.2972731117051
 20
39.471000000000004
 10
587.2972731117051
 20
50.289
 10
594.1081122725443
 20
50.289
 10
594.1081122725443
 20
39.471000000000004
  0
LWPOLYLINE
  5
115
330
17
100
AcDbEntity
  8
ENGRAVE
100
AcDbPolyline
 90
2
 70
0
 10
181.13924825174826
 20
15.53513986013986
 10
181.51424825174826
 20
15.53513986013986
  0
LWPOLYLINE
  5
116
330
17
100
AcDbEntity
  8
ENGRAVE
100
AcDbPolyline
 90
2
 70
0
 10
187.56424825174827
 20
15.53513986013986
 10
233.0631993006993
 20
15.53513986013986
  0
LWPOLYLINE
  5
117
330
17
100
AcDbEntity
  8
ENGRAVE
100
AcDbPolyline
 90
2
 70
0
 10
239.1131993006993
 20
15.53513986013986
 10
239.4881993006993
 20
15.53513986013986
  0
LWPOLYLINE
  5
118
330
17
100
AcDbEntity
  8
ENGRAVE
100
AcDbPolyline
 90
2
 70
0
 10
240.55393356643359
 20
18.998776223776225
 10
240.92893356643359
 20
18.998776223776225
  0
LWPOLYLINE
  5
119
330
17
100
AcDbEntity
  8
ENGRAVE
100
AcDbPolyline
 90
2
 70
0
 10
246.97893356643357
 20
18.998776223776225
 10
292.7443181818182
 20
18.998776223776225
  0
LWPOLYLINE
  5
11A
330
17
100
AcDbEntity
  8
ENGRAVE
100
AcDbPolyline
 90
2
 70
0
 10
298.7943181818182
 20
18.998776223776225
 10
299.1693181818182
 20
18.998776223776225
  0
LWPOLYLINE
  5
11B
330
17
100
AcDbEntity
  8
ENGRAVE
100
AcDbPolyline
 90
2
 70
0
 10
200.5888986013986
 20
43.51066433566433
 10
200.9638986013986
 20
43.51066433566433
  0
LWPOLYLINE
  5
11C
330
17
100
AcDbEntity
  8
ENGRAVE
100
AcDbPolyline
 90
2
 70
0
 10
207.01389860139858
 20
43.51066433566433
 10
212.54781468531468
 20
43.51066433566433
  0
LWPOLYLINE
  5
11D
330
17
100
AcDbEntity
  8
ENGRAVE
100
AcDbPolyline
 90
2
 70
0
 10
218.5978146853147
 20
43.51066433566433
 10
218.9728146853147
 20
43.51066433566433
  0
LWPOLYLINE
  5
11E
330
17
100
AcDbEntity
  8
ENGRAVE
100
AcDbPolyline
 90
2
 70
0
 10
189.93155594405596
 20
46.441433566433574
 10
190.30655594405596
 20
46.441433566433574
  0
LWPOLYLINE
  5
11F
330
17
100
AcDbEntity
  8
ENGRAVE
100
AcDbPolyline
 90
2
 70
0
 10
196.35655594405594
 20
46.441433566433574
 10
200.5888986013986
 20
46.441433566433574
  0
LWPOLYLINE
  5
120
330
17
100
AcDbEntity
  8
ENGRAVE
100
AcDbPolyline
 90
2
 70
0
 10
111.0672202797203
 20
48.5729020979021
 10
111.4422202797203
 20
48.5729020979021
  0
LWPOLYLINE
  5
121
330
17
100
AcDbEntity
  8
ENGRAVE
100
AcDbPolyline
 90
2
 70
0
 10
117.4922202797203
 20
48.5729020979021
 10
174.71424825174824
 20
48.5729020979021
  0
LWPOLYLINE
  5
122
330
17
100
AcDbEntity
  8
ENGRAVE
100
AcDbPolyline
 90
2
 70
0
 10
180.76424825174826
 20
48.5729020979021
 10
181.13924825174826
 20
48.5729020979021
  0
LWPOLYLINE
  5
123
330
17
100
AcDbEntity
  8
ENGRAVE
100
AcDbPolyline
 90
2
 70
0
 10
11.68750000000001
 20
53.901573426573435
 10
12.06250000000001
 20
53.901573426573435
  0
LWPOLYLINE
  5
124
330
17
100
AcDbEntity
  8
ENGRAVE
100
AcDbPolyline
 90
2
 70
0
 10
18.112500000000022
 20
53.901573426573435
 10
65.21005244755248
 20
53.901573426573435
  0
LWPOLYLINE
  5
125
330
17
100
AcDbEntity
  8
ENGRAVE
100
AcDbPolyline
 90
2
 70
0
 10
71.26005244755247
 20
53.901573426573435
 10
71.63505244755247
 20
53.901573426573435
  0
LWPOLYLINE
  5
126
330
17
100
AcDbEntity
  8
ENGRAVE
100
AcDbPolyline
 90
2
 70
0
 10
73.766520979021
 20
53.901573426573435
 10
74.141520979021
 20
53.901573426573435
  0
LWPOLYLINE
  5
127
330
17
100
AcDbEntity
  8
ENGRAVE
100
AcDbPolyline
 90
2
 70
0
 10
80.191520979021
 20
53.901573426573435
 10
86.82176573426575
 20
53.901573426573435
  0
LWPOLYLINE
  5
128
330
17
100
AcDbEntity
  8
ENGRAVE
100
AcDbPolyline
 90
2
 70
0
 10
89.75253496503497
 20
53.901573426573435
 10
90.12753496503497
 20
53.901573426573435
  0
LWPOLYLINE
  5
129
330
17
100
AcDbEntity
  8
ENGRAVE
100
AcDbPolyline
 90
2
 70
0
 10
96.17753496503498
 20
53.901573426573435
 10
100.64571678321677
 20
53.901573426573435
  0
LWPOLYLINE
  5
12A
330
17
100
AcDbEntity
  8
ENGRAVE
100
AcDbPolyline
 90
2
 70
0
 10
106.69571678321678
 20
53.901573426573435
 10
107.0568181818182
 20
53.901573426573435
  0
LWPOLYLINE
  5
12B
330
17
100
AcDbEntity
  8
ENGRAVE
100
AcDbPolyline
 90
2
 70
0
 10
189.93155594405596
 20
55.500174825174824
 10
190.30655594405596
 20
55.500174825174824
  0
LWPOLYLINE
  5
12C
330
17
100
AcDbEntity
  8
ENGRAVE
100
AcDbPolyline
 90
2
 70
0
 10
196.35655594405594
 20
55.500174825174824
 10
200.5888986013986
 20
55.500174825174824
  0
LWPOLYLINE
  5
12D
330
17
100
AcDbEntity
  8
ENGRAVE
100
AcDbPolyline
 90
2
 70
0
 10
189.93155594405596
 20
66.15751748251749
 10
190.30655594405596
 20
66.15751748251749
  0
LWPOLYLINE
  5
12E
330
17
100
AcDbEntity
  8
ENGRAVE
100
AcDbPolyline
 90
2
 70
0
 10
196.35655594405594
 20
66.15751748251749
 10
207.0053187197418
 20
66.15751748251749
  0
LWPOLYLINE
  5
12F
330
17
100
AcDbEntity
  8
ENGRAVE
100
AcDbPolyline
 90
2
 70
0
 10
213.0553187197418
 20
66.15751748251749
 10
218.43994755244756
 20
66.15751748251749
  0
LWPOLYLINE
  5
130
330
17
100
AcDbEntity
  8
ENGRAVE
100
AcDbPolyline
 90
2
 70
0
 10
220.5714160839161
 20
66.15751748251749
 10
227.0048076923077
 20
66.15751748251749
  0
LWPOLYLINE
  5
131
330
17
100
AcDbEntity
  8
ENGRAVE
100
AcDbPolyline
 90
2
 70
0
 10
233.0548076923077
 20
66.15751748251749
 10
239.4881993006993
 20
66.15751748251749
  0
LWPOLYLINE
  5
132
330
17
100
AcDbEntity
  8
ENGRAVE
100
AcDbPolyline
 90
2
 70
0
 10
11.68750000000001
 20
68.82185314685316
 10
12.06250000000001
 20
68.82185314685316
  0
LWPOLYLINE
  5
133
330
17
100
AcDbEntity
  8
ENGRAVE
100
AcDbPolyline
 90
2
 70
0
 10
18.112500000000022
 20
68.82185314685316
 10
35.90236013986011
 20
68.82185314685316
  0
LWPOLYLINE
  5
134
330
17
100
AcDbEntity
  8
ENGRAVE
100
AcDbPolyline
 90
2
 70
0
 10
41.95236013986012
 20
68.82185314685316
 10
42.32736013986012
 20
68.82185314685316
  0
LWPOLYLINE
  5
135
330
17
100
AcDbEntity
  8
ENGRAVE
100
AcDbPolyline
 90
2
 70
0
 10
74.77508741258744
 20
72.01905594405595
 10
85.81319930069931
 20
72.01905594405595
  0
LWPOLYLINE
  5
136
330
17
100
AcDbEntity
  8
ENGRAVE
100
AcDbPolyline
 90
2
 70
0
 10
73.50008741258743
 20
81.87709790209792
 10
73.87508741258743
 20
81.87709790209792
  0
LWPOLYLINE
  5
137
330
17
100
AcDbEntity
  8
ENGRAVE
100
AcDbPolyline
 90
2
 70
0
 10
79.92508741258744
 20
81.87709790209792
 10
87.08819930069932
 20
81.87709790209792
  0
LWPOLYLINE
  5
138
330
17
100
AcDbEntity
  8
ENGRAVE
100
AcDbPolyline
 90
2
 70
0
 10
11.68750000000001
 20
83.4756993006993
 10
12.06250000000001
 20
83.4756993006993
  0
LWPOLYLINE
  5
139
330
17
100
AcDbEntity
  8
ENGRAVE
100
AcDbPolyline
 90
2
 70
0
 10
18.112500000000022
 20
83.4756993006993
 10
25.275611888111893
 20
83.4756993006993
  0
LWPOLYLINE
  5
13A
330
17
100
AcDbEntity
  8
ENGRAVE
100
AcDbPolyline
 90
2
 70
0
 10
88.42036713286713
 20
83.74213286713288
 10
102.24431818181817
 20
83.74213286713288
  0
LWPOLYLINE
  5
13B
330
17
100
AcDbEntity
  8
ENGRAVE
100
AcDbPolyline
 90
2
 70
0
 10
108.29431818181818
 20
83.74213286713288
 10
108.66931818181818
 20
83.74213286713288
  0
LWPOLYLINE
  5
13C
330
17
100
AcDbEntity
  8
ENGRAVE
100
AcDbPolyline
 90
2
 70
0
 10
25.275611888111893
 20
84.27500000000002
 10
25.650611888111893
 20
84.27500000000002
  0
LWPOLYLINE
  5
13D
330
17
100
AcDbEntity
  8
ENGRAVE
100
AcDbPolyline
 90
2
 70
0
 10
31.700611888111904
 20
84.27500000000002
 10
58.87358891108893
 20
84.27500000000002
  0
LWPOLYLINE
  5
13E
330
17
100
AcDbEntity
  8
ENGRAVE
100
AcDbPolyline
 90
2
 70
0
 10
64.92358891108891
 20
84.27500000000002
 10
70.83575174825175
 20
84.27500000000002
  0
LWPOLYLINE
  5
13F
330
17
100
AcDbEntity
  8
ENGRAVE
100
AcDbPolyline
 90
2
 70
0
 10
108.66931818181818
 20
84.27500000000002
 10
109.04431818181818
 20
84.27500000000002
  0
LWPOLYLINE
  5
140
330
17
100
AcDbEntity
  8
ENGRAVE
100
AcDbPolyline
 90
2
 70
0
 10
115.09431818181818
 20
84.27500000000002
 10
168.43399321266966
 20
84.27500000000002
  0
LWPOLYLINE
  5
141
330
17
100
AcDbEntity
  8
ENGRAVE
100
AcDbPolyline
 90
2
 70
0
 10
174.48399321266967
 20
84.27500000000002
 10
180.60638111888113
 20
84.27500000000002
  0
LWPOLYLINE
  5
142
330
17
100
AcDbEntity
  8
ENGRAVE
100
AcDbPolyline
 90
2
 70
0
 10
11.68750000000001
 20
94.6659090909091
 10
12.06250000000001
 20
94.6659090909091
  0
LWPOLYLINE
  5
143
330
17
100
AcDbEntity
  8
ENGRAVE
100
AcDbPolyline
 90
2
 70
0
 10
18.112500000000022
 20
94.6659090909091
 10
25.275611888111893
 20
94.6659090909091
  0
LWPOLYLINE
  5
144
330
17
100
AcDbEntity
  8
ENGRAVE
100
AcDbPolyline
 90
2
 70
0
 10
50.85323426573426
 20
96.2645104895105
 10
51.22823426573426
 20
96.2645104895105
  0
LWPOLYLINE
  5
145
330
17
100
AcDbEntity
  8
ENGRAVE
100
AcDbPolyline
 90
2
 70
0
 10
57.27823426573427
 20
96.2645104895105
 10
78.1996794871795
 20
96.2645104895105
  0
LWPOLYLINE
  5
146
330
17
100
AcDbEntity
  8
ENGRAVE
100
AcDbPolyline
 90
2
 70
0
 10
84.24967948717948
 20
96.2645104895105
 10
90.01896853146853
 20
96.2645104895105
  0
LWPOLYLINE
  5
147
330
17
100
AcDbEntity
  8
ENGRAVE
100
AcDbPolyline
 90
2
 70
0
 10
112.66287207556846
 20
97.45346446746971
 10
113.03787207556846
 20
97.45346446746971
  0
LWPOLYLINE
  5
148
330
17
100
AcDbEntity
  8
ENGRAVE
100
AcDbPolyline
 90
2
 70
0
 10
119.08787207556846
 20
97.45346446746971
 10
172.79668462384754
 20
97.45346446746971
  0
LWPOLYLINE
  5
149
330
17
100
AcDbEntity
  8
ENGRAVE
100
AcDbPolyline
 90
2
 70
0
 10
178.84668462384752
 20
97.45346446746971
 10
230.627793541537
 20
97.45346446746971
  0
LWPOLYLINE
  5
14A
330
17
100
AcDbEntity
  8
ENGRAVE
100
AcDbPolyline
 90
2
 70
0
 10
236.677793541537
 20
97.45346446746971
 10
237.052793541537
 20
97.45346446746971
  0
LWPOLYLINE
  5
14B
330
17
100
AcDbEntity
  8
ENGRAVE
100
AcDbPolyline
 90
2
 70
0
 10
11.68750000000001
 20
109.8526223776224
 10
12.06250000000001
 20
109.8526223776224
  0
LWPOLYLINE
  5
14C
330
17
100
AcDbEntity
  8
ENGRAVE
100
AcDbPolyline
 90
2
 70
0
 10
18.112500000000022
 20
109.8526223776224
 10
58.479711272630695
 20
109.8526223776224
  0
LWPOLYLINE
  5
14D
330
17
100
AcDbEntity
  8
ENGRAVE
100
AcDbPolyline
 90
2
 70
0
 10
64.52971127263068
 20
109.8526223776224
 10
89.42451878771782
 20
109.8526223776224
  0
LWPOLYLINE
  5
14E
330
17
100
AcDbEntity
  8
ENGRAVE
100
AcDbPolyline
 90
2
 70
0
 10
95.47451878771783
 20
109.8526223776224
 10
109.38787207556844
 20
109.8526223776224
  0
LWPOLYLINE
  5
14F
330
17
100
AcDbEntity
  8
ENGRAVE
100
AcDbPolyline
 90
2
 70
0
 10
11.68750000000001
 20
163.40576923076924
 10
12.06250000000001
 20
163.40576923076924
  0
LWPOLYLINE
  5
150
330
17
100
AcDbEntity
  8
ENGRAVE
100
AcDbPolyline
 90
2
 70
0
 10
18.112500000000022
 20
163.40576923076924
 10
58.479711272630695
 20
163.40576923076924
  0
LWPOLYLINE
  5
151
330
17
100
AcDbEntity
  8
ENGRAVE
100
AcDbPolyline
 90
2
 70
0
 10
64.52971127263068
 20
163.40576923076924
 10
102.96287207556843
 20
163.40576923076924
  0
LWPOLYLINE
  5
152
330
17
100
AcDbEntity
  8
ENGRAVE
100
AcDbPolyline
 90
2
 70
0
 10
109.01287207556844
 20
163.40576923076924
 10
109.38787207556844
 20
163.40576923076924
  0
LWPOLYLINE
  5
153
330
17
100
AcDbEntity
  8
ENGRAVE
100
AcDbPolyline
 90
2
 70
0
 10
240.55393356643359
 20
172.4645104895105
 10
240.92893356643359
 20
172.4645104895105
  0
LWPOLYLINE
  5
154
330
17
100
AcDbEntity
  8
ENGRAVE
100
AcDbPolyline
 90
2
 70
0
 10
246.97893356643357
 20
172.4645104895105
 10
292.7443181818182
 20
172.4645104895105
  0
LWPOLYLINE
  5
155
330
17
100
AcDbEntity
  8
ENGRAVE
100
AcDbPolyline
 90
2
 70
0
 10
298.7943181818182
 20
172.4645104895105
 10
299.1693181818182
 20
172.4645104895105
  0
LWPOLYLINE
  5
156
330
17
100
AcDbEntity
  8
ENGRAVE
100
AcDbPolyline
 90
2
 70
0
 10
11.68750000000001
 20
55.539073426573424
 10
11.68750000000001
 20
55.914073426573424
  0
LWPOLYLINE
  5
157
330
17
100
AcDbEntity
  8
ENGRAVE
100
AcDbPolyline
 90
2
 70
0
 10
11.68750000000001
 20
61.96407342657342
 10
11.68750000000001
 20
67.18435314685316
  0
LWPOLYLINE
  5
158
330
17
100
AcDbEntity
  8
ENGRAVE
100
AcDbPolyline
 90
2
 70
0
 10
11.68750000000001
 20
70.45935314685315
 10
11.68750000000001
 20
70.83435314685315
  0
LWPOLYLINE
  5
159
330
17
100
AcDbEntity
  8
ENGRAVE
100
AcDbPolyline
 90
2
 70
0
 10
11.68750000000001
 20
76.88435314685314
 10
11.68750000000001
 20
81.8381993006993
  0
LWPOLYLINE
  5
15A
330
17
100
AcDbEntity
  8
ENGRAVE
100
AcDbPolyline
 90
2
 70
0
 10
11.68750000000001
 20
85.1131993006993
 10
11.68750000000001
 20
85.4881993006993
  0
LWPOLYLINE
  5
15B
330
17
100
AcDbEntity
  8
ENGRAVE
100
AcDbPolyline
 90
2
 70
0
 10
11.68750000000001
 20
91.5381993006993
 10
11.68750000000001
 20
93.0284090909091
  0
LWPOLYLINE
  5
15C
330
17
100
AcDbEntity
  8
ENGRAVE
100
AcDbPolyline
 90
2
 70
0
 10
11.68750000000001
 20
96.3034090909091
 10
11.68750000000001
 20
96.6784090909091
  0
LWPOLYLINE
  5
15D
330
17
100
AcDbEntity
  8
ENGRAVE
100
AcDbPolyline
 90
2
 70
0
 10
11.68750000000001
 20
102.7284090909091
 10
11.68750000000001
 20
108.2151223776224
  0
LWPOLYLINE
  5
15E
330
17
100
AcDbEntity
  8
ENGRAVE
100
AcDbPolyline
 90
2
 70
0
 10
11.68750000000001
 20
111.4901223776224
 10
11.68750000000001
 20
111.8651223776224
  0
LWPOLYLINE
  5
15F
330
17
100
AcDbEntity
  8
ENGRAVE
100
AcDbPolyline
 90
2
 70
0
 10
11.68750000000001
 20
117.9151223776224
 10
11.68750000000001
 20
155.34326923076924
  0
LWPOLYLINE
  5
160
330
17
100
AcDbEntity
  8
ENGRAVE
100
AcDbPolyline
 90
2
 70
0
 10
11.68750000000001
 20
161.39326923076922
 10
11.68750000000001
 20
161.76826923076922
  0
LWPOLYLINE
  5
161
330
17
100
AcDbEntity
  8
ENGRAVE
100
AcDbPolyline
 90
2
 70
0
 10
25.275611888111893
 20
71.73435314685315
 10
25.275611888111893
 20
80.5631993006993
  0
LWPOLYLINE
  5
162
330
17
100
AcDbEntity
  8
ENGRAVE
100
AcDbPolyline
 90
2
 70
0
 10
25.275611888111893
 20
87.18750000000003
 10
25.275611888111893
 20
91.75340909090909
  0
LWPOLYLINE
  5
163
330
17
100
AcDbEntity
  8
ENGRAVE
100
AcDbPolyline
 90
2
 70
0
 10
25.275611888111893
 20
96.3034090909091
 10
25.275611888111893
 20
101.7901223776224
  0
LWPOLYLINE
  5
164
330
17
100
AcDbEntity
  8
ENGRAVE
100
AcDbPolyline
 90
2
 70
0
 10
25.275611888111893
 20
107.8401223776224
 10
25.275611888111893
 20
108.2151223776224
  0
LWPOLYLINE
  5
165
330
17
100
AcDbEntity
  8
ENGRAVE
100
AcDbPolyline
 90
2
 70
0
 10
42.32736013986012
 20
55.539073426573424
 10
42.32736013986012
 20
55.914073426573424
  0
LWPOLYLINE
  5
166
330
17
100
AcDbEntity
  8
ENGRAVE
100
AcDbPolyline
 90
2
 70
0
 10
42.32736013986012
 20
61.96407342657342
 10
42.32736013986012
 20
67.18435314685316
  0
LWPOLYLINE
  5
167
330
17
100
AcDbEntity
  8
ENGRAVE
100
AcDbPolyline
 90
2
 70
0
 10
50.85323426573426
 20
97.9020104895105
 10
50.85323426573426
 20
98.2770104895105
  0
LWPOLYLINE
  5
168
330
17
100
AcDbEntity
  8
ENGRAVE
100
AcDbPolyline
 90
2
 70
0
 10
50.85323426573426
 20
104.3270104895105
 10
50.85323426573426
 20
108.2151223776224
  0
LWPOLYLINE
  5
169
330
17
100
AcDbEntity
  8
ENGRAVE
100
AcDbPolyline
 90
2
 70
0
 10
66.57281468531467
 20
97.9020104895105
 10
66.57281468531467
 20
98.2770104895105
  0
LWPOLYLINE
  5
16A
330
17
100
AcDbEntity
  8
ENGRAVE
100
AcDbPolyline
 90
2
 70
0
 10
66.57281468531467
 20
104.3270104895105
 10
66.57281468531467
 20
108.2151223776224
  0
LWPOLYLINE
  5
16B
330
17
100
AcDbEntity
  8
ENGRAVE
100
AcDbPolyline
 90
2
 70
0
 10
71.63505244755244
 20
55.539073426573424
 10
71.63505244755244
 20
55.914073426573424
  0
LWPOLYLINE
  5
16C
330
17
100
AcDbEntity
  8
ENGRAVE
100
AcDbPolyline
 90
2
 70
0
 10
71.63505244755244
 20
61.96407342657342
 10
71.63505244755244
 20
76.21250000000002
  0
LWPOLYLINE
  5
16D
330
17
100
AcDbEntity
  8
ENGRAVE
100
AcDbPolyline
 90
2
 70
0
 10
71.63505244755244
 20
82.26250000000002
 10
71.63505244755244
 20
82.63750000000002
  0
LWPOLYLINE
  5
16E
330
17
100
AcDbEntity
  8
ENGRAVE
100
AcDbPolyline
 90
2
 70
0
 10
88.42036713286713
 20
55.539073426573424
 10
88.42036713286713
 20
55.914073426573424
  0
LWPOLYLINE
  5
16F
330
17
100
AcDbEntity
  8
ENGRAVE
100
AcDbPolyline
 90
2
 70
0
 10
88.42036713286713
 20
61.96407342657342
 10
88.42036713286713
 20
70.38155594405596
  0
LWPOLYLINE
  5
170
330
17
100
AcDbEntity
  8
ENGRAVE
100
AcDbPolyline
 90
2
 70
0
 10
88.42036713286713
 20
73.65655594405595
 10
88.42036713286713
 20
74.03155594405595
  0
LWPOLYLINE
  5
171
330
17
100
AcDbEntity
  8
ENGRAVE
100
AcDbPolyline
 90
2
 70
0
 10
88.42036713286713
 20
79.06459790209792
 10
88.42036713286713
 20
80.23959790209791
  0
LWPOLYLINE
  5
172
330
17
100
AcDbEntity
  8
ENGRAVE
100
AcDbPolyline
 90
2
 70
0
 10
91.35113636363634
 20
97.9020104895105
 10
91.35113636363634
 20
98.2770104895105
  0
LWPOLYLINE
  5
173
330
17
100
AcDbEntity
  8
ENGRAVE
100
AcDbPolyline
 90
2
 70
0
 10
91.35113636363634
 20
104.3270104895105
 10
91.35113636363634
 20
108.2151223776224
  0
LWPOLYLINE
  5
174
330
17
100
AcDbEntity
  8
ENGRAVE
100
AcDbPolyline
 90
2
 70
0
 10
108.66931818181821
 20
48.5729020979021
 10
108.66931818181821
 20
48.9479020979021
  0
LWPOLYLINE
  5
175
330
17
100
AcDbEntity
  8
ENGRAVE
100
AcDbPolyline
 90
2
 70
0
 10
108.66931818181821
 20
54.9979020979021
 10
108.66931818181821
 20
75.67963286713288
  0
LWPOLYLINE
  5
176
330
17
100
AcDbEntity
  8
ENGRAVE
100
AcDbPolyline
 90
2
 70
0
 10
108.66931818181821
 20
81.72963286713288
 10
108.66931818181821
 20
82.10463286713288
  0
LWPOLYLINE
  5
177
330
17
100
AcDbEntity
  8
ENGRAVE
100
AcDbPolyline
 90
2
 70
0
 10
127.85253496503496
 20
50.21040209790209
 10
127.85253496503496
 20
50.58540209790209
  0
LWPOLYLINE
  5
178
330
17
100
AcDbEntity
  8
ENGRAVE
100
AcDbPolyline
 90
2
 70
0
 10
127.85253496503496
 20
56.63540209790209
 10
127.85253496503496
 20
76.21250000000002
  0
LWPOLYLINE
  5
179
330
17
100
AcDbEntity
  8
ENGRAVE
100
AcDbPolyline
 90
2
 70
0
 10
127.85253496503496
 20
82.26250000000002
 10
127.85253496503496
 20
82.63750000000002
  0
LWPOLYLINE
  5
17A
330
17
100
AcDbEntity
  8
ENGRAVE
100
AcDbPolyline
 90
2
 70
0
 10
162.4888986013986
 20
50.21040209790209
 10
162.4888986013986
 20
50.58540209790209
  0
LWPOLYLINE
  5
17B
330
17
100
AcDbEntity
  8
ENGRAVE
100
AcDbPolyline
 90
2
 70
0
 10
162.4888986013986
 20
56.63540209790209
 10
162.4888986013986
 20
76.21250000000002
  0
LWPOLYLINE
  5
17C
330
17
100
AcDbEntity
  8
ENGRAVE
100
AcDbPolyline
 90
2
 70
0
 10
162.4888986013986
 20
82.26250000000002
 10
162.4888986013986
 20
82.63750000000002
  0
LWPOLYLINE
  5
17D
330
17
100
AcDbEntity
  8
ENGRAVE
100
AcDbPolyline
 90
2
 70
0
 10
181.13924825174826
 20
17.17263986013986
 10
181.13924825174826
 20
17.54763986013986
  0
LWPOLYLINE
  5
17E
330
17
100
AcDbEntity
  8
ENGRAVE
100
AcDbPolyline
 90
2
 70
0
 10
181.13924825174826
 20
23.59763986013986
 10
181.13924825174826
 20
40.5104020979021
  0
LWPOLYLINE
  5
17F
330
17
100
AcDbEntity
  8
ENGRAVE
100
AcDbPolyline
 90
2
 70
0
 10
181.13924825174826
 20
46.5604020979021
 10
181.13924825174826
 20
46.9354020979021
  0
LWPOLYLINE
  5
180
330
17
100
AcDbEntity
  8
ENGRAVE
100
AcDbPolyline
 90
2
 70
0
 10
181.13924825174826
 20
50.21040209790209
 10
181.13924825174826
 20
55.71082167832168
  0
LWPOLYLINE
  5
181
330
17
100
AcDbEntity
  8
ENGRAVE
100
AcDbPolyline
 90
2
 70
0
 10
181.13924825174826
 20
61.760821678321676
 10
181.13924825174826
 20
76.21250000000002
  0
LWPOLYLINE
  5
182
330
17
100
AcDbEntity
  8
ENGRAVE
100
AcDbPolyline
 90
2
 70
0
 10
181.13924825174826
 20
82.26250000000002
 10
181.13924825174826
 20
82.63750000000002
  0
LWPOLYLINE
  5
183
330
17
100
AcDbEntity
  8
ENGRAVE
100
AcDbPolyline
 90
2
 70
0
 10
189.93155594405596
 20
48.07893356643356
 10
189.93155594405596
 20
48.45393356643356
  0
LWPOLYLINE
  5
184
330
17
100
AcDbEntity
  8
ENGRAVE
100
AcDbPolyline
 90
2
 70
0
 10
189.93155594405596
 20
52.687674825174824
 10
189.93155594405596
 20
53.86267482517482
  0
LWPOLYLINE
  5
185
330
17
100
AcDbEntity
  8
ENGRAVE
100
AcDbPolyline
 90
2
 70
0
 10
189.93155594405596
 20
58.41267482517482
 10
189.93155594405596
 20
63.2450174825175
  0
LWPOLYLINE
  5
186
330
17
100
AcDbEntity
  8
ENGRAVE
100
AcDbPolyline
 90
2
 70
0
 10
200.5888986013986
 20
17.17263986013986
 10
200.5888986013986
 20
17.54763986013986
  0
LWPOLYLINE
  5
187
330
17
100
AcDbEntity
  8
ENGRAVE
100
AcDbPolyline
 90
2
 70
0
 10
200.5888986013986
 20
23.59763986013986
 10
200.5888986013986
 20
35.448164335664345
  0
LWPOLYLINE
  5
188
330
17
100
AcDbEntity
  8
ENGRAVE
100
AcDbPolyline
 90
2
 70
0
 10
200.5888986013986
 20
41.49816433566434
 10
200.5888986013986
 20
41.87316433566434
  0
LWPOLYLINE
  5
189
330
17
100
AcDbEntity
  8
ENGRAVE
100
AcDbPolyline
 90
2
 70
0
 10
200.5888986013986
 20
48.07893356643356
 10
200.5888986013986
 20
48.45393356643356
  0
LWPOLYLINE
  5
18A
330
17
100
AcDbEntity
  8
ENGRAVE
100
AcDbPolyline
 90
2
 70
0
 10
200.5888986013986
 20
52.687674825174824
 10
200.5888986013986
 20
53.86267482517482
  0
LWPOLYLINE
  5
18B
330
17
100
AcDbEntity
  8
ENGRAVE
100
AcDbPolyline
 90
2
 70
0
 10
200.5888986013986
 20
57.13767482517481
 10
200.5888986013986
 20
57.51267482517481
  0
LWPOLYLINE
  5
18C
330
17
100
AcDbEntity
  8
ENGRAVE
100
AcDbPolyline
 90
2
 70
0
 10
200.5888986013986
 20
63.34501748251749
 10
200.5888986013986
 20
64.52001748251749
  0
LWPOLYLINE
  5
18D
330
17
100
AcDbEntity
  8
ENGRAVE
100
AcDbPolyline
 90
2
 70
0
 10
218.9728146853147
 20
45.14816433566433
 10
218.9728146853147
 20
50.237609265734264
  0
LWPOLYLINE
  5
18E
330
17
100
AcDbEntity
  8
ENGRAVE
100
AcDbPolyline
 90
2
 70
0
 10
218.9728146853147
 20
56.287609265734275
 10
218.9728146853147
 20
64.52001748251749
  0
LWPOLYLINE
  5
18F
330
17
100
AcDbEntity
  8
ENGRAVE
100
AcDbPolyline
 90
2
 70
0
 10
239.4881993006993
 20
20.636276223776225
 10
239.4881993006993
 20
21.011276223776225
  0
LWPOLYLINE
  5
190
330
17
100
AcDbEntity
  8
ENGRAVE
100
AcDbPolyline
 90
2
 70
0
 10
239.4881993006993
 20
27.061276223776225
 10
239.4881993006993
 20
58.09501748251749
  0
LWPOLYLINE
  5
191
330
17
100
AcDbEntity
  8
ENGRAVE
100
AcDbPolyline
 90
2
 70
0
 10
239.4881993006993
 20
64.14501748251749
 10
239.4881993006993
 20
64.52001748251749
  0
LWPOLYLINE
  5
192
330
17
100
AcDbEntity
  8
ENGRAVE
100
AcDbPolyline
 90
2
 70
0
 10
300.23505244755245
 20
20.636276223776225
 10
300.23505244755245
 20
21.011276223776225
  0
LWPOLYLINE
  5
193
330
17
100
AcDbEntity
  8
ENGRAVE
100
AcDbPolyline
 90
2
 70
0
 10
300.23505244755245
 20
27.061276223776225
 10
300.23505244755245
 20
62.929720279720286
  0
LWPOLYLINE
  5
194
330
17
100
AcDbEntity
  8
ENGRAVE
100
AcDbPolyline
 90
2
 70
0
 10
300.23505244755245
 20
68.97972027972028
 10
300.23505244755245
 20
69.35472027972028
  0
LWPOLYLINE
  5
195
330
17
100
AcDbEntity
  8
ENGRAVE
100
AcDbPolyline
 90
2
 70
0
 10
300.23505244755245
 20
73.29405594405596
 10
300.23505244755245
 20
83.0
  0
LWPOLYLINE
  5
196
330
17
100
AcDbEntity
  8
ENGRAVE
100
AcDbPolyline
 90
2
 70
0
 10
300.23505244755245
 20
85.34073426573427
 10
300.23505244755245
 20
85.71573426573427
  0
LWPOLYLINE
  5
197
330
17
100
AcDbEntity
  8
ENGRAVE
100
AcDbPolyline
 90
2
 70
0
 10
300.23505244755245
 20
91.76573426573427
 10
300.23505244755245
 20
164.40201048951047
  0
LWPOLYLINE
  5
198
330
17
100
AcDbEntity
  8
ENGRAVE
100
AcDbPolyline
 90
2
 70
0
 10
300.23505244755245
 20
170.45201048951049
 10
300.23505244755245
 20
170.82701048951049
  0
LWPOLYLINE
  5
199
330
17
100
AcDbEntity
  8
ENGRAVE
100
AcDbPolyline
 90
2
 70
0
 10
49.721999999999994
 20
277.42104195804194
 10
46.721999999999994
 20
277.42104195804194
  0
LWPOLYLINE
  5
19A
330
17
100
AcDbEntity
  8
ENGRAVE
100
AcDbPolyline
 90
2
 70
0
 10
49.721999999999994
 20
287.2790839160839
 10
46.721999999999994
 20
287.2790839160839
  0
LWPOLYLINE
  5
19B
330
17
100
AcDbEntity
  8
ENGRAVE
100
AcDbPolyline
 90
2
 70
0
 10
551.751273111705
 20
40.567328671328674
 10
548.751273111705
 20
40.567328671328674
  0
LWPOLYLINE
  5
19C
330
17
100
AcDbEntity
  8
ENGRAVE
100
AcDbPolyline
 90
2
 70
0
 10
551.751273111705
 20
48.95998601398602
 10
548.751273111705
 20
48.95998601398602
  0
LWPOLYLINE
  5
19D
330
17
100
AcDbEntity
  8
ENGRAVE
100
AcDbPolyline
 90
2
 70
0
 10
533.296294090726
 20
87.131
 10
533.296294090726
 20
90.131
  0
LWPOLYLINE
  5
19E
330
17
100
AcDbEntity
  8
ENGRAVE
100
AcDbPolyline
 90
2
 70
0
 10
543.154336048768
 20
87.131
 10
543.154336048768
 20
90.131
  0
LWPOLYLINE
  5
19F
330
17
100
AcDbEntity
  8
ENGRAVE
100
AcDbPolyline
 90
2
 70
0
 10
589.0374829019149
 20
40.546
 10
589.0374829019149
 20
43.546
  0
LWPOLYLINE
  5
1A0
330
17
100
AcDbEntity
  8
ENGRAVE
100
AcDbPolyline
 90
2
 70
0
 10
592.3679024823344
 20
40.546
 10
592.3679024823344
 20
43.546
  0
LWPOLYLINE
  5
1A2
330
17
100
AcDbEntity
  8
LABELS
100
AcDbPolyline
 90
2
 70
0
 10
145.117278349708
 20
97.5596867791894
 10
146.767278349708
 20
97.5596867791894
  0
LWPOLYLINE
  5
1A3
330
17
100
AcDbEntity
  8
LABELS
100
AcDbPolyline
 90
2
 70
0
 10
146.767278349708
 20
97.5596867791894
 10
146.767278349708
 20
96.0596867791894
  0
LWPOLYLINE
  5
1A4
330
17
100
AcDbEntity
  8
LABELS
100
AcDbPolyline
 90
2
 70
0
 10
145.117278349708
 20
96.0596867791894
 10
146.767278349708
 20
96.0596867791894
  0
LWPOLYLINE
  5
1A5
330
17
100
AcDbEntity
  8
LABELS
100
AcDbPolyline
 90
2
 70
0
 10
145.117278349708
 20
96.0596867791894
 10
145.117278349708
 20
94.5596867791894
  0
LWPOLYLINE
  5
1A6
330
17
100
AcDbEntity
  8
LABELS
100
AcDbPolyline
 90
2
 70
0
 10
145.117278349708
 20
94.5596867791894
 10
146.767278349708
 20
94.5596867791894
  0
LWPOLYLINE
  5
1A7
330
17
100
AcDbEntity
  8
LABELS
100
AcDbPolyline
 90
2
 70
0
 10
186.43424825174827
 20
19.38513986013986
 10
187.36924825174827
 20
19.38513986013986
  0
LWPOLYLINE
  5
1A8
330
17
100
AcDbEntity
  8
LABELS
100
AcDbPolyline
 90
2
 70
0
 10
187.36924825174827
 20
19.38513986013986
 10
187.36924825174827
 20
18.53513986013986
  0
LWPOLYLINE
  5
1A9
330
17
100
AcDbEntity
  8
LABELS
100
AcDbPolyline
 90
2
 70
0
 10
187.36924825174827
 20
18.53513986013986
 10
187.36924825174827
 20
17.68513986013986
  0
LWPOLYLINE
  5
1AA
330
17
100
AcDbEntity
  8
LABELS
100
AcDbPolyline
 90
2
 70
0
 10
186.43424825174827
 20
17.68513986013986
 10
187.36924825174827
 20
17.68513986013986
  0
LWPOLYLINE
  5
1AB
330
17
100
AcDbEntity
  8
LABELS
100
AcDbPolyline
 90
2
 70
0
 10
186.43424825174827
 20
18.53513986013986
 10
186.43424825174827
 20
17.68513986013986
  0
LWPOLYLINE
  5
1AC
330
17
100
AcDbEntity
  8
LABELS
100
AcDbPolyline
 90
2
 70
0
 10
186.43424825174827
 20
19.38513986013986
 10
186.43424825174827
 20
18.53513986013986
  0
LWPOLYLINE
  5
1AD
330
17
100
AcDbEntity
  8
LABELS
100
AcDbPolyline
 90
2
 70
0
 10
186.43424825174827
 20
18.53513986013986
 10
187.36924825174827
 20
18.53513986013986
  0
LWPOLYLINE
  5
1AE
330
17
100
AcDbEntity
  8
LABELS
100
AcDbPolyline
 90
2
 70
0
 10
187.70924825174825
 20
19.38513986013986
 10
188.64424825174825
 20
19.38513986013986
  0
LWPOLYLINE
  5
1AF
330
17
100
AcDbEntity
  8
LABELS
100
AcDbPolyline
 90
2
 70
0
 10
188.64424825174825
 20
19.38513986013986
 10
188.64424825174825
 20
18.53513986013986
  0
LWPOLYLINE
  5
1B0
330
17
100
AcDbEntity
  8
LABELS
100
AcDbPolyline
 90
2
 70
0
 10
188.64424825174825
 20
18.53513986013986
 10
188.64424825174825
 20
17.68513986013986
  0
LWPOLYLINE
  5
1B1
330
17
100
AcDbEntity
  8
LABELS
100
AcDbPolyline
 90
2
 70
0
 10
187.70924825174825
 20
17.68513986013986
 10
188.64424825174825
 20
17.68513986013986
  0
LWPOLYLINE
  5
1B2
330
17
100
AcDbEntity
  8
LABELS
100
AcDbPolyline
 90
2
 70
0
 10
187.70924825174825
 20
18.53513986013986
 10
187.70924825174825
 20
17.68513986013986
  0
LWPOLYLINE
  5
1B3
330
17
100
AcDbEntity
  8
LABELS
100
AcDbPolyline
 90
2
 70
0
 10
187.70924825174825
 20
19.38513986013986
 10
187.70924825174825
 20
18.53513986013986
  0
LWPOLYLINE
  5
1B4
330
17
100
AcDbEntity
  8
LABELS
100
AcDbPolyline
 90
2
 70
0
 10
245.84893356643357
 20
16.848776223776227
 10
246.78393356643357
 20
16.848776223776227
  0
LWPOLYLINE
  5
1B5
330
17
100
AcDbEntity
  8
LABELS
100
AcDbPolyline
 90
2
 70
0
 10
246.78393356643357
 20
16.848776223776227
 10
246.78393356643357
 20
15.998776223776225
  0
LWPOLYLINE
  5
1B6
330
17
100
AcDbEntity
  8
LABELS
100
AcDbPolyline
 90
2
 70
0
 10
246.78393356643357
 20
15.998776223776225
 10
246.78393356643357
 20
15.148776223776224
  0
LWPOLYLINE
  5
1B7
330
17
100
AcDbEntity
  8
LABELS
100
AcDbPolyline
 90
2
 70
0
 10
245.84893356643357
 20
15.148776223776224
 10
246.78393356643357
 20
15.148776223776224
  0
LWPOLYLINE
  5
1B8
330
17
100
AcDbEntity
  8
LABELS
100
AcDbPolyline
 90
2
 70
0
 10
245.84893356643357
 20
15.998776223776225
 10
245.84893356643357
 20
15.148776223776224
  0
LWPOLYLINE
  5
1B9
330
17
100
AcDbEntity
  8
LABELS
100
AcDbPolyline
 90
2
 70
0
 10
245.84893356643357
 20
16.848776223776227
 10
245.84893356643357
 20
15.998776223776225
  0
LWPOLYLINE
  5
1BA
330
17
100
AcDbEntity
  8
LABELS
100
AcDbPolyline
 90
2
 70
0
 10
245.84893356643357
 20
15.998776223776225
 10
246.78393356643357
 20
15.998776223776225
  0
LWPOLYLINE
  5
1BB
330
17
100
AcDbEntity
  8
LABELS
100
AcDbPolyline
 90
2
 70
0
 10
248.05893356643358
 20
16.848776223776227
 10
248.05893356643358
 20
15.998776223776225
  0
LWPOLYLINE
  5
1BC
330
17
100
AcDbEntity
  8
LABELS
100
AcDbPolyline
 90
2
 70
0
 10
248.05893356643358
 20
15.998776223776225
 10
248.05893356643358
 20
15.148776223776224
  0
LWPOLYLINE
  5
1BD
330
17
100
AcDbEntity
  8
LABELS
100
AcDbPolyline
 90
2
 70
0
 10
205.88389860139858
 20
47.36066433566434
 10
206.8188986013986
 20
47.36066433566434
  0
LWPOLYLINE
  5
1BE
330
17
100
AcDbEntity
  8
LABELS
100
AcDbPolyline
 90
2
 70
0
 10
206.8188986013986
 20
47.36066433566434
 10
206.8188986013986
 20
46.51066433566433
  0
LWPOLYLINE
  5
1BF
330
17
100
AcDbEntity
  8
LABELS
100
AcDbPolyline
 90
2
 70
0
 10
206.8188986013986
 20
46.51066433566433
 10
206.8188986013986
 20
45.660664335664336
  0
LWPOLYLINE
  5
1C0
330
17
100
AcDbEntity
  8
LABELS
100
AcDbPolyline
 90
2
 70
0
 10
205.88389860139858
 20
45.660664335664336
 10
206.8188986013986
 20
45.660664335664336
  0
LWPOLYLINE
  5
1C1
330
17
100
AcDbEntity
  8
LABELS
100
AcDbPolyline
 90
2
 70
0
 10
205.88389860139858
 20
46.51066433566433
 10
205.88389860139858
 20
45.660664335664336
  0
LWPOLYLINE
  5
1C2
330
17
100
AcDbEntity
  8
LABELS
100
AcDbPolyline
 90
2
 70
0
 10
205.88389860139858
 20
47.36066433566434
 10
205.88389860139858
 20
46.51066433566433
  0
LWPOLYLINE
  5
1C3
330
17
100
AcDbEntity
  8
LABELS
100
AcDbPolyline
 90
2
 70
0
 10
205.88389860139858
 20
46.51066433566433
 10
206.8188986013986
 20
46.51066433566433
  0
LWPOLYLINE
  5
1C4
330
17
100
AcDbEntity
  8
LABELS
100
AcDbPolyline
 90
2
 70
0
 10
207.1588986013986
 20
47.36066433566434
 10
208.0938986013986
 20
47.36066433566434
  0
LWPOLYLINE
  5
1C5
330
17
100
AcDbEntity
  8
LABELS
100
AcDbPolyline
 90
2
 70
0
 10
208.0938986013986
 20
47.36066433566434
 10
208.0938986013986
 20
46.51066433566433
  0
LWPOLYLINE
  5
1C6
330
17
100
AcDbEntity
  8
LABELS
100
AcDbPolyline
 90
2
 70
0
 10
207.1588986013986
 20
46.51066433566433
 10
208.0938986013986
 20
46.51066433566433
  0
LWPOLYLINE
  5
1C7
330
17
100
AcDbEntity
  8
LABELS
100
AcDbPolyline
 90
2
 70
0
 10
207.1588986013986
 20
46.51066433566433
 10
207.1588986013986
 20
45.660664335664336
  0
LWPOLYLINE
  5
1C8
330
17
100
AcDbEntity
  8
LABELS
100
AcDbPolyline
 90
2
 70
0
 10
207.1588986013986
 20
45.660664335664336
 10
208.0938986013986
 20
45.660664335664336
  0
LWPOLYLINE
  5
1C9
330
17
100
AcDbEntity
  8
LABELS
100
AcDbPolyline
 90
2
 70
0
 10
195.22655594405595
 20
50.29143356643357
 10
196.16155594405595
 20
50.29143356643357
  0
LWPOLYLINE
  5
1CA
330
17
100
AcDbEntity
  8
LABELS
100
AcDbPolyline
 90
2
 70
0
 10
196.16155594405595
 20
50.29143356643357
 10
196.16155594405595
 20
49.44143356643356
  0
LWPOLYLINE
  5
1CB
330
17
100
AcDbEntity
  8
LABELS
100
AcDbPolyline
 90
2
 70
0
 10
196.16155594405595
 20
49.44143356643356
 10
196.16155594405595
 20
48.591433566433565
  0
LWPOLYLINE
  5
1CC
330
17
100
AcDbEntity
  8
LABELS
100
AcDbPolyline
 90
2
 70
0
 10
195.22655594405595
 20
48.591433566433565
 10
196.16155594405595
 20
48.591433566433565
  0
LWPOLYLINE
  5
1CD
330
17
100
AcDbEntity
  8
LABELS
100
AcDbPolyline
 90
2
 70
0
 10
195.22655594405595
 20
49.44143356643356
 10
195.22655594405595
 20
48.591433566433565
  0
LWPOLYLINE
  5
1CE
330
17
100
AcDbEntity
  8
LABELS
100
AcDbPolyline
 90
2
 70
0
 10
195.22655594405595
 20
50.29143356643357
 10
195.22655594405595
 20
49.44143356643356
  0
LWPOLYLINE
  5
1CF
330
17
100
AcDbEntity
  8
LABELS
100
AcDbPolyline
 90
2
 70
0
 10
195.22655594405595
 20
49.44143356643356
 10
196.16155594405595
 20
49.44143356643356
  0
LWPOLYLINE
  5
1D0
330
17
100
AcDbEntity
  8
LABELS
100
AcDbPolyline
 90
2
 70
0
 10
196.50155594405595
 20
50.29143356643357
 10
197.43655594405595
 20
50.29143356643357
  0
LWPOLYLINE
  5
1D1
330
17
100
AcDbEntity
  8
LABELS
100
AcDbPolyline
 90
2
 70
0
 10
197.43655594405595
 20
50.29143356643357
 10
197.43655594405595
 20
49.44143356643356
  0
LWPOLYLINE
  5
1D2
330
17
100
AcDbEntity
  8
LABELS
100
AcDbPolyline
 90
2
 70
0
 10
196.50155594405595
 20
49.44143356643356
 10
197.43655594405595
 20
49.44143356643356
  0
LWPOLYLINE
  5
1D3
330
17
100
AcDbEntity
  8
LABELS
100
AcDbPolyline
 90
2
 70
0
 10
197.43655594405595
 20
49.44143356643356
 10
197.43655594405595
 20
48.591433566433565
  0
LWPOLYLINE
  5
1D4
330
17
100
AcDbEntity
  8
LABELS
100
AcDbPolyline
 90
2
 70
0
 10
196.50155594405595
 20
48.591433566433565
 10
197.43655594405595
 20
48.591433566433565
  0
LWPOLYLINE
  5
1D5
330
17
100
AcDbEntity
  8
LABELS
100
AcDbPolyline
 90
2
 70
0
 10
116.36222027972029
 20
52.422902097902096
 10
117.29722027972029
 20
52.422902097902096
  0
LWPOLYLINE
  5
1D6
330
17
100
AcDbEntity
  8
LABELS
100
AcDbPolyline
 90
2
 70
0
 10
117.29722027972029
 20
52.422902097902096
 10
117.29722027972029
 20
51.5729020979021
  0
LWPOLYLINE
  5
1D7
330
17
100
AcDbEntity
  8
LABELS
100
AcDbPolyline
 90
2
 70
0
 10
117.29722027972029
 20
51.5729020979021
 10
117.29722027972029
 20
50.72290209790209
  0
LWPOLYLINE
  5
1D8
330
17
100
AcDbEntity
  8
LABELS
100
AcDbPolyline
 90
2
 70
0
 10
116.36222027972029
 20
50.72290209790209
 10
117.29722027972029
 20
50.72290209790209
  0
LWPOLYLINE
  5
1D9
330
17
100
AcDbEntity
  8
LABELS
100
AcDbPolyline
 90
2
 70
0
 10
116.36222027972029
 20
51.5729020979021
 10
116.36222027972029
 20
50.72290209790209
  0
LWPOLYLINE
  5
1DA
330
17
100
AcDbEntity
  8
LABELS
100
AcDbPolyline
 90
2
 70
0
 10
116.36222027972029
 20
52.422902097902096
 10
116.36222027972029
 20
51.5729020979021
  0
LWPOLYLINE
  5
1DB
330
17
100
AcDbEntity
  8
LABELS
100
AcDbPolyline
 90
2
 70
0
 10
116.36222027972029
 20
51.5729020979021
 10
117.29722027972029
 20
51.5729020979021
  0
LWPOLYLINE
  5
1DC
330
17
100
AcDbEntity
  8
LABELS
100
AcDbPolyline
 90
2
 70
0
 10
117.6372202797203
 20
52.422902097902096
 10
117.6372202797203
 20
51.5729020979021
  0
LWPOLYLINE
  5
1DD
330
17
100
AcDbEntity
  8
LABELS
100
AcDbPolyline
 90
2
 70
0
 10
117.6372202797203
 20
51.5729020979021
 10
118.5722202797203
 20
51.5729020979021
  0
LWPOLYLINE
  5
1DE
330
17
100
AcDbEntity
  8
LABELS
100
AcDbPolyline
 90
2
 70
0
 10
118.5722202797203
 20
52.422902097902096
 10
118.5722202797203
 20
51.5729020979021
  0
LWPOLYLINE
  5
1DF
330
17
100
AcDbEntity
  8
LABELS
100
AcDbPolyline
 90
2
 70
0
 10
118.5722202797203
 20
51.5729020979021
 10
118.5722202797203
 20
50.72290209790209
  0
LWPOLYLINE
  5
1E0
330
17
100
AcDbEntity
  8
LABELS
100
AcDbPolyline
 90
2
 70
0
 10
16.982500000000027
 20
57.751573426573444
 10
17.91750000000003
 20
57.751573426573444
  0
LWPOLYLINE
  5
1E1
330
17
100
AcDbEntity
  8
LABELS
100
AcDbPolyline
 90
2
 70
0
 10
17.91750000000003
 20
57.751573426573444
 10
17.91750000000003
 20
56.901573426573435
  0
LWPOLYLINE
  5
1E2
330
17
100
AcDbEntity
  8
LABELS
100
AcDbPolyline
 90
2
 70
0
 10
17.91750000000003
 20
56.901573426573435
 10
17.91750000000003
 20
56.05157342657344
  0
LWPOLYLINE
  5
1E3
330
17
100
AcDbEntity
  8
LABELS
100
AcDbPolyline
 90
2
 70
0
 10
16.982500000000027
 20
56.05157342657344
 10
17.91750000000003
 20
56.05157342657344
  0
LWPOLYLINE
  5
1E4
330
17
100
AcDbEntity
  8
LABELS
100
AcDbPolyline
 90
2
 70
0
 10
16.982500000000027
 20
56.901573426573435
 10
16.982500000000027
 20
56.05157342657344
  0
LWPOLYLINE
  5
1E5
330
17
100
AcDbEntity
  8
LABELS
100
AcDbPolyline
 90
2
 70
0
 10
16.982500000000027
 20
57.751573426573444
 10
16.982500000000027
 20
56.901573426573435
  0
LWPOLYLINE
  5
1E6
330
17
100
AcDbEntity
  8
LABELS
100
AcDbPolyline
 90
2
 70
0
 10
16.982500000000027
 20
56.901573426573435
 10
17.91750000000003
 20
56.901573426573435
  0
LWPOLYLINE
  5
1E7
330
17
100
AcDbEntity
  8
LABELS
100
AcDbPolyline
 90
2
 70
0
 10
18.257500000000032
 20
57.751573426573444
 10
19.192500000000035
 20
57.751573426573444
  0
LWPOLYLINE
  5
1E8
330
17
100
AcDbEntity
  8
LABELS
100
AcDbPolyline
 90
2
 70
0
 10
18.257500000000032
 20
57.751573426573444
 10
18.257500000000032
 20
56.901573426573435
  0
LWPOLYLINE
  5
1E9
330
17
100
AcDbEntity
  8
LABELS
100
AcDbPolyline
 90
2
 70
0
 10
18.257500000000032
 20
56.901573426573435
 10
19.192500000000035
 20
56.901573426573435
  0
LWPOLYLINE
  5
1EA
330
17
100
AcDbEntity
  8
LABELS
100
AcDbPolyline
 90
2
 70
0
 10
19.192500000000035
 20
56.901573426573435
 10
19.192500000000035
 20
56.05157342657344
  0
LWPOLYLINE
  5
1EB
330
17
100
AcDbEntity
  8
LABELS
100
AcDbPolyline
 90
2
 70
0
 10
18.257500000000032
 20
56.05157342657344
 10
19.192500000000035
 20
56.05157342657344
  0
LWPOLYLINE
  5
1EC
330
17
100
AcDbEntity
  8
LABELS
100
AcDbPolyline
 90
2
 70
0
 10
82.06152097902101
 20
54.751573426573444
 10
82.99652097902101
 20
54.751573426573444
  0
LWPOLYLINE
  5
1ED
330
17
100
AcDbEntity
  8
LABELS
100
AcDbPolyline
 90
2
 70
0
 10
82.99652097902101
 20
54.751573426573444
 10
82.99652097902101
 20
53.901573426573435
  0
LWPOLYLINE
  5
1EE
330
17
100
AcDbEntity
  8
LABELS
100
AcDbPolyline
 90
2
 70
0
 10
82.99652097902101
 20
53.901573426573435
 10
82.99652097902101
 20
53.05157342657344
  0
LWPOLYLINE
  5
1EF
330
17
100
AcDbEntity
  8
LABELS
100
AcDbPolyline
 90
2
 70
0
 10
82.06152097902101
 20
53.05157342657344
 10
82.99652097902101
 20
53.05157342657344
  0
LWPOLYLINE
  5
1F0
330
17
100
AcDbEntity
  8
LABELS
100
AcDbPolyline
 90
2
 70
0
 10
82.06152097902101
 20
53.901573426573435
 10
82.06152097902101
 20
53.05157342657344
  0
LWPOLYLINE
  5
1F1
330
17
100
AcDbEntity
  8
LABELS
100
AcDbPolyline
 90
2
 70
0
 10
82.06152097902101
 20
54.751573426573444
 10
82.06152097902101
 20
53.901573426573435
  0
LWPOLYLINE
  5
1F2
330
17
100
AcDbEntity
  8
LABELS
100
AcDbPolyline
 90
2
 70
0
 10
82.06152097902101
 20
53.901573426573435
 10
82.99652097902101
 20
53.901573426573435
  0
LWPOLYLINE
  5
1F3
330
17
100
AcDbEntity
  8
LABELS
100
AcDbPolyline
 90
2
 70
0
 10
83.33652097902102
 20
54.751573426573444
 10
84.27152097902102
 20
54.751573426573444
  0
LWPOLYLINE
  5
1F4
330
17
100
AcDbEntity
  8
LABELS
100
AcDbPolyline
 90
2
 70
0
 10
83.33652097902102
 20
54.751573426573444
 10
83.33652097902102
 20
53.901573426573435
  0
LWPOLYLINE
  5
1F5
330
17
100
AcDbEntity
  8
LABELS
100
AcDbPolyline
 90
2
 70
0
 10
83.33652097902102
 20
53.901573426573435
 10
84.27152097902102
 20
53.901573426573435
  0
LWPOLYLINE
  5
1F6
330
17
100
AcDbEntity
  8
LABELS
100
AcDbPolyline
 90
2
 70
0
 10
83.33652097902102
 20
53.901573426573435
 10
83.33652097902102
 20
53.05157342657344
  0
LWPOLYLINE
  5
1F7
330
17
100
AcDbEntity
  8
LABELS
100
AcDbPolyline
 90
2
 70
0
 10
84.27152097902102
 20
53.901573426573435
 10
84.27152097902102
 20
53.05157342657344
  0
LWPOLYLINE
  5
1F8
330
17
100
AcDbEntity
  8
LABELS
100
AcDbPolyline
 90
2
 70
0
 10
83.33652097902102
 20
53.05157342657344
 10
84.27152097902102
 20
53.05157342657344
  0
LWPOLYLINE
  5
1F9
330
17
100
AcDbEntity
  8
LABELS
100
AcDbPolyline
 90
2
 70
0
 10
95.04753496503498
 20
57.751573426573444
 10
95.98253496503499
 20
57.751573426573444
  0
LWPOLYLINE
  5
1FA
330
17
100
AcDbEntity
  8
LABELS
100
AcDbPolyline
 90
2
 70
0
 10
95.98253496503499
 20
57.751573426573444
 10
95.98253496503499
 20
56.901573426573435
  0
LWPOLYLINE
  5
1FB
330
17
100
AcDbEntity
  8
LABELS
100
AcDbPolyline
 90
2
 70
0
 10
95.98253496503499
 20
56.901573426573435
 10
95.98253496503499
 20
56.05157342657344
  0
LWPOLYLINE
  5
1FC
330
17
100
AcDbEntity
  8
LABELS
100
AcDbPolyline
 90
2
 70
0
 10
95.04753496503498
 20
56.05157342657344
 10
95.98253496503499
 20
56.05157342657344
  0
LWPOLYLINE
  5
1FD
330
17
100
AcDbEntity
  8
LABELS
100
AcDbPolyline
 90
2
 70
0
 10
95.04753496503498
 20
56.901573426573435
 10
95.04753496503498
 20
56.05157342657344
  0
LWPOLYLINE
  5
1FE
330
17
100
AcDbEntity
  8
LABELS
100
AcDbPolyline
 90
2
 70
0
 10
95.04753496503498
 20
57.751573426573444
 10
95.04753496503498
 20
56.901573426573435
  0
LWPOLYLINE
  5
1FF
330
17
100
AcDbEntity
  8
LABELS
100
AcDbPolyline
 90
2
 70
0
 10
95.04753496503498
 20
56.901573426573435
 10
95.98253496503499
 20
56.901573426573435
  0
LWPOLYLINE
  5
200
330
17
100
AcDbEntity
  8
LABELS
100
AcDbPolyline
 90
2
 70
0
 10
96.32253496503499
 20
57.751573426573444
 10
97.25753496503499
 20
57.751573426573444
  0
LWPOLYLINE
  5
201
330
17
100
AcDbEntity
  8
LABELS
100
AcDbPolyline
 90
2
 70
0
 10
97.25753496503499
 20
57.751573426573444
 10
97.25753496503499
 20
56.901573426573435
  0
LWPOLYLINE
  5
202
330
17
100
AcDbEntity
  8
LABELS
100
AcDbPolyline
 90
2
 70
0
 10
97.25753496503499
 20
56.901573426573435
 10
97.25753496503499
 20
56.05157342657344
  0
LWPOLYLINE
  5
203
330
17
100
AcDbEntity
  8
LABELS
100
AcDbPolyline
 90
2
 70
0
 10
195.22655594405595
 20
59.35017482517482
 10
196.16155594405595
 20
59.35017482517482
  0
LWPOLYLINE
  5
204
330
17
100
AcDbEntity
  8
LABELS
100
AcDbPolyline
 90
2
 70
0
 10
196.16155594405595
 20
59.35017482517482
 10
196.16155594405595
 20
58.500174825174824
  0
LWPOLYLINE
  5
205
330
17
100
AcDbEntity
  8
LABELS
100
AcDbPolyline
 90
2
 70
0
 10
196.16155594405595
 20
58.500174825174824
 10
196.16155594405595
 20
57.650174825174815
  0
LWPOLYLINE
  5
206
330
17
100
AcDbEntity
  8
LABELS
100
AcDbPolyline
 90
2
 70
0
 10
195.22655594405595
 20
57.650174825174815
 10
196.16155594405595
 20
57.650174825174815
  0
LWPOLYLINE
  5
207
330
17
100
AcDbEntity
  8
LABELS
100
AcDbPolyline
 90
2
 70
0
 10
195.22655594405595
 20
58.500174825174824
 10
195.22655594405595
 20
57.650174825174815
  0
LWPOLYLINE
  5
208
330
17
100
AcDbEntity
  8
LABELS
100
AcDbPolyline
 90
2
 70
0
 10
195.22655594405595
 20
59.35017482517482
 10
195.22655594405595
 20
58.500174825174824
  0
LWPOLYLINE
  5
209
330
17
100
AcDbEntity
  8
LABELS
100
AcDbPolyline
 90
2
 70
0
 10
195.22655594405595
 20
58.500174825174824
 10
196.16155594405595
 20
58.500174825174824
  0
LWPOLYLINE
  5
20A
330
17
100
AcDbEntity
  8
LABELS
100
AcDbPolyline
 90
2
 70
0
 10
196.50155594405595
 20
59.35017482517482
 10
197.43655594405595
 20
59.35017482517482
  0
LWPOLYLINE
  5
20B
330
17
100
AcDbEntity
  8
LABELS
100
AcDbPolyline
 90
2
 70
0
 10
197.43655594405595
 20
59.35017482517482
 10
197.43655594405595
 20
58.500174825174824
  0
LWPOLYLINE
  5
20C
330
17
100
AcDbEntity
  8
LABELS
100
AcDbPolyline
 90
2
 70
0
 10
197.43655594405595
 20
58.500174825174824
 10
197.43655594405595
 20
57.650174825174815
  0
LWPOLYLINE
  5
20D
330
17
100
AcDbEntity
  8
LABELS
100
AcDbPolyline
 90
2
 70
0
 10
196.50155594405595
 20
57.650174825174815
 10
197.43655594405595
 20
57.650174825174815
  0
LWPOLYLINE
  5
20E
330
17
100
AcDbEntity
  8
LABELS
100
AcDbPolyline
 90
2
 70
0
 10
196.50155594405595
 20
58.500174825174824
 10
196.50155594405595
 20
57.650174825174815
  0
LWPOLYLINE
  5
20F
330
17
100
AcDbEntity
  8
LABELS
100
AcDbPolyline
 90
2
 70
0
 10
196.50155594405595
 20
59.35017482517482
 10
196.50155594405595
 20
58.500174825174824
  0
LWPOLYLINE
  5
210
330
17
100
AcDbEntity
  8
LABELS
100
AcDbPolyline
 90
2
 70
0
 10
196.50155594405595
 20
58.500174825174824
 10
197.43655594405595
 20
58.500174825174824
  0
LWPOLYLINE
  5
211
330
17
100
AcDbEntity
  8
LABELS
100
AcDbPolyline
 90
2
 70
0
 10
195.22655594405595
 20
70.00751748251749
 10
196.16155594405595
 20
70.00751748251749
  0
LWPOLYLINE
  5
212
330
17
100
AcDbEntity
  8
LABELS
100
AcDbPolyline
 90
2
 70
0
 10
196.16155594405595
 20
70.00751748251749
 10
196.16155594405595
 20
69.15751748251749
  0
LWPOLYLINE
  5
213
330
17
100
AcDbEntity
  8
LABELS
100
AcDbPolyline
 90
2
 70
0
 10
196.16155594405595
 20
69.15751748251749
 10
196.16155594405595
 20
68.30751748251748
  0
LWPOLYLINE
  5
214
330
17
100
AcDbEntity
  8
LABELS
100
AcDbPolyline
 90
2
 70
0
 10
195.22655594405595
 20
68.30751748251748
 10
196.16155594405595
 20
68.30751748251748
  0
LWPOLYLINE
  5
215
330
17
100
AcDbEntity
  8
LABELS
100
AcDbPolyline
 90
2
 70
0
 10
195.22655594405595
 20
69.15751748251749
 10
195.22655594405595
 20
68.30751748251748
  0
LWPOLYLINE
  5
216
330
17
100
AcDbEntity
  8
LABELS
100
AcDbPolyline
 90
2
 70
0
 10
195.22655594405595
 20
70.00751748251749
 10
195.22655594405595
 20
69.15751748251749
  0
LWPOLYLINE
  5
217
330
17
100
AcDbEntity
  8
LABELS
100
AcDbPolyline
 90
2
 70
0
 10
195.22655594405595
 20
69.15751748251749
 10
196.16155594405595
 20
69.15751748251749
  0
LWPOLYLINE
  5
218
330
17
100
AcDbEntity
  8
LABELS
100
AcDbPolyline
 90
2
 70
0
 10
196.50155594405595
 20
70.00751748251749
 10
197.43655594405595
 20
70.00751748251749
  0
LWPOLYLINE
  5
219
330
17
100
AcDbEntity
  8
LABELS
100
AcDbPolyline
 90
2
 70
0
 10
197.43655594405595
 20
70.00751748251749
 10
197.43655594405595
 20
69.15751748251749
  0
LWPOLYLINE
  5
21A
330
17
100
AcDbEntity
  8
LABELS
100
AcDbPolyline
 90
2
 70
0
 10
196.50155594405595
 20
70.00751748251749
 10
196.50155594405595
 20
69.15751748251749
  0
LWPOLYLINE
  5
21B
330
17
100
AcDbEntity
  8
LABELS
100
AcDbPolyline
 90
2
 70
0
 10
196.50155594405595
 20
69.15751748251749
 10
197.43655594405595
 20
69.15751748251749
  0
LWPOLYLINE
  5
21C
330
17
100
AcDbEntity
  8
LABELS
100
AcDbPolyline
 90
2
 70
0
 10
197.43655594405595
 20
69.15751748251749
 10
197.43655594405595
 20
68.30751748251748
  0
LWPOLYLINE
  5
21D
330
17
100
AcDbEntity
  8
LABELS
100
AcDbPolyline
 90
2
 70
0
 10
196.50155594405595
 20
68.30751748251748
 10
197.43655594405595
 20
68.30751748251748
  0
LWPOLYLINE
  5
21E
330
17
100
AcDbEntity
  8
LABELS
100
AcDbPolyline
 90
2
 70
0
 10
231.9248076923077
 20
70.0075174825175
 10
232.8598076923077
 20
70.0075174825175
  0
LWPOLYLINE
  5
21F
330
17
100
AcDbEntity
  8
LABELS
100
AcDbPolyline
 90
2
 70
0
 10
232.8598076923077
 20
70.0075174825175
 10
232.8598076923077
 20
69.15751748251749
  0
LWPOLYLINE
  5
220
330
17
100
AcDbEntity
  8
LABELS
100
AcDbPolyline
 90
2
 70
0
 10
231.9248076923077
 20
70.0075174825175
 10
231.9248076923077
 20
69.15751748251749
  0
LWPOLYLINE
  5
221
330
17
100
AcDbEntity
  8
LABELS
100
AcDbPolyline
 90
2
 70
0
 10
231.9248076923077
 20
69.15751748251749
 10
232.8598076923077
 20
69.15751748251749
  0
LWPOLYLINE
  5
222
330
17
100
AcDbEntity
  8
LABELS
100
AcDbPolyline
 90
2
 70
0
 10
232.8598076923077
 20
69.15751748251749
 10
232.8598076923077
 20
68.3075174825175
  0
LWPOLYLINE
  5
223
330
17
100
AcDbEntity
  8
LABELS
100
AcDbPolyline
 90
2
 70
0
 10
231.9248076923077
 20
68.3075174825175
 10
232.8598076923077
 20
68.3075174825175
  0
LWPOLYLINE
  5
224
330
17
100
AcDbEntity
  8
LABELS
100
AcDbPolyline
 90
2
 70
0
 10
233.1998076923077
 20
70.0075174825175
 10
234.1348076923077
 20
70.0075174825175
  0
LWPOLYLINE
  5
225
330
17
100
AcDbEntity
  8
LABELS
100
AcDbPolyline
 90
2
 70
0
 10
234.1348076923077
 20
70.0075174825175
 10
234.1348076923077
 20
69.15751748251749
  0
LWPOLYLINE
  5
226
330
17
100
AcDbEntity
  8
LABELS
100
AcDbPolyline
 90
2
 70
0
 10
234.1348076923077
 20
69.15751748251749
 10
234.1348076923077
 20
68.3075174825175
  0
LWPOLYLINE
  5
227
330
17
100
AcDbEntity
  8
LABELS
100
AcDbPolyline
 90
2
 70
0
 10
233.1998076923077
 20
68.3075174825175
 10
234.1348076923077
 20
68.3075174825175
  0
LWPOLYLINE
  5
228
330
17
100
AcDbEntity
  8
LABELS
100
AcDbPolyline
 90
2
 70
0
 10
233.1998076923077
 20
69.15751748251749
 10
233.1998076923077
 20
68.3075174825175
  0
LWPOLYLINE
  5
229
330
17
100
AcDbEntity
  8
LABELS
100
AcDbPolyline
 90
2
 70
0
 10
233.1998076923077
 20
70.0075174825175
 10
233.1998076923077
 20
69.15751748251749
  0
LWPOLYLINE
  5
22A
330
17
100
AcDbEntity
  8
LABELS
100
AcDbPolyline
 90
2
 70
0
 10
16.982500000000027
 20
72.67185314685315
 10
17.91750000000003
 20
72.67185314685315
  0
LWPOLYLINE
  5
22B
330
17
100
AcDbEntity
  8
LABELS
100
AcDbPolyline
 90
2
 70
0
 10
17.91750000000003
 20
72.67185314685315
 10
17.91750000000003
 20
71.82185314685314
  0
LWPOLYLINE
  5
22C
330
17
100
AcDbEntity
  8
LABELS
100
AcDbPolyline
 90
2
 70
0
 10
16.982500000000027
 20
72.67185314685315
 10
16.982500000000027
 20
71.82185314685314
  0
LWPOLYLINE
  5
22D
330
17
100
AcDbEntity
  8
LABELS
100
AcDbPolyline
 90
2
 70
0
 10
16.982500000000027
 20
71.82185314685314
 10
17.91750000000003
 20
71.82185314685314
  0
LWPOLYLINE
  5
22E
330
17
100
AcDbEntity
  8
LABELS
100
AcDbPolyline
 90
2
 70
0
 10
17.91750000000003
 20
71.82185314685314
 10
17.91750000000003
 20
70.97185314685315
  0
LWPOLYLINE
  5
22F
330
17
100
AcDbEntity
  8
LABELS
100
AcDbPolyline
 90
2
 70
0
 10
16.982500000000027
 20
70.97185314685315
 10
17.91750000000003
 20
70.97185314685315
  0
LWPOLYLINE
  5
230
330
17
100
AcDbEntity
  8
LABELS
100
AcDbPolyline
 90
2
 70
0
 10
19.192500000000035
 20
72.67185314685315
 10
19.192500000000035
 20
71.82185314685314
  0
LWPOLYLINE
  5
231
330
17
100
AcDbEntity
  8
LABELS
100
AcDbPolyline
 90
2
 70
0
 10
19.192500000000035
 20
71.82185314685314
 10
19.192500000000035
 20
70.97185314685315
  0
LWPOLYLINE
  5
232
330
17
100
AcDbEntity
  8
LABELS
100
AcDbPolyline
 90
2
 70
0
 10
76.04508741258745
 20
75.86905594405596
 10
76.98008741258745
 20
75.86905594405596
  0
LWPOLYLINE
  5
233
330
17
100
AcDbEntity
  8
LABELS
100
AcDbPolyline
 90
2
 70
0
 10
76.98008741258745
 20
75.86905594405596
 10
76.98008741258745
 20
75.01905594405595
  0
LWPOLYLINE
  5
234
330
17
100
AcDbEntity
  8
LABELS
100
AcDbPolyline
 90
2
 70
0
 10
76.04508741258745
 20
75.86905594405596
 10
76.04508741258745
 20
75.01905594405595
  0
LWPOLYLINE
  5
235
330
17
100
AcDbEntity
  8
LABELS
100
AcDbPolyline
 90
2
 70
0
 10
76.04508741258745
 20
75.01905594405595
 10
76.98008741258745
 20
75.01905594405595
  0
LWPOLYLINE
  5
236
330
17
100
AcDbEntity
  8
LABELS
100
AcDbPolyline
 90
2
 70
0
 10
76.98008741258745
 20
75.01905594405595
 10
76.98008741258745
 20
74.16905594405596
  0
LWPOLYLINE
  5
237
330
17
100
AcDbEntity
  8
LABELS
100
AcDbPolyline
 90
2
 70
0
 10
76.04508741258745
 20
74.16905594405596
 10
76.98008741258745
 20
74.16905594405596
  0
LWPOLYLINE
  5
238
330
17
100
AcDbEntity
  8
LABELS
100
AcDbPolyline
 90
2
 70
0
 10
77.32008741258745
 20
75.86905594405596
 10
78.25508741258746
 20
75.86905594405596
  0
LWPOLYLINE
  5
239
330
17
100
AcDbEntity
  8
LABELS
100
AcDbPolyline
 90
2
 70
0
 10
78.25508741258746
 20
75.86905594405596
 10
78.25508741258746
 20
75.01905594405595
  0
LWPOLYLINE
  5
23A
330
17
100
AcDbEntity
  8
LABELS
100
AcDbPolyline
 90
2
 70
0
 10
77.32008741258745
 20
75.01905594405595
 10
78.25508741258746
 20
75.01905594405595
  0
LWPOLYLINE
  5
23B
330
17
100
AcDbEntity
  8
LABELS
100
AcDbPolyline
 90
2
 70
0
 10
77.32008741258745
 20
75.01905594405595
 10
77.32008741258745
 20
74.16905594405596
  0
LWPOLYLINE
  5
23C
330
17
100
AcDbEntity
  8
LABELS
100
AcDbPolyline
 90
2
 70
0
 10
77.32008741258745
 20
74.16905594405596
 10
78.25508741258746
 20
74.16905594405596
  0
LWPOLYLINE
  5
23D
330
17
100
AcDbEntity
  8
LABELS
100
AcDbPolyline
 90
2
 70
0
 10
78.79508741258742
 20
85.72709790209792
 10
79.73008741258742
 20
85.72709790209792
  0
LWPOLYLINE
  5
23E
330
17
100
AcDbEntity
  8
LABELS
100
AcDbPolyline
 90
2
 70
0
 10
79.73008741258742
 20
85.72709790209792
 10
79.73008741258742
 20
84.87709790209792
  0
LWPOLYLINE
  5
23F
330
17
100
AcDbEntity
  8
LABELS
100
AcDbPolyline
 90
2
 70
0
 10
78.79508741258742
 20
85.72709790209792
 10
78.79508741258742
 20
84.87709790209792
  0
LWPOLYLINE
  5
240
330
17
100
AcDbEntity
  8
LABELS
100
AcDbPolyline
 90
2
 70
0
 10
78.79508741258742
 20
84.87709790209792
 10
79.73008741258742
 20
84.87709790209792
  0
LWPOLYLINE
  5
241
330
17
100
AcDbEntity
  8
LABELS
100
AcDbPolyline
 90
2
 70
0
 10
79.73008741258742
 20
84.87709790209792
 10
79.73008741258742
 20
84.02709790209792
  0
LWPOLYLINE
  5
242
330
17
100
AcDbEntity
  8
LABELS
100
AcDbPolyline
 90
2
 70
0
 10
78.79508741258742
 20
84.02709790209792
 10
79.73008741258742
 20
84.02709790209792
  0
LWPOLYLINE
  5
243
330
17
100
AcDbEntity
  8
LABELS
100
AcDbPolyline
 90
2
 70
0
 10
80.07008741258743
 20
85.72709790209792
 10
81.00508741258743
 20
85.72709790209792
  0
LWPOLYLINE
  5
244
330
17
100
AcDbEntity
  8
LABELS
100
AcDbPolyline
 90
2
 70
0
 10
81.00508741258743
 20
85.72709790209792
 10
81.00508741258743
 20
84.87709790209792
  0
LWPOLYLINE
  5
245
330
17
100
AcDbEntity
  8
LABELS
100
AcDbPolyline
 90
2
 70
0
 10
80.07008741258743
 20
84.87709790209792
 10
81.00508741258743
 20
84.87709790209792
  0
LWPOLYLINE
  5
246
330
17
100
AcDbEntity
  8
LABELS
100
AcDbPolyline
 90
2
 70
0
 10
81.00508741258743
 20
84.87709790209792
 10
81.00508741258743
 20
84.02709790209792
  0
LWPOLYLINE
  5
247
330
17
100
AcDbEntity
  8
LABELS
100
AcDbPolyline
 90
2
 70
0
 10
80.07008741258743
 20
84.02709790209792
 10
81.00508741258743
 20
84.02709790209792
  0
LWPOLYLINE
  5
248
330
17
100
AcDbEntity
  8
LABELS
100
AcDbPolyline
 90
2
 70
0
 10
16.982500000000027
 20
87.32569930069931
 10
17.91750000000003
 20
87.32569930069931
  0
LWPOLYLINE
  5
249
330
17
100
AcDbEntity
  8
LABELS
100
AcDbPolyline
 90
2
 70
0
 10
17.91750000000003
 20
87.32569930069931
 10
17.91750000000003
 20
86.4756993006993
  0
LWPOLYLINE
  5
24A
330
17
100
AcDbEntity
  8
LABELS
100
AcDbPolyline
 90
2
 70
0
 10
16.982500000000027
 20
87.32569930069931
 10
16.982500000000027
 20
86.4756993006993
  0
LWPOLYLINE
  5
24B
330
17
100
AcDbEntity
  8
LABELS
100
AcDbPolyline
 90
2
 70
0
 10
16.982500000000027
 20
86.4756993006993
 10
17.91750000000003
 20
86.4756993006993
  0
LWPOLYLINE
  5
24C
330
17
100
AcDbEntity
  8
LABELS
100
AcDbPolyline
 90
2
 70
0
 10
17.91750000000003
 20
86.4756993006993
 10
17.91750000000003
 20
85.62569930069931
  0
LWPOLYLINE
  5
24D
330
17
100
AcDbEntity
  8
LABELS
100
AcDbPolyline
 90
2
 70
0
 10
16.982500000000027
 20
85.62569930069931
 10
17.91750000000003
 20
85.62569930069931
  0
LWPOLYLINE
  5
24E
330
17
100
AcDbEntity
  8
LABELS
100
AcDbPolyline
 90
2
 70
0
 10
18.257500000000032
 20
87.32569930069931
 10
18.257500000000032
 20
86.4756993006993
  0
LWPOLYLINE
  5
24F
330
17
100
AcDbEntity
  8
LABELS
100
AcDbPolyline
 90
2
 70
0
 10
18.257500000000032
 20
86.4756993006993
 10
19.192500000000035
 20
86.4756993006993
  0
LWPOLYLINE
  5
250
330
17
100
AcDbEntity
  8
LABELS
100
AcDbPolyline
 90
2
 70
0
 10
19.192500000000035
 20
87.32569930069931
 10
19.192500000000035
 20
86.4756993006993
  0
LWPOLYLINE
  5
251
330
17
100
AcDbEntity
  8
LABELS
100
AcDbPolyline
 90
2
 70
0
 10
19.192500000000035
 20
86.4756993006993
 10
19.192500000000035
 20
85.62569930069931
  0
LWPOLYLINE
  5
252
330
17
100
AcDbEntity
  8
LABELS
100
AcDbPolyline
 90
2
 70
0
 10
101.16431818181819
 20
87.59213286713289
 10
102.09931818181819
 20
87.59213286713289
  0
LWPOLYLINE
  5
253
330
17
100
AcDbEntity
  8
LABELS
100
AcDbPolyline
 90
2
 70
0
 10
102.09931818181819
 20
87.59213286713289
 10
102.09931818181819
 20
86.74213286713288
  0
LWPOLYLINE
  5
254
330
17
100
AcDbEntity
  8
LABELS
100
AcDbPolyline
 90
2
 70
0
 10
101.16431818181819
 20
87.59213286713289
 10
101.16431818181819
 20
86.74213286713288
  0
LWPOLYLINE
  5
255
330
17
100
AcDbEntity
  8
LABELS
100
AcDbPolyline
 90
2
 70
0
 10
101.16431818181819
 20
86.74213286713288
 10
102.09931818181819
 20
86.74213286713288
  0
LWPOLYLINE
  5
256
330
17
100
AcDbEntity
  8
LABELS
100
AcDbPolyline
 90
2
 70
0
 10
102.09931818181819
 20
86.74213286713288
 10
102.09931818181819
 20
85.89213286713289
  0
LWPOLYLINE
  5
257
330
17
100
AcDbEntity
  8
LABELS
100
AcDbPolyline
 90
2
 70
0
 10
101.16431818181819
 20
85.89213286713289
 10
102.09931818181819
 20
85.89213286713289
  0
LWPOLYLINE
  5
258
330
17
100
AcDbEntity
  8
LABELS
100
AcDbPolyline
 90
2
 70
0
 10
102.4393181818182
 20
87.59213286713289
 10
103.3743181818182
 20
87.59213286713289
  0
LWPOLYLINE
  5
259
330
17
100
AcDbEntity
  8
LABELS
100
AcDbPolyline
 90
2
 70
0
 10
102.4393181818182
 20
87.59213286713289
 10
102.4393181818182
 20
86.74213286713288
  0
LWPOLYLINE
  5
25A
330
17
100
AcDbEntity
  8
LABELS
100
AcDbPolyline
 90
2
 70
0
 10
102.4393181818182
 20
86.74213286713288
 10
103.3743181818182
 20
86.74213286713288
  0
LWPOLYLINE
  5
25B
330
17
100
AcDbEntity
  8
LABELS
100
AcDbPolyline
 90
2
 70
0
 10
103.3743181818182
 20
86.74213286713288
 10
103.3743181818182
 20
85.89213286713289
  0
LWPOLYLINE
  5
25C
330
17
100
AcDbEntity
  8
LABELS
100
AcDbPolyline
 90
2
 70
0
 10
102.4393181818182
 20
85.89213286713289
 10
103.3743181818182
 20
85.89213286713289
  0
LWPOLYLINE
  5
25D
330
17
100
AcDbEntity
  8
LABELS
100
AcDbPolyline
 90
2
 70
0
 10
30.570611888111937
 20
88.12500000000003
 10
31.50561188811194
 20
88.12500000000003
  0
LWPOLYLINE
  5
25E
330
17
100
AcDbEntity
  8
LABELS
100
AcDbPolyline
 90
2
 70
0
 10
31.50561188811194
 20
88.12500000000003
 10
31.50561188811194
 20
87.27500000000002
  0
LWPOLYLINE
  5
25F
330
17
100
AcDbEntity
  8
LABELS
100
AcDbPolyline
 90
2
 70
0
 10
30.570611888111937
 20
88.12500000000003
 10
30.570611888111937
 20
87.27500000000002
  0
LWPOLYLINE
  5
260
330
17
100
AcDbEntity
  8
LABELS
100
AcDbPolyline
 90
2
 70
0
 10
30.570611888111937
 20
87.27500000000002
 10
31.50561188811194
 20
87.27500000000002
  0
LWPOLYLINE
  5
261
330
17
100
AcDbEntity
  8
LABELS
100
AcDbPolyline
 90
2
 70
0
 10
31.50561188811194
 20
87.27500000000002
 10
31.50561188811194
 20
86.42500000000003
  0
LWPOLYLINE
  5
262
330
17
100
AcDbEntity
  8
LABELS
100
AcDbPolyline
 90
2
 70
0
 10
30.570611888111937
 20
86.42500000000003
 10
31.50561188811194
 20
86.42500000000003
  0
LWPOLYLINE
  5
263
330
17
100
AcDbEntity
  8
LABELS
100
AcDbPolyline
 90
2
 70
0
 10
31.845611888111943
 20
88.12500000000003
 10
32.78061188811195
 20
88.12500000000003
  0
LWPOLYLINE
  5
264
330
17
100
AcDbEntity
  8
LABELS
100
AcDbPolyline
 90
2
 70
0
 10
31.845611888111943
 20
88.12500000000003
 10
31.845611888111943
 20
87.27500000000002
  0
LWPOLYLINE
  5
265
330
17
100
AcDbEntity
  8
LABELS
100
AcDbPolyline
 90
2
 70
0
 10
31.845611888111943
 20
87.27500000000002
 10
32.78061188811195
 20
87.27500000000002
  0
LWPOLYLINE
  5
266
330
17
100
AcDbEntity
  8
LABELS
100
AcDbPolyline
 90
2
 70
0
 10
31.845611888111943
 20
87.27500000000002
 10
31.845611888111943
 20
86.42500000000003
  0
LWPOLYLINE
  5
267
330
17
100
AcDbEntity
  8
LABELS
100
AcDbPolyline
 90
2
 70
0
 10
32.78061188811195
 20
87.27500000000002
 10
32.78061188811195
 20
86.42500000000003
  0
LWPOLYLINE
  5
268
330
17
100
AcDbEntity
  8
LABELS
100
AcDbPolyline
 90
2
 70
0
 10
31.845611888111943
 20
86.42500000000003
 10
32.78061188811195
 20
86.42500000000003
  0
LWPOLYLINE
  5
269
330
17
100
AcDbEntity
  8
LABELS
100
AcDbPolyline
 90
2
 70
0
 10
113.96431818181819
 20
88.12500000000003
 10
114.89931818181819
 20
88.12500000000003
  0
LWPOLYLINE
  5
26A
330
17
100
AcDbEntity
  8
LABELS
100
AcDbPolyline
 90
2
 70
0
 10
114.89931818181819
 20
88.12500000000003
 10
114.89931818181819
 20
87.27500000000002
  0
LWPOLYLINE
  5
26B
330
17
100
AcDbEntity
  8
LABELS
100
AcDbPolyline
 90
2
 70
0
 10
113.96431818181819
 20
88.12500000000003
 10
113.96431818181819
 20
87.27500000000002
  0
LWPOLYLINE
  5
26C
330
17
100
AcDbEntity
  8
LABELS
100
AcDbPolyline
 90
2
 70
0
 10
113.96431818181819
 20
87.27500000000002
 10
114.89931818181819
 20
87.27500000000002
  0
LWPOLYLINE
  5
26D
330
17
100
AcDbEntity
  8
LABELS
100
AcDbPolyline
 90
2
 70
0
 10
114.89931818181819
 20
87.27500000000002
 10
114.89931818181819
 20
86.42500000000003
  0
LWPOLYLINE
  5
26E
330
17
100
AcDbEntity
  8
LABELS
100
AcDbPolyline
 90
2
 70
0
 10
113.96431818181819
 20
86.42500000000003
 10
114.89931818181819
 20
86.42500000000003
  0
LWPOLYLINE
  5
26F
330
17
100
AcDbEntity
  8
LABELS
100
AcDbPolyline
 90
2
 70
0
 10
115.23931818181819
 20
88.12500000000003
 10
116.1743181818182
 20
88.12500000000003
  0
LWPOLYLINE
  5
270
330
17
100
AcDbEntity
  8
LABELS
100
AcDbPolyline
 90
2
 70
0
 10
116.1743181818182
 20
88.12500000000003
 10
116.1743181818182
 20
87.27500000000002
  0
LWPOLYLINE
  5
271
330
17
100
AcDbEntity
  8
LABELS
100
AcDbPolyline
 90
2
 70
0
 10
116.1743181818182
 20
87.27500000000002
 10
116.1743181818182
 20
86.42500000000003
  0
LWPOLYLINE
  5
272
330
17
100
AcDbEntity
  8
LABELS
100
AcDbPolyline
 90
2
 70
0
 10
16.982500000000027
 20
98.5159090909091
 10
17.91750000000003
 20
98.5159090909091
  0
LWPOLYLINE
  5
273
330
17
100
AcDbEntity
  8
LABELS
100
AcDbPolyline
 90
2
 70
0
 10
17.91750000000003
 20
98.5159090909091
 10
17.91750000000003
 20
97.6659090909091
  0
LWPOLYLINE
  5
274
330
17
100
AcDbEntity
  8
LABELS
100
AcDbPolyline
 90
2
 70
0
 10
16.982500000000027
 20
98.5159090909091
 10
16.982500000000027
 20
97.6659090909091
  0
LWPOLYLINE
  5
275
330
17
100
AcDbEntity
  8
LABELS
100
AcDbPolyline
 90
2
 70
0
 10
16.982500000000027
 20
97.6659090909091
 10
17.91750000000003
 20
97.6659090909091
  0
LWPOLYLINE
  5
276
330
17
100
AcDbEntity
  8
LABELS
100
AcDbPolyline
 90
2
 70
0
 10
17.91750000000003
 20
97.6659090909091
 10
17.91750000000003
 20
96.8159090909091
  0
LWPOLYLINE
  5
277
330
17
100
AcDbEntity
  8
LABELS
100
AcDbPolyline
 90
2
 70
0
 10
16.982500000000027
 20
96.8159090909091
 10
17.91750000000003
 20
96.8159090909091
  0
LWPOLYLINE
  5
278
330
17
100
AcDbEntity
  8
LABELS
100
AcDbPolyline
 90
2
 70
0
 10
18.257500000000032
 20
98.5159090909091
 10
19.192500000000035
 20
98.5159090909091
  0
LWPOLYLINE
  5
279
330
17
100
AcDbEntity
  8
LABELS
100
AcDbPolyline
 90
2
 70
0
 10
19.192500000000035
 20
98.5159090909091
 10
19.192500000000035
 20
97.6659090909091
  0
LWPOLYLINE
  5
27A
330
17
100
AcDbEntity
  8
LABELS
100
AcDbPolyline
 90
2
 70
0
 10
19.192500000000035
 20
97.6659090909091
 10
19.192500000000035
 20
96.8159090909091
  0
LWPOLYLINE
  5
27B
330
17
100
AcDbEntity
  8
LABELS
100
AcDbPolyline
 90
2
 70
0
 10
18.257500000000032
 20
96.8159090909091
 10
19.192500000000035
 20
96.8159090909091
  0
LWPOLYLINE
  5
27C
330
17
100
AcDbEntity
  8
LABELS
100
AcDbPolyline
 90
2
 70
0
 10
18.257500000000032
 20
97.6659090909091
 10
18.257500000000032
 20
96.8159090909091
  0
LWPOLYLINE
  5
27D
330
17
100
AcDbEntity
  8
LABELS
100
AcDbPolyline
 90
2
 70
0
 10
18.257500000000032
 20
98.5159090909091
 10
18.257500000000032
 20
97.6659090909091
  0
LWPOLYLINE
  5
27E
330
17
100
AcDbEntity
  8
LABELS
100
AcDbPolyline
 90
2
 70
0
 10
18.257500000000032
 20
97.6659090909091
 10
19.192500000000035
 20
97.6659090909091
  0
LWPOLYLINE
  5
27F
330
17
100
AcDbEntity
  8
LABELS
100
AcDbPolyline
 90
2
 70
0
 10
56.1482342657343
 20
100.11451048951051
 10
57.083234265734305
 20
100.11451048951051
  0
LWPOLYLINE
  5
280
330
17
100
AcDbEntity
  8
LABELS
100
AcDbPolyline
 90
2
 70
0
 10
57.083234265734305
 20
100.11451048951051
 10
57.083234265734305
 20
99.2645104895105
  0
LWPOLYLINE
  5
281
330
17
100
AcDbEntity
  8
LABELS
100
AcDbPolyline
 90
2
 70
0
 10
56.1482342657343
 20
100.11451048951051
 10
56.1482342657343
 20
99.2645104895105
  0
LWPOLYLINE
  5
282
330
17
100
AcDbEntity
  8
LABELS
100
AcDbPolyline
 90
2
 70
0
 10
56.1482342657343
 20
99.2645104895105
 10
57.083234265734305
 20
99.2645104895105
  0
LWPOLYLINE
  5
283
330
17
100
AcDbEntity
  8
LABELS
100
AcDbPolyline
 90
2
 70
0
 10
57.083234265734305
 20
99.2645104895105
 10
57.083234265734305
 20
98.4145104895105
  0
LWPOLYLINE
  5
284
330
17
100
AcDbEntity
  8
LABELS
100
AcDbPolyline
 90
2
 70
0
 10
56.1482342657343
 20
98.4145104895105
 10
57.083234265734305
 20
98.4145104895105
  0
LWPOLYLINE
  5
285
330
17
100
AcDbEntity
  8
LABELS
100
AcDbPolyline
 90
2
 70
0
 10
57.42323426573431
 20
100.11451048951051
 10
58.35823426573431
 20
100.11451048951051
  0
LWPOLYLINE
  5
286
330
17
100
AcDbEntity
  8
LABELS
100
AcDbPolyline
 90
2
 70
0
 10
58.35823426573431
 20
100.11451048951051
 10
58.35823426573431
 20
99.2645104895105
  0
LWPOLYLINE
  5
287
330
17
100
AcDbEntity
  8
LABELS
100
AcDbPolyline
 90
2
 70
0
 10
57.42323426573431
 20
100.11451048951051
 10
57.42323426573431
 20
99.2645104895105
  0
LWPOLYLINE
  5
288
330
17
100
AcDbEntity
  8
LABELS
100
AcDbPolyline
 90
2
 70
0
 10
57.42323426573431
 20
99.2645104895105
 10
58.35823426573431
 20
99.2645104895105
  0
LWPOLYLINE
  5
289
330
17
100
AcDbEntity
  8
LABELS
100
AcDbPolyline
 90
2
 70
0
 10
58.35823426573431
 20
99.2645104895105
 10
58.35823426573431
 20
98.4145104895105
  0
LWPOLYLINE
  5
28A
330
17
100
AcDbEntity
  8
LABELS
100
AcDbPolyline
 90
2
 70
0
 10
57.42323426573431
 20
98.4145104895105
 10
58.35823426573431
 20
98.4145104895105
  0
LWPOLYLINE
  5
28B
330
17
100
AcDbEntity
  8
LABELS
100
AcDbPolyline
 90
2
 70
0
 10
118.25537207556845
 20
95.30346446746972
 10
118.25537207556845
 20
94.45346446746971
  0
LWPOLYLINE
  5
28C
330
17
100
AcDbEntity
  8
LABELS
100
AcDbPolyline
 90
2
 70
0
 10
118.25537207556845
 20
94.45346446746971
 10
118.25537207556845
 20
93.60346446746972
  0
LWPOLYLINE
  5
28D
330
17
100
AcDbEntity
  8
LABELS
100
AcDbPolyline
 90
2
 70
0
 10
118.59537207556845
 20
95.30346446746972
 10
119.53037207556845
 20
95.30346446746972
  0
LWPOLYLINE
  5
28E
330
17
100
AcDbEntity
  8
LABELS
100
AcDbPolyline
 90
2
 70
0
 10
119.53037207556845
 20
95.30346446746972
 10
119.53037207556845
 20
94.45346446746971
  0
LWPOLYLINE
  5
28F
330
17
100
AcDbEntity
  8
LABELS
100
AcDbPolyline
 90
2
 70
0
 10
119.53037207556845
 20
94.45346446746971
 10
119.53037207556845
 20
93.60346446746972
  0
LWPOLYLINE
  5
290
330
17
100
AcDbEntity
  8
LABELS
100
AcDbPolyline
 90
2
 70
0
 10
118.59537207556845
 20
93.60346446746972
 10
119.53037207556845
 20
93.60346446746972
  0
LWPOLYLINE
  5
291
330
17
100
AcDbEntity
  8
LABELS
100
AcDbPolyline
 90
2
 70
0
 10
118.59537207556845
 20
94.45346446746971
 10
118.59537207556845
 20
93.60346446746972
  0
LWPOLYLINE
  5
292
330
17
100
AcDbEntity
  8
LABELS
100
AcDbPolyline
 90
2
 70
0
 10
118.59537207556845
 20
95.30346446746972
 10
118.59537207556845
 20
94.45346446746971
  0
LWPOLYLINE
  5
293
330
17
100
AcDbEntity
  8
LABELS
100
AcDbPolyline
 90
2
 70
0
 10
119.87037207556844
 20
95.30346446746972
 10
120.80537207556844
 20
95.30346446746972
  0
LWPOLYLINE
  5
294
330
17
100
AcDbEntity
  8
LABELS
100
AcDbPolyline
 90
2
 70
0
 10
120.80537207556844
 20
95.30346446746972
 10
120.80537207556844
 20
94.45346446746971
  0
LWPOLYLINE
  5
295
330
17
100
AcDbEntity
  8
LABELS
100
AcDbPolyline
 90
2
 70
0
 10
120.80537207556844
 20
94.45346446746971
 10
120.80537207556844
 20
93.60346446746972
  0
LWPOLYLINE
  5
296
330
17
100
AcDbEntity
  8
LABELS
100
AcDbPolyline
 90
2
 70
0
 10
119.87037207556844
 20
93.60346446746972
 10
120.80537207556844
 20
93.60346446746972
  0
LWPOLYLINE
  5
297
330
17
100
AcDbEntity
  8
LABELS
100
AcDbPolyline
 90
2
 70
0
 10
119.87037207556844
 20
94.45346446746971
 10
119.87037207556844
 20
93.60346446746972
  0
LWPOLYLINE
  5
298
330
17
100
AcDbEntity
  8
LABELS
100
AcDbPolyline
 90
2
 70
0
 10
119.87037207556844
 20
95.30346446746972
 10
119.87037207556844
 20
94.45346446746971
  0
LWPOLYLINE
  5
299
330
17
100
AcDbEntity
  8
LABELS
100
AcDbPolyline
 90
2
 70
0
 10
17.280000000000012
 20
113.7026223776224
 10
17.280000000000012
 20
112.8526223776224
  0
LWPOLYLINE
  5
29A
330
17
100
AcDbEntity
  8
LABELS
100
AcDbPolyline
 90
2
 70
0
 10
17.280000000000012
 20
112.8526223776224
 10
17.280000000000012
 20
112.0026223776224
  0
LWPOLYLINE
  5
29B
330
17
100
AcDbEntity
  8
LABELS
100
AcDbPolyline
 90
2
 70
0
 10
17.620000000000015
 20
113.7026223776224
 10
18.555000000000017
 20
113.7026223776224
  0
LWPOLYLINE
  5
29C
330
17
100
AcDbEntity
  8
LABELS
100
AcDbPolyline
 90
2
 70
0
 10
18.555000000000017
 20
113.7026223776224
 10
18.555000000000017
 20
112.8526223776224
  0
LWPOLYLINE
  5
29D
330
17
100
AcDbEntity
  8
LABELS
100
AcDbPolyline
 90
2
 70
0
 10
18.555000000000017
 20
112.8526223776224
 10
18.555000000000017
 20
112.0026223776224
  0
LWPOLYLINE
  5
29E
330
17
100
AcDbEntity
  8
LABELS
100
AcDbPolyline
 90
2
 70
0
 10
17.620000000000015
 20
112.0026223776224
 10
18.555000000000017
 20
112.0026223776224
  0
LWPOLYLINE
  5
29F
330
17
100
AcDbEntity
  8
LABELS
100
AcDbPolyline
 90
2
 70
0
 10
17.620000000000015
 20
112.8526223776224
 10
17.620000000000015
 20
112.0026223776224
  0
LWPOLYLINE
  5
2A0
330
17
100
AcDbEntity
  8
LABELS
100
AcDbPolyline
 90
2
 70
0
 10
17.620000000000015
 20
113.7026223776224
 10
17.620000000000015
 20
112.8526223776224
  0
LWPOLYLINE
  5
2A1
330
17
100
AcDbEntity
  8
LABELS
100
AcDbPolyline
 90
2
 70
0
 10
19.830000000000023
 20
113.7026223776224
 10
19.830000000000023
 20
112.8526223776224
  0
LWPOLYLINE
  5
2A2
330
17
100
AcDbEntity
  8
LABELS
100
AcDbPolyline
 90
2
 70
0
 10
19.830000000000023
 20
112.8526223776224
 10
19.830000000000023
 20
112.0026223776224
  0
LWPOLYLINE
  5
2A3
330
17
100
AcDbEntity
  8
LABELS
100
AcDbPolyline
 90
2
 70
0
 10
17.279999999999983
 20
161.2557692307692
 10
17.279999999999983
 20
160.4057692307692
  0
LWPOLYLINE
  5
2A4
330
17
100
AcDbEntity
  8
LABELS
100
AcDbPolyline
 90
2
 70
0
 10
17.279999999999983
 20
160.4057692307692
 10
17.279999999999983
 20
159.55576923076922
  0
LWPOLYLINE
  5
2A5
330
17
100
AcDbEntity
  8
LABELS
100
AcDbPolyline
 90
2
 70
0
 10
17.619999999999987
 20
161.2557692307692
 10
18.55499999999999
 20
161.2557692307692
  0
LWPOLYLINE
  5
2A6
330
17
100
AcDbEntity
  8
LABELS
100
AcDbPolyline
 90
2
 70
0
 10
18.55499999999999
 20
161.2557692307692
 10
18.55499999999999
 20
160.4057692307692
  0
LWPOLYLINE
  5
2A7
330
17
100
AcDbEntity
  8
LABELS
100
AcDbPolyline
 90
2
 70
0
 10
18.55499999999999
 20
160.4057692307692
 10
18.55499999999999
 20
159.55576923076922
  0
LWPOLYLINE
  5
2A8
330
17
100
AcDbEntity
  8
LABELS
100
AcDbPolyline
 90
2
 70
0
 10
17.619999999999987
 20
159.55576923076922
 10
18.55499999999999
 20
159.55576923076922
  0
LWPOLYLINE
  5
2A9
330
17
100
AcDbEntity
  8
LABELS
100
AcDbPolyline
 90
2
 70
0
 10
17.619999999999987
 20
160.4057692307692
 10
17.619999999999987
 20
159.55576923076922
  0
LWPOLYLINE
  5
2AA
330
17
100
AcDbEntity
  8
LABELS
100
AcDbPolyline
 90
2
 70
0
 10
17.619999999999987
 20
161.2557692307692
 10
17.619999999999987
 20
160.4057692307692
  0
LWPOLYLINE
  5
2AB
330
17
100
AcDbEntity
  8
LABELS
100
AcDbPolyline
 90
2
 70
0
 10
18.894999999999992
 20
161.2557692307692
 10
19.829999999999995
 20
161.2557692307692
  0
LWPOLYLINE
  5
2AC
330
17
100
AcDbEntity
  8
LABELS
100
AcDbPolyline
 90
2
 70
0
 10
19.829999999999995
 20
161.2557692307692
 10
19.829999999999995
 20
160.4057692307692
  0
LWPOLYLINE
  5
2AD
330
17
100
AcDbEntity
  8
LABELS
100
AcDbPolyline
 90
2
 70
0
 10
18.894999999999992
 20
160.4057692307692
 10
19.829999999999995
 20
160.4057692307692
  0
LWPOLYLINE
  5
2AE
330
17
100
AcDbEntity
  8
LABELS
100
AcDbPolyline
 90
2
 70
0
 10
18.894999999999992
 20
160.4057692307692
 10
18.894999999999992
 20
159.55576923076922
  0
LWPOLYLINE
  5
2AF
330
17
100
AcDbEntity
  8
LABELS
100
AcDbPolyline
 90
2
 70
0
 10
18.894999999999992
 20
159.55576923076922
 10
19.829999999999995
 20
159.55576923076922
  0
LWPOLYLINE
  5
2B0
330
17
100
AcDbEntity
  8
LABELS
100
AcDbPolyline
 90
2
 70
0
 10
249.1464335664336
 20
173.3145104895105
 10
249.1464335664336
 20
172.4645104895105
  0
LWPOLYLINE
  5
2B1
330
17
100
AcDbEntity
  8
LABELS
100
AcDbPolyline
 90
2
 70
0
 10
249.1464335664336
 20
172.4645104895105
 10
249.1464335664336
 20
171.6145104895105
  0
LWPOLYLINE
  5
2B2
330
17
100
AcDbEntity
  8
LABELS
100
AcDbPolyline
 90
2
 70
0
 10
249.48643356643356
 20
173.3145104895105
 10
250.42143356643356
 20
173.3145104895105
  0
LWPOLYLINE
  5
2B3
330
17
100
AcDbEntity
  8
LABELS
100
AcDbPolyline
 90
2
 70
0
 10
250.42143356643356
 20
173.3145104895105
 10
250.42143356643356
 20
172.4645104895105
  0
LWPOLYLINE
  5
2B4
330
17
100
AcDbEntity
  8
LABELS
100
AcDbPolyline
 90
2
 70
0
 10
250.42143356643356
 20
172.4645104895105
 10
250.42143356643356
 20
171.6145104895105
  0
LWPOLYLINE
  5
2B5
330
17
100
AcDbEntity
  8
LABELS
100
AcDbPolyline
 90
2
 70
0
 10
249.48643356643356
 20
171.6145104895105
 10
250.42143356643356
 20
171.6145104895105
  0
LWPOLYLINE
  5
2B6
330
17
100
AcDbEntity
  8
LABELS
100
AcDbPolyline
 90
2
 70
0
 10
249.48643356643356
 20
172.4645104895105
 10
249.48643356643356
 20
171.6145104895105
  0
LWPOLYLINE
  5
2B7
330
17
100
AcDbEntity
  8
LABELS
100
AcDbPolyline
 90
2
 70
0
 10
249.48643356643356
 20
173.3145104895105
 10
249.48643356643356
 20
172.4645104895105
  0
LWPOLYLINE
  5
2B8
330
17
100
AcDbEntity
  8
LABELS
100
AcDbPolyline
 90
2
 70
0
 10
250.76143356643357
 20
173.3145104895105
 10
251.69643356643357
 20
173.3145104895105
  0
LWPOLYLINE
  5
2B9
330
17
100
AcDbEntity
  8
LABELS
100
AcDbPolyline
 90
2
 70
0
 10
251.69643356643357
 20
173.3145104895105
 10
251.69643356643357
 20
172.4645104895105
  0
LWPOLYLINE
  5
2BA
330
17
100
AcDbEntity
  8
LABELS
100
AcDbPolyline
 90
2
 70
0
 10
250.76143356643357
 20
172.4645104895105
 10
251.69643356643357
 20
172.4645104895105
  0
LWPOLYLINE
  5
2BB
330
17
100
AcDbEntity
  8
LABELS
100
AcDbPolyline
 90
2
 70
0
 10
251.69643356643357
 20
172.4645104895105
 10
251.69643356643357
 20
171.6145104895105
  0
LWPOLYLINE
  5
2BC
330
17
100
AcDbEntity
  8
LABELS
100
AcDbPolyline
 90
2
 70
0
 10
250.76143356643357
 20
171.6145104895105
 10
251.69643356643357
 20
171.6145104895105
  0
LWPOLYLINE
  5
2BD
330
17
100
AcDbEntity
  8
LABELS
100
AcDbPolyline
 90
2
 70
0
 10
16.879999999999978
 20
59.789073426573424
 10
16.879999999999978
 20
58.93907342657343
  0
LWPOLYLINE
  5
2BE
330
17
100
AcDbEntity
  8
LABELS
100
AcDbPolyline
 90
2
 70
0
 10
16.879999999999978
 20
58.93907342657343
 10
16.879999999999978
 20
58.08907342657342
  0
LWPOLYLINE
  5
2BF
330
17
100
AcDbEntity
  8
LABELS
100
AcDbPolyline
 90
2
 70
0
 10
17.21999999999998
 20
59.789073426573424
 10
18.154999999999983
 20
59.789073426573424
  0
LWPOLYLINE
  5
2C0
330
17
100
AcDbEntity
  8
LABELS
100
AcDbPolyline
 90
2
 70
0
 10
18.154999999999983
 20
59.789073426573424
 10
18.154999999999983
 20
58.93907342657343
  0
LWPOLYLINE
  5
2C1
330
17
100
AcDbEntity
  8
LABELS
100
AcDbPolyline
 90
2
 70
0
 10
18.154999999999983
 20
58.93907342657343
 10
18.154999999999983
 20
58.08907342657342
  0
LWPOLYLINE
  5
2C2
330
17
100
AcDbEntity
  8
LABELS
100
AcDbPolyline
 90
2
 70
0
 10
17.21999999999998
 20
58.08907342657342
 10
18.154999999999983
 20
58.08907342657342
  0
LWPOLYLINE
  5
2C3
330
17
100
AcDbEntity
  8
LABELS
100
AcDbPolyline
 90
2
 70
0
 10
17.21999999999998
 20
58.93907342657343
 10
17.21999999999998
 20
58.08907342657342
  0
LWPOLYLINE
  5
2C4
330
17
100
AcDbEntity
  8
LABELS
100
AcDbPolyline
 90
2
 70
0
 10
17.21999999999998
 20
59.789073426573424
 10
17.21999999999998
 20
58.93907342657343
  0
LWPOLYLINE
  5
2C5
330
17
100
AcDbEntity
  8
LABELS
100
AcDbPolyline
 90
2
 70
0
 10
18.494999999999987
 20
59.789073426573424
 10
18.494999999999987
 20
58.93907342657343
  0
LWPOLYLINE
  5
2C6
330
17
100
AcDbEntity
  8
LABELS
100
AcDbPolyline
 90
2
 70
0
 10
18.494999999999987
 20
58.93907342657343
 10
19.42999999999999
 20
58.93907342657343
  0
LWPOLYLINE
  5
2C7
330
17
100
AcDbEntity
  8
LABELS
100
AcDbPolyline
 90
2
 70
0
 10
19.42999999999999
 20
59.789073426573424
 10
19.42999999999999
 20
58.93907342657343
  0
LWPOLYLINE
  5
2C8
330
17
100
AcDbEntity
  8
LABELS
100
AcDbPolyline
 90
2
 70
0
 10
19.42999999999999
 20
58.93907342657343
 10
19.42999999999999
 20
58.08907342657342
  0
LWPOLYLINE
  5
2C9
330
17
100
AcDbEntity
  8
LABELS
100
AcDbPolyline
 90
2
 70
0
 10
16.879999999999978
 20
74.70935314685316
 10
16.879999999999978
 20
73.85935314685315
  0
LWPOLYLINE
  5
2CA
330
17
100
AcDbEntity
  8
LABELS
100
AcDbPolyline
 90
2
 70
0
 10
16.879999999999978
 20
73.85935314685315
 10
16.879999999999978
 20
73.00935314685316
  0
LWPOLYLINE
  5
2CB
330
17
100
AcDbEntity
  8
LABELS
100
AcDbPolyline
 90
2
 70
0
 10
17.21999999999998
 20
74.70935314685316
 10
18.154999999999983
 20
74.70935314685316
  0
LWPOLYLINE
  5
2CC
330
17
100
AcDbEntity
  8
LABELS
100
AcDbPolyline
 90
2
 70
0
 10
18.154999999999983
 20
74.70935314685316
 10
18.154999999999983
 20
73.85935314685315
  0
LWPOLYLINE
  5
2CD
330
17
100
AcDbEntity
  8
LABELS
100
AcDbPolyline
 90
2
 70
0
 10
18.154999999999983
 20
73.85935314685315
 10
18.154999999999983
 20
73.00935314685316
  0
LWPOLYLINE
  5
2CE
330
17
100
AcDbEntity
  8
LABELS
100
AcDbPolyline
 90
2
 70
0
 10
17.21999999999998
 20
73.00935314685316
 10
18.154999999999983
 20
73.00935314685316
  0
LWPOLYLINE
  5
2CF
330
17
100
AcDbEntity
  8
LABELS
100
AcDbPolyline
 90
2
 70
0
 10
17.21999999999998
 20
73.85935314685315
 10
17.21999999999998
 20
73.00935314685316
  0
LWPOLYLINE
  5
2D0
330
17
100
AcDbEntity
  8
LABELS
100
AcDbPolyline
 90
2
 70
0
 10
17.21999999999998
 20
74.70935314685316
 10
17.21999999999998
 20
73.85935314685315
  0
LWPOLYLINE
  5
2D1
330
17
100
AcDbEntity
  8
LABELS
100
AcDbPolyline
 90
2
 70
0
 10
18.494999999999987
 20
74.70935314685316
 10
19.42999999999999
 20
74.70935314685316
  0
LWPOLYLINE
  5
2D2
330
17
100
AcDbEntity
  8
LABELS
100
AcDbPolyline
 90
2
 70
0
 10
18.494999999999987
 20
74.70935314685316
 10
18.494999999999987
 20
73.85935314685315
  0
LWPOLYLINE
  5
2D3
330
17
100
AcDbEntity
  8
LABELS
100
AcDbPolyline
 90
2
 70
0
 10
18.494999999999987
 20
73.85935314685315
 10
19.42999999999999
 20
73.85935314685315
  0
LWPOLYLINE
  5
2D4
330
17
100
AcDbEntity
  8
LABELS
100
AcDbPolyline
 90
2
 70
0
 10
19.42999999999999
 20
73.85935314685315
 10
19.42999999999999
 20
73.00935314685316
  0
LWPOLYLINE
  5
2D5
330
17
100
AcDbEntity
  8
LABELS
100
AcDbPolyline
 90
2
 70
0
 10
18.494999999999987
 20
73.00935314685316
 10
19.42999999999999
 20
73.00935314685316
  0
LWPOLYLINE
  5
2D6
330
17
100
AcDbEntity
  8
LABELS
100
AcDbPolyline
 90
2
 70
0
 10
16.879999999999978
 20
89.3631993006993
 10
16.879999999999978
 20
88.5131993006993
  0
LWPOLYLINE
  5
2D7
330
17
100
AcDbEntity
  8
LABELS
100
AcDbPolyline
 90
2
 70
0
 10
16.879999999999978
 20
88.5131993006993
 10
16.879999999999978
 20
87.6631993006993
  0
LWPOLYLINE
  5
2D8
330
17
100
AcDbEntity
  8
LABELS
100
AcDbPolyline
 90
2
 70
0
 10
17.21999999999998
 20
89.3631993006993
 10
18.154999999999983
 20
89.3631993006993
  0
LWPOLYLINE
  5
2D9
330
17
100
AcDbEntity
  8
LABELS
100
AcDbPolyline
 90
2
 70
0
 10
18.154999999999983
 20
89.3631993006993
 10
18.154999999999983
 20
88.5131993006993
  0
LWPOLYLINE
  5
2DA
330
17
100
AcDbEntity
  8
LABELS
100
AcDbPolyline
 90
2
 70
0
 10
18.154999999999983
 20
88.5131993006993
 10
18.154999999999983
 20
87.6631993006993
  0
LWPOLYLINE
  5
2DB
330
17
100
AcDbEntity
  8
LABELS
100
AcDbPolyline
 90
2
 70
0
 10
17.21999999999998
 20
87.6631993006993
 10
18.154999999999983
 20
87.6631993006993
  0
LWPOLYLINE
  5
2DC
330
17
100
AcDbEntity
  8
LABELS
100
AcDbPolyline
 90
2
 70
0
 10
17.21999999999998
 20
88.5131993006993
 10
17.21999999999998
 20
87.6631993006993
  0
LWPOLYLINE
  5
2DD
330
17
100
AcDbEntity
  8
LABELS
100
AcDbPolyline
 90
2
 70
0
 10
17.21999999999998
 20
89.3631993006993
 10
17.21999999999998
 20
88.5131993006993
  0
LWPOLYLINE
  5
2DE
330
17
100
AcDbEntity
  8
LABELS
100
AcDbPolyline
 90
2
 70
0
 10
18.494999999999987
 20
89.3631993006993
 10
19.42999999999999
 20
89.3631993006993
  0
LWPOLYLINE
  5
2DF
330
17
100
AcDbEntity
  8
LABELS
100
AcDbPolyline
 90
2
 70
0
 10
18.494999999999987
 20
89.3631993006993
 10
18.494999999999987
 20
88.5131993006993
  0
LWPOLYLINE
  5
2E0
330
17
100
AcDbEntity
  8
LABELS
100
AcDbPolyline
 90
2
 70
0
 10
18.494999999999987
 20
88.5131993006993
 10
19.42999999999999
 20
88.5131993006993
  0
LWPOLYLINE
  5
2E1
330
17
100
AcDbEntity
  8
LABELS
100
AcDbPolyline
 90
2
 70
0
 10
18.494999999999987
 20
88.5131993006993
 10
18.494999999999987
 20
87.6631993006993
  0
LWPOLYLINE
  5
2E2
330
17
100
AcDbEntity
  8
LABELS
100
AcDbPolyline
 90
2
 70
0
 10
19.42999999999999
 20
88.5131993006993
 10
19.42999999999999
 20
87.6631993006993
  0
LWPOLYLINE
  5
2E3
330
17
100
AcDbEntity
  8
LABELS
100
AcDbPolyline
 90
2
 70
0
 10
18.494999999999987
 20
87.6631993006993
 10
19.42999999999999
 20
87.6631993006993
  0
LWPOLYLINE
  5
2E4
330
17
100
AcDbEntity
  8
LABELS
100
AcDbPolyline
 90
2
 70
0
 10
16.879999999999978
 20
100.5534090909091
 10
16.879999999999978
 20
99.70340909090909
  0
LWPOLYLINE
  5
2E5
330
17
100
AcDbEntity
  8
LABELS
100
AcDbPolyline
 90
2
 70
0
 10
16.879999999999978
 20
99.70340909090909
 10
16.879999999999978
 20
98.8534090909091
  0
LWPOLYLINE
  5
2E6
330
17
100
AcDbEntity
  8
LABELS
100
AcDbPolyline
 90
2
 70
0
 10
17.21999999999998
 20
100.5534090909091
 10
18.154999999999983
 20
100.5534090909091
  0
LWPOLYLINE
  5
2E7
330
17
100
AcDbEntity
  8
LABELS
100
AcDbPolyline
 90
2
 70
0
 10
18.154999999999983
 20
100.5534090909091
 10
18.154999999999983
 20
99.70340909090909
  0
LWPOLYLINE
  5
2E8
330
17
100
AcDbEntity
  8
LABELS
100
AcDbPolyline
 90
2
 70
0
 10
18.154999999999983
 20
99.70340909090909
 10
18.154999999999983
 20
98.8534090909091
  0
LWPOLYLINE
  5
2E9
330
17
100
AcDbEntity
  8
LABELS
100
AcDbPolyline
 90
2
 70
0
 10
17.21999999999998
 20
98.8534090909091
 10
18.154999999999983
 20
98.8534090909091
  0
LWPOLYLINE
  5
2EA
330
17
100
AcDbEntity
  8
LABELS
100
AcDbPolyline
 90
2
 70
0
 10
17.21999999999998
 20
99.70340909090909
 10
17.21999999999998
 20
98.8534090909091
  0
LWPOLYLINE
  5
2EB
330
17
100
AcDbEntity
  8
LABELS
100
AcDbPolyline
 90
2
 70
0
 10
17.21999999999998
 20
100.5534090909091
 10
17.21999999999998
 20
99.70340909090909
  0
LWPOLYLINE
  5
2EC
330
17
100
AcDbEntity
  8
LABELS
100
AcDbPolyline
 90
2
 70
0
 10
18.494999999999987
 20
100.5534090909091
 10
19.42999999999999
 20
100.5534090909091
  0
LWPOLYLINE
  5
2ED
330
17
100
AcDbEntity
  8
LABELS
100
AcDbPolyline
 90
2
 70
0
 10
19.42999999999999
 20
100.5534090909091
 10
19.42999999999999
 20
99.70340909090909
  0
LWPOLYLINE
  5
2EE
330
17
100
AcDbEntity
  8
LABELS
100
AcDbPolyline
 90
2
 70
0
 10
19.42999999999999
 20
99.70340909090909
 10
19.42999999999999
 20
98.8534090909091
  0
LWPOLYLINE
  5
2EF
330
17
100
AcDbEntity
  8
LABELS
100
AcDbPolyline
 90
2
 70
0
 10
16.879999999999978
 20
115.74012237762241
 10
16.879999999999978
 20
114.8901223776224
  0
LWPOLYLINE
  5
2F0
330
17
100
AcDbEntity
  8
LABELS
100
AcDbPolyline
 90
2
 70
0
 10
16.879999999999978
 20
114.8901223776224
 10
16.879999999999978
 20
114.04012237762241
  0
LWPOLYLINE
  5
2F1
330
17
100
AcDbEntity
  8
LABELS
100
AcDbPolyline
 90
2
 70
0
 10
17.21999999999998
 20
115.74012237762241
 10
18.154999999999983
 20
115.74012237762241
  0
LWPOLYLINE
  5
2F2
330
17
100
AcDbEntity
  8
LABELS
100
AcDbPolyline
 90
2
 70
0
 10
18.154999999999983
 20
115.74012237762241
 10
18.154999999999983
 20
114.8901223776224
  0
LWPOLYLINE
  5
2F3
330
17
100
AcDbEntity
  8
LABELS
100
AcDbPolyline
 90
2
 70
0
 10
18.154999999999983
 20
114.8901223776224
 10
18.154999999999983
 20
114.04012237762241
  0
LWPOLYLINE
  5
2F4
330
17
100
AcDbEntity
  8
LABELS
100
AcDbPolyline
 90
2
 70
0
 10
17.21999999999998
 20
114.04012237762241
 10
18.154999999999983
 20
114.04012237762241
  0
LWPOLYLINE
  5
2F5
330
17
100
AcDbEntity
  8
LABELS
100
AcDbPolyline
 90
2
 70
0
 10
17.21999999999998
 20
114.8901223776224
 10
17.21999999999998
 20
114.04012237762241
  0
LWPOLYLINE
  5
2F6
330
17
100
AcDbEntity
  8
LABELS
100
AcDbPolyline
 90
2
 70
0
 10
17.21999999999998
 20
115.74012237762241
 10
17.21999999999998
 20
114.8901223776224
  0
LWPOLYLINE
  5
2F7
330
17
100
AcDbEntity
  8
LABELS
100
AcDbPolyline
 90
2
 70
0
 10
18.494999999999987
 20
115.74012237762241
 10
19.42999999999999
 20
115.74012237762241
  0
LWPOLYLINE
  5
2F8
330
17
100
AcDbEntity
  8
LABELS
100
AcDbPolyline
 90
2
 70
0
 10
19.42999999999999
 20
115.74012237762241
 10
19.42999999999999
 20
114.8901223776224
  0
LWPOLYLINE
  5
2F9
330
17
100
AcDbEntity
  8
LABELS
100
AcDbPolyline
 90
2
 70
0
 10
19.42999999999999
 20
114.8901223776224
 10
19.42999999999999
 20
114.04012237762241
  0
LWPOLYLINE
  5
2FA
330
17
100
AcDbEntity
  8
LABELS
100
AcDbPolyline
 90
2
 70
0
 10
18.494999999999987
 20
114.04012237762241
 10
19.42999999999999
 20
114.04012237762241
  0
LWPOLYLINE
  5
2FB
330
17
100
AcDbEntity
  8
LABELS
100
AcDbPolyline
 90
2
 70
0
 10
18.494999999999987
 20
114.8901223776224
 10
18.494999999999987
 20
114.04012237762241
  0
LWPOLYLINE
  5
2FC
330
17
100
AcDbEntity
  8
LABELS
100
AcDbPolyline
 90
2
 70
0
 10
18.494999999999987
 20
115.74012237762241
 10
18.494999999999987
 20
114.8901223776224
  0
LWPOLYLINE
  5
2FD
330
17
100
AcDbEntity
  8
LABELS
100
AcDbPolyline
 90
2
 70
0
 10
18.494999999999987
 20
114.8901223776224
 10
19.42999999999999
 20
114.8901223776224
  0
LWPOLYLINE
  5
2FE
330
17
100
AcDbEntity
  8
LABELS
100
AcDbPolyline
 90
2
 70
0
 10
27.46811188811186
 20
74.95935314685315
 10
27.46811188811186
 20
74.10935314685314
  0
LWPOLYLINE
  5
2FF
330
17
100
AcDbEntity
  8
LABELS
100
AcDbPolyline
 90
2
 70
0
 10
27.46811188811186
 20
74.10935314685314
 10
27.46811188811186
 20
73.25935314685314
  0
LWPOLYLINE
  5
300
330
17
100
AcDbEntity
  8
LABELS
100
AcDbPolyline
 90
2
 70
0
 10
27.808111888111863
 20
74.95935314685315
 10
28.743111888111866
 20
74.95935314685315
  0
LWPOLYLINE
  5
301
330
17
100
AcDbEntity
  8
LABELS
100
AcDbPolyline
 90
2
 70
0
 10
28.743111888111866
 20
74.95935314685315
 10
28.743111888111866
 20
74.10935314685314
  0
LWPOLYLINE
  5
302
330
17
100
AcDbEntity
  8
LABELS
100
AcDbPolyline
 90
2
 70
0
 10
28.743111888111866
 20
74.10935314685314
 10
28.743111888111866
 20
73.25935314685314
  0
LWPOLYLINE
  5
303
330
17
100
AcDbEntity
  8
LABELS
100
AcDbPolyline
 90
2
 70
0
 10
27.808111888111863
 20
73.25935314685314
 10
28.743111888111866
 20
73.25935314685314
  0
LWPOLYLINE
  5
304
330
17
100
AcDbEntity
  8
LABELS
100
AcDbPolyline
 90
2
 70
0
 10
27.808111888111863
 20
74.10935314685314
 10
27.808111888111863
 20
73.25935314685314
  0
LWPOLYLINE
  5
305
330
17
100
AcDbEntity
  8
LABELS
100
AcDbPolyline
 90
2
 70
0
 10
27.808111888111863
 20
74.95935314685315
 10
27.808111888111863
 20
74.10935314685314
  0
LWPOLYLINE
  5
306
330
17
100
AcDbEntity
  8
LABELS
100
AcDbPolyline
 90
2
 70
0
 10
29.08311188811187
 20
74.95935314685315
 10
30.01811188811187
 20
74.95935314685315
  0
LWPOLYLINE
  5
307
330
17
100
AcDbEntity
  8
LABELS
100
AcDbPolyline
 90
2
 70
0
 10
30.01811188811187
 20
74.95935314685315
 10
30.01811188811187
 20
74.10935314685314
  0
LWPOLYLINE
  5
308
330
17
100
AcDbEntity
  8
LABELS
100
AcDbPolyline
 90
2
 70
0
 10
29.08311188811187
 20
74.95935314685315
 10
29.08311188811187
 20
74.10935314685314
  0
LWPOLYLINE
  5
309
330
17
100
AcDbEntity
  8
LABELS
100
AcDbPolyline
 90
2
 70
0
 10
29.08311188811187
 20
74.10935314685314
 10
30.01811188811187
 20
74.10935314685314
  0
LWPOLYLINE
  5
30A
330
17
100
AcDbEntity
  8
LABELS
100
AcDbPolyline
 90
2
 70
0
 10
30.01811188811187
 20
74.10935314685314
 10
30.01811188811187
 20
73.25935314685314
  0
LWPOLYLINE
  5
30B
330
17
100
AcDbEntity
  8
LABELS
100
AcDbPolyline
 90
2
 70
0
 10
29.08311188811187
 20
73.25935314685314
 10
30.01811188811187
 20
73.25935314685314
  0
LWPOLYLINE
  5
30C
330
17
100
AcDbEntity
  8
LABELS
100
AcDbPolyline
 90
2
 70
0
 10
27.46811188811186
 20
90.41250000000004
 10
27.46811188811186
 20
89.56250000000003
  0
LWPOLYLINE
  5
30D
330
17
100
AcDbEntity
  8
LABELS
100
AcDbPolyline
 90
2
 70
0
 10
27.46811188811186
 20
89.56250000000003
 10
27.46811188811186
 20
88.71250000000003
  0
LWPOLYLINE
  5
30E
330
17
100
AcDbEntity
  8
LABELS
100
AcDbPolyline
 90
2
 70
0
 10
28.743111888111866
 20
90.41250000000004
 10
28.743111888111866
 20
89.56250000000003
  0
LWPOLYLINE
  5
30F
330
17
100
AcDbEntity
  8
LABELS
100
AcDbPolyline
 90
2
 70
0
 10
28.743111888111866
 20
89.56250000000003
 10
28.743111888111866
 20
88.71250000000003
  0
LWPOLYLINE
  5
310
330
17
100
AcDbEntity
  8
LABELS
100
AcDbPolyline
 90
2
 70
0
 10
29.08311188811187
 20
90.41250000000004
 10
30.01811188811187
 20
90.41250000000004
  0
LWPOLYLINE
  5
311
330
17
100
AcDbEntity
  8
LABELS
100
AcDbPolyline
 90
2
 70
0
 10
30.01811188811187
 20
90.41250000000004
 10
30.01811188811187
 20
89.56250000000003
  0
LWPOLYLINE
  5
312
330
17
100
AcDbEntity
  8
LABELS
100
AcDbPolyline
 90
2
 70
0
 10
30.01811188811187
 20
89.56250000000003
 10
30.01811188811187
 20
88.71250000000003
  0
LWPOLYLINE
  5
313
330
17
100
AcDbEntity
  8
LABELS
100
AcDbPolyline
 90
2
 70
0
 10
29.08311188811187
 20
88.71250000000003
 10
30.01811188811187
 20
88.71250000000003
  0
LWPOLYLINE
  5
314
330
17
100
AcDbEntity
  8
LABELS
100
AcDbPolyline
 90
2
 70
0
 10
29.08311188811187
 20
89.56250000000003
 10
29.08311188811187
 20
88.71250000000003
  0
LWPOLYLINE
  5
315
330
17
100
AcDbEntity
  8
LABELS
100
AcDbPolyline
 90
2
 70
0
 10
29.08311188811187
 20
90.41250000000004
 10
29.08311188811187
 20
89.56250000000003
  0
LWPOLYLINE
  5
316
330
17
100
AcDbEntity
  8
LABELS
100
AcDbPolyline
 90
2
 70
0
 10
30.46811188811189
 20
105.6651223776224
 10
30.46811188811189
 20
104.81512237762239
  0
LWPOLYLINE
  5
317
330
17
100
AcDbEntity
  8
LABELS
100
AcDbPolyline
 90
2
 70
0
 10
30.46811188811189
 20
104.81512237762239
 10
30.46811188811189
 20
103.9651223776224
  0
LWPOLYLINE
  5
318
330
17
100
AcDbEntity
  8
LABELS
100
AcDbPolyline
 90
2
 70
0
 10
31.743111888111894
 20
105.6651223776224
 10
31.743111888111894
 20
104.81512237762239
  0
LWPOLYLINE
  5
319
330
17
100
AcDbEntity
  8
LABELS
100
AcDbPolyline
 90
2
 70
0
 10
31.743111888111894
 20
104.81512237762239
 10
31.743111888111894
 20
103.9651223776224
  0
LWPOLYLINE
  5
31A
330
17
100
AcDbEntity
  8
LABELS
100
AcDbPolyline
 90
2
 70
0
 10
33.0181118881119
 20
105.6651223776224
 10
33.0181118881119
 20
104.81512237762239
  0
LWPOLYLINE
  5
31B
330
17
100
AcDbEntity
  8
LABELS
100
AcDbPolyline
 90
2
 70
0
 10
33.0181118881119
 20
104.81512237762239
 10
33.0181118881119
 20
103.9651223776224
  0
LWPOLYLINE
  5
31C
330
17
100
AcDbEntity
  8
LABELS
100
AcDbPolyline
 90
2
 70
0
 10
47.519860139860114
 20
59.789073426573424
 10
47.519860139860114
 20
58.93907342657343
  0
LWPOLYLINE
  5
31D
330
17
100
AcDbEntity
  8
LABELS
100
AcDbPolyline
 90
2
 70
0
 10
47.519860139860114
 20
58.93907342657343
 10
47.519860139860114
 20
58.08907342657342
  0
LWPOLYLINE
  5
31E
330
17
100
AcDbEntity
  8
LABELS
100
AcDbPolyline
 90
2
 70
0
 10
48.79486013986012
 20
59.789073426573424
 10
48.79486013986012
 20
58.93907342657343
  0
LWPOLYLINE
  5
31F
330
17
100
AcDbEntity
  8
LABELS
100
AcDbPolyline
 90
2
 70
0
 10
48.79486013986012
 20
58.93907342657343
 10
48.79486013986012
 20
58.08907342657342
  0
LWPOLYLINE
  5
320
330
17
100
AcDbEntity
  8
LABELS
100
AcDbPolyline
 90
2
 70
0
 10
49.13486013986012
 20
59.789073426573424
 10
50.069860139860126
 20
59.789073426573424
  0
LWPOLYLINE
  5
321
330
17
100
AcDbEntity
  8
LABELS
100
AcDbPolyline
 90
2
 70
0
 10
50.069860139860126
 20
59.789073426573424
 10
50.069860139860126
 20
58.93907342657343
  0
LWPOLYLINE
  5
322
330
17
100
AcDbEntity
  8
LABELS
100
AcDbPolyline
 90
2
 70
0
 10
49.13486013986012
 20
58.93907342657343
 10
50.069860139860126
 20
58.93907342657343
  0
LWPOLYLINE
  5
323
330
17
100
AcDbEntity
  8
LABELS
100
AcDbPolyline
 90
2
 70
0
 10
49.13486013986012
 20
58.93907342657343
 10
49.13486013986012
 20
58.08907342657342
  0
LWPOLYLINE
  5
324
330
17
100
AcDbEntity
  8
LABELS
100
AcDbPolyline
 90
2
 70
0
 10
49.13486013986012
 20
58.08907342657342
 10
50.069860139860126
 20
58.08907342657342
  0
LWPOLYLINE
  5
325
330
17
100
AcDbEntity
  8
LABELS
100
AcDbPolyline
 90
2
 70
0
 10
56.045734265734254
 20
102.1520104895105
 10
56.045734265734254
 20
101.3020104895105
  0
LWPOLYLINE
  5
326
330
17
100
AcDbEntity
  8
LABELS
100
AcDbPolyline
 90
2
 70
0
 10
56.045734265734254
 20
101.3020104895105
 10
56.045734265734254
 20
100.4520104895105
  0
LWPOLYLINE
  5
327
330
17
100
AcDbEntity
  8
LABELS
100
AcDbPolyline
 90
2
 70
0
 10
57.32073426573426
 20
102.1520104895105
 10
57.32073426573426
 20
101.3020104895105
  0
LWPOLYLINE
  5
328
330
17
100
AcDbEntity
  8
LABELS
100
AcDbPolyline
 90
2
 70
0
 10
57.32073426573426
 20
101.3020104895105
 10
57.32073426573426
 20
100.4520104895105
  0
LWPOLYLINE
  5
329
330
17
100
AcDbEntity
  8
LABELS
100
AcDbPolyline
 90
2
 70
0
 10
57.66073426573426
 20
102.1520104895105
 10
58.595734265734265
 20
102.1520104895105
  0
LWPOLYLINE
  5
32A
330
17
100
AcDbEntity
  8
LABELS
100
AcDbPolyline
 90
2
 70
0
 10
58.595734265734265
 20
102.1520104895105
 10
58.595734265734265
 20
101.3020104895105
  0
LWPOLYLINE
  5
32B
330
17
100
AcDbEntity
  8
LABELS
100
AcDbPolyline
 90
2
 70
0
 10
57.66073426573426
 20
101.3020104895105
 10
58.595734265734265
 20
101.3020104895105
  0
LWPOLYLINE
  5
32C
330
17
100
AcDbEntity
  8
LABELS
100
AcDbPolyline
 90
2
 70
0
 10
58.595734265734265
 20
101.3020104895105
 10
58.595734265734265
 20
100.4520104895105
  0
LWPOLYLINE
  5
32D
330
17
100
AcDbEntity
  8
LABELS
100
AcDbPolyline
 90
2
 70
0
 10
57.66073426573426
 20
100.4520104895105
 10
58.595734265734265
 20
100.4520104895105
  0
LWPOLYLINE
  5
32E
330
17
100
AcDbEntity
  8
LABELS
100
AcDbPolyline
 90
2
 70
0
 10
71.76531468531466
 20
102.1520104895105
 10
71.76531468531466
 20
101.3020104895105
  0
LWPOLYLINE
  5
32F
330
17
100
AcDbEntity
  8
LABELS
100
AcDbPolyline
 90
2
 70
0
 10
71.76531468531466
 20
101.3020104895105
 10
71.76531468531466
 20
100.4520104895105
  0
LWPOLYLINE
  5
330
330
17
100
AcDbEntity
  8
LABELS
100
AcDbPolyline
 90
2
 70
0
 10
73.04031468531467
 20
102.1520104895105
 10
73.04031468531467
 20
101.3020104895105
  0
LWPOLYLINE
  5
331
330
17
100
AcDbEntity
  8
LABELS
100
AcDbPolyline
 90
2
 70
0
 10
73.04031468531467
 20
101.3020104895105
 10
73.04031468531467
 20
100.4520104895105
  0
LWPOLYLINE
  5
332
330
17
100
AcDbEntity
  8
LABELS
100
AcDbPolyline
 90
2
 70
0
 10
73.38031468531467
 20
102.1520104895105
 10
73.38031468531467
 20
101.3020104895105
  0
LWPOLYLINE
  5
333
330
17
100
AcDbEntity
  8
LABELS
100
AcDbPolyline
 90
2
 70
0
 10
73.38031468531467
 20
101.3020104895105
 10
74.31531468531468
 20
101.3020104895105
  0
LWPOLYLINE
  5
334
330
17
100
AcDbEntity
  8
LABELS
100
AcDbPolyline
 90
2
 70
0
 10
74.31531468531468
 20
102.1520104895105
 10
74.31531468531468
 20
101.3020104895105
  0
LWPOLYLINE
  5
335
330
17
100
AcDbEntity
  8
LABELS
100
AcDbPolyline
 90
2
 70
0
 10
74.31531468531468
 20
101.3020104895105
 10
74.31531468531468
 20
100.4520104895105
  0
LWPOLYLINE
  5
336
330
17
100
AcDbEntity
  8
LABELS
100
AcDbPolyline
 90
2
 70
0
 10
64.82755244755246
 20
59.789073426573424
 10
64.82755244755246
 20
58.93907342657343
  0
LWPOLYLINE
  5
337
330
17
100
AcDbEntity
  8
LABELS
100
AcDbPolyline
 90
2
 70
0
 10
64.82755244755246
 20
58.93907342657343
 10
64.82755244755246
 20
58.08907342657342
  0
LWPOLYLINE
  5
338
330
17
100
AcDbEntity
  8
LABELS
100
AcDbPolyline
 90
2
 70
0
 10
66.10255244755247
 20
59.789073426573424
 10
66.10255244755247
 20
58.93907342657343
  0
LWPOLYLINE
  5
339
330
17
100
AcDbEntity
  8
LABELS
100
AcDbPolyline
 90
2
 70
0
 10
66.10255244755247
 20
58.93907342657343
 10
66.10255244755247
 20
58.08907342657342
  0
LWPOLYLINE
  5
33A
330
17
100
AcDbEntity
  8
LABELS
100
AcDbPolyline
 90
2
 70
0
 10
66.44255244755247
 20
59.789073426573424
 10
67.37755244755247
 20
59.789073426573424
  0
LWPOLYLINE
  5
33B
330
17
100
AcDbEntity
  8
LABELS
100
AcDbPolyline
 90
2
 70
0
 10
66.44255244755247
 20
59.789073426573424
 10
66.44255244755247
 20
58.93907342657343
  0
LWPOLYLINE
  5
33C
330
17
100
AcDbEntity
  8
LABELS
100
AcDbPolyline
 90
2
 70
0
 10
66.44255244755247
 20
58.93907342657343
 10
67.37755244755247
 20
58.93907342657343
  0
LWPOLYLINE
  5
33D
330
17
100
AcDbEntity
  8
LABELS
100
AcDbPolyline
 90
2
 70
0
 10
67.37755244755247
 20
58.93907342657343
 10
67.37755244755247
 20
58.08907342657342
  0
LWPOLYLINE
  5
33E
330
17
100
AcDbEntity
  8
LABELS
100
AcDbPolyline
 90
2
 70
0
 10
66.44255244755247
 20
58.08907342657342
 10
67.37755244755247
 20
58.08907342657342
  0
LWPOLYLINE
  5
33F
330
17
100
AcDbEntity
  8
LABELS
100
AcDbPolyline
 90
2
 70
0
 10
93.61286713286712
 20
59.789073426573424
 10
93.61286713286712
 20
58.93907342657343
  0
LWPOLYLINE
  5
340
330
17
100
AcDbEntity
  8
LABELS
100
AcDbPolyline
 90
2
 70
0
 10
93.61286713286712
 20
58.93907342657343
 10
93.61286713286712
 20
58.08907342657342
  0
LWPOLYLINE
  5
341
330
17
100
AcDbEntity
  8
LABELS
100
AcDbPolyline
 90
2
 70
0
 10
94.88786713286713
 20
59.789073426573424
 10
94.88786713286713
 20
58.93907342657343
  0
LWPOLYLINE
  5
342
330
17
100
AcDbEntity
  8
LABELS
100
AcDbPolyline
 90
2
 70
0
 10
94.88786713286713
 20
58.93907342657343
 10
94.88786713286713
 20
58.08907342657342
  0
LWPOLYLINE
  5
343
330
17
100
AcDbEntity
  8
LABELS
100
AcDbPolyline
 90
2
 70
0
 10
95.22786713286713
 20
59.789073426573424
 10
96.16286713286713
 20
59.789073426573424
  0
LWPOLYLINE
  5
344
330
17
100
AcDbEntity
  8
LABELS
100
AcDbPolyline
 90
2
 70
0
 10
95.22786713286713
 20
59.789073426573424
 10
95.22786713286713
 20
58.93907342657343
  0
LWPOLYLINE
  5
345
330
17
100
AcDbEntity
  8
LABELS
100
AcDbPolyline
 90
2
 70
0
 10
95.22786713286713
 20
58.93907342657343
 10
96.16286713286713
 20
58.93907342657343
  0
LWPOLYLINE
  5
346
330
17
100
AcDbEntity
  8
LABELS
100
AcDbPolyline
 90
2
 70
0
 10
95.22786713286713
 20
58.93907342657343
 10
95.22786713286713
 20
58.08907342657342
  0
LWPOLYLINE
  5
347
330
17
100
AcDbEntity
  8
LABELS
100
AcDbPolyline
 90
2
 70
0
 10
96.16286713286713
 20
58.93907342657343
 10
96.16286713286713
 20
58.08907342657342
  0
LWPOLYLINE
  5
348
330
17
100
AcDbEntity
  8
LABELS
100
AcDbPolyline
 90
2
 70
0
 10
95.22786713286713
 20
58.08907342657342
 10
96.16286713286713
 20
58.08907342657342
  0
LWPOLYLINE
  5
349
330
17
100
AcDbEntity
  8
LABELS
100
AcDbPolyline
 90
2
 70
0
 10
93.61286713286715
 20
77.39807692307693
 10
93.61286713286715
 20
76.54807692307693
  0
LWPOLYLINE
  5
34A
330
17
100
AcDbEntity
  8
LABELS
100
AcDbPolyline
 90
2
 70
0
 10
93.61286713286715
 20
76.54807692307693
 10
93.61286713286715
 20
75.69807692307693
  0
LWPOLYLINE
  5
34B
330
17
100
AcDbEntity
  8
LABELS
100
AcDbPolyline
 90
2
 70
0
 10
94.88786713286716
 20
77.39807692307693
 10
94.88786713286716
 20
76.54807692307693
  0
LWPOLYLINE
  5
34C
330
17
100
AcDbEntity
  8
LABELS
100
AcDbPolyline
 90
2
 70
0
 10
94.88786713286716
 20
76.54807692307693
 10
94.88786713286716
 20
75.69807692307693
  0
LWPOLYLINE
  5
34D
330
17
100
AcDbEntity
  8
LABELS
100
AcDbPolyline
 90
2
 70
0
 10
95.22786713286716
 20
77.39807692307693
 10
96.16286713286716
 20
77.39807692307693
  0
LWPOLYLINE
  5
34E
330
17
100
AcDbEntity
  8
LABELS
100
AcDbPolyline
 90
2
 70
0
 10
96.16286713286716
 20
77.39807692307693
 10
96.16286713286716
 20
76.54807692307693
  0
LWPOLYLINE
  5
34F
330
17
100
AcDbEntity
  8
LABELS
100
AcDbPolyline
 90
2
 70
0
 10
96.16286713286716
 20
76.54807692307693
 10
96.16286713286716
 20
75.69807692307693
  0
LWPOLYLINE
  5
350
330
17
100
AcDbEntity
  8
LABELS
100
AcDbPolyline
 90
2
 70
0
 10
96.54363636363637
 20
102.1520104895105
 10
96.54363636363637
 20
101.3020104895105
  0
LWPOLYLINE
  5
351
330
17
100
AcDbEntity
  8
LABELS
100
AcDbPolyline
 90
2
 70
0
 10
96.54363636363637
 20
101.3020104895105
 10
96.54363636363637
 20
100.4520104895105
  0
LWPOLYLINE
  5
352
330
17
100
AcDbEntity
  8
LABELS
100
AcDbPolyline
 90
2
 70
0
 10
97.81863636363637
 20
102.1520104895105
 10
97.81863636363637
 20
101.3020104895105
  0
LWPOLYLINE
  5
353
330
17
100
AcDbEntity
  8
LABELS
100
AcDbPolyline
 90
2
 70
0
 10
97.81863636363637
 20
101.3020104895105
 10
97.81863636363637
 20
100.4520104895105
  0
LWPOLYLINE
  5
354
330
17
100
AcDbEntity
  8
LABELS
100
AcDbPolyline
 90
2
 70
0
 10
98.15863636363638
 20
102.1520104895105
 10
99.09363636363638
 20
102.1520104895105
  0
LWPOLYLINE
  5
355
330
17
100
AcDbEntity
  8
LABELS
100
AcDbPolyline
 90
2
 70
0
 10
99.09363636363638
 20
102.1520104895105
 10
99.09363636363638
 20
101.3020104895105
  0
LWPOLYLINE
  5
356
330
17
100
AcDbEntity
  8
LABELS
100
AcDbPolyline
 90
2
 70
0
 10
99.09363636363638
 20
101.3020104895105
 10
99.09363636363638
 20
100.4520104895105
  0
LWPOLYLINE
  5
357
330
17
100
AcDbEntity
  8
LABELS
100
AcDbPolyline
 90
2
 70
0
 10
98.15863636363638
 20
100.4520104895105
 10
99.09363636363638
 20
100.4520104895105
  0
LWPOLYLINE
  5
358
330
17
100
AcDbEntity
  8
LABELS
100
AcDbPolyline
 90
2
 70
0
 10
98.15863636363638
 20
101.3020104895105
 10
98.15863636363638
 20
100.4520104895105
  0
LWPOLYLINE
  5
359
330
17
100
AcDbEntity
  8
LABELS
100
AcDbPolyline
 90
2
 70
0
 10
98.15863636363638
 20
102.1520104895105
 10
98.15863636363638
 20
101.3020104895105
  0
LWPOLYLINE
  5
35A
330
17
100
AcDbEntity
  8
LABELS
100
AcDbPolyline
 90
2
 70
0
 10
98.15863636363638
 20
101.3020104895105
 10
99.09363636363638
 20
101.3020104895105
  0
LWPOLYLINE
  5
35B
330
17
100
AcDbEntity
  8
LABELS
100
AcDbPolyline
 90
2
 70
0
 10
107.86181818181821
 20
58.8229020979021
 10
107.86181818181821
 20
57.97290209790211
  0
LWPOLYLINE
  5
35C
330
17
100
AcDbEntity
  8
LABELS
100
AcDbPolyline
 90
2
 70
0
 10
107.86181818181821
 20
57.97290209790211
 10
107.86181818181821
 20
57.1229020979021
  0
LWPOLYLINE
  5
35D
330
17
100
AcDbEntity
  8
LABELS
100
AcDbPolyline
 90
2
 70
0
 10
109.13681818181821
 20
58.8229020979021
 10
109.13681818181821
 20
57.97290209790211
  0
LWPOLYLINE
  5
35E
330
17
100
AcDbEntity
  8
LABELS
100
AcDbPolyline
 90
2
 70
0
 10
109.13681818181821
 20
57.97290209790211
 10
109.13681818181821
 20
57.1229020979021
  0
LWPOLYLINE
  5
35F
330
17
100
AcDbEntity
  8
LABELS
100
AcDbPolyline
 90
2
 70
0
 10
109.47681818181822
 20
58.8229020979021
 10
110.41181818181822
 20
58.8229020979021
  0
LWPOLYLINE
  5
360
330
17
100
AcDbEntity
  8
LABELS
100
AcDbPolyline
 90
2
 70
0
 10
110.41181818181822
 20
58.8229020979021
 10
110.41181818181822
 20
57.97290209790211
  0
LWPOLYLINE
  5
361
330
17
100
AcDbEntity
  8
LABELS
100
AcDbPolyline
 90
2
 70
0
 10
109.47681818181822
 20
58.8229020979021
 10
109.47681818181822
 20
57.97290209790211
  0
LWPOLYLINE
  5
362
330
17
100
AcDbEntity
  8
LABELS
100
AcDbPolyline
 90
2
 70
0
 10
109.47681818181822
 20
57.97290209790211
 10
110.41181818181822
 20
57.97290209790211
  0
LWPOLYLINE
  5
363
330
17
100
AcDbEntity
  8
LABELS
100
AcDbPolyline
 90
2
 70
0
 10
110.41181818181822
 20
57.97290209790211
 10
110.41181818181822
 20
57.1229020979021
  0
LWPOLYLINE
  5
364
330
17
100
AcDbEntity
  8
LABELS
100
AcDbPolyline
 90
2
 70
0
 10
109.47681818181822
 20
57.1229020979021
 10
110.41181818181822
 20
57.1229020979021
  0
LWPOLYLINE
  5
365
330
17
100
AcDbEntity
  8
LABELS
100
AcDbPolyline
 90
2
 70
0
 10
133.04503496503494
 20
54.460402097902104
 10
133.04503496503494
 20
53.610402097902096
  0
LWPOLYLINE
  5
366
330
17
100
AcDbEntity
  8
LABELS
100
AcDbPolyline
 90
2
 70
0
 10
133.04503496503494
 20
53.610402097902096
 10
133.04503496503494
 20
52.7604020979021
  0
LWPOLYLINE
  5
367
330
17
100
AcDbEntity
  8
LABELS
100
AcDbPolyline
 90
2
 70
0
 10
133.38503496503495
 20
54.460402097902104
 10
134.32003496503495
 20
54.460402097902104
  0
LWPOLYLINE
  5
368
330
17
100
AcDbEntity
  8
LABELS
100
AcDbPolyline
 90
2
 70
0
 10
134.32003496503495
 20
54.460402097902104
 10
134.32003496503495
 20
53.610402097902096
  0
LWPOLYLINE
  5
369
330
17
100
AcDbEntity
  8
LABELS
100
AcDbPolyline
 90
2
 70
0
 10
133.38503496503495
 20
53.610402097902096
 10
134.32003496503495
 20
53.610402097902096
  0
LWPOLYLINE
  5
36A
330
17
100
AcDbEntity
  8
LABELS
100
AcDbPolyline
 90
2
 70
0
 10
133.38503496503495
 20
53.610402097902096
 10
133.38503496503495
 20
52.7604020979021
  0
LWPOLYLINE
  5
36B
330
17
100
AcDbEntity
  8
LABELS
100
AcDbPolyline
 90
2
 70
0
 10
133.38503496503495
 20
52.7604020979021
 10
134.32003496503495
 20
52.7604020979021
  0
LWPOLYLINE
  5
36C
330
17
100
AcDbEntity
  8
LABELS
100
AcDbPolyline
 90
2
 70
0
 10
134.66003496503495
 20
54.460402097902104
 10
135.59503496503496
 20
54.460402097902104
  0
LWPOLYLINE
  5
36D
330
17
100
AcDbEntity
  8
LABELS
100
AcDbPolyline
 90
2
 70
0
 10
135.59503496503496
 20
54.460402097902104
 10
135.59503496503496
 20
53.610402097902096
  0
LWPOLYLINE
  5
36E
330
17
100
AcDbEntity
  8
LABELS
100
AcDbPolyline
 90
2
 70
0
 10
135.59503496503496
 20
53.610402097902096
 10
135.59503496503496
 20
52.7604020979021
  0
LWPOLYLINE
  5
36F
330
17
100
AcDbEntity
  8
LABELS
100
AcDbPolyline
 90
2
 70
0
 10
134.66003496503495
 20
52.7604020979021
 10
135.59503496503496
 20
52.7604020979021
  0
LWPOLYLINE
  5
370
330
17
100
AcDbEntity
  8
LABELS
100
AcDbPolyline
 90
2
 70
0
 10
134.66003496503495
 20
53.610402097902096
 10
134.66003496503495
 20
52.7604020979021
  0
LWPOLYLINE
  5
371
330
17
100
AcDbEntity
  8
LABELS
100
AcDbPolyline
 90
2
 70
0
 10
134.66003496503495
 20
54.460402097902104
 10
134.66003496503495
 20
53.610402097902096
  0
LWPOLYLINE
  5
372
330
17
100
AcDbEntity
  8
LABELS
100
AcDbPolyline
 90
2
 70
0
 10
167.6813986013986
 20
54.460402097902104
 10
167.6813986013986
 20
53.610402097902096
  0
LWPOLYLINE
  5
373
330
17
100
AcDbEntity
  8
LABELS
100
AcDbPolyline
 90
2
 70
0
 10
167.6813986013986
 20
53.610402097902096
 10
167.6813986013986
 20
52.7604020979021
  0
LWPOLYLINE
  5
374
330
17
100
AcDbEntity
  8
LABELS
100
AcDbPolyline
 90
2
 70
0
 10
168.0213986013986
 20
54.460402097902104
 10
168.9563986013986
 20
54.460402097902104
  0
LWPOLYLINE
  5
375
330
17
100
AcDbEntity
  8
LABELS
100
AcDbPolyline
 90
2
 70
0
 10
168.9563986013986
 20
54.460402097902104
 10
168.9563986013986
 20
53.610402097902096
  0
LWPOLYLINE
  5
376
330
17
100
AcDbEntity
  8
LABELS
100
AcDbPolyline
 90
2
 70
0
 10
168.0213986013986
 20
53.610402097902096
 10
168.9563986013986
 20
53.610402097902096
  0
LWPOLYLINE
  5
377
330
17
100
AcDbEntity
  8
LABELS
100
AcDbPolyline
 90
2
 70
0
 10
168.0213986013986
 20
53.610402097902096
 10
168.0213986013986
 20
52.7604020979021
  0
LWPOLYLINE
  5
378
330
17
100
AcDbEntity
  8
LABELS
100
AcDbPolyline
 90
2
 70
0
 10
168.0213986013986
 20
52.7604020979021
 10
168.9563986013986
 20
52.7604020979021
  0
LWPOLYLINE
  5
379
330
17
100
AcDbEntity
  8
LABELS
100
AcDbPolyline
 90
2
 70
0
 10
170.2313986013986
 20
54.460402097902104
 10
170.2313986013986
 20
53.610402097902096
  0
LWPOLYLINE
  5
37A
330
17
100
AcDbEntity
  8
LABELS
100
AcDbPolyline
 90
2
 70
0
 10
170.2313986013986
 20
53.610402097902096
 10
170.2313986013986
 20
52.7604020979021
  0
LWPOLYLINE
  5
37B
330
17
100
AcDbEntity
  8
LABELS
100
AcDbPolyline
 90
2
 70
0
 10
186.33174825174825
 20
21.42263986013986
 10
186.33174825174825
 20
20.57263986013986
  0
LWPOLYLINE
  5
37C
330
17
100
AcDbEntity
  8
LABELS
100
AcDbPolyline
 90
2
 70
0
 10
186.33174825174825
 20
20.57263986013986
 10
186.33174825174825
 20
19.72263986013986
  0
LWPOLYLINE
  5
37D
330
17
100
AcDbEntity
  8
LABELS
100
AcDbPolyline
 90
2
 70
0
 10
186.67174825174826
 20
21.42263986013986
 10
187.60674825174826
 20
21.42263986013986
  0
LWPOLYLINE
  5
37E
330
17
100
AcDbEntity
  8
LABELS
100
AcDbPolyline
 90
2
 70
0
 10
187.60674825174826
 20
21.42263986013986
 10
187.60674825174826
 20
20.57263986013986
  0
LWPOLYLINE
  5
37F
330
17
100
AcDbEntity
  8
LABELS
100
AcDbPolyline
 90
2
 70
0
 10
186.67174825174826
 20
20.57263986013986
 10
187.60674825174826
 20
20.57263986013986
  0
LWPOLYLINE
  5
380
330
17
100
AcDbEntity
  8
LABELS
100
AcDbPolyline
 90
2
 70
0
 10
186.67174825174826
 20
20.57263986013986
 10
186.67174825174826
 20
19.72263986013986
  0
LWPOLYLINE
  5
381
330
17
100
AcDbEntity
  8
LABELS
100
AcDbPolyline
 90
2
 70
0
 10
186.67174825174826
 20
19.72263986013986
 10
187.60674825174826
 20
19.72263986013986
  0
LWPOLYLINE
  5
382
330
17
100
AcDbEntity
  8
LABELS
100
AcDbPolyline
 90
2
 70
0
 10
187.94674825174826
 20
21.42263986013986
 10
188.88174825174826
 20
21.42263986013986
  0
LWPOLYLINE
  5
383
330
17
100
AcDbEntity
  8
LABELS
100
AcDbPolyline
 90
2
 70
0
 10
188.88174825174826
 20
21.42263986013986
 10
188.88174825174826
 20
20.57263986013986
  0
LWPOLYLINE
  5
384
330
17
100
AcDbEntity
  8
LABELS
100
AcDbPolyline
 90
2
 70
0
 10
187.94674825174826
 20
20.57263986013986
 10
188.88174825174826
 20
20.57263986013986
  0
LWPOLYLINE
  5
385
330
17
100
AcDbEntity
  8
LABELS
100
AcDbPolyline
 90
2
 70
0
 10
187.94674825174826
 20
20.57263986013986
 10
187.94674825174826
 20
19.72263986013986
  0
LWPOLYLINE
  5
386
330
17
100
AcDbEntity
  8
LABELS
100
AcDbPolyline
 90
2
 70
0
 10
187.94674825174826
 20
19.72263986013986
 10
188.88174825174826
 20
19.72263986013986
  0
LWPOLYLINE
  5
387
330
17
100
AcDbEntity
  8
LABELS
100
AcDbPolyline
 90
2
 70
0
 10
174.33174825174825
 20
59.58582167832168
 10
174.33174825174825
 20
58.735821678321685
  0
LWPOLYLINE
  5
388
330
17
100
AcDbEntity
  8
LABELS
100
AcDbPolyline
 90
2
 70
0
 10
174.33174825174825
 20
58.735821678321685
 10
174.33174825174825
 20
57.885821678321676
  0
LWPOLYLINE
  5
389
330
17
100
AcDbEntity
  8
LABELS
100
AcDbPolyline
 90
2
 70
0
 10
174.67174825174826
 20
59.58582167832168
 10
175.60674825174826
 20
59.58582167832168
  0
LWPOLYLINE
  5
38A
330
17
100
AcDbEntity
  8
LABELS
100
AcDbPolyline
 90
2
 70
0
 10
175.60674825174826
 20
59.58582167832168
 10
175.60674825174826
 20
58.735821678321685
  0
LWPOLYLINE
  5
38B
330
17
100
AcDbEntity
  8
LABELS
100
AcDbPolyline
 90
2
 70
0
 10
174.67174825174826
 20
58.735821678321685
 10
175.60674825174826
 20
58.735821678321685
  0
LWPOLYLINE
  5
38C
330
17
100
AcDbEntity
  8
LABELS
100
AcDbPolyline
 90
2
 70
0
 10
174.67174825174826
 20
58.735821678321685
 10
174.67174825174826
 20
57.885821678321676
  0
LWPOLYLINE
  5
38D
330
17
100
AcDbEntity
  8
LABELS
100
AcDbPolyline
 90
2
 70
0
 10
174.67174825174826
 20
57.885821678321676
 10
175.60674825174826
 20
57.885821678321676
  0
LWPOLYLINE
  5
38E
330
17
100
AcDbEntity
  8
LABELS
100
AcDbPolyline
 90
2
 70
0
 10
175.94674825174826
 20
59.58582167832168
 10
176.88174825174826
 20
59.58582167832168
  0
LWPOLYLINE
  5
38F
330
17
100
AcDbEntity
  8
LABELS
100
AcDbPolyline
 90
2
 70
0
 10
176.88174825174826
 20
59.58582167832168
 10
176.88174825174826
 20
58.735821678321685
  0
LWPOLYLINE
  5
390
330
17
100
AcDbEntity
  8
LABELS
100
AcDbPolyline
 90
2
 70
0
 10
175.94674825174826
 20
58.735821678321685
 10
176.88174825174826
 20
58.735821678321685
  0
LWPOLYLINE
  5
391
330
17
100
AcDbEntity
  8
LABELS
100
AcDbPolyline
 90
2
 70
0
 10
176.88174825174826
 20
58.735821678321685
 10
176.88174825174826
 20
57.885821678321676
  0
LWPOLYLINE
  5
392
330
17
100
AcDbEntity
  8
LABELS
100
AcDbPolyline
 90
2
 70
0
 10
175.94674825174826
 20
57.885821678321676
 10
176.88174825174826
 20
57.885821678321676
  0
LWPOLYLINE
  5
393
330
17
100
AcDbEntity
  8
LABELS
100
AcDbPolyline
 90
2
 70
0
 10
183.12405594405595
 20
51.420804195804195
 10
183.12405594405595
 20
50.5708041958042
  0
LWPOLYLINE
  5
394
330
17
100
AcDbEntity
  8
LABELS
100
AcDbPolyline
 90
2
 70
0
 10
183.12405594405595
 20
50.5708041958042
 10
183.12405594405595
 20
49.72080419580419
  0
LWPOLYLINE
  5
395
330
17
100
AcDbEntity
  8
LABELS
100
AcDbPolyline
 90
2
 70
0
 10
183.46405594405593
 20
51.420804195804195
 10
184.39905594405593
 20
51.420804195804195
  0
LWPOLYLINE
  5
396
330
17
100
AcDbEntity
  8
LABELS
100
AcDbPolyline
 90
2
 70
0
 10
184.39905594405593
 20
51.420804195804195
 10
184.39905594405593
 20
50.5708041958042
  0
LWPOLYLINE
  5
397
330
17
100
AcDbEntity
  8
LABELS
100
AcDbPolyline
 90
2
 70
0
 10
183.46405594405593
 20
50.5708041958042
 10
184.39905594405593
 20
50.5708041958042
  0
LWPOLYLINE
  5
398
330
17
100
AcDbEntity
  8
LABELS
100
AcDbPolyline
 90
2
 70
0
 10
183.46405594405593
 20
50.5708041958042
 10
183.46405594405593
 20
49.72080419580419
  0
LWPOLYLINE
  5
399
330
17
100
AcDbEntity
  8
LABELS
100
AcDbPolyline
 90
2
 70
0
 10
183.46405594405593
 20
49.72080419580419
 10
184.39905594405593
 20
49.72080419580419
  0
LWPOLYLINE
  5
39A
330
17
100
AcDbEntity
  8
LABELS
100
AcDbPolyline
 90
2
 70
0
 10
184.73905594405593
 20
51.420804195804195
 10
184.73905594405593
 20
50.5708041958042
  0
LWPOLYLINE
  5
39B
330
17
100
AcDbEntity
  8
LABELS
100
AcDbPolyline
 90
2
 70
0
 10
184.73905594405593
 20
50.5708041958042
 10
185.67405594405594
 20
50.5708041958042
  0
LWPOLYLINE
  5
39C
330
17
100
AcDbEntity
  8
LABELS
100
AcDbPolyline
 90
2
 70
0
 10
185.67405594405594
 20
51.420804195804195
 10
185.67405594405594
 20
50.5708041958042
  0
LWPOLYLINE
  5
39D
330
17
100
AcDbEntity
  8
LABELS
100
AcDbPolyline
 90
2
 70
0
 10
185.67405594405594
 20
50.5708041958042
 10
185.67405594405594
 20
49.72080419580419
  0
LWPOLYLINE
  5
39E
330
17
100
AcDbEntity
  8
LABELS
100
AcDbPolyline
 90
2
 70
0
 10
192.12405594405595
 20
61.63767482517481
 10
192.12405594405595
 20
60.78767482517482
  0
LWPOLYLINE
  5
39F
330
17
100
AcDbEntity
  8
LABELS
100
AcDbPolyline
 90
2
 70
0
 10
192.12405594405595
 20
60.78767482517482
 10
192.12405594405595
 20
59.93767482517481
  0
LWPOLYLINE
  5
3A0
330
17
100
AcDbEntity
  8
LABELS
100
AcDbPolyline
 90
2
 70
0
 10
192.46405594405593
 20
61.63767482517481
 10
193.39905594405593
 20
61.63767482517481
  0
LWPOLYLINE
  5
3A1
330
17
100
AcDbEntity
  8
LABELS
100
AcDbPolyline
 90
2
 70
0
 10
193.39905594405593
 20
61.63767482517481
 10
193.39905594405593
 20
60.78767482517482
  0
LWPOLYLINE
  5
3A2
330
17
100
AcDbEntity
  8
LABELS
100
AcDbPolyline
 90
2
 70
0
 10
192.46405594405593
 20
60.78767482517482
 10
193.39905594405593
 20
60.78767482517482
  0
LWPOLYLINE
  5
3A3
330
17
100
AcDbEntity
  8
LABELS
100
AcDbPolyline
 90
2
 70
0
 10
192.46405594405593
 20
60.78767482517482
 10
192.46405594405593
 20
59.93767482517481
  0
LWPOLYLINE
  5
3A4
330
17
100
AcDbEntity
  8
LABELS
100
AcDbPolyline
 90
2
 70
0
 10
192.46405594405593
 20
59.93767482517481
 10
193.39905594405593
 20
59.93767482517481
  0
LWPOLYLINE
  5
3A5
330
17
100
AcDbEntity
  8
LABELS
100
AcDbPolyline
 90
2
 70
0
 10
193.73905594405593
 20
61.63767482517481
 10
194.67405594405594
 20
61.63767482517481
  0
LWPOLYLINE
  5
3A6
330
17
100
AcDbEntity
  8
LABELS
100
AcDbPolyline
 90
2
 70
0
 10
193.73905594405593
 20
61.63767482517481
 10
193.73905594405593
 20
60.78767482517482
  0
LWPOLYLINE
  5
3A7
330
17
100
AcDbEntity
  8
LABELS
100
AcDbPolyline
 90
2
 70
0
 10
193.73905594405593
 20
60.78767482517482
 10
194.67405594405594
 20
60.78767482517482
  0
LWPOLYLINE
  5
3A8
330
17
100
AcDbEntity
  8
LABELS
100
AcDbPolyline
 90
2
 70
0
 10
194.67405594405594
 20
60.78767482517482
 10
194.67405594405594
 20
59.93767482517481
  0
LWPOLYLINE
  5
3A9
330
17
100
AcDbEntity
  8
LABELS
100
AcDbPolyline
 90
2
 70
0
 10
193.73905594405593
 20
59.93767482517481
 10
194.67405594405594
 20
59.93767482517481
  0
LWPOLYLINE
  5
3AA
330
17
100
AcDbEntity
  8
LABELS
100
AcDbPolyline
 90
2
 70
0
 10
205.7813986013986
 20
21.42263986013986
 10
205.7813986013986
 20
20.57263986013986
  0
LWPOLYLINE
  5
3AB
330
17
100
AcDbEntity
  8
LABELS
100
AcDbPolyline
 90
2
 70
0
 10
205.7813986013986
 20
20.57263986013986
 10
205.7813986013986
 20
19.72263986013986
  0
LWPOLYLINE
  5
3AC
330
17
100
AcDbEntity
  8
LABELS
100
AcDbPolyline
 90
2
 70
0
 10
206.1213986013986
 20
21.42263986013986
 10
207.0563986013986
 20
21.42263986013986
  0
LWPOLYLINE
  5
3AD
330
17
100
AcDbEntity
  8
LABELS
100
AcDbPolyline
 90
2
 70
0
 10
207.0563986013986
 20
21.42263986013986
 10
207.0563986013986
 20
20.57263986013986
  0
LWPOLYLINE
  5
3AE
330
17
100
AcDbEntity
  8
LABELS
100
AcDbPolyline
 90
2
 70
0
 10
206.1213986013986
 20
20.57263986013986
 10
207.0563986013986
 20
20.57263986013986
  0
LWPOLYLINE
  5
3AF
330
17
100
AcDbEntity
  8
LABELS
100
AcDbPolyline
 90
2
 70
0
 10
206.1213986013986
 20
20.57263986013986
 10
206.1213986013986
 20
19.72263986013986
  0
LWPOLYLINE
  5
3B0
330
17
100
AcDbEntity
  8
LABELS
100
AcDbPolyline
 90
2
 70
0
 10
206.1213986013986
 20
19.72263986013986
 10
207.0563986013986
 20
19.72263986013986
  0
LWPOLYLINE
  5
3B1
330
17
100
AcDbEntity
  8
LABELS
100
AcDbPolyline
 90
2
 70
0
 10
207.3963986013986
 20
21.42263986013986
 10
208.3313986013986
 20
21.42263986013986
  0
LWPOLYLINE
  5
3B2
330
17
100
AcDbEntity
  8
LABELS
100
AcDbPolyline
 90
2
 70
0
 10
207.3963986013986
 20
21.42263986013986
 10
207.3963986013986
 20
20.57263986013986
  0
LWPOLYLINE
  5
3B3
330
17
100
AcDbEntity
  8
LABELS
100
AcDbPolyline
 90
2
 70
0
 10
207.3963986013986
 20
20.57263986013986
 10
208.3313986013986
 20
20.57263986013986
  0
LWPOLYLINE
  5
3B4
330
17
100
AcDbEntity
  8
LABELS
100
AcDbPolyline
 90
2
 70
0
 10
207.3963986013986
 20
20.57263986013986
 10
207.3963986013986
 20
19.72263986013986
  0
LWPOLYLINE
  5
3B5
330
17
100
AcDbEntity
  8
LABELS
100
AcDbPolyline
 90
2
 70
0
 10
208.3313986013986
 20
20.57263986013986
 10
208.3313986013986
 20
19.72263986013986
  0
LWPOLYLINE
  5
3B6
330
17
100
AcDbEntity
  8
LABELS
100
AcDbPolyline
 90
2
 70
0
 10
207.3963986013986
 20
19.72263986013986
 10
208.3313986013986
 20
19.72263986013986
  0
LWPOLYLINE
  5
3B7
330
17
100
AcDbEntity
  8
LABELS
100
AcDbPolyline
 90
2
 70
0
 10
205.78139860139862
 20
51.420804195804195
 10
205.78139860139862
 20
50.5708041958042
  0
LWPOLYLINE
  5
3B8
330
17
100
AcDbEntity
  8
LABELS
100
AcDbPolyline
 90
2
 70
0
 10
205.78139860139862
 20
50.5708041958042
 10
205.78139860139862
 20
49.72080419580419
  0
LWPOLYLINE
  5
3B9
330
17
100
AcDbEntity
  8
LABELS
100
AcDbPolyline
 90
2
 70
0
 10
206.1213986013986
 20
51.420804195804195
 10
207.0563986013986
 20
51.420804195804195
  0
LWPOLYLINE
  5
3BA
330
17
100
AcDbEntity
  8
LABELS
100
AcDbPolyline
 90
2
 70
0
 10
207.0563986013986
 20
51.420804195804195
 10
207.0563986013986
 20
50.5708041958042
  0
LWPOLYLINE
  5
3BB
330
17
100
AcDbEntity
  8
LABELS
100
AcDbPolyline
 90
2
 70
0
 10
206.1213986013986
 20
50.5708041958042
 10
207.0563986013986
 20
50.5708041958042
  0
LWPOLYLINE
  5
3BC
330
17
100
AcDbEntity
  8
LABELS
100
AcDbPolyline
 90
2
 70
0
 10
206.1213986013986
 20
50.5708041958042
 10
206.1213986013986
 20
49.72080419580419
  0
LWPOLYLINE
  5
3BD
330
17
100
AcDbEntity
  8
LABELS
100
AcDbPolyline
 90
2
 70
0
 10
206.1213986013986
 20
49.72080419580419
 10
207.0563986013986
 20
49.72080419580419
  0
LWPOLYLINE
  5
3BE
330
17
100
AcDbEntity
  8
LABELS
100
AcDbPolyline
 90
2
 70
0
 10
207.3963986013986
 20
51.420804195804195
 10
208.3313986013986
 20
51.420804195804195
  0
LWPOLYLINE
  5
3BF
330
17
100
AcDbEntity
  8
LABELS
100
AcDbPolyline
 90
2
 70
0
 10
208.3313986013986
 20
51.420804195804195
 10
208.3313986013986
 20
50.5708041958042
  0
LWPOLYLINE
  5
3C0
330
17
100
AcDbEntity
  8
LABELS
100
AcDbPolyline
 90
2
 70
0
 10
208.3313986013986
 20
50.5708041958042
 10
208.3313986013986
 20
49.72080419580419
  0
LWPOLYLINE
  5
3C1
330
17
100
AcDbEntity
  8
LABELS
100
AcDbPolyline
 90
2
 70
0
 10
205.7813986013986
 20
61.27884615384616
 10
205.7813986013986
 20
60.42884615384615
  0
LWPOLYLINE
  5
3C2
330
17
100
AcDbEntity
  8
LABELS
100
AcDbPolyline
 90
2
 70
0
 10
205.7813986013986
 20
60.42884615384615
 10
205.7813986013986
 20
59.57884615384616
  0
LWPOLYLINE
  5
3C3
330
17
100
AcDbEntity
  8
LABELS
100
AcDbPolyline
 90
2
 70
0
 10
206.1213986013986
 20
61.27884615384616
 10
207.0563986013986
 20
61.27884615384616
  0
LWPOLYLINE
  5
3C4
330
17
100
AcDbEntity
  8
LABELS
100
AcDbPolyline
 90
2
 70
0
 10
207.0563986013986
 20
61.27884615384616
 10
207.0563986013986
 20
60.42884615384615
  0
LWPOLYLINE
  5
3C5
330
17
100
AcDbEntity
  8
LABELS
100
AcDbPolyline
 90
2
 70
0
 10
206.1213986013986
 20
60.42884615384615
 10
207.0563986013986
 20
60.42884615384615
  0
LWPOLYLINE
  5
3C6
330
17
100
AcDbEntity
  8
LABELS
100
AcDbPolyline
 90
2
 70
0
 10
206.1213986013986
 20
60.42884615384615
 10
206.1213986013986
 20
59.57884615384616
  0
LWPOLYLINE
  5
3C7
330
17
100
AcDbEntity
  8
LABELS
100
AcDbPolyline
 90
2
 70
0
 10
206.1213986013986
 20
59.57884615384616
 10
207.0563986013986
 20
59.57884615384616
  0
LWPOLYLINE
  5
3C8
330
17
100
AcDbEntity
  8
LABELS
100
AcDbPolyline
 90
2
 70
0
 10
207.3963986013986
 20
61.27884615384616
 10
208.3313986013986
 20
61.27884615384616
  0
LWPOLYLINE
  5
3C9
330
17
100
AcDbEntity
  8
LABELS
100
AcDbPolyline
 90
2
 70
0
 10
208.3313986013986
 20
61.27884615384616
 10
208.3313986013986
 20
60.42884615384615
  0
LWPOLYLINE
  5
3CA
330
17
100
AcDbEntity
  8
LABELS
100
AcDbPolyline
 90
2
 70
0
 10
208.3313986013986
 20
60.42884615384615
 10
208.3313986013986
 20
59.57884615384616
  0
LWPOLYLINE
  5
3CB
330
17
100
AcDbEntity
  8
LABELS
100
AcDbPolyline
 90
2
 70
0
 10
207.3963986013986
 20
59.57884615384616
 10
208.3313986013986
 20
59.57884615384616
  0
LWPOLYLINE
  5
3CC
330
17
100
AcDbEntity
  8
LABELS
100
AcDbPolyline
 90
2
 70
0
 10
207.3963986013986
 20
60.42884615384615
 10
207.3963986013986
 20
59.57884615384616
  0
LWPOLYLINE
  5
3CD
330
17
100
AcDbEntity
  8
LABELS
100
AcDbPolyline
 90
2
 70
0
 10
207.3963986013986
 20
61.27884615384616
 10
207.3963986013986
 20
60.42884615384615
  0
LWPOLYLINE
  5
3CE
330
17
100
AcDbEntity
  8
LABELS
100
AcDbPolyline
 90
2
 70
0
 10
207.3963986013986
 20
60.42884615384615
 10
208.3313986013986
 20
60.42884615384615
  0
LWPOLYLINE
  5
3CF
330
17
100
AcDbEntity
  8
LABELS
100
AcDbPolyline
 90
2
 70
0
 10
224.16531468531468
 20
54.11260926573428
 10
224.16531468531468
 20
53.26260926573427
  0
LWPOLYLINE
  5
3D0
330
17
100
AcDbEntity
  8
LABELS
100
AcDbPolyline
 90
2
 70
0
 10
224.16531468531468
 20
53.26260926573427
 10
224.16531468531468
 20
52.412609265734275
  0
LWPOLYLINE
  5
3D1
330
17
100
AcDbEntity
  8
LABELS
100
AcDbPolyline
 90
2
 70
0
 10
224.5053146853147
 20
54.11260926573428
 10
225.4403146853147
 20
54.11260926573428
  0
LWPOLYLINE
  5
3D2
330
17
100
AcDbEntity
  8
LABELS
100
AcDbPolyline
 90
2
 70
0
 10
225.4403146853147
 20
54.11260926573428
 10
225.4403146853147
 20
53.26260926573427
  0
LWPOLYLINE
  5
3D3
330
17
100
AcDbEntity
  8
LABELS
100
AcDbPolyline
 90
2
 70
0
 10
224.5053146853147
 20
53.26260926573427
 10
225.4403146853147
 20
53.26260926573427
  0
LWPOLYLINE
  5
3D4
330
17
100
AcDbEntity
  8
LABELS
100
AcDbPolyline
 90
2
 70
0
 10
224.5053146853147
 20
53.26260926573427
 10
224.5053146853147
 20
52.412609265734275
  0
LWPOLYLINE
  5
3D5
330
17
100
AcDbEntity
  8
LABELS
100
AcDbPolyline
 90
2
 70
0
 10
224.5053146853147
 20
52.412609265734275
 10
225.4403146853147
 20
52.412609265734275
  0
LWPOLYLINE
  5
3D6
330
17
100
AcDbEntity
  8
LABELS
100
AcDbPolyline
 90
2
 70
0
 10
225.7803146853147
 20
54.11260926573428
 10
226.7153146853147
 20
54.11260926573428
  0
LWPOLYLINE
  5
3D7
330
17
100
AcDbEntity
  8
LABELS
100
AcDbPolyline
 90
2
 70
0
 10
226.7153146853147
 20
54.11260926573428
 10
226.7153146853147
 20
53.26260926573427
  0
LWPOLYLINE
  5
3D8
330
17
100
AcDbEntity
  8
LABELS
100
AcDbPolyline
 90
2
 70
0
 10
225.7803146853147
 20
54.11260926573428
 10
225.7803146853147
 20
53.26260926573427
  0
LWPOLYLINE
  5
3D9
330
17
100
AcDbEntity
  8
LABELS
100
AcDbPolyline
 90
2
 70
0
 10
225.7803146853147
 20
53.26260926573427
 10
226.7153146853147
 20
53.26260926573427
  0
LWPOLYLINE
  5
3DA
330
17
100
AcDbEntity
  8
LABELS
100
AcDbPolyline
 90
2
 70
0
 10
226.7153146853147
 20
53.26260926573427
 10
226.7153146853147
 20
52.412609265734275
  0
LWPOLYLINE
  5
3DB
330
17
100
AcDbEntity
  8
LABELS
100
AcDbPolyline
 90
2
 70
0
 10
225.7803146853147
 20
52.412609265734275
 10
226.7153146853147
 20
52.412609265734275
  0
LWPOLYLINE
  5
3DC
330
17
100
AcDbEntity
  8
LABELS
100
AcDbPolyline
 90
2
 70
0
 10
232.6806993006993
 20
24.886276223776225
 10
232.6806993006993
 20
24.036276223776223
  0
LWPOLYLINE
  5
3DD
330
17
100
AcDbEntity
  8
LABELS
100
AcDbPolyline
 90
2
 70
0
 10
232.6806993006993
 20
24.036276223776223
 10
232.6806993006993
 20
23.186276223776225
  0
LWPOLYLINE
  5
3DE
330
17
100
AcDbEntity
  8
LABELS
100
AcDbPolyline
 90
2
 70
0
 10
233.0206993006993
 20
24.886276223776225
 10
233.9556993006993
 20
24.886276223776225
  0
LWPOLYLINE
  5
3DF
330
17
100
AcDbEntity
  8
LABELS
100
AcDbPolyline
 90
2
 70
0
 10
233.9556993006993
 20
24.886276223776225
 10
233.9556993006993
 20
24.036276223776223
  0
LWPOLYLINE
  5
3E0
330
17
100
AcDbEntity
  8
LABELS
100
AcDbPolyline
 90
2
 70
0
 10
233.0206993006993
 20
24.036276223776223
 10
233.9556993006993
 20
24.036276223776223
  0
LWPOLYLINE
  5
3E1
330
17
100
AcDbEntity
  8
LABELS
100
AcDbPolyline
 90
2
 70
0
 10
233.9556993006993
 20
24.036276223776223
 10
233.9556993006993
 20
23.186276223776225
  0
LWPOLYLINE
  5
3E2
330
17
100
AcDbEntity
  8
LABELS
100
AcDbPolyline
 90
2
 70
0
 10
233.0206993006993
 20
23.186276223776225
 10
233.9556993006993
 20
23.186276223776225
  0
LWPOLYLINE
  5
3E3
330
17
100
AcDbEntity
  8
LABELS
100
AcDbPolyline
 90
2
 70
0
 10
234.2956993006993
 20
24.886276223776225
 10
235.2306993006993
 20
24.886276223776225
  0
LWPOLYLINE
  5
3E4
330
17
100
AcDbEntity
  8
LABELS
100
AcDbPolyline
 90
2
 70
0
 10
235.2306993006993
 20
24.886276223776225
 10
235.2306993006993
 20
24.036276223776223
  0
LWPOLYLINE
  5
3E5
330
17
100
AcDbEntity
  8
LABELS
100
AcDbPolyline
 90
2
 70
0
 10
235.2306993006993
 20
24.036276223776223
 10
235.2306993006993
 20
23.186276223776225
  0
LWPOLYLINE
  5
3E6
330
17
100
AcDbEntity
  8
LABELS
100
AcDbPolyline
 90
2
 70
0
 10
234.2956993006993
 20
23.186276223776225
 10
235.2306993006993
 20
23.186276223776225
  0
LWPOLYLINE
  5
3E7
330
17
100
AcDbEntity
  8
LABELS
100
AcDbPolyline
 90
2
 70
0
 10
234.2956993006993
 20
24.036276223776223
 10
234.2956993006993
 20
23.186276223776225
  0
LWPOLYLINE
  5
3E8
330
17
100
AcDbEntity
  8
LABELS
100
AcDbPolyline
 90
2
 70
0
 10
234.2956993006993
 20
24.886276223776225
 10
234.2956993006993
 20
24.036276223776223
  0
LWPOLYLINE
  5
3E9
330
17
100
AcDbEntity
  8
LABELS
100
AcDbPolyline
 90
2
 70
0
 10
305.42755244755244
 20
24.88627622377622
 10
305.42755244755244
 20
24.036276223776223
  0
LWPOLYLINE
  5
3EA
330
17
100
AcDbEntity
  8
LABELS
100
AcDbPolyline
 90
2
 70
0
 10
305.42755244755244
 20
24.036276223776223
 10
305.42755244755244
 20
23.186276223776222
  0
LWPOLYLINE
  5
3EB
330
17
100
AcDbEntity
  8
LABELS
100
AcDbPolyline
 90
2
 70
0
 10
305.7675524475524
 20
24.88627622377622
 10
306.7025524475525
 20
24.88627622377622
  0
LWPOLYLINE
  5
3EC
330
17
100
AcDbEntity
  8
LABELS
100
AcDbPolyline
 90
2
 70
0
 10
306.7025524475525
 20
24.88627622377622
 10
306.7025524475525
 20
24.036276223776223
  0
LWPOLYLINE
  5
3ED
330
17
100
AcDbEntity
  8
LABELS
100
AcDbPolyline
 90
2
 70
0
 10
305.7675524475524
 20
24.036276223776223
 10
306.7025524475525
 20
24.036276223776223
  0
LWPOLYLINE
  5
3EE
330
17
100
AcDbEntity
  8
LABELS
100
AcDbPolyline
 90
2
 70
0
 10
306.7025524475525
 20
24.036276223776223
 10
306.7025524475525
 20
23.186276223776222
  0
LWPOLYLINE
  5
3EF
330
17
100
AcDbEntity
  8
LABELS
100
AcDbPolyline
 90
2
 70
0
 10
305.7675524475524
 20
23.186276223776222
 10
306.7025524475525
 20
23.186276223776222
  0
LWPOLYLINE
  5
3F0
330
17
100
AcDbEntity
  8
LABELS
100
AcDbPolyline
 90
2
 70
0
 10
307.97755244755245
 20
24.88627622377622
 10
307.97755244755245
 20
24.036276223776223
  0
LWPOLYLINE
  5
3F1
330
17
100
AcDbEntity
  8
LABELS
100
AcDbPolyline
 90
2
 70
0
 10
307.97755244755245
 20
24.036276223776223
 10
307.97755244755245
 20
23.186276223776222
  0
LWPOLYLINE
  5
3F2
330
17
100
AcDbEntity
  8
LABELS
100
AcDbPolyline
 90
2
 70
0
 10
302.42755244755244
 20
76.51905594405595
 10
302.42755244755244
 20
75.66905594405594
  0
LWPOLYLINE
  5
3F3
330
17
100
AcDbEntity
  8
LABELS
100
AcDbPolyline
 90
2
 70
0
 10
302.42755244755244
 20
75.66905594405594
 10
302.42755244755244
 20
74.81905594405595
  0
LWPOLYLINE
  5
3F4
330
17
100
AcDbEntity
  8
LABELS
100
AcDbPolyline
 90
2
 70
0
 10
302.7675524475525
 20
76.51905594405595
 10
303.7025524475525
 20
76.51905594405595
  0
LWPOLYLINE
  5
3F5
330
17
100
AcDbEntity
  8
LABELS
100
AcDbPolyline
 90
2
 70
0
 10
303.7025524475525
 20
76.51905594405595
 10
303.7025524475525
 20
75.66905594405594
  0
LWPOLYLINE
  5
3F6
330
17
100
AcDbEntity
  8
LABELS
100
AcDbPolyline
 90
2
 70
0
 10
302.7675524475525
 20
75.66905594405594
 10
303.7025524475525
 20
75.66905594405594
  0
LWPOLYLINE
  5
3F7
330
17
100
AcDbEntity
  8
LABELS
100
AcDbPolyline
 90
2
 70
0
 10
303.7025524475525
 20
75.66905594405594
 10
303.7025524475525
 20
74.81905594405595
  0
LWPOLYLINE
  5
3F8
330
17
100
AcDbEntity
  8
LABELS
100
AcDbPolyline
 90
2
 70
0
 10
302.7675524475525
 20
74.81905594405595
 10
303.7025524475525
 20
74.81905594405595
  0
LWPOLYLINE
  5
3F9
330
17
100
AcDbEntity
  8
LABELS
100
AcDbPolyline
 90
2
 70
0
 10
304.04255244755245
 20
76.51905594405595
 10
304.97755244755245
 20
76.51905594405595
  0
LWPOLYLINE
  5
3FA
330
17
100
AcDbEntity
  8
LABELS
100
AcDbPolyline
 90
2
 70
0
 10
304.97755244755245
 20
76.51905594405595
 10
304.97755244755245
 20
75.66905594405594
  0
LWPOLYLINE
  5
3FB
330
17
100
AcDbEntity
  8
LABELS
100
AcDbPolyline
 90
2
 70
0
 10
304.04255244755245
 20
75.66905594405594
 10
304.97755244755245
 20
75.66905594405594
  0
LWPOLYLINE
  5
3FC
330
17
100
AcDbEntity
  8
LABELS
100
AcDbPolyline
 90
2
 70
0
 10
304.04255244755245
 20
75.66905594405594
 10
304.04255244755245
 20
74.81905594405595
  0
LWPOLYLINE
  5
3FD
330
17
100
AcDbEntity
  8
LABELS
100
AcDbPolyline
 90
2
 70
0
 10
304.04255244755245
 20
74.81905594405595
 10
304.97755244755245
 20
74.81905594405595
  0
LWPOLYLINE
  5
3FE
330
17
100
AcDbEntity
  8
LABELS
100
AcDbPolyline
 90
2
 70
0
 10
305.42755244755244
 20
89.59073426573428
 10
305.42755244755244
 20
88.74073426573428
  0
LWPOLYLINE
  5
3FF
330
17
100
AcDbEntity
  8
LABELS
100
AcDbPolyline
 90
2
 70
0
 10
305.42755244755244
 20
88.74073426573428
 10
305.42755244755244
 20
87.89073426573428
  0
LWPOLYLINE
  5
400
330
17
100
AcDbEntity
  8
LABELS
100
AcDbPolyline
 90
2
 70
0
 10
305.7675524475525
 20
89.59073426573428
 10
306.7025524475525
 20
89.59073426573428
  0
LWPOLYLINE
  5
401
330
17
100
AcDbEntity
  8
LABELS
100
AcDbPolyline
 90
2
 70
0
 10
306.7025524475525
 20
89.59073426573428
 10
306.7025524475525
 20
88.74073426573428
  0
LWPOLYLINE
  5
402
330
17
100
AcDbEntity
  8
LABELS
100
AcDbPolyline
 90
2
 70
0
 10
305.7675524475525
 20
88.74073426573428
 10
306.7025524475525
 20
88.74073426573428
  0
LWPOLYLINE
  5
403
330
17
100
AcDbEntity
  8
LABELS
100
AcDbPolyline
 90
2
 70
0
 10
306.7025524475525
 20
88.74073426573428
 10
306.7025524475525
 20
87.89073426573428
  0
LWPOLYLINE
  5
404
330
17
100
AcDbEntity
  8
LABELS
100
AcDbPolyline
 90
2
 70
0
 10
305.7675524475525
 20
87.89073426573428
 10
306.7025524475525
 20
87.89073426573428
  0
LWPOLYLINE
  5
405
330
17
100
AcDbEntity
  8
LABELS
100
AcDbPolyline
 90
2
 70
0
 10
307.04255244755245
 20
89.59073426573428
 10
307.97755244755245
 20
89.59073426573428
  0
LWPOLYLINE
  5
406
330
17
100
AcDbEntity
  8
LABELS
100
AcDbPolyline
 90
2
 70
0
 10
307.97755244755245
 20
89.59073426573428
 10
307.97755244755245
 20
88.74073426573428
  0
LWPOLYLINE
  5
407
330
17
100
AcDbEntity
  8
LABELS
100
AcDbPolyline
 90
2
 70
0
 10
307.04255244755245
 20
88.74073426573428
 10
307.97755244755245
 20
88.74073426573428
  0
LWPOLYLINE
  5
408
330
17
100
AcDbEntity
  8
LABELS
100
AcDbPolyline
 90
2
 70
0
 10
307.97755244755245
 20
88.74073426573428
 10
307.97755244755245
 20
87.89073426573428
  0
LWPOLYLINE
  5
409
330
17
100
AcDbEntity
  8
LABELS
100
AcDbPolyline
 90
2
 70
0
 10
307.04255244755245
 20
87.89073426573428
 10
307.97755244755245
 20
87.89073426573428
  0
LWPOLYLINE
  5
40A
330
17
100
AcDbEntity
  8
LABELS
100
AcDbPolyline
 90
2
 70
0
 10
352.104493006993
 20
10.462499999999999
 10
352.984493006993
 20
10.462499999999999
  0
LWPOLYLINE
  5
40B
330
17
100
AcDbEntity
  8
LABELS
100
AcDbPolyline
 90
2
 70
0
 10
352.104493006993
 20
10.462499999999999
 10
352.104493006993
 20
9.6625
  0
LWPOLYLINE
  5
40C
330
17
100
AcDbEntity
  8
LABELS
100
AcDbPolyline
 90
2
 70
0
 10
352.104493006993
 20
9.6625
 10
352.984493006993
 20
9.6625
  0
LWPOLYLINE
  5
40D
330
17
100
AcDbEntity
  8
LABELS
100
AcDbPolyline
 90
2
 70
0
 10
352.104493006993
 20
9.6625
 10
352.104493006993
 20
8.862499999999999
  0
LWPOLYLINE
  5
40E
330
17
100
AcDbEntity
  8
LABELS
100
AcDbPolyline
 90
2
 70
0
 10
352.984493006993
 20
9.6625
 10
352.984493006993
 20
8.862499999999999
  0
LWPOLYLINE
  5
40F
330
17
100
AcDbEntity
  8
LABELS
100
AcDbPolyline
 90
2
 70
0
 10
352.104493006993
 20
8.862499999999999
 10
352.984493006993
 20
8.862499999999999
  0
LWPOLYLINE
  5
410
330
17
100
AcDbEntity
  8
LABELS
100
AcDbPolyline
 90
2
 70
0
 10
353.30449300699297
 20
10.462499999999999
 10
353.30449300699297
 20
9.6625
  0
LWPOLYLINE
  5
411
330
17
100
AcDbEntity
  8
LABELS
100
AcDbPolyline
 90
2
 70
0
 10
353.30449300699297
 20
9.6625
 10
354.18449300699297
 20
9.6625
  0
LWPOLYLINE
  5
412
330
17
100
AcDbEntity
  8
LABELS
100
AcDbPolyline
 90
2
 70
0
 10
354.18449300699297
 20
10.462499999999999
 10
354.18449300699297
 20
9.6625
  0
LWPOLYLINE
  5
413
330
17
100
AcDbEntity
  8
LABELS
100
AcDbPolyline
 90
2
 70
0
 10
354.18449300699297
 20
9.6625
 10
354.18449300699297
 20
8.862499999999999
  0
LWPOLYLINE
  5
414
330
17
100
AcDbEntity
  8
LABELS
100
AcDbPolyline
 90
2
 70
0
 10
352.104493006993
 20
60.222500000000004
 10
352.984493006993
 20
60.222500000000004
  0
LWPOLYLINE
  5
415
330
17
100
AcDbEntity
  8
LABELS
100
AcDbPolyline
 90
2
 70
0
 10
352.984493006993
 20
60.222500000000004
 10
352.984493006993
 20
59.4225
  0
LWPOLYLINE
  5
416
330
17
100
AcDbEntity
  8
LABELS
100
AcDbPolyline
 90
2
 70
0
 10
352.984493006993
 20
59.4225
 10
352.984493006993
 20
58.6225
  0
LWPOLYLINE
  5
417
330
17
100
AcDbEntity
  8
LABELS
100
AcDbPolyline
 90
2
 70
0
 10
354.18449300699297
 20
60.222500000000004
 10
354.18449300699297
 20
59.4225
  0
LWPOLYLINE
  5
418
330
17
100
AcDbEntity
  8
LABELS
100
AcDbPolyline
 90
2
 70
0
 10
354.18449300699297
 20
59.4225
 10
354.18449300699297
 20
58.6225
  0
LWPOLYLINE
  5
419
330
17
100
AcDbEntity
  8
LABELS
100
AcDbPolyline
 90
2
 70
0
 10
352.104493006993
 20
109.9825
 10
352.984493006993
 20
109.9825
  0
LWPOLYLINE
  5
41A
330
17
100
AcDbEntity
  8
LABELS
100
AcDbPolyline
 90
2
 70
0
 10
352.984493006993
 20
109.9825
 10
352.984493006993
 20
109.1825
  0
LWPOLYLINE
  5
41B
330
17
100
AcDbEntity
  8
LABELS
100
AcDbPolyline
 90
2
 70
0
 10
352.104493006993
 20
109.1825
 10
352.984493006993
 20
109.1825
  0
LWPOLYLINE
  5
41C
330
17
100
AcDbEntity
  8
LABELS
100
AcDbPolyline
 90
2
 70
0
 10
352.984493006993
 20
109.1825
 10
352.984493006993
 20
108.3825
  0
LWPOLYLINE
  5
41D
330
17
100
AcDbEntity
  8
LABELS
100
AcDbPolyline
 90
2
 70
0
 10
352.104493006993
 20
108.3825
 10
352.984493006993
 20
108.3825
  0
LWPOLYLINE
  5
41E
330
17
100
AcDbEntity
  8
LABELS
100
AcDbPolyline
 90
2
 70
0
 10
353.30449300699297
 20
109.9825
 10
354.18449300699297
 20
109.9825
  0
LWPOLYLINE
  5
41F
330
17
100
AcDbEntity
  8
LABELS
100
AcDbPolyline
 90
2
 70
0
 10
353.30449300699297
 20
109.9825
 10
353.30449300699297
 20
109.1825
  0
LWPOLYLINE
  5
420
330
17
100
AcDbEntity
  8
LABELS
100
AcDbPolyline
 90
2
 70
0
 10
353.30449300699297
 20
109.1825
 10
354.18449300699297
 20
109.1825
  0
LWPOLYLINE
  5
421
330
17
100
AcDbEntity
  8
LABELS
100
AcDbPolyline
 90
2
 70
0
 10
354.18449300699297
 20
109.1825
 10
354.18449300699297
 20
108.3825
  0
LWPOLYLINE
  5
422
330
17
100
AcDbEntity
  8
LABELS
100
AcDbPolyline
 90
2
 70
0
 10
353.30449300699297
 20
108.3825
 10
354.18449300699297
 20
108.3825
  0
LWPOLYLINE
  5
423
330
17
100
AcDbEntity
  8
LABELS
100
AcDbPolyline
 90
2
 70
0
 10
536.1344144729616
 20
114.095
 10
536.1344144729616
 20
112.595
  0
LWPOLYLINE
  5
424
330
17
100
AcDbEntity
  8
LABELS
100
AcDbPolyline
 90
2
 70
0
 10
536.1344144729616
 20
112.595
 10
536.1344144729616
 20
111.095
  0
LWPOLYLINE
  5
425
330
17
100
AcDbEntity
  8
LABELS
100
AcDbPolyline
 90
2
 70
0
 10
536.7344144729615
 20
114.095
 10
538.3844144729616
 20
114.095
  0
LWPOLYLINE
  5
426
330
17
100
AcDbEntity
  8
LABELS
100
AcDbPolyline
 90
2
 70
0
 10
536.7344144729615
 20
114.095
 10
536.7344144729615
 20
112.595
  0
LWPOLYLINE
  5
427
330
17
100
AcDbEntity
  8
LABELS
100
AcDbPolyline
 90
2
 70
0
 10
536.7344144729615
 20
112.595
 10
538.3844144729616
 20
112.595
  0
LWPOLYLINE
  5
428
330
17
100
AcDbEntity
  8
LABELS
100
AcDbPolyline
 90
2
 70
0
 10
538.3844144729616
 20
112.595
 10
538.3844144729616
 20
111.095
  0
LWPOLYLINE
  5
429
330
17
100
AcDbEntity
  8
LABELS
100
AcDbPolyline
 90
2
 70
0
 10
536.7344144729615
 20
111.095
 10
538.3844144729616
 20
111.095
  0
LWPOLYLINE
  5
42A
330
17
100
AcDbEntity
  8
LABELS
100
AcDbPolyline
 90
2
 70
0
 10
538.9844144729615
 20
114.095
 10
540.6344144729616
 20
114.095
  0
LWPOLYLINE
  5
42B
330
17
100
AcDbEntity
  8
LABELS
100
AcDbPolyline
 90
2
 70
0
 10
538.9844144729615
 20
114.095
 10
538.9844144729615
 20
112.595
  0
LWPOLYLINE
  5
42C
330
17
100
AcDbEntity
  8
LABELS
100
AcDbPolyline
 90
2
 70
0
 10
538.9844144729615
 20
112.595
 10
540.6344144729616
 20
112.595
  0
LWPOLYLINE
  5
42D
330
17
100
AcDbEntity
  8
LABELS
100
AcDbPolyline
 90
2
 70
0
 10
538.9844144729615
 20
112.595
 10
538.9844144729615
 20
111.095
  0
LWPOLYLINE
  5
42E
330
17
100
AcDbEntity
  8
LABELS
100
AcDbPolyline
 90
2
 70
0
 10
540.6344144729616
 20
112.595
 10
540.6344144729616
 20
111.095
  0
LWPOLYLINE
  5
42F
330
17
100
AcDbEntity
  8
LABELS
100
AcDbPolyline
 90
2
 70
0
 10
538.9844144729615
 20
111.095
 10
540.6344144729616
 20
111.095
  0
LWPOLYLINE
  5
430
330
17
100
AcDbEntity
  8
LABELS
100
AcDbPolyline
 90
2
 70
0
 10
485.97191447296154
 20
118.345
 10
485.97191447296154
 20
117.595
  0
LWPOLYLINE
  5
431
330
17
100
AcDbEntity
  8
LABELS
100
AcDbPolyline
 90
2
 70
0
 10
485.97191447296154
 20
117.595
 10
485.97191447296154
 20
116.845
  0
LWPOLYLINE
  5
432
330
17
100
AcDbEntity
  8
LABELS
100
AcDbPolyline
 90
2
 70
0
 10
494.1469144729615
 20
118.345
 10
494.97191447296154
 20
118.345
  0
LWPOLYLINE
  5
433
330
17
100
AcDbEntity
  8
LABELS
100
AcDbPolyline
 90
2
 70
0
 10
494.97191447296154
 20
118.345
 10
494.97191447296154
 20
117.595
  0
LWPOLYLINE
  5
434
330
17
100
AcDbEntity
  8
LABELS
100
AcDbPolyline
 90
2
 70
0
 10
494.1469144729615
 20
117.595
 10
494.97191447296154
 20
117.595
  0
LWPOLYLINE
  5
435
330
17
100
AcDbEntity
  8
LABELS
100
AcDbPolyline
 90
2
 70
0
 10
494.1469144729615
 20
117.595
 10
494.1469144729615
 20
116.845
  0
LWPOLYLINE
  5
436
330
17
100
AcDbEntity
  8
LABELS
100
AcDbPolyline
 90
2
 70
0
 10
494.1469144729615
 20
116.845
 10
494.97191447296154
 20
116.845
  0
LWPOLYLINE
  5
437
330
17
100
AcDbEntity
  8
LABELS
100
AcDbPolyline
 90
2
 70
0
 10
503.1469144729615
 20
118.345
 10
503.97191447296154
 20
118.345
  0
LWPOLYLINE
  5
438
330
17
100
AcDbEntity
  8
LABELS
100
AcDbPolyline
 90
2
 70
0
 10
503.97191447296154
 20
118.345
 10
503.97191447296154
 20
117.595
  0
LWPOLYLINE
  5
439
330
17
100
AcDbEntity
  8
LABELS
100
AcDbPolyline
 90
2
 70
0
 10
503.1469144729615
 20
117.595
 10
503.97191447296154
 20
117.595
  0
LWPOLYLINE
  5
43A
330
17
100
AcDbEntity
  8
LABELS
100
AcDbPolyline
 90
2
 70
0
 10
503.97191447296154
 20
117.595
 10
503.97191447296154
 20
116.845
  0
LWPOLYLINE
  5
43B
330
17
100
AcDbEntity
  8
LABELS
100
AcDbPolyline
 90
2
 70
0
 10
503.1469144729615
 20
116.845
 10
503.97191447296154
 20
116.845
  0
LWPOLYLINE
  5
43C
330
17
100
AcDbEntity
  8
LABELS
100
AcDbPolyline
 90
2
 70
0
 10
512.1469144729615
 20
118.345
 10
512.1469144729615
 20
117.595
  0
LWPOLYLINE
  5
43D
330
17
100
AcDbEntity
  8
LABELS
100
AcDbPolyline
 90
2
 70
0
 10
512.1469144729615
 20
117.595
 10
512.9719144729615
 20
117.595
  0
LWPOLYLINE
  5
43E
330
17
100
AcDbEntity
  8
LABELS
100
AcDbPolyline
 90
2
 70
0
 10
512.9719144729615
 20
118.345
 10
512.9719144729615
 20
117.595
  0
LWPOLYLINE
  5
43F
330
17
100
AcDbEntity
  8
LABELS
100
AcDbPolyline
 90
2
 70
0
 10
512.9719144729615
 20
117.595
 10
512.9719144729615
 20
116.845
  0
LWPOLYLINE
  5
440
330
17
100
AcDbEntity
  8
LABELS
100
AcDbPolyline
 90
2
 70
0
 10
521.1469144729615
 20
118.345
 10
521.9719144729615
 20
118.345
  0
LWPOLYLINE
  5
441
330
17
100
AcDbEntity
  8
LABELS
100
AcDbPolyline
 90
2
 70
0
 10
521.1469144729615
 20
118.345
 10
521.1469144729615
 20
117.595
  0
LWPOLYLINE
  5
442
330
17
100
AcDbEntity
  8
LABELS
100
AcDbPolyline
 90
2
 70
0
 10
521.1469144729615
 20
117.595
 10
521.9719144729615
 20
117.595
  0
LWPOLYLINE
  5
443
330
17
100
AcDbEntity
  8
LABELS
100
AcDbPolyline
 90
2
 70
0
 10
521.9719144729615
 20
117.595
 10
521.9719144729615
 20
116.845
  0
LWPOLYLINE
  5
444
330
17
100
AcDbEntity
  8
LABELS
100
AcDbPolyline
 90
2
 70
0
 10
521.1469144729615
 20
116.845
 10
521.9719144729615
 20
116.845
  0
LWPOLYLINE
  5
445
330
17
100
AcDbEntity
  8
LABELS
100
AcDbPolyline
 90
2
 70
0
 10
530.1469144729615
 20
118.345
 10
530.9719144729615
 20
118.345
  0
LWPOLYLINE
  5
446
330
17
100
AcDbEntity
  8
LABELS
100
AcDbPolyline
 90
2
 70
0
 10
530.1469144729615
 20
118.345
 10
530.1469144729615
 20
117.595
  0
LWPOLYLINE
  5
447
330
17
100
AcDbEntity
  8
LABELS
100
AcDbPolyline
 90
2
 70
0
 10
530.1469144729615
 20
117.595
 10
530.9719144729615
 20
117.595
  0
LWPOLYLINE
  5
448
330
17
100
AcDbEntity
  8
LABELS
100
AcDbPolyline
 90
2
 70
0
 10
530.1469144729615
 20
117.595
 10
530.1469144729615
 20
116.845
  0
LWPOLYLINE
  5
449
330
17
100
AcDbEntity
  8
LABELS
100
AcDbPolyline
 90
2
 70
0
 10
530.9719144729615
 20
117.595
 10
530.9719144729615
 20
116.845
  0
LWPOLYLINE
  5
44A
330
17
100
AcDbEntity
  8
LABELS
100
AcDbPolyline
 90
2
 70
0
 10
530.1469144729615
 20
116.845
 10
530.9719144729615
 20
116.845
  0
LWPOLYLINE
  5
44B
330
17
100
AcDbEntity
  8
LABELS
100
AcDbPolyline
 90
2
 70
0
 10
539.1469144729615
 20
118.345
 10
539.9719144729615
 20
118.345
  0
LWPOLYLINE
  5
44C
330
17
100
AcDbEntity
  8
LABELS
100
AcDbPolyline
 90
2
 70
0
 10
539.9719144729615
 20
118.345
 10
539.9719144729615
 20
117.595
  0
LWPOLYLINE
  5
44D
330
17
100
AcDbEntity
  8
LABELS
100
AcDbPolyline
 90
2
 70
0
 10
539.9719144729615
 20
117.595
 10
539.9719144729615
 20
116.845
  0
LWPOLYLINE
  5
44E
330
17
100
AcDbEntity
  8
LABELS
100
AcDbPolyline
 90
2
 70
0
 10
548.1469144729615
 20
118.345
 10
548.9719144729615
 20
118.345
  0
LWPOLYLINE
  5
44F
330
17
100
AcDbEntity
  8
LABELS
100
AcDbPolyline
 90
2
 70
0
 10
548.9719144729615
 20
118.345
 10
548.9719144729615
 20
117.595
  0
LWPOLYLINE
  5
450
330
17
100
AcDbEntity
  8
LABELS
100
AcDbPolyline
 90
2
 70
0
 10
548.9719144729615
 20
117.595
 10
548.9719144729615
 20
116.845
  0
LWPOLYLINE
  5
451
330
17
100
AcDbEntity
  8
LABELS
100
AcDbPolyline
 90
2
 70
0
 10
548.1469144729615
 20
116.845
 10
548.9719144729615
 20
116.845
  0
LWPOLYLINE
  5
452
330
17
100
AcDbEntity
  8
LABELS
100
AcDbPolyline
 90
2
 70
0
 10
548.1469144729615
 20
117.595
 10
548.1469144729615
 20
116.845
  0
LWPOLYLINE
  5
453
330
17
100
AcDbEntity
  8
LABELS
100
AcDbPolyline
 90
2
 70
0
 10
548.1469144729615
 20
118.345
 10
548.1469144729615
 20
117.595
  0
LWPOLYLINE
  5
454
330
17
100
AcDbEntity
  8
LABELS
100
AcDbPolyline
 90
2
 70
0
 10
548.1469144729615
 20
117.595
 10
548.9719144729615
 20
117.595
  0
LWPOLYLINE
  5
455
330
17
100
AcDbEntity
  8
LABELS
100
AcDbPolyline
 90
2
 70
0
 10
557.1469144729615
 20
118.345
 10
557.9719144729615
 20
118.345
  0
LWPOLYLINE
  5
456
330
17
100
AcDbEntity
  8
LABELS
100
AcDbPolyline
 90
2
 70
0
 10
557.9719144729615
 20
118.345
 10
557.9719144729615
 20
117.595
  0
LWPOLYLINE
  5
457
330
17
100
AcDbEntity
  8
LABELS
100
AcDbPolyline
 90
2
 70
0
 10
557.1469144729615
 20
118.345
 10
557.1469144729615
 20
117.595
  0
LWPOLYLINE
  5
458
330
17
100
AcDbEntity
  8
LABELS
100
AcDbPolyline
 90
2
 70
0
 10
557.1469144729615
 20
117.595
 10
557.9719144729615
 20
117.595
  0
LWPOLYLINE
  5
459
330
17
100
AcDbEntity
  8
LABELS
100
AcDbPolyline
 90
2
 70
0
 10
557.9719144729615
 20
117.595
 10
557.9719144729615
 20
116.845
  0
LWPOLYLINE
  5
45A
330
17
100
AcDbEntity
  8
LABELS
100
AcDbPolyline
 90
2
 70
0
 10
557.1469144729615
 20
116.845
 10
557.9719144729615
 20
116.845
  0
LWPOLYLINE
  5
45B
330
17
100
AcDbEntity
  8
LABELS
100
AcDbPolyline
 90
2
 70
0
 10
566.4094144729615
 20
118.345
 10
566.4094144729615
 20
117.595
  0
LWPOLYLINE
  5
45C
330
17
100
AcDbEntity
  8
LABELS
100
AcDbPolyline
 90
2
 70
0
 10
566.4094144729615
 20
117.595
 10
566.4094144729615
 20
116.845
  0
LWPOLYLINE
  5
45D
330
17
100
AcDbEntity
  8
LABELS
100
AcDbPolyline
 90
2
 70
0
 10
566.7094144729615
 20
118.345
 10
567.5344144729615
 20
118.345
  0
LWPOLYLINE
  5
45E
330
17
100
AcDbEntity
  8
LABELS
100
AcDbPolyline
 90
2
 70
0
 10
567.5344144729615
 20
118.345
 10
567.5344144729615
 20
117.595
  0
LWPOLYLINE
  5
45F
330
17
100
AcDbEntity
  8
LABELS
100
AcDbPolyline
 90
2
 70
0
 10
567.5344144729615
 20
117.595
 10
567.5344144729615
 20
116.845
  0
LWPOLYLINE
  5
460
330
17
100
AcDbEntity
  8
LABELS
100
AcDbPolyline
 90
2
 70
0
 10
566.7094144729615
 20
116.845
 10
567.5344144729615
 20
116.845
  0
LWPOLYLINE
  5
461
330
17
100
AcDbEntity
  8
LABELS
100
AcDbPolyline
 90
2
 70
0
 10
566.7094144729615
 20
117.595
 10
566.7094144729615
 20
116.845
  0
LWPOLYLINE
  5
462
330
17
100
AcDbEntity
  8
LABELS
100
AcDbPolyline
 90
2
 70
0
 10
566.7094144729615
 20
118.345
 10
566.7094144729615
 20
117.595
  0
LWPOLYLINE
  5
463
330
17
100
AcDbEntity
  8
LABELS
100
AcDbPolyline
 90
2
 70
0
 10
575.4094144729615
 20
118.345
 10
575.4094144729615
 20
117.595
  0
LWPOLYLINE
  5
464
330
17
100
AcDbEntity
  8
LABELS
100
AcDbPolyline
 90
2
 70
0
 10
575.4094144729615
 20
117.595
 10
575.4094144729615
 20
116.845
  0
LWPOLYLINE
  5
465
330
17
100
AcDbEntity
  8
LABELS
100
AcDbPolyline
 90
2
 70
0
 10
576.5344144729615
 20
118.345
 10
576.5344144729615
 20
117.595
  0
LWPOLYLINE
  5
466
330
17
100
AcDbEntity
  8
LABELS
100
AcDbPolyline
 90
2
 70
0
 10
576.5344144729615
 20
117.595
 10
576.5344144729615
 20
116.845
  0
LWPOLYLINE
  5
467
330
17
100
AcDbEntity
  8
LABELS
100
AcDbPolyline
 90
2
 70
0
 10
584.4094144729615
 20
118.345
 10
584.4094144729615
 20
117.595
  0
LWPOLYLINE
  5
468
330
17
100
AcDbEntity
  8
LABELS
100
AcDbPolyline
 90
2
 70
0
 10
584.4094144729615
 20
117.595
 10
584.4094144729615
 20
116.845
  0
LWPOLYLINE
  5
469
330
17
100
AcDbEntity
  8
LABELS
100
AcDbPolyline
 90
2
 70
0
 10
584.7094144729615
 20
118.345
 10
585.5344144729615
 20
118.345
  0
LWPOLYLINE
  5
46A
330
17
100
AcDbEntity
  8
LABELS
100
AcDbPolyline
 90
2
 70
0
 10
585.5344144729615
 20
118.345
 10
585.5344144729615
 20
117.595
  0
LWPOLYLINE
  5
46B
330
17
100
AcDbEntity
  8
LABELS
100
AcDbPolyline
 90
2
 70
0
 10
584.7094144729615
 20
117.595
 10
585.5344144729615
 20
117.595
  0
LWPOLYLINE
  5
46C
330
17
100
AcDbEntity
  8
LABELS
100
AcDbPolyline
 90
2
 70
0
 10
584.7094144729615
 20
117.595
 10
584.7094144729615
 20
116.845
  0
LWPOLYLINE
  5
46D
330
17
100
AcDbEntity
  8
LABELS
100
AcDbPolyline
 90
2
 70
0
 10
584.7094144729615
 20
116.845
 10
585.5344144729615
 20
116.845
  0
LWPOLYLINE
  5
46E
330
17
100
AcDbEntity
  8
LABELS
100
AcDbPolyline
 90
2
 70
0
 10
352.38449300699295
 20
159.74249999999998
 10
352.38449300699295
 20
158.9425
  0
LWPOLYLINE
  5
46F
330
17
100
AcDbEntity
  8
LABELS
100
AcDbPolyline
 90
2
 70
0
 10
352.38449300699295
 20
158.9425
 10
352.38449300699295
 20
158.14249999999998
  0
LWPOLYLINE
  5
470
330
17
100
AcDbEntity
  8
LABELS
100
AcDbPolyline
 90
2
 70
0
 10
352.70449300699295
 20
159.74249999999998
 10
353.58449300699294
 20
159.74249999999998
  0
LWPOLYLINE
  5
471
330
17
100
AcDbEntity
  8
LABELS
100
AcDbPolyline
 90
2
 70
0
 10
353.58449300699294
 20
159.74249999999998
 10
353.58449300699294
 20
158.9425
  0
LWPOLYLINE
  5
472
330
17
100
AcDbEntity
  8
LABELS
100
AcDbPolyline
 90
2
 70
0
 10
353.58449300699294
 20
158.9425
 10
353.58449300699294
 20
158.14249999999998
  0
LWPOLYLINE
  5
473
330
17
100
AcDbEntity
  8
LABELS
100
AcDbPolyline
 90
2
 70
0
 10
352.70449300699295
 20
158.14249999999998
 10
353.58449300699294
 20
158.14249999999998
  0
LWPOLYLINE
  5
474
330
17
100
AcDbEntity
  8
LABELS
100
AcDbPolyline
 90
2
 70
0
 10
352.70449300699295
 20
158.9425
 10
352.70449300699295
 20
158.14249999999998
  0
LWPOLYLINE
  5
475
330
17
100
AcDbEntity
  8
LABELS
100
AcDbPolyline
 90
2
 70
0
 10
352.70449300699295
 20
159.74249999999998
 10
352.70449300699295
 20
158.9425
  0
LWPOLYLINE
  5
476
330
17
100
AcDbEntity
  8
LABELS
100
AcDbPolyline
 90
2
 70
0
 10
353.904493006993
 20
159.74249999999998
 10
354.784493006993
 20
159.74249999999998
  0
LWPOLYLINE
  5
477
330
17
100
AcDbEntity
  8
LABELS
100
AcDbPolyline
 90
2
 70
0
 10
354.784493006993
 20
159.74249999999998
 10
354.784493006993
 20
158.9425
  0
LWPOLYLINE
  5
478
330
17
100
AcDbEntity
  8
LABELS
100
AcDbPolyline
 90
2
 70
0
 10
354.784493006993
 20
158.9425
 10
354.784493006993
 20
158.14249999999998
  0
LWPOLYLINE
  5
479
330
17
100
AcDbEntity
  8
LABELS
100
AcDbPolyline
 90
2
 70
0
 10
353.904493006993
 20
158.14249999999998
 10
354.784493006993
 20
158.14249999999998
  0
LWPOLYLINE
  5
47A
330
17
100
AcDbEntity
  8
LABELS
100
AcDbPolyline
 90
2
 70
0
 10
353.904493006993
 20
158.9425
 10
353.904493006993
 20
158.14249999999998
  0
LWPOLYLINE
  5
47B
330
17
100
AcDbEntity
  8
LABELS
100
AcDbPolyline
 90
2
 70
0
 10
353.904493006993
 20
159.74249999999998
 10
353.904493006993
 20
158.9425
  0
LWPOLYLINE
  5
47C
330
17
100
AcDbEntity
  8
LABELS
100
AcDbPolyline
 90
2
 70
0
 10
479.92441447296153
 20
159.74249999999998
 10
479.92441447296153
 20
158.9425
  0
LWPOLYLINE
  5
47D
330
17
100
AcDbEntity
  8
LABELS
100
AcDbPolyline
 90
2
 70
0
 10
479.92441447296153
 20
158.9425
 10
479.92441447296153
 20
158.14249999999998
  0
LWPOLYLINE
  5
47E
330
17
100
AcDbEntity
  8
LABELS
100
AcDbPolyline
 90
2
 70
0
 10
480.2444144729615
 20
159.74249999999998
 10
481.1244144729615
 20
159.74249999999998
  0
LWPOLYLINE
  5
47F
330
17
100
AcDbEntity
  8
LABELS
100
AcDbPolyline
 90
2
 70
0
 10
481.1244144729615
 20
159.74249999999998
 10
481.1244144729615
 20
158.9425
  0
LWPOLYLINE
  5
480
330
17
100
AcDbEntity
  8
LABELS
100
AcDbPolyline
 90
2
 70
0
 10
481.1244144729615
 20
158.9425
 10
481.1244144729615
 20
158.14249999999998
  0
LWPOLYLINE
  5
481
330
17
100
AcDbEntity
  8
LABELS
100
AcDbPolyline
 90
2
 70
0
 10
480.2444144729615
 20
158.14249999999998
 10
481.1244144729615
 20
158.14249999999998
  0
LWPOLYLINE
  5
482
330
17
100
AcDbEntity
  8
LABELS
100
AcDbPolyline
 90
2
 70
0
 10
480.2444144729615
 20
158.9425
 10
480.2444144729615
 20
158.14249999999998
  0
LWPOLYLINE
  5
483
330
17
100
AcDbEntity
  8
LABELS
100
AcDbPolyline
 90
2
 70
0
 10
480.2444144729615
 20
159.74249999999998
 10
480.2444144729615
 20
158.9425
  0
LWPOLYLINE
  5
484
330
17
100
AcDbEntity
  8
LABELS
100
AcDbPolyline
 90
2
 70
0
 10
482.32441447296156
 20
159.74249999999998
 10
482.32441447296156
 20
158.9425
  0
LWPOLYLINE
  5
485
330
17
100
AcDbEntity
  8
LABELS
100
AcDbPolyline
 90
2
 70
0
 10
482.32441447296156
 20
158.9425
 10
482.32441447296156
 20
158.14249999999998
  0
LWPOLYLINE
  5
486
330
17
100
AcDbEntity
  8
LABELS
100
AcDbPolyline
 90
2
 70
0
 10
10.715
 20
189.99152097902095
 10
10.715
 20
189.19152097902096
  0
LWPOLYLINE
  5
487
330
17
100
AcDbEntity
  8
LABELS
100
AcDbPolyline
 90
2
 70
0
 10
10.715
 20
189.19152097902096
 10
10.715
 20
188.39152097902095
  0
LWPOLYLINE
  5
488
330
17
100
AcDbEntity
  8
LABELS
100
AcDbPolyline
 90
2
 70
0
 10
11.035
 20
189.99152097902095
 10
11.915
 20
189.99152097902095
  0
LWPOLYLINE
  5
489
330
17
100
AcDbEntity
  8
LABELS
100
AcDbPolyline
 90
2
 70
0
 10
11.915
 20
189.99152097902095
 10
11.915
 20
189.19152097902096
  0
LWPOLYLINE
  5
48A
330
17
100
AcDbEntity
  8
LABELS
100
AcDbPolyline
 90
2
 70
0
 10
11.915
 20
189.19152097902096
 10
11.915
 20
188.39152097902095
  0
LWPOLYLINE
  5
48B
330
17
100
AcDbEntity
  8
LABELS
100
AcDbPolyline
 90
2
 70
0
 10
11.035
 20
188.39152097902095
 10
11.915
 20
188.39152097902095
  0
LWPOLYLINE
  5
48C
330
17
100
AcDbEntity
  8
LABELS
100
AcDbPolyline
 90
2
 70
0
 10
11.035
 20
189.19152097902096
 10
11.035
 20
188.39152097902095
  0
LWPOLYLINE
  5
48D
330
17
100
AcDbEntity
  8
LABELS
100
AcDbPolyline
 90
2
 70
0
 10
11.035
 20
189.99152097902095
 10
11.035
 20
189.19152097902096
  0
LWPOLYLINE
  5
48E
330
17
100
AcDbEntity
  8
LABELS
100
AcDbPolyline
 90
2
 70
0
 10
12.235
 20
189.99152097902095
 10
13.114999999999998
 20
189.99152097902095
  0
LWPOLYLINE
  5
48F
330
17
100
AcDbEntity
  8
LABELS
100
AcDbPolyline
 90
2
 70
0
 10
13.114999999999998
 20
189.99152097902095
 10
13.114999999999998
 20
189.19152097902096
  0
LWPOLYLINE
  5
490
330
17
100
AcDbEntity
  8
LABELS
100
AcDbPolyline
 90
2
 70
0
 10
12.235
 20
189.19152097902096
 10
13.114999999999998
 20
189.19152097902096
  0
LWPOLYLINE
  5
491
330
17
100
AcDbEntity
  8
LABELS
100
AcDbPolyline
 90
2
 70
0
 10
12.235
 20
189.19152097902096
 10
12.235
 20
188.39152097902095
  0
LWPOLYLINE
  5
492
330
17
100
AcDbEntity
  8
LABELS
100
AcDbPolyline
 90
2
 70
0
 10
12.235
 20
188.39152097902095
 10
13.114999999999998
 20
188.39152097902095
  0
LWPOLYLINE
  5
493
330
17
100
AcDbEntity
  8
LABELS
100
AcDbPolyline
 90
2
 70
0
 10
506.52127311170494
 20
10.462499999999999
 10
506.52127311170494
 20
9.6625
  0
LWPOLYLINE
  5
494
330
17
100
AcDbEntity
  8
LABELS
100
AcDbPolyline
 90
2
 70
0
 10
506.52127311170494
 20
9.6625
 10
506.52127311170494
 20
8.862499999999999
  0
LWPOLYLINE
  5
495
330
17
100
AcDbEntity
  8
LABELS
100
AcDbPolyline
 90
2
 70
0
 10
506.84127311170494
 20
10.462499999999999
 10
507.72127311170493
 20
10.462499999999999
  0
LWPOLYLINE
  5
496
330
17
100
AcDbEntity
  8
LABELS
100
AcDbPolyline
 90
2
 70
0
 10
507.72127311170493
 20
10.462499999999999
 10
507.72127311170493
 20
9.6625
  0
LWPOLYLINE
  5
497
330
17
100
AcDbEntity
  8
LABELS
100
AcDbPolyline
 90
2
 70
0
 10
506.84127311170494
 20
9.6625
 10
507.72127311170493
 20
9.6625
  0
LWPOLYLINE
  5
498
330
17
100
AcDbEntity
  8
LABELS
100
AcDbPolyline
 90
2
 70
0
 10
507.72127311170493
 20
9.6625
 10
507.72127311170493
 20
8.862499999999999
  0
LWPOLYLINE
  5
499
330
17
100
AcDbEntity
  8
LABELS
100
AcDbPolyline
 90
2
 70
0
 10
506.84127311170494
 20
8.862499999999999
 10
507.72127311170493
 20
8.862499999999999
  0
LWPOLYLINE
  5
49A
330
17
100
AcDbEntity
  8
LABELS
100
AcDbPolyline
 90
2
 70
0
 10
508.041273111705
 20
10.462499999999999
 10
508.921273111705
 20
10.462499999999999
  0
LWPOLYLINE
  5
49B
330
17
100
AcDbEntity
  8
LABELS
100
AcDbPolyline
 90
2
 70
0
 10
508.921273111705
 20
10.462499999999999
 10
508.921273111705
 20
9.6625
  0
LWPOLYLINE
  5
49C
330
17
100
AcDbEntity
  8
LABELS
100
AcDbPolyline
 90
2
 70
0
 10
508.041273111705
 20
9.6625
 10
508.921273111705
 20
9.6625
  0
LWPOLYLINE
  5
49D
330
17
100
AcDbEntity
  8
LABELS
100
AcDbPolyline
 90
2
 70
0
 10
508.921273111705
 20
9.6625
 10
508.921273111705
 20
8.862499999999999
  0
LWPOLYLINE
  5
49E
330
17
100
AcDbEntity
  8
LABELS
100
AcDbPolyline
 90
2
 70
0
 10
508.041273111705
 20
8.862499999999999
 10
508.921273111705
 20
8.862499999999999
  0
LWPOLYLINE
  5
49F
330
17
100
AcDbEntity
  8
LABELS
100
AcDbPolyline
 90
2
 70
0
 10
506.24127311170497
 20
60.222500000000004
 10
507.12127311170497
 20
60.222500000000004
  0
LWPOLYLINE
  5
4A0
330
17
100
AcDbEntity
  8
LABELS
100
AcDbPolyline
 90
2
 70
0
 10
507.12127311170497
 20
60.222500000000004
 10
507.12127311170497
 20
59.4225
  0
LWPOLYLINE
  5
4A1
330
17
100
AcDbEntity
  8
LABELS
100
AcDbPolyline
 90
2
 70
0
 10
506.24127311170497
 20
60.222500000000004
 10
506.24127311170497
 20
59.4225
  0
LWPOLYLINE
  5
4A2
330
17
100
AcDbEntity
  8
LABELS
100
AcDbPolyline
 90
2
 70
0
 10
506.24127311170497
 20
59.4225
 10
507.12127311170497
 20
59.4225
  0
LWPOLYLINE
  5
4A3
330
17
100
AcDbEntity
  8
LABELS
100
AcDbPolyline
 90
2
 70
0
 10
507.12127311170497
 20
59.4225
 10
507.12127311170497
 20
58.6225
  0
LWPOLYLINE
  5
4A4
330
17
100
AcDbEntity
  8
LABELS
100
AcDbPolyline
 90
2
 70
0
 10
506.24127311170497
 20
58.6225
 10
507.12127311170497
 20
58.6225
  0
LWPOLYLINE
  5
4A5
330
17
100
AcDbEntity
  8
LABELS
100
AcDbPolyline
 90
2
 70
0
 10
507.44127311170496
 20
60.222500000000004
 10
508.32127311170495
 20
60.222500000000004
  0
LWPOLYLINE
  5
4A6
330
17
100
AcDbEntity
  8
LABELS
100
AcDbPolyline
 90
2
 70
0
 10
508.32127311170495
 20
60.222500000000004
 10
508.32127311170495
 20
59.4225
  0
LWPOLYLINE
  5
4A7
330
17
100
AcDbEntity
  8
LABELS
100
AcDbPolyline
 90
2
 70
0
 10
508.32127311170495
 20
59.4225
 10
508.32127311170495
 20
58.6225
  0
LWPOLYLINE
  5
4A8
330
17
100
AcDbEntity
  8
LABELS
100
AcDbPolyline
 90
2
 70
0
 10
111.28537207556843
 20
189.99152097902095
 10
112.16537207556843
 20
189.99152097902095
  0
LWPOLYLINE
  5
4A9
330
17
100
AcDbEntity
  8
LABELS
100
AcDbPolyline
 90
2
 70
0
 10
112.16537207556843
 20
189.99152097902095
 10
112.16537207556843
 20
189.19152097902096
  0
LWPOLYLINE
  5
4AA
330
17
100
AcDbEntity
  8
LABELS
100
AcDbPolyline
 90
2
 70
0
 10
112.16537207556843
 20
189.19152097902096
 10
112.16537207556843
 20
188.39152097902095
  0
LWPOLYLINE
  5
4AB
330
17
100
AcDbEntity
  8
LABELS
100
AcDbPolyline
 90
2
 70
0
 10
111.28537207556843
 20
188.39152097902095
 10
112.16537207556843
 20
188.39152097902095
  0
LWPOLYLINE
  5
4AC
330
17
100
AcDbEntity
  8
LABELS
100
AcDbPolyline
 90
2
 70
0
 10
111.28537207556843
 20
189.19152097902096
 10
111.28537207556843
 20
188.39152097902095
  0
LWPOLYLINE
  5
4AD
330
17
100
AcDbEntity
  8
LABELS
100
AcDbPolyline
 90
2
 70
0
 10
111.28537207556843
 20
189.99152097902095
 10
111.28537207556843
 20
189.19152097902096
  0
LWPOLYLINE
  5
4AE
330
17
100
AcDbEntity
  8
LABELS
100
AcDbPolyline
 90
2
 70
0
 10
111.28537207556843
 20
189.19152097902096
 10
112.16537207556843
 20
189.19152097902096
  0
LWPOLYLINE
  5
4AF
330
17
100
AcDbEntity
  8
LABELS
100
AcDbPolyline
 90
2
 70
0
 10
112.48537207556843
 20
189.99152097902095
 10
112.48537207556843
 20
189.19152097902096
  0
LWPOLYLINE
  5
4B0
330
17
100
AcDbEntity
  8
LABELS
100
AcDbPolyline
 90
2
 70
0
 10
112.48537207556843
 20
189.19152097902096
 10
113.36537207556843
 20
189.19152097902096
  0
LWPOLYLINE
  5
4B1
330
17
100
AcDbEntity
  8
LABELS
100
AcDbPolyline
 90
2
 70
0
 10
113.36537207556843
 20
189.99152097902095
 10
113.36537207556843
 20
189.19152097902096
  0
LWPOLYLINE
  5
4B2
330
17
100
AcDbEntity
  8
LABELS
100
AcDbPolyline
 90
2
 70
0
 10
113.36537207556843
 20
189.19152097902096
 10
113.36537207556843
 20
188.39152097902095
  0
LWPOLYLINE
  5
4B3
330
17
100
AcDbEntity
  8
LABELS
100
AcDbPolyline
 90
2
 70
0
 10
200.42544542281453
 20
189.99152097902095
 10
200.42544542281453
 20
189.19152097902096
  0
LWPOLYLINE
  5
4B4
330
17
100
AcDbEntity
  8
LABELS
100
AcDbPolyline
 90
2
 70
0
 10
200.42544542281453
 20
189.19152097902096
 10
200.42544542281453
 20
188.39152097902095
  0
LWPOLYLINE
  5
4B5
330
17
100
AcDbEntity
  8
LABELS
100
AcDbPolyline
 90
2
 70
0
 10
200.74544542281456
 20
189.99152097902095
 10
201.62544542281455
 20
189.99152097902095
  0
LWPOLYLINE
  5
4B6
330
17
100
AcDbEntity
  8
LABELS
100
AcDbPolyline
 90
2
 70
0
 10
201.62544542281455
 20
189.99152097902095
 10
201.62544542281455
 20
189.19152097902096
  0
LWPOLYLINE
  5
4B7
330
17
100
AcDbEntity
  8
LABELS
100
AcDbPolyline
 90
2
 70
0
 10
200.74544542281456
 20
189.99152097902095
 10
200.74544542281456
 20
189.19152097902096
  0
LWPOLYLINE
  5
4B8
330
17
100
AcDbEntity
  8
LABELS
100
AcDbPolyline
 90
2
 70
0
 10
200.74544542281456
 20
189.19152097902096
 10
201.62544542281455
 20
189.19152097902096
  0
LWPOLYLINE
  5
4B9
330
17
100
AcDbEntity
  8
LABELS
100
AcDbPolyline
 90
2
 70
0
 10
201.62544542281455
 20
189.19152097902096
 10
201.62544542281455
 20
188.39152097902095
  0
LWPOLYLINE
  5
4BA
330
17
100
AcDbEntity
  8
LABELS
100
AcDbPolyline
 90
2
 70
0
 10
200.74544542281456
 20
188.39152097902095
 10
201.62544542281455
 20
188.39152097902095
  0
LWPOLYLINE
  5
4BB
330
17
100
AcDbEntity
  8
LABELS
100
AcDbPolyline
 90
2
 70
0
 10
263.0086042360781
 20
189.99152097902095
 10
263.0086042360781
 20
189.19152097902096
  0
LWPOLYLINE
  5
4BC
330
17
100
AcDbEntity
  8
LABELS
100
AcDbPolyline
 90
2
 70
0
 10
263.0086042360781
 20
189.19152097902096
 10
263.0086042360781
 20
188.39152097902095
  0
LWPOLYLINE
  5
4BD
330
17
100
AcDbEntity
  8
LABELS
100
AcDbPolyline
 90
2
 70
0
 10
263.3286042360781
 20
189.99152097902095
 10
264.2086042360781
 20
189.99152097902095
  0
LWPOLYLINE
  5
4BE
330
17
100
AcDbEntity
  8
LABELS
100
AcDbPolyline
 90
2
 70
0
 10
263.3286042360781
 20
189.99152097902095
 10
263.3286042360781
 20
189.19152097902096
  0
LWPOLYLINE
  5
4BF
330
17
100
AcDbEntity
  8
LABELS
100
AcDbPolyline
 90
2
 70
0
 10
263.3286042360781
 20
189.19152097902096
 10
264.2086042360781
 20
189.19152097902096
  0
LWPOLYLINE
  5
4C0
330
17
100
AcDbEntity
  8
LABELS
100
AcDbPolyline
 90
2
 70
0
 10
264.2086042360781
 20
189.19152097902096
 10
264.2086042360781
 20
188.39152097902095
  0
LWPOLYLINE
  5
4C1
330
17
100
AcDbEntity
  8
LABELS
100
AcDbPolyline
 90
2
 70
0
 10
263.3286042360781
 20
188.39152097902095
 10
264.2086042360781
 20
188.39152097902095
  0
LWPOLYLINE
  5
4C2
330
17
100
AcDbEntity
  8
LABELS
100
AcDbPolyline
 90
2
 70
0
 10
340.0838398381723
 20
189.99152097902095
 10
340.9638398381723
 20
189.99152097902095
  0
LWPOLYLINE
  5
4C3
330
17
100
AcDbEntity
  8
LABELS
100
AcDbPolyline
 90
2
 70
0
 10
340.0838398381723
 20
189.99152097902095
 10
340.0838398381723
 20
189.19152097902096
  0
LWPOLYLINE
  5
4C4
330
17
100
AcDbEntity
  8
LABELS
100
AcDbPolyline
 90
2
 70
0
 10
340.0838398381723
 20
189.19152097902096
 10
340.9638398381723
 20
189.19152097902096
  0
LWPOLYLINE
  5
4C5
330
17
100
AcDbEntity
  8
LABELS
100
AcDbPolyline
 90
2
 70
0
 10
340.9638398381723
 20
189.19152097902096
 10
340.9638398381723
 20
188.39152097902095
  0
LWPOLYLINE
  5
4C6
330
17
100
AcDbEntity
  8
LABELS
100
AcDbPolyline
 90
2
 70
0
 10
340.0838398381723
 20
188.39152097902095
 10
340.9638398381723
 20
188.39152097902095
  0
LWPOLYLINE
  5
4C7
330
17
100
AcDbEntity
  8
LABELS
100
AcDbPolyline
 90
2
 70
0
 10
10.434999999999999
 20
218.28752097902094
 10
11.315
 20
218.28752097902094
  0
LWPOLYLINE
  5
4C8
330
17
100
AcDbEntity
  8
LABELS
100
AcDbPolyline
 90
2
 70
0
 10
11.315
 20
218.28752097902094
 10
11.315
 20
217.48752097902096
  0
LWPOLYLINE
  5
4C9
330
17
100
AcDbEntity
  8
LABELS
100
AcDbPolyline
 90
2
 70
0
 10
11.315
 20
217.48752097902096
 10
11.315
 20
216.68752097902095
  0
LWPOLYLINE
  5
4CA
330
17
100
AcDbEntity
  8
LABELS
100
AcDbPolyline
 90
2
 70
0
 10
10.434999999999999
 20
216.68752097902095
 10
11.315
 20
216.68752097902095
  0
LWPOLYLINE
  5
4CB
330
17
100
AcDbEntity
  8
LABELS
100
AcDbPolyline
 90
2
 70
0
 10
10.434999999999999
 20
217.48752097902096
 10
10.434999999999999
 20
216.68752097902095
  0
LWPOLYLINE
  5
4CC
330
17
100
AcDbEntity
  8
LABELS
100
AcDbPolyline
 90
2
 70
0
 10
10.434999999999999
 20
218.28752097902094
 10
10.434999999999999
 20
217.48752097902096
  0
LWPOLYLINE
  5
4CD
330
17
100
AcDbEntity
  8
LABELS
100
AcDbPolyline
 90
2
 70
0
 10
10.434999999999999
 20
217.48752097902096
 10
11.315
 20
217.48752097902096
  0
LWPOLYLINE
  5
4CE
330
17
100
AcDbEntity
  8
LABELS
100
AcDbPolyline
 90
2
 70
0
 10
11.635
 20
218.28752097902094
 10
12.515
 20
218.28752097902094
  0
LWPOLYLINE
  5
4CF
330
17
100
AcDbEntity
  8
LABELS
100
AcDbPolyline
 90
2
 70
0
 10
11.635
 20
218.28752097902094
 10
11.635
 20
217.48752097902096
  0
LWPOLYLINE
  5
4D0
330
17
100
AcDbEntity
  8
LABELS
100
AcDbPolyline
 90
2
 70
0
 10
11.635
 20
217.48752097902096
 10
12.515
 20
217.48752097902096
  0
LWPOLYLINE
  5
4D1
330
17
100
AcDbEntity
  8
LABELS
100
AcDbPolyline
 90
2
 70
0
 10
12.515
 20
217.48752097902096
 10
12.515
 20
216.68752097902095
  0
LWPOLYLINE
  5
4D2
330
17
100
AcDbEntity
  8
LABELS
100
AcDbPolyline
 90
2
 70
0
 10
11.635
 20
216.68752097902095
 10
12.515
 20
216.68752097902095
  0
LWPOLYLINE
  5
4D3
330
17
100
AcDbEntity
  8
LABELS
100
AcDbPolyline
 90
2
 70
0
 10
73.53255244755246
 20
218.28752097902094
 10
74.41255244755246
 20
218.28752097902094
  0
LWPOLYLINE
  5
4D4
330
17
100
AcDbEntity
  8
LABELS
100
AcDbPolyline
 90
2
 70
0
 10
74.41255244755246
 20
218.28752097902094
 10
74.41255244755246
 20
217.48752097902096
  0
LWPOLYLINE
  5
4D5
330
17
100
AcDbEntity
  8
LABELS
100
AcDbPolyline
 90
2
 70
0
 10
74.41255244755246
 20
217.48752097902096
 10
74.41255244755246
 20
216.68752097902095
  0
LWPOLYLINE
  5
4D6
330
17
100
AcDbEntity
  8
LABELS
100
AcDbPolyline
 90
2
 70
0
 10
73.53255244755246
 20
216.68752097902095
 10
74.41255244755246
 20
216.68752097902095
  0
LWPOLYLINE
  5
4D7
330
17
100
AcDbEntity
  8
LABELS
100
AcDbPolyline
 90
2
 70
0
 10
73.53255244755246
 20
217.48752097902096
 10
73.53255244755246
 20
216.68752097902095
  0
LWPOLYLINE
  5
4D8
330
17
100
AcDbEntity
  8
LABELS
100
AcDbPolyline
 90
2
 70
0
 10
73.53255244755246
 20
218.28752097902094
 10
73.53255244755246
 20
217.48752097902096
  0
LWPOLYLINE
  5
4D9
330
17
100
AcDbEntity
  8
LABELS
100
AcDbPolyline
 90
2
 70
0
 10
73.53255244755246
 20
217.48752097902096
 10
74.41255244755246
 20
217.48752097902096
  0
LWPOLYLINE
  5
4DA
330
17
100
AcDbEntity
  8
LABELS
100
AcDbPolyline
 90
2
 70
0
 10
75.61255244755246
 20
218.28752097902094
 10
75.61255244755246
 20
217.48752097902096
  0
LWPOLYLINE
  5
4DB
330
17
100
AcDbEntity
  8
LABELS
100
AcDbPolyline
 90
2
 70
0
 10
75.61255244755246
 20
217.48752097902096
 10
75.61255244755246
 20
216.68752097902095
  0
LWPOLYLINE
  5
4DC
330
17
100
AcDbEntity
  8
LABELS
100
AcDbPolyline
 90
2
 70
0
 10
135.57793706293705
 20
218.28752097902094
 10
135.57793706293705
 20
217.48752097902096
  0
LWPOLYLINE
  5
4DD
330
17
100
AcDbEntity
  8
LABELS
100
AcDbPolyline
 90
2
 70
0
 10
135.57793706293705
 20
217.48752097902096
 10
135.57793706293705
 20
216.68752097902095
  0
LWPOLYLINE
  5
4DE
330
17
100
AcDbEntity
  8
LABELS
100
AcDbPolyline
 90
2
 70
0
 10
135.89793706293707
 20
218.28752097902094
 10
136.77793706293707
 20
218.28752097902094
  0
LWPOLYLINE
  5
4DF
330
17
100
AcDbEntity
  8
LABELS
100
AcDbPolyline
 90
2
 70
0
 10
136.77793706293707
 20
218.28752097902094
 10
136.77793706293707
 20
217.48752097902096
  0
LWPOLYLINE
  5
4E0
330
17
100
AcDbEntity
  8
LABELS
100
AcDbPolyline
 90
2
 70
0
 10
136.77793706293707
 20
217.48752097902096
 10
136.77793706293707
 20
216.68752097902095
  0
LWPOLYLINE
  5
4E1
330
17
100
AcDbEntity
  8
LABELS
100
AcDbPolyline
 90
2
 70
0
 10
135.89793706293707
 20
216.68752097902095
 10
136.77793706293707
 20
216.68752097902095
  0
LWPOLYLINE
  5
4E2
330
17
100
AcDbEntity
  8
LABELS
100
AcDbPolyline
 90
2
 70
0
 10
135.89793706293707
 20
217.48752097902096
 10
135.89793706293707
 20
216.68752097902095
  0
LWPOLYLINE
  5
4E3
330
17
100
AcDbEntity
  8
LABELS
100
AcDbPolyline
 90
2
 70
0
 10
135.89793706293707
 20
218.28752097902094
 10
135.89793706293707
 20
217.48752097902096
  0
LWPOLYLINE
  5
4E4
330
17
100
AcDbEntity
  8
LABELS
100
AcDbPolyline
 90
2
 70
0
 10
137.09793706293706
 20
218.28752097902094
 10
137.97793706293706
 20
218.28752097902094
  0
LWPOLYLINE
  5
4E5
330
17
100
AcDbEntity
  8
LABELS
100
AcDbPolyline
 90
2
 70
0
 10
137.97793706293706
 20
218.28752097902094
 10
137.97793706293706
 20
217.48752097902096
  0
LWPOLYLINE
  5
4E6
330
17
100
AcDbEntity
  8
LABELS
100
AcDbPolyline
 90
2
 70
0
 10
137.09793706293706
 20
217.48752097902096
 10
137.97793706293706
 20
217.48752097902096
  0
LWPOLYLINE
  5
4E7
330
17
100
AcDbEntity
  8
LABELS
100
AcDbPolyline
 90
2
 70
0
 10
137.97793706293706
 20
217.48752097902096
 10
137.97793706293706
 20
216.68752097902095
  0
LWPOLYLINE
  5
4E8
330
17
100
AcDbEntity
  8
LABELS
100
AcDbPolyline
 90
2
 70
0
 10
137.09793706293706
 20
216.68752097902095
 10
137.97793706293706
 20
216.68752097902095
  0
LWPOLYLINE
  5
4E9
330
17
100
AcDbEntity
  8
LABELS
100
AcDbPolyline
 90
2
 70
0
 10
197.0633216783217
 20
218.28752097902094
 10
197.9433216783217
 20
218.28752097902094
  0
LWPOLYLINE
  5
4EA
330
17
100
AcDbEntity
  8
LABELS
100
AcDbPolyline
 90
2
 70
0
 10
197.9433216783217
 20
218.28752097902094
 10
197.9433216783217
 20
217.48752097902096
  0
LWPOLYLINE
  5
4EB
330
17
100
AcDbEntity
  8
LABELS
100
AcDbPolyline
 90
2
 70
0
 10
197.9433216783217
 20
217.48752097902096
 10
197.9433216783217
 20
216.68752097902095
  0
LWPOLYLINE
  5
4EC
330
17
100
AcDbEntity
  8
LABELS
100
AcDbPolyline
 90
2
 70
0
 10
197.0633216783217
 20
216.68752097902095
 10
197.9433216783217
 20
216.68752097902095
  0
LWPOLYLINE
  5
4ED
330
17
100
AcDbEntity
  8
LABELS
100
AcDbPolyline
 90
2
 70
0
 10
197.0633216783217
 20
217.48752097902096
 10
197.0633216783217
 20
216.68752097902095
  0
LWPOLYLINE
  5
4EE
330
17
100
AcDbEntity
  8
LABELS
100
AcDbPolyline
 90
2
 70
0
 10
197.0633216783217
 20
218.28752097902094
 10
197.0633216783217
 20
217.48752097902096
  0
LWPOLYLINE
  5
4EF
330
17
100
AcDbEntity
  8
LABELS
100
AcDbPolyline
 90
2
 70
0
 10
197.0633216783217
 20
217.48752097902096
 10
197.9433216783217
 20
217.48752097902096
  0
LWPOLYLINE
  5
4F0
330
17
100
AcDbEntity
  8
LABELS
100
AcDbPolyline
 90
2
 70
0
 10
198.2633216783217
 20
218.28752097902094
 10
199.14332167832168
 20
218.28752097902094
  0
LWPOLYLINE
  5
4F1
330
17
100
AcDbEntity
  8
LABELS
100
AcDbPolyline
 90
2
 70
0
 10
199.14332167832168
 20
218.28752097902094
 10
199.14332167832168
 20
217.48752097902096
  0
LWPOLYLINE
  5
4F2
330
17
100
AcDbEntity
  8
LABELS
100
AcDbPolyline
 90
2
 70
0
 10
199.14332167832168
 20
217.48752097902096
 10
199.14332167832168
 20
216.68752097902095
  0
LWPOLYLINE
  5
4F3
330
17
100
AcDbEntity
  8
LABELS
100
AcDbPolyline
 90
2
 70
0
 10
198.2633216783217
 20
216.68752097902095
 10
199.14332167832168
 20
216.68752097902095
  0
LWPOLYLINE
  5
4F4
330
17
100
AcDbEntity
  8
LABELS
100
AcDbPolyline
 90
2
 70
0
 10
198.2633216783217
 20
217.48752097902096
 10
198.2633216783217
 20
216.68752097902095
  0
LWPOLYLINE
  5
4F5
330
17
100
AcDbEntity
  8
LABELS
100
AcDbPolyline
 90
2
 70
0
 10
198.2633216783217
 20
218.28752097902094
 10
198.2633216783217
 20
217.48752097902096
  0
LWPOLYLINE
  5
4F6
330
17
100
AcDbEntity
  8
LABELS
100
AcDbPolyline
 90
2
 70
0
 10
413.9134209900048
 20
189.99152097902095
 10
414.7934209900048
 20
189.99152097902095
  0
LWPOLYLINE
  5
4F7
330
17
100
AcDbEntity
  8
LABELS
100
AcDbPolyline
 90
2
 70
0
 10
414.7934209900048
 20
189.99152097902095
 10
414.7934209900048
 20
189.19152097902096
  0
LWPOLYLINE
  5
4F8
330
17
100
AcDbEntity
  8
LABELS
100
AcDbPolyline
 90
2
 70
0
 10
413.9134209900048
 20
189.19152097902096
 10
414.7934209900048
 20
189.19152097902096
  0
LWPOLYLINE
  5
4F9
330
17
100
AcDbEntity
  8
LABELS
100
AcDbPolyline
 90
2
 70
0
 10
414.7934209900048
 20
189.19152097902096
 10
414.7934209900048
 20
188.39152097902095
  0
LWPOLYLINE
  5
4FA
330
17
100
AcDbEntity
  8
LABELS
100
AcDbPolyline
 90
2
 70
0
 10
413.9134209900048
 20
188.39152097902095
 10
414.7934209900048
 20
188.39152097902095
  0
LWPOLYLINE
  5
4FB
330
17
100
AcDbEntity
  8
LABELS
100
AcDbPolyline
 90
2
 70
0
 10
415.1134209900048
 20
189.99152097902095
 10
415.9934209900048
 20
189.99152097902095
  0
LWPOLYLINE
  5
4FC
330
17
100
AcDbEntity
  8
LABELS
100
AcDbPolyline
 90
2
 70
0
 10
415.9934209900048
 20
189.99152097902095
 10
415.9934209900048
 20
189.19152097902096
  0
LWPOLYLINE
  5
4FD
330
17
100
AcDbEntity
  8
LABELS
100
AcDbPolyline
 90
2
 70
0
 10
415.1134209900048
 20
189.19152097902096
 10
415.9934209900048
 20
189.19152097902096
  0
LWPOLYLINE
  5
4FE
330
17
100
AcDbEntity
  8
LABELS
100
AcDbPolyline
 90
2
 70
0
 10
415.9934209900048
 20
189.19152097902096
 10
415.9934209900048
 20
188.39152097902095
  0
LWPOLYLINE
  5
4FF
330
17
100
AcDbEntity
  8
LABELS
100
AcDbPolyline
 90
2
 70
0
 10
415.1134209900048
 20
188.39152097902095
 10
415.9934209900048
 20
188.39152097902095
  0
LWPOLYLINE
  5
500
330
17
100
AcDbEntity
  8
LABELS
100
AcDbPolyline
 90
2
 70
0
 10
483.889599000476
 20
189.99152097902095
 10
484.769599000476
 20
189.99152097902095
  0
LWPOLYLINE
  5
501
330
17
100
AcDbEntity
  8
LABELS
100
AcDbPolyline
 90
2
 70
0
 10
484.769599000476
 20
189.99152097902095
 10
484.769599000476
 20
189.19152097902096
  0
LWPOLYLINE
  5
502
330
17
100
AcDbEntity
  8
LABELS
100
AcDbPolyline
 90
2
 70
0
 10
483.889599000476
 20
189.99152097902095
 10
483.889599000476
 20
189.19152097902096
  0
LWPOLYLINE
  5
503
330
17
100
AcDbEntity
  8
LABELS
100
AcDbPolyline
 90
2
 70
0
 10
483.889599000476
 20
189.19152097902096
 10
484.769599000476
 20
189.19152097902096
  0
LWPOLYLINE
  5
504
330
17
100
AcDbEntity
  8
LABELS
100
AcDbPolyline
 90
2
 70
0
 10
484.769599000476
 20
189.19152097902096
 10
484.769599000476
 20
188.39152097902095
  0
LWPOLYLINE
  5
505
330
17
100
AcDbEntity
  8
LABELS
100
AcDbPolyline
 90
2
 70
0
 10
483.889599000476
 20
188.39152097902095
 10
484.769599000476
 20
188.39152097902095
  0
LWPOLYLINE
  5
506
330
17
100
AcDbEntity
  8
LABELS
100
AcDbPolyline
 90
2
 70
0
 10
258.8422727272727
 20
218.28752097902094
 10
258.8422727272727
 20
217.48752097902096
  0
LWPOLYLINE
  5
507
330
17
100
AcDbEntity
  8
LABELS
100
AcDbPolyline
 90
2
 70
0
 10
258.8422727272727
 20
217.48752097902096
 10
258.8422727272727
 20
216.68752097902095
  0
LWPOLYLINE
  5
508
330
17
100
AcDbEntity
  8
LABELS
100
AcDbPolyline
 90
2
 70
0
 10
259.1622727272727
 20
218.28752097902094
 10
260.0422727272727
 20
218.28752097902094
  0
LWPOLYLINE
  5
509
330
17
100
AcDbEntity
  8
LABELS
100
AcDbPolyline
 90
2
 70
0
 10
260.0422727272727
 20
218.28752097902094
 10
260.0422727272727
 20
217.48752097902096
  0
LWPOLYLINE
  5
50A
330
17
100
AcDbEntity
  8
LABELS
100
AcDbPolyline
 90
2
 70
0
 10
260.0422727272727
 20
217.48752097902096
 10
260.0422727272727
 20
216.68752097902095
  0
LWPOLYLINE
  5
50B
330
17
100
AcDbEntity
  8
LABELS
100
AcDbPolyline
 90
2
 70
0
 10
259.1622727272727
 20
216.68752097902095
 10
260.0422727272727
 20
216.68752097902095
  0
LWPOLYLINE
  5
50C
330
17
100
AcDbEntity
  8
LABELS
100
AcDbPolyline
 90
2
 70
0
 10
259.1622727272727
 20
217.48752097902096
 10
259.1622727272727
 20
216.68752097902095
  0
LWPOLYLINE
  5
50D
330
17
100
AcDbEntity
  8
LABELS
100
AcDbPolyline
 90
2
 70
0
 10
259.1622727272727
 20
218.28752097902094
 10
259.1622727272727
 20
217.48752097902096
  0
LWPOLYLINE
  5
50E
330
17
100
AcDbEntity
  8
LABELS
100
AcDbPolyline
 90
2
 70
0
 10
260.36227272727274
 20
218.28752097902094
 10
261.24227272727273
 20
218.28752097902094
  0
LWPOLYLINE
  5
50F
330
17
100
AcDbEntity
  8
LABELS
100
AcDbPolyline
 90
2
 70
0
 10
261.24227272727273
 20
218.28752097902094
 10
261.24227272727273
 20
217.48752097902096
  0
LWPOLYLINE
  5
510
330
17
100
AcDbEntity
  8
LABELS
100
AcDbPolyline
 90
2
 70
0
 10
261.24227272727273
 20
217.48752097902096
 10
261.24227272727273
 20
216.68752097902095
  0
LWPOLYLINE
  5
511
330
17
100
AcDbEntity
  8
LABELS
100
AcDbPolyline
 90
2
 70
0
 10
260.36227272727274
 20
216.68752097902095
 10
261.24227272727273
 20
216.68752097902095
  0
LWPOLYLINE
  5
512
330
17
100
AcDbEntity
  8
LABELS
100
AcDbPolyline
 90
2
 70
0
 10
260.36227272727274
 20
217.48752097902096
 10
260.36227272727274
 20
216.68752097902095
  0
LWPOLYLINE
  5
513
330
17
100
AcDbEntity
  8
LABELS
100
AcDbPolyline
 90
2
 70
0
 10
260.36227272727274
 20
218.28752097902094
 10
260.36227272727274
 20
217.48752097902096
  0
LWPOLYLINE
  5
514
330
17
100
AcDbEntity
  8
LABELS
100
AcDbPolyline
 90
2
 70
0
 10
260.36227272727274
 20
217.48752097902096
 10
261.24227272727273
 20
217.48752097902096
  0
LWPOLYLINE
  5
515
330
17
100
AcDbEntity
  8
LABELS
100
AcDbPolyline
 90
2
 70
0
 10
312.5904195804195
 20
218.28752097902094
 10
313.4704195804195
 20
218.28752097902094
  0
LWPOLYLINE
  5
516
330
17
100
AcDbEntity
  8
LABELS
100
AcDbPolyline
 90
2
 70
0
 10
313.4704195804195
 20
218.28752097902094
 10
313.4704195804195
 20
217.48752097902096
  0
LWPOLYLINE
  5
517
330
17
100
AcDbEntity
  8
LABELS
100
AcDbPolyline
 90
2
 70
0
 10
312.5904195804195
 20
217.48752097902096
 10
313.4704195804195
 20
217.48752097902096
  0
LWPOLYLINE
  5
518
330
17
100
AcDbEntity
  8
LABELS
100
AcDbPolyline
 90
2
 70
0
 10
313.4704195804195
 20
217.48752097902096
 10
313.4704195804195
 20
216.68752097902095
  0
LWPOLYLINE
  5
519
330
17
100
AcDbEntity
  8
LABELS
100
AcDbPolyline
 90
2
 70
0
 10
312.5904195804195
 20
216.68752097902095
 10
313.4704195804195
 20
216.68752097902095
  0
LWPOLYLINE
  5
51A
330
17
100
AcDbEntity
  8
LABELS
100
AcDbPolyline
 90
2
 70
0
 10
10.715
 20
246.58352097902093
 10
10.715
 20
245.78352097902095
  0
LWPOLYLINE
  5
51B
330
17
100
AcDbEntity
  8
LABELS
100
AcDbPolyline
 90
2
 70
0
 10
10.715
 20
245.78352097902095
 10
10.715
 20
244.98352097902094
  0
LWPOLYLINE
  5
51C
330
17
100
AcDbEntity
  8
LABELS
100
AcDbPolyline
 90
2
 70
0
 10
11.035
 20
246.58352097902093
 10
11.915
 20
246.58352097902093
  0
LWPOLYLINE
  5
51D
330
17
100
AcDbEntity
  8
LABELS
100
AcDbPolyline
 90
2
 70
0
 10
11.915
 20
246.58352097902093
 10
11.915
 20
245.78352097902095
  0
LWPOLYLINE
  5
51E
330
17
100
AcDbEntity
  8
LABELS
100
AcDbPolyline
 90
2
 70
0
 10
11.035
 20
245.78352097902095
 10
11.915
 20
245.78352097902095
  0
LWPOLYLINE
  5
51F
330
17
100
AcDbEntity
  8
LABELS
100
AcDbPolyline
 90
2
 70
0
 10
11.915
 20
245.78352097902095
 10
11.915
 20
244.98352097902094
  0
LWPOLYLINE
  5
520
330
17
100
AcDbEntity
  8
LABELS
100
AcDbPolyline
 90
2
 70
0
 10
11.035
 20
244.98352097902094
 10
11.915
 20
244.98352097902094
  0
LWPOLYLINE
  5
521
330
17
100
AcDbEntity
  8
LABELS
100
AcDbPolyline
 90
2
 70
0
 10
13.114999999999998
 20
246.58352097902093
 10
13.114999999999998
 20
245.78352097902095
  0
LWPOLYLINE
  5
522
330
17
100
AcDbEntity
  8
LABELS
100
AcDbPolyline
 90
2
 70
0
 10
13.114999999999998
 20
245.78352097902095
 10
13.114999999999998
 20
244.98352097902094
  0
LWPOLYLINE
  5
523
330
17
100
AcDbEntity
  8
LABELS
100
AcDbPolyline
 90
2
 70
0
 10
547.4144681104237
 20
189.99152097902095
 10
548.2944681104237
 20
189.99152097902095
  0
LWPOLYLINE
  5
524
330
17
100
AcDbEntity
  8
LABELS
100
AcDbPolyline
 90
2
 70
0
 10
548.2944681104237
 20
189.99152097902095
 10
548.2944681104237
 20
189.19152097902096
  0
LWPOLYLINE
  5
525
330
17
100
AcDbEntity
  8
LABELS
100
AcDbPolyline
 90
2
 70
0
 10
548.2944681104237
 20
189.19152097902096
 10
548.2944681104237
 20
188.39152097902095
  0
LWPOLYLINE
  5
526
330
17
100
AcDbEntity
  8
LABELS
100
AcDbPolyline
 90
2
 70
0
 10
62.303444055944055
 20
246.58352097902093
 10
63.18344405594406
 20
246.58352097902093
  0
LWPOLYLINE
  5
527
330
17
100
AcDbEntity
  8
LABELS
100
AcDbPolyline
 90
2
 70
0
 10
63.18344405594406
 20
246.58352097902093
 10
63.18344405594406
 20
245.78352097902095
  0
LWPOLYLINE
  5
528
330
17
100
AcDbEntity
  8
LABELS
100
AcDbPolyline
 90
2
 70
0
 10
62.303444055944055
 20
246.58352097902093
 10
62.303444055944055
 20
245.78352097902095
  0
LWPOLYLINE
  5
529
330
17
100
AcDbEntity
  8
LABELS
100
AcDbPolyline
 90
2
 70
0
 10
62.303444055944055
 20
245.78352097902095
 10
63.18344405594406
 20
245.78352097902095
  0
LWPOLYLINE
  5
52A
330
17
100
AcDbEntity
  8
LABELS
100
AcDbPolyline
 90
2
 70
0
 10
63.18344405594406
 20
245.78352097902095
 10
63.18344405594406
 20
244.98352097902094
  0
LWPOLYLINE
  5
52B
330
17
100
AcDbEntity
  8
LABELS
100
AcDbPolyline
 90
2
 70
0
 10
62.303444055944055
 20
244.98352097902094
 10
63.18344405594406
 20
244.98352097902094
  0
LWPOLYLINE
  5
52C
330
17
100
AcDbEntity
  8
LABELS
100
AcDbPolyline
 90
2
 70
0
 10
63.50344405594406
 20
246.58352097902093
 10
64.38344405594405
 20
246.58352097902093
  0
LWPOLYLINE
  5
52D
330
17
100
AcDbEntity
  8
LABELS
100
AcDbPolyline
 90
2
 70
0
 10
63.50344405594406
 20
246.58352097902093
 10
63.50344405594406
 20
245.78352097902095
  0
LWPOLYLINE
  5
52E
330
17
100
AcDbEntity
  8
LABELS
100
AcDbPolyline
 90
2
 70
0
 10
63.50344405594406
 20
245.78352097902095
 10
64.38344405594405
 20
245.78352097902095
  0
LWPOLYLINE
  5
52F
330
17
100
AcDbEntity
  8
LABELS
100
AcDbPolyline
 90
2
 70
0
 10
63.50344405594406
 20
245.78352097902095
 10
63.50344405594406
 20
244.98352097902094
  0
LWPOLYLINE
  5
530
330
17
100
AcDbEntity
  8
LABELS
100
AcDbPolyline
 90
2
 70
0
 10
64.38344405594405
 20
245.78352097902095
 10
64.38344405594405
 20
244.98352097902094
  0
LWPOLYLINE
  5
531
330
17
100
AcDbEntity
  8
LABELS
100
AcDbPolyline
 90
2
 70
0
 10
63.50344405594406
 20
244.98352097902094
 10
64.38344405594405
 20
244.98352097902094
  0
LWPOLYLINE
  5
532
330
17
100
AcDbEntity
  8
LABELS
100
AcDbPolyline
 90
2
 70
0
 10
111.29358391608392
 20
246.58352097902093
 10
111.29358391608392
 20
245.78352097902095
  0
LWPOLYLINE
  5
533
330
17
100
AcDbEntity
  8
LABELS
100
AcDbPolyline
 90
2
 70
0
 10
111.29358391608392
 20
245.78352097902095
 10
111.29358391608392
 20
244.98352097902094
  0
LWPOLYLINE
  5
534
330
17
100
AcDbEntity
  8
LABELS
100
AcDbPolyline
 90
2
 70
0
 10
111.61358391608391
 20
246.58352097902093
 10
112.49358391608392
 20
246.58352097902093
  0
LWPOLYLINE
  5
535
330
17
100
AcDbEntity
  8
LABELS
100
AcDbPolyline
 90
2
 70
0
 10
112.49358391608392
 20
246.58352097902093
 10
112.49358391608392
 20
245.78352097902095
  0
LWPOLYLINE
  5
536
330
17
100
AcDbEntity
  8
LABELS
100
AcDbPolyline
 90
2
 70
0
 10
111.61358391608391
 20
245.78352097902095
 10
112.49358391608392
 20
245.78352097902095
  0
LWPOLYLINE
  5
537
330
17
100
AcDbEntity
  8
LABELS
100
AcDbPolyline
 90
2
 70
0
 10
112.49358391608392
 20
245.78352097902095
 10
112.49358391608392
 20
244.98352097902094
  0
LWPOLYLINE
  5
538
330
17
100
AcDbEntity
  8
LABELS
100
AcDbPolyline
 90
2
 70
0
 10
111.61358391608391
 20
244.98352097902094
 10
112.49358391608392
 20
244.98352097902094
  0
LWPOLYLINE
  5
539
330
17
100
AcDbEntity
  8
LABELS
100
AcDbPolyline
 90
2
 70
0
 10
112.81358391608391
 20
246.58352097902093
 10
113.69358391608392
 20
246.58352097902093
  0
LWPOLYLINE
  5
53A
330
17
100
AcDbEntity
  8
LABELS
100
AcDbPolyline
 90
2
 70
0
 10
113.69358391608392
 20
246.58352097902093
 10
113.69358391608392
 20
245.78352097902095
  0
LWPOLYLINE
  5
53B
330
17
100
AcDbEntity
  8
LABELS
100
AcDbPolyline
 90
2
 70
0
 10
113.69358391608392
 20
245.78352097902095
 10
113.69358391608392
 20
244.98352097902094
  0
LWPOLYLINE
  5
53C
330
17
100
AcDbEntity
  8
LABELS
100
AcDbPolyline
 90
2
 70
0
 10
112.81358391608391
 20
244.98352097902094
 10
113.69358391608392
 20
244.98352097902094
  0
LWPOLYLINE
  5
53D
330
17
100
AcDbEntity
  8
LABELS
100
AcDbPolyline
 90
2
 70
0
 10
112.81358391608391
 20
245.78352097902095
 10
112.81358391608391
 20
244.98352097902094
  0
LWPOLYLINE
  5
53E
330
17
100
AcDbEntity
  8
LABELS
100
AcDbPolyline
 90
2
 70
0
 10
112.81358391608391
 20
246.58352097902093
 10
112.81358391608391
 20
245.78352097902095
  0
LWPOLYLINE
  5
53F
330
17
100
AcDbEntity
  8
LABELS
100
AcDbPolyline
 90
2
 70
0
 10
378.3727434738036
 20
218.28752097902094
 10
379.2527434738036
 20
218.28752097902094
  0
LWPOLYLINE
  5
540
330
17
100
AcDbEntity
  8
LABELS
100
AcDbPolyline
 90
2
 70
0
 10
379.2527434738036
 20
218.28752097902094
 10
379.2527434738036
 20
217.48752097902096
  0
LWPOLYLINE
  5
541
330
17
100
AcDbEntity
  8
LABELS
100
AcDbPolyline
 90
2
 70
0
 10
379.2527434738036
 20
217.48752097902096
 10
379.2527434738036
 20
216.68752097902095
  0
LWPOLYLINE
  5
542
330
17
100
AcDbEntity
  8
LABELS
100
AcDbPolyline
 90
2
 70
0
 10
379.5727434738036
 20
218.28752097902094
 10
380.4527434738036
 20
218.28752097902094
  0
LWPOLYLINE
  5
543
330
17
100
AcDbEntity
  8
LABELS
100
AcDbPolyline
 90
2
 70
0
 10
380.4527434738036
 20
218.28752097902094
 10
380.4527434738036
 20
217.48752097902096
  0
LWPOLYLINE
  5
544
330
17
100
AcDbEntity
  8
LABELS
100
AcDbPolyline
 90
2
 70
0
 10
379.5727434738036
 20
217.48752097902096
 10
380.4527434738036
 20
217.48752097902096
  0
LWPOLYLINE
  5
545
330
17
100
AcDbEntity
  8
LABELS
100
AcDbPolyline
 90
2
 70
0
 10
379.5727434738036
 20
217.48752097902096
 10
379.5727434738036
 20
216.68752097902095
  0
LWPOLYLINE
  5
546
330
17
100
AcDbEntity
  8
LABELS
100
AcDbPolyline
 90
2
 70
0
 10
379.5727434738036
 20
216.68752097902095
 10
380.4527434738036
 20
216.68752097902095
  0
LWPOLYLINE
  5
547
330
17
100
AcDbEntity
  8
LABELS
100
AcDbPolyline
 90
2
 70
0
 10
158.04732517482518
 20
246.58352097902093
 10
158.92732517482517
 20
246.58352097902093
  0
LWPOLYLINE
  5
548
330
17
100
AcDbEntity
  8
LABELS
100
AcDbPolyline
 90
2
 70
0
 10
158.92732517482517
 20
246.58352097902093
 10
158.92732517482517
 20
245.78352097902095
  0
LWPOLYLINE
  5
549
330
17
100
AcDbEntity
  8
LABELS
100
AcDbPolyline
 90
2
 70
0
 10
158.04732517482518
 20
246.58352097902093
 10
158.04732517482518
 20
245.78352097902095
  0
LWPOLYLINE
  5
54A
330
17
100
AcDbEntity
  8
LABELS
100
AcDbPolyline
 90
2
 70
0
 10
158.04732517482518
 20
245.78352097902095
 10
158.92732517482517
 20
245.78352097902095
  0
LWPOLYLINE
  5
54B
330
17
100
AcDbEntity
  8
LABELS
100
AcDbPolyline
 90
2
 70
0
 10
158.92732517482517
 20
245.78352097902095
 10
158.92732517482517
 20
244.98352097902094
  0
LWPOLYLINE
  5
54C
330
17
100
AcDbEntity
  8
LABELS
100
AcDbPolyline
 90
2
 70
0
 10
158.04732517482518
 20
244.98352097902094
 10
158.92732517482517
 20
244.98352097902094
  0
LWPOLYLINE
  5
54D
330
17
100
AcDbEntity
  8
LABELS
100
AcDbPolyline
 90
2
 70
0
 10
159.24732517482516
 20
246.58352097902093
 10
160.12732517482516
 20
246.58352097902093
  0
LWPOLYLINE
  5
54E
330
17
100
AcDbEntity
  8
LABELS
100
AcDbPolyline
 90
2
 70
0
 10
160.12732517482516
 20
246.58352097902093
 10
160.12732517482516
 20
245.78352097902095
  0
LWPOLYLINE
  5
54F
330
17
100
AcDbEntity
  8
LABELS
100
AcDbPolyline
 90
2
 70
0
 10
159.24732517482516
 20
246.58352097902093
 10
159.24732517482516
 20
245.78352097902095
  0
LWPOLYLINE
  5
550
330
17
100
AcDbEntity
  8
LABELS
100
AcDbPolyline
 90
2
 70
0
 10
159.24732517482516
 20
245.78352097902095
 10
160.12732517482516
 20
245.78352097902095
  0
LWPOLYLINE
  5
551
330
17
100
AcDbEntity
  8
LABELS
100
AcDbPolyline
 90
2
 70
0
 10
160.12732517482516
 20
245.78352097902095
 10
160.12732517482516
 20
244.98352097902094
  0
LWPOLYLINE
  5
552
330
17
100
AcDbEntity
  8
LABELS
100
AcDbPolyline
 90
2
 70
0
 10
159.24732517482516
 20
244.98352097902094
 10
160.12732517482516
 20
244.98352097902094
  0
LWPOLYLINE
  5
553
330
17
100
AcDbEntity
  8
LABELS
100
AcDbPolyline
 90
2
 70
0
 10
200.64305944055943
 20
246.58352097902093
 10
200.64305944055943
 20
245.78352097902095
  0
LWPOLYLINE
  5
554
330
17
100
AcDbEntity
  8
LABELS
100
AcDbPolyline
 90
2
 70
0
 10
200.64305944055943
 20
245.78352097902095
 10
200.64305944055943
 20
244.98352097902094
  0
LWPOLYLINE
  5
555
330
17
100
AcDbEntity
  8
LABELS
100
AcDbPolyline
 90
2
 70
0
 10
201.84305944055944
 20
246.58352097902093
 10
201.84305944055944
 20
245.78352097902095
  0
LWPOLYLINE
  5
556
330
17
100
AcDbEntity
  8
LABELS
100
AcDbPolyline
 90
2
 70
0
 10
201.84305944055944
 20
245.78352097902095
 10
201.84305944055944
 20
244.98352097902094
  0
LWPOLYLINE
  5
557
330
17
100
AcDbEntity
  8
LABELS
100
AcDbPolyline
 90
2
 70
0
 10
202.16305944055944
 20
246.58352097902093
 10
203.04305944055943
 20
246.58352097902093
  0
LWPOLYLINE
  5
558
330
17
100
AcDbEntity
  8
LABELS
100
AcDbPolyline
 90
2
 70
0
 10
203.04305944055943
 20
246.58352097902093
 10
203.04305944055943
 20
245.78352097902095
  0
LWPOLYLINE
  5
559
330
17
100
AcDbEntity
  8
LABELS
100
AcDbPolyline
 90
2
 70
0
 10
202.16305944055944
 20
246.58352097902093
 10
202.16305944055944
 20
245.78352097902095
  0
LWPOLYLINE
  5
55A
330
17
100
AcDbEntity
  8
LABELS
100
AcDbPolyline
 90
2
 70
0
 10
202.16305944055944
 20
245.78352097902095
 10
203.04305944055943
 20
245.78352097902095
  0
LWPOLYLINE
  5
55B
330
17
100
AcDbEntity
  8
LABELS
100
AcDbPolyline
 90
2
 70
0
 10
203.04305944055943
 20
245.78352097902095
 10
203.04305944055943
 20
244.98352097902094
  0
LWPOLYLINE
  5
55C
330
17
100
AcDbEntity
  8
LABELS
100
AcDbPolyline
 90
2
 70
0
 10
202.16305944055944
 20
244.98352097902094
 10
203.04305944055943
 20
244.98352097902094
  0
LWPOLYLINE
  5
55D
330
17
100
AcDbEntity
  8
LABELS
100
AcDbPolyline
 90
2
 70
0
 10
237.3247902097902
 20
246.58352097902093
 10
237.3247902097902
 20
245.78352097902095
  0
LWPOLYLINE
  5
55E
330
17
100
AcDbEntity
  8
LABELS
100
AcDbPolyline
 90
2
 70
0
 10
237.3247902097902
 20
245.78352097902095
 10
237.3247902097902
 20
244.98352097902094
  0
LWPOLYLINE
  5
55F
330
17
100
AcDbEntity
  8
LABELS
100
AcDbPolyline
 90
2
 70
0
 10
237.64479020979022
 20
246.58352097902093
 10
238.5247902097902
 20
246.58352097902093
  0
LWPOLYLINE
  5
560
330
17
100
AcDbEntity
  8
LABELS
100
AcDbPolyline
 90
2
 70
0
 10
238.5247902097902
 20
246.58352097902093
 10
238.5247902097902
 20
245.78352097902095
  0
LWPOLYLINE
  5
561
330
17
100
AcDbEntity
  8
LABELS
100
AcDbPolyline
 90
2
 70
0
 10
237.64479020979022
 20
245.78352097902095
 10
238.5247902097902
 20
245.78352097902095
  0
LWPOLYLINE
  5
562
330
17
100
AcDbEntity
  8
LABELS
100
AcDbPolyline
 90
2
 70
0
 10
237.64479020979022
 20
245.78352097902095
 10
237.64479020979022
 20
244.98352097902094
  0
LWPOLYLINE
  5
563
330
17
100
AcDbEntity
  8
LABELS
100
AcDbPolyline
 90
2
 70
0
 10
237.64479020979022
 20
244.98352097902094
 10
238.5247902097902
 20
244.98352097902094
  0
LWPOLYLINE
  5
564
330
17
100
AcDbEntity
  8
LABELS
100
AcDbPolyline
 90
2
 70
0
 10
238.8447902097902
 20
246.58352097902093
 10
239.7247902097902
 20
246.58352097902093
  0
LWPOLYLINE
  5
565
330
17
100
AcDbEntity
  8
LABELS
100
AcDbPolyline
 90
2
 70
0
 10
239.7247902097902
 20
246.58352097902093
 10
239.7247902097902
 20
245.78352097902095
  0
LWPOLYLINE
  5
566
330
17
100
AcDbEntity
  8
LABELS
100
AcDbPolyline
 90
2
 70
0
 10
239.7247902097902
 20
245.78352097902095
 10
239.7247902097902
 20
244.98352097902094
  0
LWPOLYLINE
  5
567
330
17
100
AcDbEntity
  8
LABELS
100
AcDbPolyline
 90
2
 70
0
 10
238.8447902097902
 20
244.98352097902094
 10
239.7247902097902
 20
244.98352097902094
  0
LWPOLYLINE
  5
568
330
17
100
AcDbEntity
  8
LABELS
100
AcDbPolyline
 90
2
 70
0
 10
238.8447902097902
 20
245.78352097902095
 10
238.8447902097902
 20
244.98352097902094
  0
LWPOLYLINE
  5
569
330
17
100
AcDbEntity
  8
LABELS
100
AcDbPolyline
 90
2
 70
0
 10
238.8447902097902
 20
246.58352097902093
 10
238.8447902097902
 20
245.78352097902095
  0
LWPOLYLINE
  5
56A
330
17
100
AcDbEntity
  8
LABELS
100
AcDbPolyline
 90
2
 70
0
 10
272.9018881118881
 20
246.58352097902093
 10
272.9018881118881
 20
245.78352097902095
  0
LWPOLYLINE
  5
56B
330
17
100
AcDbEntity
  8
LABELS
100
AcDbPolyline
 90
2
 70
0
 10
272.9018881118881
 20
245.78352097902095
 10
272.9018881118881
 20
244.98352097902094
  0
LWPOLYLINE
  5
56C
330
17
100
AcDbEntity
  8
LABELS
100
AcDbPolyline
 90
2
 70
0
 10
273.2218881118881
 20
246.58352097902093
 10
274.1018881118881
 20
246.58352097902093
  0
LWPOLYLINE
  5
56D
330
17
100
AcDbEntity
  8
LABELS
100
AcDbPolyline
 90
2
 70
0
 10
274.1018881118881
 20
246.58352097902093
 10
274.1018881118881
 20
245.78352097902095
  0
LWPOLYLINE
  5
56E
330
17
100
AcDbEntity
  8
LABELS
100
AcDbPolyline
 90
2
 70
0
 10
273.2218881118881
 20
245.78352097902095
 10
274.1018881118881
 20
245.78352097902095
  0
LWPOLYLINE
  5
56F
330
17
100
AcDbEntity
  8
LABELS
100
AcDbPolyline
 90
2
 70
0
 10
273.2218881118881
 20
245.78352097902095
 10
273.2218881118881
 20
244.98352097902094
  0
LWPOLYLINE
  5
570
330
17
100
AcDbEntity
  8
LABELS
100
AcDbPolyline
 90
2
 70
0
 10
273.2218881118881
 20
244.98352097902094
 10
274.1018881118881
 20
244.98352097902094
  0
LWPOLYLINE
  5
571
330
17
100
AcDbEntity
  8
LABELS
100
AcDbPolyline
 90
2
 70
0
 10
275.30188811188816
 20
246.58352097902093
 10
275.30188811188816
 20
245.78352097902095
  0
LWPOLYLINE
  5
572
330
17
100
AcDbEntity
  8
LABELS
100
AcDbPolyline
 90
2
 70
0
 10
275.30188811188816
 20
245.78352097902095
 10
275.30188811188816
 20
244.98352097902094
  0
LWPOLYLINE
  5
573
330
17
100
AcDbEntity
  8
LABELS
100
AcDbPolyline
 90
2
 70
0
 10
313.60440559440565
 20
246.58352097902093
 10
313.60440559440565
 20
245.78352097902095
  0
LWPOLYLINE
  5
574
330
17
100
AcDbEntity
  8
LABELS
100
AcDbPolyline
 90
2
 70
0
 10
313.60440559440565
 20
245.78352097902095
 10
313.60440559440565
 20
244.98352097902094
  0
LWPOLYLINE
  5
575
330
17
100
AcDbEntity
  8
LABELS
100
AcDbPolyline
 90
2
 70
0
 10
313.92440559440564
 20
246.58352097902093
 10
314.80440559440564
 20
246.58352097902093
  0
LWPOLYLINE
  5
576
330
17
100
AcDbEntity
  8
LABELS
100
AcDbPolyline
 90
2
 70
0
 10
314.80440559440564
 20
246.58352097902093
 10
314.80440559440564
 20
245.78352097902095
  0
LWPOLYLINE
  5
577
330
17
100
AcDbEntity
  8
LABELS
100
AcDbPolyline
 90
2
 70
0
 10
313.92440559440564
 20
245.78352097902095
 10
314.80440559440564
 20
245.78352097902095
  0
LWPOLYLINE
  5
578
330
17
100
AcDbEntity
  8
LABELS
100
AcDbPolyline
 90
2
 70
0
 10
313.92440559440564
 20
245.78352097902095
 10
313.92440559440564
 20
244.98352097902094
  0
LWPOLYLINE
  5
579
330
17
100
AcDbEntity
  8
LABELS
100
AcDbPolyline
 90
2
 70
0
 10
313.92440559440564
 20
244.98352097902094
 10
314.80440559440564
 20
244.98352097902094
  0
LWPOLYLINE
  5
57A
330
17
100
AcDbEntity
  8
LABELS
100
AcDbPolyline
 90
2
 70
0
 10
315.12440559440563
 20
246.58352097902093
 10
316.0044055944057
 20
246.58352097902093
  0
LWPOLYLINE
  5
57B
330
17
100
AcDbEntity
  8
LABELS
100
AcDbPolyline
 90
2
 70
0
 10
316.0044055944057
 20
246.58352097902093
 10
316.0044055944057
 20
245.78352097902095
  0
LWPOLYLINE
  5
57C
330
17
100
AcDbEntity
  8
LABELS
100
AcDbPolyline
 90
2
 70
0
 10
315.12440559440563
 20
245.78352097902095
 10
316.0044055944057
 20
245.78352097902095
  0
LWPOLYLINE
  5
57D
330
17
100
AcDbEntity
  8
LABELS
100
AcDbPolyline
 90
2
 70
0
 10
316.0044055944057
 20
245.78352097902095
 10
316.0044055944057
 20
244.98352097902094
  0
LWPOLYLINE
  5
57E
330
17
100
AcDbEntity
  8
LABELS
100
AcDbPolyline
 90
2
 70
0
 10
315.12440559440563
 20
244.98352097902094
 10
316.0044055944057
 20
244.98352097902094
  0
LWPOLYLINE
  5
57F
330
17
100
AcDbEntity
  8
LABELS
100
AcDbPolyline
 90
2
 70
0
 10
423.2646342401054
 20
218.28752097902094
 10
423.2646342401054
 20
217.48752097902096
  0
LWPOLYLINE
  5
580
330
17
100
AcDbEntity
  8
LABELS
100
AcDbPolyline
 90
2
 70
0
 10
423.2646342401054
 20
217.48752097902096
 10
424.1446342401054
 20
217.48752097902096
  0
LWPOLYLINE
  5
581
330
17
100
AcDbEntity
  8
LABELS
100
AcDbPolyline
 90
2
 70
0
 10
424.1446342401054
 20
218.28752097902094
 10
424.1446342401054
 20
217.48752097902096
  0
LWPOLYLINE
  5
582
330
17
100
AcDbEntity
  8
LABELS
100
AcDbPolyline
 90
2
 70
0
 10
424.1446342401054
 20
217.48752097902096
 10
424.1446342401054
 20
216.68752097902095
  0
LWPOLYLINE
  5
583
330
17
100
AcDbEntity
  8
LABELS
100
AcDbPolyline
 90
2
 70
0
 10
425.3446342401054
 20
218.28752097902094
 10
425.3446342401054
 20
217.48752097902096
  0
LWPOLYLINE
  5
584
330
17
100
AcDbEntity
  8
LABELS
100
AcDbPolyline
 90
2
 70
0
 10
425.3446342401054
 20
217.48752097902096
 10
425.3446342401054
 20
216.68752097902095
  0
LWPOLYLINE
  5
585
330
17
100
AcDbEntity
  8
LABELS
100
AcDbPolyline
 90
2
 70
0
 10
343.776083916084
 20
246.58352097902093
 10
344.656083916084
 20
246.58352097902093
  0
LWPOLYLINE
  5
586
330
17
100
AcDbEntity
  8
LABELS
100
AcDbPolyline
 90
2
 70
0
 10
344.656083916084
 20
246.58352097902093
 10
344.656083916084
 20
245.78352097902095
  0
LWPOLYLINE
  5
587
330
17
100
AcDbEntity
  8
LABELS
100
AcDbPolyline
 90
2
 70
0
 10
343.776083916084
 20
246.58352097902093
 10
343.776083916084
 20
245.78352097902095
  0
LWPOLYLINE
  5
588
330
17
100
AcDbEntity
  8
LABELS
100
AcDbPolyline
 90
2
 70
0
 10
343.776083916084
 20
245.78352097902095
 10
344.656083916084
 20
245.78352097902095
  0
LWPOLYLINE
  5
589
330
17
100
AcDbEntity
  8
LABELS
100
AcDbPolyline
 90
2
 70
0
 10
344.656083916084
 20
245.78352097902095
 10
344.656083916084
 20
244.98352097902094
  0
LWPOLYLINE
  5
58A
330
17
100
AcDbEntity
  8
LABELS
100
AcDbPolyline
 90
2
 70
0
 10
343.776083916084
 20
244.98352097902094
 10
344.656083916084
 20
244.98352097902094
  0
LWPOLYLINE
  5
58B
330
17
100
AcDbEntity
  8
LABELS
100
AcDbPolyline
 90
2
 70
0
 10
345.856083916084
 20
246.58352097902093
 10
345.856083916084
 20
245.78352097902095
  0
LWPOLYLINE
  5
58C
330
17
100
AcDbEntity
  8
LABELS
100
AcDbPolyline
 90
2
 70
0
 10
345.856083916084
 20
245.78352097902095
 10
345.856083916084
 20
244.98352097902094
  0
LWPOLYLINE
  5
58D
330
17
100
AcDbEntity
  8
LABELS
100
AcDbPolyline
 90
2
 70
0
 10
472.72072062753995
 20
218.28752097902094
 10
473.60072062753994
 20
218.28752097902094
  0
LWPOLYLINE
  5
58E
330
17
100
AcDbEntity
  8
LABELS
100
AcDbPolyline
 90
2
 70
0
 10
473.60072062753994
 20
218.28752097902094
 10
473.60072062753994
 20
217.48752097902096
  0
LWPOLYLINE
  5
58F
330
17
100
AcDbEntity
  8
LABELS
100
AcDbPolyline
 90
2
 70
0
 10
472.72072062753995
 20
217.48752097902096
 10
473.60072062753994
 20
217.48752097902096
  0
LWPOLYLINE
  5
590
330
17
100
AcDbEntity
  8
LABELS
100
AcDbPolyline
 90
2
 70
0
 10
472.72072062753995
 20
217.48752097902096
 10
472.72072062753995
 20
216.68752097902095
  0
LWPOLYLINE
  5
591
330
17
100
AcDbEntity
  8
LABELS
100
AcDbPolyline
 90
2
 70
0
 10
472.72072062753995
 20
216.68752097902095
 10
473.60072062753994
 20
216.68752097902095
  0
LWPOLYLINE
  5
592
330
17
100
AcDbEntity
  8
LABELS
100
AcDbPolyline
 90
2
 70
0
 10
473.92072062753994
 20
218.28752097902094
 10
474.80072062753993
 20
218.28752097902094
  0
LWPOLYLINE
  5
593
330
17
100
AcDbEntity
  8
LABELS
100
AcDbPolyline
 90
2
 70
0
 10
474.80072062753993
 20
218.28752097902094
 10
474.80072062753993
 20
217.48752097902096
  0
LWPOLYLINE
  5
594
330
17
100
AcDbEntity
  8
LABELS
100
AcDbPolyline
 90
2
 70
0
 10
473.92072062753994
 20
217.48752097902096
 10
474.80072062753993
 20
217.48752097902096
  0
LWPOLYLINE
  5
595
330
17
100
AcDbEntity
  8
LABELS
100
AcDbPolyline
 90
2
 70
0
 10
473.92072062753994
 20
217.48752097902096
 10
473.92072062753994
 20
216.68752097902095
  0
LWPOLYLINE
  5
596
330
17
100
AcDbEntity
  8
LABELS
100
AcDbPolyline
 90
2
 70
0
 10
473.92072062753994
 20
216.68752097902095
 10
474.80072062753993
 20
216.68752097902095
  0
LWPOLYLINE
  5
597
330
17
100
AcDbEntity
  8
LABELS
100
AcDbPolyline
 90
2
 70
0
 10
377.8459440559441
 20
246.58352097902093
 10
377.8459440559441
 20
245.78352097902095
  0
LWPOLYLINE
  5
598
330
17
100
AcDbEntity
  8
LABELS
100
AcDbPolyline
 90
2
 70
0
 10
377.8459440559441
 20
245.78352097902095
 10
377.8459440559441
 20
244.98352097902094
  0
LWPOLYLINE
  5
599
330
17
100
AcDbEntity
  8
LABELS
100
AcDbPolyline
 90
2
 70
0
 10
378.16594405594407
 20
246.58352097902093
 10
379.04594405594406
 20
246.58352097902093
  0
LWPOLYLINE
  5
59A
330
17
100
AcDbEntity
  8
LABELS
100
AcDbPolyline
 90
2
 70
0
 10
379.04594405594406
 20
246.58352097902093
 10
379.04594405594406
 20
245.78352097902095
  0
LWPOLYLINE
  5
59B
330
17
100
AcDbEntity
  8
LABELS
100
AcDbPolyline
 90
2
 70
0
 10
378.16594405594407
 20
245.78352097902095
 10
379.04594405594406
 20
245.78352097902095
  0
LWPOLYLINE
  5
59C
330
17
100
AcDbEntity
  8
LABELS
100
AcDbPolyline
 90
2
 70
0
 10
378.16594405594407
 20
245.78352097902095
 10
378.16594405594407
 20
244.98352097902094
  0
LWPOLYLINE
  5
59D
330
17
100
AcDbEntity
  8
LABELS
100
AcDbPolyline
 90
2
 70
0
 10
378.16594405594407
 20
244.98352097902094
 10
379.04594405594406
 20
244.98352097902094
  0
LWPOLYLINE
  5
59E
330
17
100
AcDbEntity
  8
LABELS
100
AcDbPolyline
 90
2
 70
0
 10
379.3659440559441
 20
246.58352097902093
 10
380.2459440559441
 20
246.58352097902093
  0
LWPOLYLINE
  5
59F
330
17
100
AcDbEntity
  8
LABELS
100
AcDbPolyline
 90
2
 70
0
 10
380.2459440559441
 20
246.58352097902093
 10
380.2459440559441
 20
245.78352097902095
  0
LWPOLYLINE
  5
5A0
330
17
100
AcDbEntity
  8
LABELS
100
AcDbPolyline
 90
2
 70
0
 10
379.3659440559441
 20
245.78352097902095
 10
380.2459440559441
 20
245.78352097902095
  0
LWPOLYLINE
  5
5A1
330
17
100
AcDbEntity
  8
LABELS
100
AcDbPolyline
 90
2
 70
0
 10
379.3659440559441
 20
245.78352097902095
 10
379.3659440559441
 20
244.98352097902094
  0
LWPOLYLINE
  5
5A2
330
17
100
AcDbEntity
  8
LABELS
100
AcDbPolyline
 90
2
 70
0
 10
379.3659440559441
 20
244.98352097902094
 10
380.2459440559441
 20
244.98352097902094
  0
LWPOLYLINE
  5
5A3
330
17
100
AcDbEntity
  8
LABELS
100
AcDbPolyline
 90
2
 70
0
 10
502.13236984219964
 20
218.28752097902094
 10
503.01236984219963
 20
218.28752097902094
  0
LWPOLYLINE
  5
5A4
330
17
100
AcDbEntity
  8
LABELS
100
AcDbPolyline
 90
2
 70
0
 10
502.13236984219964
 20
218.28752097902094
 10
502.13236984219964
 20
217.48752097902096
  0
LWPOLYLINE
  5
5A5
330
17
100
AcDbEntity
  8
LABELS
100
AcDbPolyline
 90
2
 70
0
 10
502.13236984219964
 20
217.48752097902096
 10
503.01236984219963
 20
217.48752097902096
  0
LWPOLYLINE
  5
5A6
330
17
100
AcDbEntity
  8
LABELS
100
AcDbPolyline
 90
2
 70
0
 10
502.13236984219964
 20
217.48752097902096
 10
502.13236984219964
 20
216.68752097902095
  0
LWPOLYLINE
  5
5A7
330
17
100
AcDbEntity
  8
LABELS
100
AcDbPolyline
 90
2
 70
0
 10
503.01236984219963
 20
217.48752097902096
 10
503.01236984219963
 20
216.68752097902095
  0
LWPOLYLINE
  5
5A8
330
17
100
AcDbEntity
  8
LABELS
100
AcDbPolyline
 90
2
 70
0
 10
502.13236984219964
 20
216.68752097902095
 10
503.01236984219963
 20
216.68752097902095
  0
LWPOLYLINE
  5
5A9
330
17
100
AcDbEntity
  8
LABELS
100
AcDbPolyline
 90
2
 70
0
 10
503.3323698421996
 20
218.28752097902094
 10
504.2123698421996
 20
218.28752097902094
  0
LWPOLYLINE
  5
5AA
330
17
100
AcDbEntity
  8
LABELS
100
AcDbPolyline
 90
2
 70
0
 10
503.3323698421996
 20
218.28752097902094
 10
503.3323698421996
 20
217.48752097902096
  0
LWPOLYLINE
  5
5AB
330
17
100
AcDbEntity
  8
LABELS
100
AcDbPolyline
 90
2
 70
0
 10
503.3323698421996
 20
217.48752097902096
 10
504.2123698421996
 20
217.48752097902096
  0
LWPOLYLINE
  5
5AC
330
17
100
AcDbEntity
  8
LABELS
100
AcDbPolyline
 90
2
 70
0
 10
504.2123698421996
 20
217.48752097902096
 10
504.2123698421996
 20
216.68752097902095
  0
LWPOLYLINE
  5
5AD
330
17
100
AcDbEntity
  8
LABELS
100
AcDbPolyline
 90
2
 70
0
 10
503.3323698421996
 20
216.68752097902095
 10
504.2123698421996
 20
216.68752097902095
  0
LWPOLYLINE
  5
5AE
330
17
100
AcDbEntity
  8
LABELS
100
AcDbPolyline
 90
2
 70
0
 10
410.47870629370635
 20
246.58352097902093
 10
411.35870629370635
 20
246.58352097902093
  0
LWPOLYLINE
  5
5AF
330
17
100
AcDbEntity
  8
LABELS
100
AcDbPolyline
 90
2
 70
0
 10
411.35870629370635
 20
246.58352097902093
 10
411.35870629370635
 20
245.78352097902095
  0
LWPOLYLINE
  5
5B0
330
17
100
AcDbEntity
  8
LABELS
100
AcDbPolyline
 90
2
 70
0
 10
411.35870629370635
 20
245.78352097902095
 10
411.35870629370635
 20
244.98352097902094
  0
LWPOLYLINE
  5
5B1
330
17
100
AcDbEntity
  8
LABELS
100
AcDbPolyline
 90
2
 70
0
 10
410.47870629370635
 20
244.98352097902094
 10
411.35870629370635
 20
244.98352097902094
  0
LWPOLYLINE
  5
5B2
330
17
100
AcDbEntity
  8
LABELS
100
AcDbPolyline
 90
2
 70
0
 10
410.47870629370635
 20
245.78352097902095
 10
410.47870629370635
 20
244.98352097902094
  0
LWPOLYLINE
  5
5B3
330
17
100
AcDbEntity
  8
LABELS
100
AcDbPolyline
 90
2
 70
0
 10
410.47870629370635
 20
246.58352097902093
 10
410.47870629370635
 20
245.78352097902095
  0
LWPOLYLINE
  5
5B4
330
17
100
AcDbEntity
  8
LABELS
100
AcDbPolyline
 90
2
 70
0
 10
410.47870629370635
 20
245.78352097902095
 10
411.35870629370635
 20
245.78352097902095
  0
LWPOLYLINE
  5
5B5
330
17
100
AcDbEntity
  8
LABELS
100
AcDbPolyline
 90
2
 70
0
 10
411.67870629370634
 20
246.58352097902093
 10
412.55870629370634
 20
246.58352097902093
  0
LWPOLYLINE
  5
5B6
330
17
100
AcDbEntity
  8
LABELS
100
AcDbPolyline
 90
2
 70
0
 10
412.55870629370634
 20
246.58352097902093
 10
412.55870629370634
 20
245.78352097902095
  0
LWPOLYLINE
  5
5B7
330
17
100
AcDbEntity
  8
LABELS
100
AcDbPolyline
 90
2
 70
0
 10
411.67870629370634
 20
246.58352097902093
 10
411.67870629370634
 20
245.78352097902095
  0
LWPOLYLINE
  5
5B8
330
17
100
AcDbEntity
  8
LABELS
100
AcDbPolyline
 90
2
 70
0
 10
411.67870629370634
 20
245.78352097902095
 10
412.55870629370634
 20
245.78352097902095
  0
LWPOLYLINE
  5
5B9
330
17
100
AcDbEntity
  8
LABELS
100
AcDbPolyline
 90
2
 70
0
 10
412.55870629370634
 20
245.78352097902095
 10
412.55870629370634
 20
244.98352097902094
  0
LWPOLYLINE
  5
5BA
330
17
100
AcDbEntity
  8
LABELS
100
AcDbPolyline
 90
2
 70
0
 10
411.67870629370634
 20
244.98352097902094
 10
412.55870629370634
 20
244.98352097902094
  0
LWPOLYLINE
  5
5BB
330
17
100
AcDbEntity
  8
LABELS
100
AcDbPolyline
 90
2
 70
0
 10
442.41709790209796
 20
246.58352097902093
 10
442.41709790209796
 20
245.78352097902095
  0
LWPOLYLINE
  5
5BC
330
17
100
AcDbEntity
  8
LABELS
100
AcDbPolyline
 90
2
 70
0
 10
442.41709790209796
 20
245.78352097902095
 10
442.41709790209796
 20
244.98352097902094
  0
LWPOLYLINE
  5
5BD
330
17
100
AcDbEntity
  8
LABELS
100
AcDbPolyline
 90
2
 70
0
 10
443.61709790209795
 20
246.58352097902093
 10
443.61709790209795
 20
245.78352097902095
  0
LWPOLYLINE
  5
5BE
330
17
100
AcDbEntity
  8
LABELS
100
AcDbPolyline
 90
2
 70
0
 10
443.61709790209795
 20
245.78352097902095
 10
443.61709790209795
 20
244.98352097902094
  0
LWPOLYLINE
  5
5BF
330
17
100
AcDbEntity
  8
LABELS
100
AcDbPolyline
 90
2
 70
0
 10
443.937097902098
 20
246.58352097902093
 10
444.817097902098
 20
246.58352097902093
  0
LWPOLYLINE
  5
5C0
330
17
100
AcDbEntity
  8
LABELS
100
AcDbPolyline
 90
2
 70
0
 10
443.937097902098
 20
246.58352097902093
 10
443.937097902098
 20
245.78352097902095
  0
LWPOLYLINE
  5
5C1
330
17
100
AcDbEntity
  8
LABELS
100
AcDbPolyline
 90
2
 70
0
 10
443.937097902098
 20
245.78352097902095
 10
444.817097902098
 20
245.78352097902095
  0
LWPOLYLINE
  5
5C2
330
17
100
AcDbEntity
  8
LABELS
100
AcDbPolyline
 90
2
 70
0
 10
444.817097902098
 20
245.78352097902095
 10
444.817097902098
 20
244.98352097902094
  0
LWPOLYLINE
  5
5C3
330
17
100
AcDbEntity
  8
LABELS
100
AcDbPolyline
 90
2
 70
0
 10
443.937097902098
 20
244.98352097902094
 10
444.817097902098
 20
244.98352097902094
  0
LWPOLYLINE
  5
5C4
330
17
100
AcDbEntity
  8
LABELS
100
AcDbPolyline
 90
2
 70
0
 10
538.9770033500531
 20
218.28752097902094
 10
539.8570033500531
 20
218.28752097902094
  0
LWPOLYLINE
  5
5C5
330
17
100
AcDbEntity
  8
LABELS
100
AcDbPolyline
 90
2
 70
0
 10
539.8570033500531
 20
218.28752097902094
 10
539.8570033500531
 20
217.48752097902096
  0
LWPOLYLINE
  5
5C6
330
17
100
AcDbEntity
  8
LABELS
100
AcDbPolyline
 90
2
 70
0
 10
538.9770033500531
 20
217.48752097902096
 10
539.8570033500531
 20
217.48752097902096
  0
LWPOLYLINE
  5
5C7
330
17
100
AcDbEntity
  8
LABELS
100
AcDbPolyline
 90
2
 70
0
 10
539.8570033500531
 20
217.48752097902096
 10
539.8570033500531
 20
216.68752097902095
  0
LWPOLYLINE
  5
5C8
330
17
100
AcDbEntity
  8
LABELS
100
AcDbPolyline
 90
2
 70
0
 10
538.9770033500531
 20
216.68752097902095
 10
539.8570033500531
 20
216.68752097902095
  0
LWPOLYLINE
  5
5C9
330
17
100
AcDbEntity
  8
LABELS
100
AcDbPolyline
 90
2
 70
0
 10
540.177003350053
 20
218.28752097902094
 10
541.0570033500532
 20
218.28752097902094
  0
LWPOLYLINE
  5
5CA
330
17
100
AcDbEntity
  8
LABELS
100
AcDbPolyline
 90
2
 70
0
 10
541.0570033500532
 20
218.28752097902094
 10
541.0570033500532
 20
217.48752097902096
  0
LWPOLYLINE
  5
5CB
330
17
100
AcDbEntity
  8
LABELS
100
AcDbPolyline
 90
2
 70
0
 10
540.177003350053
 20
218.28752097902094
 10
540.177003350053
 20
217.48752097902096
  0
LWPOLYLINE
  5
5CC
330
17
100
AcDbEntity
  8
LABELS
100
AcDbPolyline
 90
2
 70
0
 10
540.177003350053
 20
217.48752097902096
 10
541.0570033500532
 20
217.48752097902096
  0
LWPOLYLINE
  5
5CD
330
17
100
AcDbEntity
  8
LABELS
100
AcDbPolyline
 90
2
 70
0
 10
541.0570033500532
 20
217.48752097902096
 10
541.0570033500532
 20
216.68752097902095
  0
LWPOLYLINE
  5
5CE
330
17
100
AcDbEntity
  8
LABELS
100
AcDbPolyline
 90
2
 70
0
 10
540.177003350053
 20
216.68752097902095
 10
541.0570033500532
 20
216.68752097902095
  0
LWPOLYLINE
  5
5CF
330
17
100
AcDbEntity
  8
LABELS
100
AcDbPolyline
 90
2
 70
0
 10
472.38552447552456
 20
246.58352097902093
 10
472.38552447552456
 20
245.78352097902095
  0
LWPOLYLINE
  5
5D0
330
17
100
AcDbEntity
  8
LABELS
100
AcDbPolyline
 90
2
 70
0
 10
472.38552447552456
 20
245.78352097902095
 10
473.26552447552456
 20
245.78352097902095
  0
LWPOLYLINE
  5
5D1
330
17
100
AcDbEntity
  8
LABELS
100
AcDbPolyline
 90
2
 70
0
 10
473.26552447552456
 20
246.58352097902093
 10
473.26552447552456
 20
245.78352097902095
  0
LWPOLYLINE
  5
5D2
330
17
100
AcDbEntity
  8
LABELS
100
AcDbPolyline
 90
2
 70
0
 10
473.26552447552456
 20
245.78352097902095
 10
473.26552447552456
 20
244.98352097902094
  0
LWPOLYLINE
  5
5D3
330
17
100
AcDbEntity
  8
LABELS
100
AcDbPolyline
 90
2
 70
0
 10
473.58552447552455
 20
246.58352097902093
 10
474.46552447552455
 20
246.58352097902093
  0
LWPOLYLINE
  5
5D4
330
17
100
AcDbEntity
  8
LABELS
100
AcDbPolyline
 90
2
 70
0
 10
474.46552447552455
 20
246.58352097902093
 10
474.46552447552455
 20
245.78352097902095
  0
LWPOLYLINE
  5
5D5
330
17
100
AcDbEntity
  8
LABELS
100
AcDbPolyline
 90
2
 70
0
 10
473.58552447552455
 20
245.78352097902095
 10
474.46552447552455
 20
245.78352097902095
  0
LWPOLYLINE
  5
5D6
330
17
100
AcDbEntity
  8
LABELS
100
AcDbPolyline
 90
2
 70
0
 10
474.46552447552455
 20
245.78352097902095
 10
474.46552447552455
 20
244.98352097902094
  0
LWPOLYLINE
  5
5D7
330
17
100
AcDbEntity
  8
LABELS
100
AcDbPolyline
 90
2
 70
0
 10
473.58552447552455
 20
244.98352097902094
 10
474.46552447552455
 20
244.98352097902094
  0
LWPOLYLINE
  5
5D8
330
17
100
AcDbEntity
  8
LABELS
100
AcDbPolyline
 90
2
 70
0
 10
505.50659777395384
 20
246.58352097902093
 10
506.38659777395384
 20
246.58352097902093
  0
LWPOLYLINE
  5
5D9
330
17
100
AcDbEntity
  8
LABELS
100
AcDbPolyline
 90
2
 70
0
 10
505.50659777395384
 20
246.58352097902093
 10
505.50659777395384
 20
245.78352097902095
  0
LWPOLYLINE
  5
5DA
330
17
100
AcDbEntity
  8
LABELS
100
AcDbPolyline
 90
2
 70
0
 10
505.50659777395384
 20
245.78352097902095
 10
506.38659777395384
 20
245.78352097902095
  0
LWPOLYLINE
  5
5DB
330
17
100
AcDbEntity
  8
LABELS
100
AcDbPolyline
 90
2
 70
0
 10
505.50659777395384
 20
245.78352097902095
 10
505.50659777395384
 20
244.98352097902094
  0
LWPOLYLINE
  5
5DC
330
17
100
AcDbEntity
  8
LABELS
100
AcDbPolyline
 90
2
 70
0
 10
506.38659777395384
 20
245.78352097902095
 10
506.38659777395384
 20
244.98352097902094
  0
LWPOLYLINE
  5
5DD
330
17
100
AcDbEntity
  8
LABELS
100
AcDbPolyline
 90
2
 70
0
 10
505.50659777395384
 20
244.98352097902094
 10
506.38659777395384
 20
244.98352097902094
  0
LWPOLYLINE
  5
5DE
330
17
100
AcDbEntity
  8
LABELS
100
AcDbPolyline
 90
2
 70
0
 10
507.5865977739538
 20
246.58352097902093
 10
507.5865977739538
 20
245.78352097902095
  0
LWPOLYLINE
  5
5DF
330
17
100
AcDbEntity
  8
LABELS
100
AcDbPolyline
 90
2
 70
0
 10
507.5865977739538
 20
245.78352097902095
 10
507.5865977739538
 20
244.98352097902094
  0
LWPOLYLINE
  5
5E0
330
17
100
AcDbEntity
  8
LABELS
100
AcDbPolyline
 90
2
 70
0
 10
538.6276710723831
 20
246.58352097902093
 10
539.5076710723831
 20
246.58352097902093
  0
LWPOLYLINE
  5
5E1
330
17
100
AcDbEntity
  8
LABELS
100
AcDbPolyline
 90
2
 70
0
 10
538.6276710723831
 20
246.58352097902093
 10
538.6276710723831
 20
245.78352097902095
  0
LWPOLYLINE
  5
5E2
330
17
100
AcDbEntity
  8
LABELS
100
AcDbPolyline
 90
2
 70
0
 10
538.6276710723831
 20
245.78352097902095
 10
539.5076710723831
 20
245.78352097902095
  0
LWPOLYLINE
  5
5E3
330
17
100
AcDbEntity
  8
LABELS
100
AcDbPolyline
 90
2
 70
0
 10
538.6276710723831
 20
245.78352097902095
 10
538.6276710723831
 20
244.98352097902094
  0
LWPOLYLINE
  5
5E4
330
17
100
AcDbEntity
  8
LABELS
100
AcDbPolyline
 90
2
 70
0
 10
539.5076710723831
 20
245.78352097902095
 10
539.5076710723831
 20
244.98352097902094
  0
LWPOLYLINE
  5
5E5
330
17
100
AcDbEntity
  8
LABELS
100
AcDbPolyline
 90
2
 70
0
 10
538.6276710723831
 20
244.98352097902094
 10
539.5076710723831
 20
244.98352097902094
  0
LWPOLYLINE
  5
5E6
330
17
100
AcDbEntity
  8
LABELS
100
AcDbPolyline
 90
2
 70
0
 10
539.827671072383
 20
246.58352097902093
 10
540.7076710723832
 20
246.58352097902093
  0
LWPOLYLINE
  5
5E7
330
17
100
AcDbEntity
  8
LABELS
100
AcDbPolyline
 90
2
 70
0
 10
540.7076710723832
 20
246.58352097902093
 10
540.7076710723832
 20
245.78352097902095
  0
LWPOLYLINE
  5
5E8
330
17
100
AcDbEntity
  8
LABELS
100
AcDbPolyline
 90
2
 70
0
 10
540.7076710723832
 20
245.78352097902095
 10
540.7076710723832
 20
244.98352097902094
  0
LWPOLYLINE
  5
5E9
330
17
100
AcDbEntity
  8
LABELS
100
AcDbPolyline
 90
2
 70
0
 10
539.827671072383
 20
244.98352097902094
 10
540.7076710723832
 20
244.98352097902094
  0
LWPOLYLINE
  5
5EA
330
17
100
AcDbEntity
  8
LABELS
100
AcDbPolyline
 90
2
 70
0
 10
539.827671072383
 20
245.78352097902095
 10
539.827671072383
 20
244.98352097902094
  0
LWPOLYLINE
  5
5EB
330
17
100
AcDbEntity
  8
LABELS
100
AcDbPolyline
 90
2
 70
0
 10
539.827671072383
 20
246.58352097902093
 10
539.827671072383
 20
245.78352097902095
  0
LWPOLYLINE
  5
5EC
330
17
100
AcDbEntity
  8
LABELS
100
AcDbPolyline
 90
2
 70
0
 10
539.827671072383
 20
245.78352097902095
 10
540.7076710723832
 20
245.78352097902095
  0
LWPOLYLINE
  5
5ED
330
17
100
AcDbEntity
  8
LABELS
100
AcDbPolyline
 90
2
 70
0
 10
570.9508386116502
 20
246.58352097902093
 10
571.8308386116502
 20
246.58352097902093
  0
LWPOLYLINE
  5
5EE
330
17
100
AcDbEntity
  8
LABELS
100
AcDbPolyline
 90
2
 70
0
 10
571.8308386116502
 20
246.58352097902093
 10
571.8308386116502
 20
245.78352097902095
  0
LWPOLYLINE
  5
5EF
330
17
100
AcDbEntity
  8
LABELS
100
AcDbPolyline
 90
2
 70
0
 10
570.9508386116502
 20
245.78352097902095
 10
571.8308386116502
 20
245.78352097902095
  0
LWPOLYLINE
  5
5F0
330
17
100
AcDbEntity
  8
LABELS
100
AcDbPolyline
 90
2
 70
0
 10
571.8308386116502
 20
245.78352097902095
 10
571.8308386116502
 20
244.98352097902094
  0
LWPOLYLINE
  5
5F1
330
17
100
AcDbEntity
  8
LABELS
100
AcDbPolyline
 90
2
 70
0
 10
570.9508386116502
 20
244.98352097902094
 10
571.8308386116502
 20
244.98352097902094
  0
LWPOLYLINE
  5
5F2
330
17
100
AcDbEntity
  8
LABELS
100
AcDbPolyline
 90
2
 70
0
 10
572.1508386116501
 20
246.58352097902093
 10
573.0308386116502
 20
246.58352097902093
  0
LWPOLYLINE
  5
5F3
330
17
100
AcDbEntity
  8
LABELS
100
AcDbPolyline
 90
2
 70
0
 10
573.0308386116502
 20
246.58352097902093
 10
573.0308386116502
 20
245.78352097902095
  0
LWPOLYLINE
  5
5F4
330
17
100
AcDbEntity
  8
LABELS
100
AcDbPolyline
 90
2
 70
0
 10
573.0308386116502
 20
245.78352097902095
 10
573.0308386116502
 20
244.98352097902094
  0
LWPOLYLINE
  5
5F5
330
17
100
AcDbEntity
  8
LABELS
100
AcDbPolyline
 90
2
 70
0
 10
572.1508386116501
 20
244.98352097902094
 10
573.0308386116502
 20
244.98352097902094
  0
LWPOLYLINE
  5
5F6
330
17
100
AcDbEntity
  8
LABELS
100
AcDbPolyline
 90
2
 70
0
 10
572.1508386116501
 20
245.78352097902095
 10
572.1508386116501
 20
244.98352097902094
  0
LWPOLYLINE
  5
5F7
330
17
100
AcDbEntity
  8
LABELS
100
AcDbPolyline
 90
2
 70
0
 10
572.1508386116501
 20
246.58352097902093
 10
572.1508386116501
 20
245.78352097902095
  0
LWPOLYLINE
  5
5F8
330
17
100
AcDbEntity
  8
LABELS
100
AcDbPolyline
 90
2
 70
0
 10
572.1508386116501
 20
245.78352097902095
 10
573.0308386116502
 20
245.78352097902095
  0
LWPOLYLINE
  5
5F9
330
17
100
AcDbEntity
  8
LABELS
100
AcDbPolyline
 90
2
 70
0
 10
572.0980766484823
 20
218.28752097902094
 10
572.9780766484823
 20
218.28752097902094
  0
LWPOLYLINE
  5
5FA
330
17
100
AcDbEntity
  8
LABELS
100
AcDbPolyline
 90
2
 70
0
 10
572.9780766484823
 20
218.28752097902094
 10
572.9780766484823
 20
217.48752097902096
  0
LWPOLYLINE
  5
5FB
330
17
100
AcDbEntity
  8
LABELS
100
AcDbPolyline
 90
2
 70
0
 10
572.0980766484823
 20
217.48752097902096
 10
572.9780766484823
 20
217.48752097902096
  0
LWPOLYLINE
  5
5FC
330
17
100
AcDbEntity
  8
LABELS
100
AcDbPolyline
 90
2
 70
0
 10
572.9780766484823
 20
217.48752097902096
 10
572.9780766484823
 20
216.68752097902095
  0
LWPOLYLINE
  5
5FD
330
17
100
AcDbEntity
  8
LABELS
100
AcDbPolyline
 90
2
 70
0
 10
572.0980766484823
 20
216.68752097902095
 10
572.9780766484823
 20
216.68752097902095
  0
LWPOLYLINE
  5
5FE
330
17
100
AcDbEntity
  8
LABELS
100
AcDbPolyline
 90
2
 70
0
 10
573.2980766484823
 20
218.28752097902094
 10
574.1780766484824
 20
218.28752097902094
  0
LWPOLYLINE
  5
5FF
330
17
100
AcDbEntity
  8
LABELS
100
AcDbPolyline
 90
2
 70
0
 10
574.1780766484824
 20
218.28752097902094
 10
574.1780766484824
 20
217.48752097902096
  0
LWPOLYLINE
  5
600
330
17
100
AcDbEntity
  8
LABELS
100
AcDbPolyline
 90
2
 70
0
 10
573.2980766484823
 20
217.48752097902096
 10
574.1780766484824
 20
217.48752097902096
  0
LWPOLYLINE
  5
601
330
17
100
AcDbEntity
  8
LABELS
100
AcDbPolyline
 90
2
 70
0
 10
573.2980766484823
 20
217.48752097902096
 10
573.2980766484823
 20
216.68752097902095
  0
LWPOLYLINE
  5
602
330
17
100
AcDbEntity
  8
LABELS
100
AcDbPolyline
 90
2
 70
0
 10
573.2980766484823
 20
216.68752097902095
 10
574.1780766484824
 20
216.68752097902095
  0
LWPOLYLINE
  5
603
330
17
100
AcDbEntity
  8
LABELS
100
AcDbPolyline
 90
2
 70
0
 10
593.943737597481
 20
159.74249999999998
 10
594.823737597481
 20
159.74249999999998
  0
LWPOLYLINE
  5
604
330
17
100
AcDbEntity
  8
LABELS
100
AcDbPolyline
 90
2
 70
0
 10
594.823737597481
 20
159.74249999999998
 10
594.823737597481
 20
158.9425
  0
LWPOLYLINE
  5
605
330
17
100
AcDbEntity
  8
LABELS
100
AcDbPolyline
 90
2
 70
0
 10
593.943737597481
 20
159.74249999999998
 10
593.943737597481
 20
158.9425
  0
LWPOLYLINE
  5
606
330
17
100
AcDbEntity
  8
LABELS
100
AcDbPolyline
 90
2
 70
0
 10
593.943737597481
 20
158.9425
 10
594.823737597481
 20
158.9425
  0
LWPOLYLINE
  5
607
330
17
100
AcDbEntity
  8
LABELS
100
AcDbPolyline
 90
2
 70
0
 10
594.823737597481
 20
158.9425
 10
594.823737597481
 20
158.14249999999998
  0
LWPOLYLINE
  5
608
330
17
100
AcDbEntity
  8
LABELS
100
AcDbPolyline
 90
2
 70
0
 10
593.943737597481
 20
158.14249999999998
 10
594.823737597481
 20
158.14249999999998
  0
LWPOLYLINE
  5
609
330
17
100
AcDbEntity
  8
LABELS
100
AcDbPolyline
 90
2
 70
0
 10
595.143737597481
 20
159.74249999999998
 10
596.023737597481
 20
159.74249999999998
  0
LWPOLYLINE
  5
60A
330
17
100
AcDbEntity
  8
LABELS
100
AcDbPolyline
 90
2
 70
0
 10
595.143737597481
 20
159.74249999999998
 10
595.143737597481
 20
158.9425
  0
LWPOLYLINE
  5
60B
330
17
100
AcDbEntity
  8
LABELS
100
AcDbPolyline
 90
2
 70
0
 10
595.143737597481
 20
158.9425
 10
596.023737597481
 20
158.9425
  0
LWPOLYLINE
  5
60C
330
17
100
AcDbEntity
  8
LABELS
100
AcDbPolyline
 90
2
 70
0
 10
596.023737597481
 20
158.9425
 10
596.023737597481
 20
158.14249999999998
  0
LWPOLYLINE
  5
60D
330
17
100
AcDbEntity
  8
LABELS
100
AcDbPolyline
 90
2
 70
0
 10
595.143737597481
 20
158.14249999999998
 10
596.023737597481
 20
158.14249999999998
  0
LWPOLYLINE
  5
60E
330
17
100
AcDbEntity
  8
LABELS
100
AcDbPolyline
 90
2
 70
0
 10
586.3227809788378
 20
60.222500000000004
 10
586.3227809788378
 20
59.4225
  0
LWPOLYLINE
  5
60F
330
17
100
AcDbEntity
  8
LABELS
100
AcDbPolyline
 90
2
 70
0
 10
586.3227809788378
 20
59.4225
 10
586.3227809788378
 20
58.6225
  0
LWPOLYLINE
  5
610
330
17
100
AcDbEntity
  8
LABELS
100
AcDbPolyline
 90
2
 70
0
 10
586.6427809788379
 20
60.222500000000004
 10
587.5227809788379
 20
60.222500000000004
  0
LWPOLYLINE
  5
611
330
17
100
AcDbEntity
  8
LABELS
100
AcDbPolyline
 90
2
 70
0
 10
587.5227809788379
 20
60.222500000000004
 10
587.5227809788379
 20
59.4225
  0
LWPOLYLINE
  5
612
330
17
100
AcDbEntity
  8
LABELS
100
AcDbPolyline
 90
2
 70
0
 10
586.6427809788379
 20
59.4225
 10
587.5227809788379
 20
59.4225
  0
LWPOLYLINE
  5
613
330
17
100
AcDbEntity
  8
LABELS
100
AcDbPolyline
 90
2
 70
0
 10
586.6427809788379
 20
59.4225
 10
586.6427809788379
 20
58.6225
  0
LWPOLYLINE
  5
614
330
17
100
AcDbEntity
  8
LABELS
100
AcDbPolyline
 90
2
 70
0
 10
586.6427809788379
 20
58.6225
 10
587.5227809788379
 20
58.6225
  0
LWPOLYLINE
  5
615
330
17
100
AcDbEntity
  8
LABELS
100
AcDbPolyline
 90
2
 70
0
 10
587.8427809788378
 20
60.222500000000004
 10
588.7227809788378
 20
60.222500000000004
  0
LWPOLYLINE
  5
616
330
17
100
AcDbEntity
  8
LABELS
100
AcDbPolyline
 90
2
 70
0
 10
588.7227809788378
 20
60.222500000000004
 10
588.7227809788378
 20
59.4225
  0
LWPOLYLINE
  5
617
330
17
100
AcDbEntity
  8
LABELS
100
AcDbPolyline
 90
2
 70
0
 10
587.8427809788378
 20
60.222500000000004
 10
587.8427809788378
 20
59.4225
  0
LWPOLYLINE
  5
618
330
17
100
AcDbEntity
  8
LABELS
100
AcDbPolyline
 90
2
 70
0
 10
587.8427809788378
 20
59.4225
 10
588.7227809788378
 20
59.4225
  0
LWPOLYLINE
  5
619
330
17
100
AcDbEntity
  8
LABELS
100
AcDbPolyline
 90
2
 70
0
 10
588.7227809788378
 20
59.4225
 10
588.7227809788378
 20
58.6225
  0
LWPOLYLINE
  5
61A
330
17
100
AcDbEntity
  8
LABELS
100
AcDbPolyline
 90
2
 70
0
 10
587.8427809788378
 20
58.6225
 10
588.7227809788378
 20
58.6225
  0
LWPOLYLINE
  5
61B
330
17
100
AcDbEntity
  8
LABELS
100
AcDbPolyline
 90
2
 70
0
 10
27.0235
 20
274.85202097902095
 10
27.0235
 20
275.73202097902094
  0
LWPOLYLINE
  5
61C
330
17
100
AcDbEntity
  8
LABELS
100
AcDbPolyline
 90
2
 70
0
 10
27.0235
 20
275.73202097902094
 10
27.8235
 20
275.73202097902094
  0
LWPOLYLINE
  5
61D
330
17
100
AcDbEntity
  8
LABELS
100
AcDbPolyline
 90
2
 70
0
 10
27.8235
 20
275.73202097902094
 10
28.623499999999996
 20
275.73202097902094
  0
LWPOLYLINE
  5
61E
330
17
100
AcDbEntity
  8
LABELS
100
AcDbPolyline
 90
2
 70
0
 10
27.0235
 20
276.05202097902094
 10
27.0235
 20
276.93202097902093
  0
LWPOLYLINE
  5
61F
330
17
100
AcDbEntity
  8
LABELS
100
AcDbPolyline
 90
2
 70
0
 10
27.0235
 20
276.05202097902094
 10
27.8235
 20
276.05202097902094
  0
LWPOLYLINE
  5
620
330
17
100
AcDbEntity
  8
LABELS
100
AcDbPolyline
 90
2
 70
0
 10
27.8235
 20
276.05202097902094
 10
27.8235
 20
276.93202097902093
  0
LWPOLYLINE
  5
621
330
17
100
AcDbEntity
  8
LABELS
100
AcDbPolyline
 90
2
 70
0
 10
27.8235
 20
276.05202097902094
 10
28.623499999999996
 20
276.05202097902094
  0
LWPOLYLINE
  5
622
330
17
100
AcDbEntity
  8
LABELS
100
AcDbPolyline
 90
2
 70
0
 10
27.8235
 20
276.93202097902093
 10
28.623499999999996
 20
276.93202097902093
  0
LWPOLYLINE
  5
623
330
17
100
AcDbEntity
  8
LABELS
100
AcDbPolyline
 90
2
 70
0
 10
28.623499999999996
 20
276.05202097902094
 10
28.623499999999996
 20
276.93202097902093
  0
LWPOLYLINE
  5
624
330
17
100
AcDbEntity
  8
LABELS
100
AcDbPolyline
 90
2
 70
0
 10
526.6397731117049
 20
38.731
 10
526.6397731117049
 20
39.611000000000004
  0
LWPOLYLINE
  5
625
330
17
100
AcDbEntity
  8
LABELS
100
AcDbPolyline
 90
2
 70
0
 10
526.6397731117049
 20
39.611000000000004
 10
527.439773111705
 20
39.611000000000004
  0
LWPOLYLINE
  5
626
330
17
100
AcDbEntity
  8
LABELS
100
AcDbPolyline
 90
2
 70
0
 10
527.439773111705
 20
39.611000000000004
 10
528.239773111705
 20
39.611000000000004
  0
LWPOLYLINE
  5
627
330
17
100
AcDbEntity
  8
LABELS
100
AcDbPolyline
 90
2
 70
0
 10
528.239773111705
 20
38.731
 10
528.239773111705
 20
39.611000000000004
  0
LWPOLYLINE
  5
628
330
17
100
AcDbEntity
  8
LABELS
100
AcDbPolyline
 90
2
 70
0
 10
527.439773111705
 20
38.731
 10
528.239773111705
 20
38.731
  0
LWPOLYLINE
  5
629
330
17
100
AcDbEntity
  8
LABELS
100
AcDbPolyline
 90
2
 70
0
 10
526.6397731117049
 20
38.731
 10
527.439773111705
 20
38.731
  0
LWPOLYLINE
  5
62A
330
17
100
AcDbEntity
  8
LABELS
100
AcDbPolyline
 90
2
 70
0
 10
527.439773111705
 20
38.731
 10
527.439773111705
 20
39.611000000000004
  0
LWPOLYLINE
  5
62B
330
17
100
AcDbEntity
  8
LABELS
100
AcDbPolyline
 90
2
 70
0
 10
526.6397731117049
 20
39.931000000000004
 10
526.6397731117049
 20
40.811
  0
LWPOLYLINE
  5
62C
330
17
100
AcDbEntity
  8
LABELS
100
AcDbPolyline
 90
2
 70
0
 10
526.6397731117049
 20
40.811
 10
527.439773111705
 20
40.811
  0
LWPOLYLINE
  5
62D
330
17
100
AcDbEntity
  8
LABELS
100
AcDbPolyline
 90
2
 70
0
 10
527.439773111705
 20
40.811
 10
528.239773111705
 20
40.811
  0
LWPOLYLINE
  5
62E
330
17
100
AcDbEntity
  8
LABELS
100
AcDbPolyline
 90
2
 70
0
 10
51.5095
 20
275.1320209790209
 10
52.3095
 20
275.1320209790209
  0
LWPOLYLINE
  5
62F
330
17
100
AcDbEntity
  8
LABELS
100
AcDbPolyline
 90
2
 70
0
 10
52.3095
 20
275.1320209790209
 10
53.1095
 20
275.1320209790209
  0
LWPOLYLINE
  5
630
330
17
100
AcDbEntity
  8
LABELS
100
AcDbPolyline
 90
2
 70
0
 10
51.5095
 20
275.4520209790209
 10
51.5095
 20
276.3320209790209
  0
LWPOLYLINE
  5
631
330
17
100
AcDbEntity
  8
LABELS
100
AcDbPolyline
 90
2
 70
0
 10
51.5095
 20
275.4520209790209
 10
52.3095
 20
275.4520209790209
  0
LWPOLYLINE
  5
632
330
17
100
AcDbEntity
  8
LABELS
100
AcDbPolyline
 90
2
 70
0
 10
52.3095
 20
275.4520209790209
 10
52.3095
 20
276.3320209790209
  0
LWPOLYLINE
  5
633
330
17
100
AcDbEntity
  8
LABELS
100
AcDbPolyline
 90
2
 70
0
 10
52.3095
 20
276.3320209790209
 10
53.1095
 20
276.3320209790209
  0
LWPOLYLINE
  5
634
330
17
100
AcDbEntity
  8
LABELS
100
AcDbPolyline
 90
2
 70
0
 10
53.1095
 20
275.4520209790209
 10
53.1095
 20
276.3320209790209
  0
LWPOLYLINE
  5
635
330
17
100
AcDbEntity
  8
LABELS
100
AcDbPolyline
 90
2
 70
0
 10
51.5095
 20
276.65202097902096
 10
51.5095
 20
277.53202097902096
  0
LWPOLYLINE
  5
636
330
17
100
AcDbEntity
  8
LABELS
100
AcDbPolyline
 90
2
 70
0
 10
51.5095
 20
276.65202097902096
 10
52.3095
 20
276.65202097902096
  0
LWPOLYLINE
  5
637
330
17
100
AcDbEntity
  8
LABELS
100
AcDbPolyline
 90
2
 70
0
 10
52.3095
 20
276.65202097902096
 10
52.3095
 20
277.53202097902096
  0
LWPOLYLINE
  5
638
330
17
100
AcDbEntity
  8
LABELS
100
AcDbPolyline
 90
2
 70
0
 10
52.3095
 20
277.53202097902096
 10
53.1095
 20
277.53202097902096
  0
LWPOLYLINE
  5
639
330
17
100
AcDbEntity
  8
LABELS
100
AcDbPolyline
 90
2
 70
0
 10
53.1095
 20
276.65202097902096
 10
53.1095
 20
277.53202097902096
  0
LWPOLYLINE
  5
63A
330
17
100
AcDbEntity
  8
LABELS
100
AcDbPolyline
 90
2
 70
0
 10
75.99549999999999
 20
279.65138289001567
 10
76.7955
 20
279.65138289001567
  0
LWPOLYLINE
  5
63B
330
17
100
AcDbEntity
  8
LABELS
100
AcDbPolyline
 90
2
 70
0
 10
76.7955
 20
279.65138289001567
 10
76.7955
 20
280.53138289001566
  0
LWPOLYLINE
  5
63C
330
17
100
AcDbEntity
  8
LABELS
100
AcDbPolyline
 90
2
 70
0
 10
75.99549999999999
 20
280.53138289001566
 10
76.7955
 20
280.53138289001566
  0
LWPOLYLINE
  5
63D
330
17
100
AcDbEntity
  8
LABELS
100
AcDbPolyline
 90
2
 70
0
 10
76.7955
 20
280.53138289001566
 10
77.59549999999999
 20
280.53138289001566
  0
LWPOLYLINE
  5
63E
330
17
100
AcDbEntity
  8
LABELS
100
AcDbPolyline
 90
2
 70
0
 10
75.99549999999999
 20
280.85138289001566
 10
75.99549999999999
 20
281.7313828900157
  0
LWPOLYLINE
  5
63F
330
17
100
AcDbEntity
  8
LABELS
100
AcDbPolyline
 90
2
 70
0
 10
75.99549999999999
 20
281.7313828900157
 10
76.7955
 20
281.7313828900157
  0
LWPOLYLINE
  5
640
330
17
100
AcDbEntity
  8
LABELS
100
AcDbPolyline
 90
2
 70
0
 10
75.99549999999999
 20
280.85138289001566
 10
76.7955
 20
280.85138289001566
  0
LWPOLYLINE
  5
641
330
17
100
AcDbEntity
  8
LABELS
100
AcDbPolyline
 90
2
 70
0
 10
76.7955
 20
280.85138289001566
 10
76.7955
 20
281.7313828900157
  0
LWPOLYLINE
  5
642
330
17
100
AcDbEntity
  8
LABELS
100
AcDbPolyline
 90
2
 70
0
 10
76.7955
 20
281.7313828900157
 10
77.59549999999999
 20
281.7313828900157
  0
LWPOLYLINE
  5
643
330
17
100
AcDbEntity
  8
LABELS
100
AcDbPolyline
 90
2
 70
0
 10
77.59549999999999
 20
280.85138289001566
 10
77.59549999999999
 20
281.7313828900157
  0
LWPOLYLINE
  5
644
330
17
100
AcDbEntity
  8
LABELS
100
AcDbPolyline
 90
2
 70
0
 10
553.538773111705
 20
39.011
 10
554.3387731117051
 20
39.011
  0
LWPOLYLINE
  5
645
330
17
100
AcDbEntity
  8
LABELS
100
AcDbPolyline
 90
2
 70
0
 10
554.3387731117051
 20
39.011
 10
555.1387731117051
 20
39.011
  0
LWPOLYLINE
  5
646
330
17
100
AcDbEntity
  8
LABELS
100
AcDbPolyline
 90
2
 70
0
 10
553.538773111705
 20
39.331
 10
554.3387731117051
 20
39.331
  0
LWPOLYLINE
  5
647
330
17
100
AcDbEntity
  8
LABELS
100
AcDbPolyline
 90
2
 70
0
 10
554.3387731117051
 20
39.331
 10
554.3387731117051
 20
40.211
  0
LWPOLYLINE
  5
648
330
17
100
AcDbEntity
  8
LABELS
100
AcDbPolyline
 90
2
 70
0
 10
553.538773111705
 20
40.211
 10
554.3387731117051
 20
40.211
  0
LWPOLYLINE
  5
649
330
17
100
AcDbEntity
  8
LABELS
100
AcDbPolyline
 90
2
 70
0
 10
554.3387731117051
 20
40.211
 10
555.1387731117051
 20
40.211
  0
LWPOLYLINE
  5
64A
330
17
100
AcDbEntity
  8
LABELS
100
AcDbPolyline
 90
2
 70
0
 10
553.538773111705
 20
40.531000000000006
 10
553.538773111705
 20
41.411
  0
LWPOLYLINE
  5
64B
330
17
100
AcDbEntity
  8
LABELS
100
AcDbPolyline
 90
2
 70
0
 10
553.538773111705
 20
41.411
 10
554.3387731117051
 20
41.411
  0
LWPOLYLINE
  5
64C
330
17
100
AcDbEntity
  8
LABELS
100
AcDbPolyline
 90
2
 70
0
 10
554.3387731117051
 20
40.531000000000006
 10
554.3387731117051
 20
41.411
  0
LWPOLYLINE
  5
64D
330
17
100
AcDbEntity
  8
LABELS
100
AcDbPolyline
 90
2
 70
0
 10
554.3387731117051
 20
41.411
 10
555.1387731117051
 20
41.411
  0
LWPOLYLINE
  5
64E
330
17
100
AcDbEntity
  8
LABELS
100
AcDbPolyline
 90
2
 70
0
 10
555.1387731117051
 20
40.531000000000006
 10
555.1387731117051
 20
41.411
  0
LWPOLYLINE
  5
64F
330
17
100
AcDbEntity
  8
LABELS
100
AcDbPolyline
 90
2
 70
0
 10
522.829773111705
 20
88.491
 10
522.829773111705
 20
89.371
  0
LWPOLYLINE
  5
650
330
17
100
AcDbEntity
  8
LABELS
100
AcDbPolyline
 90
2
 70
0
 10
522.829773111705
 20
89.371
 10
523.6297731117049
 20
89.371
  0
LWPOLYLINE
  5
651
330
17
100
AcDbEntity
  8
LABELS
100
AcDbPolyline
 90
2
 70
0
 10
523.6297731117049
 20
89.371
 10
524.429773111705
 20
89.371
  0
LWPOLYLINE
  5
652
330
17
100
AcDbEntity
  8
LABELS
100
AcDbPolyline
 90
2
 70
0
 10
522.829773111705
 20
89.691
 10
522.829773111705
 20
90.571
  0
LWPOLYLINE
  5
653
330
17
100
AcDbEntity
  8
LABELS
100
AcDbPolyline
 90
2
 70
0
 10
522.829773111705
 20
90.571
 10
523.6297731117049
 20
90.571
  0
LWPOLYLINE
  5
654
330
17
100
AcDbEntity
  8
LABELS
100
AcDbPolyline
 90
2
 70
0
 10
523.6297731117049
 20
89.691
 10
523.6297731117049
 20
90.571
  0
LWPOLYLINE
  5
655
330
17
100
AcDbEntity
  8
LABELS
100
AcDbPolyline
 90
2
 70
0
 10
523.6297731117049
 20
90.571
 10
524.429773111705
 20
90.571
  0
LWPOLYLINE
  5
656
330
17
100
AcDbEntity
  8
LABELS
100
AcDbPolyline
 90
2
 70
0
 10
524.429773111705
 20
89.691
 10
524.429773111705
 20
90.571
  0
LWPOLYLINE
  5
657
330
17
100
AcDbEntity
  8
LABELS
100
AcDbPolyline
 90
2
 70
0
 10
581.8347731117051
 20
39.011
 10
582.634773111705
 20
39.011
  0
LWPOLYLINE
  5
658
330
17
100
AcDbEntity
  8
LABELS
100
AcDbPolyline
 90
2
 70
0
 10
582.634773111705
 20
39.011
 10
583.4347731117051
 20
39.011
  0
LWPOLYLINE
  5
659
330
17
100
AcDbEntity
  8
LABELS
100
AcDbPolyline
 90
2
 70
0
 10
581.8347731117051
 20
40.211
 10
582.634773111705
 20
40.211
  0
LWPOLYLINE
  5
65A
330
17
100
AcDbEntity
  8
LABELS
100
AcDbPolyline
 90
2
 70
0
 10
582.634773111705
 20
40.211
 10
583.4347731117051
 20
40.211
  0
LWPOLYLINE
  5
65B
330
17
100
AcDbEntity
  8
LABELS
100
AcDbPolyline
 90
2
 70
0
 10
581.8347731117051
 20
40.531000000000006
 10
581.8347731117051
 20
41.411
  0
LWPOLYLINE
  5
65C
330
17
100
AcDbEntity
  8
LABELS
100
AcDbPolyline
 90
2
 70
0
 10
581.8347731117051
 20
40.531000000000006
 10
582.634773111705
 20
40.531000000000006
  0
LWPOLYLINE
  5
65D
330
17
100
AcDbEntity
  8
LABELS
100
AcDbPolyline
 90
2
 70
0
 10
582.634773111705
 20
40.531000000000006
 10
582.634773111705
 20
41.411
  0
LWPOLYLINE
  5
65E
330
17
100
AcDbEntity
  8
LABELS
100
AcDbPolyline
 90
2
 70
0
 10
582.634773111705
 20
40.531000000000006
 10
583.4347731117051
 20
40.531000000000006
  0
LWPOLYLINE
  5
65F
330
17
100
AcDbEntity
  8
LABELS
100
AcDbPolyline
 90
2
 70
0
 10
582.634773111705
 20
41.411
 10
583.4347731117051
 20
41.411
  0
LWPOLYLINE
  5
660
330
17
100
AcDbEntity
  8
LABELS
100
AcDbPolyline
 90
2
 70
0
 10
583.4347731117051
 20
40.531000000000006
 10
583.4347731117051
 20
41.411
  0
LWPOLYLINE
  5
661
330
17
100
AcDbEntity
  8
LABELS
100
AcDbPolyline
 90
2
 70
0
 10
539.4369234613554
 20
91.931
 10
539.4369234613554
 20
91.131
  0
LWPOLYLINE
  5
662
330
17
100
AcDbEntity
  8
LABELS
100
AcDbPolyline
 90
2
 70
0
 10
539.4369234613554
 20
91.131
 10
539.4369234613554
 20
90.331
  0
LWPOLYLINE
  5
663
330
17
100
AcDbEntity
  8
LABELS
100
AcDbPolyline
 90
2
 70
0
 10
539.7569234613553
 20
91.931
 10
540.6369234613553
 20
91.931
  0
LWPOLYLINE
  5
664
330
17
100
AcDbEntity
  8
LABELS
100
AcDbPolyline
 90
2
 70
0
 10
539.7569234613553
 20
91.931
 10
539.7569234613553
 20
91.131
  0
LWPOLYLINE
  5
665
330
17
100
AcDbEntity
  8
LABELS
100
AcDbPolyline
 90
2
 70
0
 10
539.7569234613553
 20
91.131
 10
540.6369234613553
 20
91.131
  0
LWPOLYLINE
  5
666
330
17
100
AcDbEntity
  8
LABELS
100
AcDbPolyline
 90
2
 70
0
 10
540.6369234613553
 20
91.131
 10
540.6369234613553
 20
90.331
  0
LWPOLYLINE
  5
667
330
17
100
AcDbEntity
  8
LABELS
100
AcDbPolyline
 90
2
 70
0
 10
539.7569234613553
 20
90.331
 10
540.6369234613553
 20
90.331
  0
LWPOLYLINE
  5
668
330
17
100
AcDbEntity
  8
LABELS
100
AcDbPolyline
 90
2
 70
0
 10
540.9569234613554
 20
91.931
 10
540.9569234613554
 20
91.131
  0
LWPOLYLINE
  5
669
330
17
100
AcDbEntity
  8
LABELS
100
AcDbPolyline
 90
2
 70
0
 10
540.9569234613554
 20
91.131
 10
541.8369234613554
 20
91.131
  0
LWPOLYLINE
  5
66A
330
17
100
AcDbEntity
  8
LABELS
100
AcDbPolyline
 90
2
 70
0
 10
541.8369234613554
 20
91.931
 10
541.8369234613554
 20
91.131
  0
LWPOLYLINE
  5
66B
330
17
100
AcDbEntity
  8
LABELS
100
AcDbPolyline
 90
2
 70
0
 10
541.8369234613554
 20
91.131
 10
541.8369234613554
 20
90.331
  0
LWPOLYLINE
  5
66C
330
17
100
AcDbEntity
  8
LABELS
100
AcDbPolyline
 90
2
 70
0
 10
570.1818570277889
 20
88.491
 10
570.1818570277889
 20
89.371
  0
LWPOLYLINE
  5
66D
330
17
100
AcDbEntity
  8
LABELS
100
AcDbPolyline
 90
2
 70
0
 10
570.1818570277889
 20
89.371
 10
570.9818570277889
 20
89.371
  0
LWPOLYLINE
  5
66E
330
17
100
AcDbEntity
  8
LABELS
100
AcDbPolyline
 90
2
 70
0
 10
570.9818570277889
 20
88.491
 10
570.9818570277889
 20
89.371
  0
LWPOLYLINE
  5
66F
330
17
100
AcDbEntity
  8
LABELS
100
AcDbPolyline
 90
2
 70
0
 10
570.9818570277889
 20
88.491
 10
571.7818570277889
 20
88.491
  0
LWPOLYLINE
  5
670
330
17
100
AcDbEntity
  8
LABELS
100
AcDbPolyline
 90
2
 70
0
 10
571.7818570277889
 20
88.491
 10
571.7818570277889
 20
89.371
  0
LWPOLYLINE
  5
671
330
17
100
AcDbEntity
  8
LABELS
100
AcDbPolyline
 90
2
 70
0
 10
570.1818570277889
 20
89.691
 10
570.1818570277889
 20
90.571
  0
LWPOLYLINE
  5
672
330
17
100
AcDbEntity
  8
LABELS
100
AcDbPolyline
 90
2
 70
0
 10
570.1818570277889
 20
90.571
 10
570.9818570277889
 20
90.571
  0
LWPOLYLINE
  5
673
330
17
100
AcDbEntity
  8
LABELS
100
AcDbPolyline
 90
2
 70
0
 10
570.9818570277889
 20
90.571
 10
571.7818570277889
 20
90.571
  0
LWPOLYLINE
  5
674
330
17
100
AcDbEntity
  8
LABELS
100
AcDbPolyline
 90
2
 70
0
 10
571.7818570277889
 20
89.691
 10
571.7818570277889
 20
90.571
  0
LWPOLYLINE
  5
675
330
17
100
AcDbEntity
  8
LABELS
100
AcDbPolyline
 90
2
 70
0
 10
570.9818570277889
 20
89.691
 10
571.7818570277889
 20
89.691
  0
LWPOLYLINE
  5
676
330
17
100
AcDbEntity
  8
LABELS
100
AcDbPolyline
 90
2
 70
0
 10
570.1818570277889
 20
89.691
 10
570.9818570277889
 20
89.691
  0
LWPOLYLINE
  5
677
330
17
100
AcDbEntity
  8
LABELS
100
AcDbPolyline
 90
2
 70
0
 10
594.6678570277888
 20
88.491
 10
594.6678570277888
 20
89.371
  0
LWPOLYLINE
  5
678
330
17
100
AcDbEntity
  8
LABELS
100
AcDbPolyline
 90
2
 70
0
 10
594.6678570277888
 20
88.491
 10
595.4678570277889
 20
88.491
  0
LWPOLYLINE
  5
679
330
17
100
AcDbEntity
  8
LABELS
100
AcDbPolyline
 90
2
 70
0
 10
595.4678570277889
 20
88.491
 10
595.4678570277889
 20
89.371
  0
LWPOLYLINE
  5
67A
330
17
100
AcDbEntity
  8
LABELS
100
AcDbPolyline
 90
2
 70
0
 10
595.4678570277889
 20
89.371
 10
596.2678570277889
 20
89.371
  0
LWPOLYLINE
  5
67B
330
17
100
AcDbEntity
  8
LABELS
100
AcDbPolyline
 90
2
 70
0
 10
596.2678570277889
 20
88.491
 10
596.2678570277889
 20
89.371
  0
LWPOLYLINE
  5
67C
330
17
100
AcDbEntity
  8
LABELS
100
AcDbPolyline
 90
2
 70
0
 10
594.6678570277888
 20
90.571
 10
595.4678570277889
 20
90.571
  0
LWPOLYLINE
  5
67D
330
17
100
AcDbEntity
  8
LABELS
100
AcDbPolyline
 90
2
 70
0
 10
595.4678570277889
 20
90.571
 10
596.2678570277889
 20
90.571
  0
LWPOLYLINE
  5
67E
330
17
100
AcDbEntity
  8
LABELS
100
AcDbPolyline
 90
2
 70
0
 10
100.4815
 20
274.85202097902095
 10
100.4815
 20
275.73202097902094
  0
LWPOLYLINE
  5
67F
330
17
100
AcDbEntity
  8
LABELS
100
AcDbPolyline
 90
2
 70
0
 10
100.4815
 20
274.85202097902095
 10
101.2815
 20
274.85202097902095
  0
LWPOLYLINE
  5
680
330
17
100
AcDbEntity
  8
LABELS
100
AcDbPolyline
 90
2
 70
0
 10
101.2815
 20
274.85202097902095
 10
101.2815
 20
275.73202097902094
  0
LWPOLYLINE
  5
681
330
17
100
AcDbEntity
  8
LABELS
100
AcDbPolyline
 90
2
 70
0
 10
101.2815
 20
275.73202097902094
 10
102.0815
 20
275.73202097902094
  0
LWPOLYLINE
  5
682
330
17
100
AcDbEntity
  8
LABELS
100
AcDbPolyline
 90
2
 70
0
 10
102.0815
 20
274.85202097902095
 10
102.0815
 20
275.73202097902094
  0
LWPOLYLINE
  5
683
330
17
100
AcDbEntity
  8
LABELS
100
AcDbPolyline
 90
2
 70
0
 10
100.4815
 20
276.05202097902094
 10
100.4815
 20
276.93202097902093
  0
LWPOLYLINE
  5
684
330
17
100
AcDbEntity
  8
LABELS
100
AcDbPolyline
 90
2
 70
0
 10
100.4815
 20
276.93202097902093
 10
101.2815
 20
276.93202097902093
  0
LWPOLYLINE
  5
685
330
17
100
AcDbEntity
  8
LABELS
100
AcDbPolyline
 90
2
 70
0
 10
101.2815
 20
276.05202097902094
 10
101.2815
 20
276.93202097902093
  0
LWPOLYLINE
  5
686
330
17
100
AcDbEntity
  8
LABELS
100
AcDbPolyline
 90
2
 70
0
 10
101.2815
 20
276.93202097902093
 10
102.0815
 20
276.93202097902093
  0
LWPOLYLINE
  5
687
330
17
100
AcDbEntity
  8
LABELS
100
AcDbPolyline
 90
2
 70
0
 10
102.0815
 20
276.05202097902094
 10
102.0815
 20
276.93202097902093
  0
LWPOLYLINE
  5
688
330
17
100
AcDbEntity
  8
LABELS
100
AcDbPolyline
 90
2
 70
0
 10
124.96749999999999
 20
274.85202097902095
 10
124.96749999999999
 20
275.73202097902094
  0
LWPOLYLINE
  5
689
330
17
100
AcDbEntity
  8
LABELS
100
AcDbPolyline
 90
2
 70
0
 10
124.96749999999999
 20
274.85202097902095
 10
125.76749999999998
 20
274.85202097902095
  0
LWPOLYLINE
  5
68A
330
17
100
AcDbEntity
  8
LABELS
100
AcDbPolyline
 90
2
 70
0
 10
125.76749999999998
 20
274.85202097902095
 10
125.76749999999998
 20
275.73202097902094
  0
LWPOLYLINE
  5
68B
330
17
100
AcDbEntity
  8
LABELS
100
AcDbPolyline
 90
2
 70
0
 10
125.76749999999998
 20
275.73202097902094
 10
126.5675
 20
275.73202097902094
  0
LWPOLYLINE
  5
68C
330
17
100
AcDbEntity
  8
LABELS
100
AcDbPolyline
 90
2
 70
0
 10
126.5675
 20
274.85202097902095
 10
126.5675
 20
275.73202097902094
  0
LWPOLYLINE
  5
68D
330
17
100
AcDbEntity
  8
LABELS
100
AcDbPolyline
 90
2
 70
0
 10
124.96749999999999
 20
276.05202097902094
 10
124.96749999999999
 20
276.93202097902093
  0
LWPOLYLINE
  5
68E
330
17
100
AcDbEntity
  8
LABELS
100
AcDbPolyline
 90
2
 70
0
 10
124.96749999999999
 20
276.05202097902094
 10
125.76749999999998
 20
276.05202097902094
  0
LWPOLYLINE
  5
68F
330
17
100
AcDbEntity
  8
LABELS
100
AcDbPolyline
 90
2
 70
0
 10
125.76749999999998
 20
276.05202097902094
 10
125.76749999999998
 20
276.93202097902093
  0
LWPOLYLINE
  5
690
330
17
100
AcDbEntity
  8
LABELS
100
AcDbPolyline
 90
2
 70
0
 10
125.76749999999998
 20
276.05202097902094
 10
126.5675
 20
276.05202097902094
  0
LWPOLYLINE
  5
691
330
17
100
AcDbEntity
  8
LABELS
100
AcDbPolyline
 90
2
 70
0
 10
125.76749999999998
 20
276.93202097902093
 10
126.5675
 20
276.93202097902093
  0
LWPOLYLINE
  5
692
330
17
100
AcDbEntity
  8
LABELS
100
AcDbPolyline
 90
2
 70
0
 10
126.5675
 20
276.05202097902094
 10
126.5675
 20
276.93202097902093
  0
LWPOLYLINE
  5
693
330
17
100
AcDbEntity
  8
LABELS
100
AcDbPolyline
 90
2
 70
0
 10
149.45349999999996
 20
274.85202097902095
 10
149.45349999999996
 20
275.73202097902094
  0
LWPOLYLINE
  5
694
330
17
100
AcDbEntity
  8
LABELS
100
AcDbPolyline
 90
2
 70
0
 10
149.45349999999996
 20
274.85202097902095
 10
150.25349999999997
 20
274.85202097902095
  0
LWPOLYLINE
  5
695
330
17
100
AcDbEntity
  8
LABELS
100
AcDbPolyline
 90
2
 70
0
 10
150.25349999999997
 20
274.85202097902095
 10
150.25349999999997
 20
275.73202097902094
  0
LWPOLYLINE
  5
696
330
17
100
AcDbEntity
  8
LABELS
100
AcDbPolyline
 90
2
 70
0
 10
150.25349999999997
 20
274.85202097902095
 10
151.05349999999996
 20
274.85202097902095
  0
LWPOLYLINE
  5
697
330
17
100
AcDbEntity
  8
LABELS
100
AcDbPolyline
 90
2
 70
0
 10
150.25349999999997
 20
275.73202097902094
 10
151.05349999999996
 20
275.73202097902094
  0
LWPOLYLINE
  5
698
330
17
100
AcDbEntity
  8
LABELS
100
AcDbPolyline
 90
2
 70
0
 10
151.05349999999996
 20
274.85202097902095
 10
151.05349999999996
 20
275.73202097902094
  0
LWPOLYLINE
  5
699
330
17
100
AcDbEntity
  8
LABELS
100
AcDbPolyline
 90
2
 70
0
 10
149.45349999999996
 20
276.05202097902094
 10
149.45349999999996
 20
276.93202097902093
  0
LWPOLYLINE
  5
69A
330
17
100
AcDbEntity
  8
LABELS
100
AcDbPolyline
 90
2
 70
0
 10
149.45349999999996
 20
276.93202097902093
 10
150.25349999999997
 20
276.93202097902093
  0
LWPOLYLINE
  5
69B
330
17
100
AcDbEntity
  8
LABELS
100
AcDbPolyline
 90
2
 70
0
 10
150.25349999999997
 20
276.93202097902093
 10
151.05349999999996
 20
276.93202097902093
  0
LWPOLYLINE
  5
69C
330
17
100
AcDbEntity
  8
LABELS
100
AcDbPolyline
 90
2
 70
0
 10
173.93949999999995
 20
274.85202097902095
 10
173.93949999999995
 20
275.73202097902094
  0
LWPOLYLINE
  5
69D
330
17
100
AcDbEntity
  8
LABELS
100
AcDbPolyline
 90
2
 70
0
 10
173.93949999999995
 20
275.73202097902094
 10
174.73949999999996
 20
275.73202097902094
  0
LWPOLYLINE
  5
69E
330
17
100
AcDbEntity
  8
LABELS
100
AcDbPolyline
 90
2
 70
0
 10
174.73949999999996
 20
275.73202097902094
 10
175.53949999999995
 20
275.73202097902094
  0
LWPOLYLINE
  5
69F
330
17
100
AcDbEntity
  8
LABELS
100
AcDbPolyline
 90
2
 70
0
 10
173.93949999999995
 20
276.05202097902094
 10
173.93949999999995
 20
276.93202097902093
  0
LWPOLYLINE
  5
6A0
330
17
100
AcDbEntity
  8
LABELS
100
AcDbPolyline
 90
2
 70
0
 10
173.93949999999995
 20
276.93202097902093
 10
174.73949999999996
 20
276.93202097902093
  0
LWPOLYLINE
  5
6A1
330
17
100
AcDbEntity
  8
LABELS
100
AcDbPolyline
 90
2
 70
0
 10
174.73949999999996
 20
276.93202097902093
 10
175.53949999999995
 20
276.93202097902093
  0
LWPOLYLINE
  5
6A2
330
17
100
AcDbEntity
  8
LABELS
100
AcDbPolyline
 90
2
 70
0
 10
175.53949999999995
 20
276.05202097902094
 10
175.53949999999995
 20
276.93202097902093
  0
LWPOLYLINE
  5
6A3
330
17
100
AcDbEntity
  8
LABELS
100
AcDbPolyline
 90
2
 70
0
 10
174.73949999999996
 20
276.05202097902094
 10
175.53949999999995
 20
276.05202097902094
  0
LWPOLYLINE
  5
6A4
330
17
100
AcDbEntity
  8
LABELS
100
AcDbPolyline
 90
2
 70
0
 10
173.93949999999995
 20
276.05202097902094
 10
174.73949999999996
 20
276.05202097902094
  0
LWPOLYLINE
  5
6A5
330
17
100
AcDbEntity
  8
LABELS
100
AcDbPolyline
 90
2
 70
0
 10
198.42549999999994
 20
274.85202097902095
 10
198.42549999999994
 20
275.73202097902094
  0
LWPOLYLINE
  5
6A6
330
17
100
AcDbEntity
  8
LABELS
100
AcDbPolyline
 90
2
 70
0
 10
198.42549999999994
 20
274.85202097902095
 10
199.22549999999995
 20
274.85202097902095
  0
LWPOLYLINE
  5
6A7
330
17
100
AcDbEntity
  8
LABELS
100
AcDbPolyline
 90
2
 70
0
 10
199.22549999999995
 20
274.85202097902095
 10
199.22549999999995
 20
275.73202097902094
  0
LWPOLYLINE
  5
6A8
330
17
100
AcDbEntity
  8
LABELS
100
AcDbPolyline
 90
2
 70
0
 10
199.22549999999995
 20
274.85202097902095
 10
200.02549999999994
 20
274.85202097902095
  0
LWPOLYLINE
  5
6A9
330
17
100
AcDbEntity
  8
LABELS
100
AcDbPolyline
 90
2
 70
0
 10
199.22549999999995
 20
275.73202097902094
 10
200.02549999999994
 20
275.73202097902094
  0
LWPOLYLINE
  5
6AA
330
17
100
AcDbEntity
  8
LABELS
100
AcDbPolyline
 90
2
 70
0
 10
200.02549999999994
 20
274.85202097902095
 10
200.02549999999994
 20
275.73202097902094
  0
LWPOLYLINE
  5
6AB
330
17
100
AcDbEntity
  8
LABELS
100
AcDbPolyline
 90
2
 70
0
 10
198.42549999999994
 20
276.05202097902094
 10
198.42549999999994
 20
276.93202097902093
  0
LWPOLYLINE
  5
6AC
330
17
100
AcDbEntity
  8
LABELS
100
AcDbPolyline
 90
2
 70
0
 10
198.42549999999994
 20
276.05202097902094
 10
199.22549999999995
 20
276.05202097902094
  0
LWPOLYLINE
  5
6AD
330
17
100
AcDbEntity
  8
LABELS
100
AcDbPolyline
 90
2
 70
0
 10
199.22549999999995
 20
276.05202097902094
 10
199.22549999999995
 20
276.93202097902093
  0
LWPOLYLINE
  5
6AE
330
17
100
AcDbEntity
  8
LABELS
100
AcDbPolyline
 90
2
 70
0
 10
199.22549999999995
 20
276.05202097902094
 10
200.02549999999994
 20
276.05202097902094
  0
LWPOLYLINE
  5
6AF
330
17
100
AcDbEntity
  8
LABELS
100
AcDbPolyline
 90
2
 70
0
 10
199.22549999999995
 20
276.93202097902093
 10
200.02549999999994
 20
276.93202097902093
  0
LWPOLYLINE
  5
6B0
330
17
100
AcDbEntity
  8
LABELS
100
AcDbPolyline
 90
2
 70
0
 10
200.02549999999994
 20
276.05202097902094
 10
200.02549999999994
 20
276.93202097902093
  0
LWPOLYLINE
  5
6B1
330
17
100
AcDbEntity
  8
LABELS
100
AcDbPolyline
 90
2
 70
0
 10
204.06299999999993
 20
277.85999300699297
 10
204.86299999999994
 20
277.85999300699297
  0
LWPOLYLINE
  5
6B2
330
17
100
AcDbEntity
  8
LABELS
100
AcDbPolyline
 90
2
 70
0
 10
204.86299999999994
 20
277.85999300699297
 10
205.66299999999993
 20
277.85999300699297
  0
LWPOLYLINE
  5
6B3
330
17
100
AcDbEntity
  8
LABELS
100
AcDbPolyline
 90
2
 70
0
 10
204.06299999999993
 20
278.17999300699296
 10
204.06299999999993
 20
279.05999300699295
  0
LWPOLYLINE
  5
6B4
330
17
100
AcDbEntity
  8
LABELS
100
AcDbPolyline
 90
2
 70
0
 10
204.06299999999993
 20
279.05999300699295
 10
204.86299999999994
 20
279.05999300699295
  0
LWPOLYLINE
  5
6B5
330
17
100
AcDbEntity
  8
LABELS
100
AcDbPolyline
 90
2
 70
0
 10
204.86299999999994
 20
278.17999300699296
 10
204.86299999999994
 20
279.05999300699295
  0
LWPOLYLINE
  5
6B6
330
17
100
AcDbEntity
  8
LABELS
100
AcDbPolyline
 90
2
 70
0
 10
204.86299999999994
 20
279.05999300699295
 10
205.66299999999993
 20
279.05999300699295
  0
LWPOLYLINE
  5
6B7
330
17
100
AcDbEntity
  8
LABELS
100
AcDbPolyline
 90
2
 70
0
 10
205.66299999999993
 20
278.17999300699296
 10
205.66299999999993
 20
279.05999300699295
  0
LWPOLYLINE
  5
6B8
330
17
100
AcDbEntity
  8
LABELS
100
AcDbPolyline
 90
2
 70
0
 10
204.06299999999993
 20
279.37999300699295
 10
204.06299999999993
 20
280.25999300699294
  0
LWPOLYLINE
  5
6B9
330
17
100
AcDbEntity
  8
LABELS
100
AcDbPolyline
 90
2
 70
0
 10
204.06299999999993
 20
280.25999300699294
 10
204.86299999999994
 20
280.25999300699294
  0
LWPOLYLINE
  5
6BA
330
17
100
AcDbEntity
  8
LABELS
100
AcDbPolyline
 90
2
 70
0
 10
204.86299999999994
 20
279.37999300699295
 10
204.86299999999994
 20
280.25999300699294
  0
LWPOLYLINE
  5
6BB
330
17
100
AcDbEntity
  8
LABELS
100
AcDbPolyline
 90
2
 70
0
 10
204.86299999999994
 20
279.37999300699295
 10
205.66299999999993
 20
279.37999300699295
  0
LWPOLYLINE
  5
6BC
330
17
100
AcDbEntity
  8
LABELS
100
AcDbPolyline
 90
2
 70
0
 10
205.66299999999993
 20
279.37999300699295
 10
205.66299999999993
 20
280.25999300699294
  0
LWPOLYLINE
  5
6BD
330
17
100
AcDbEntity
  8
LABELS
100
AcDbPolyline
 90
2
 70
0
 10
255.01749999999993
 20
275.1320209790209
 10
255.81749999999994
 20
275.1320209790209
  0
LWPOLYLINE
  5
6BE
330
17
100
AcDbEntity
  8
LABELS
100
AcDbPolyline
 90
2
 70
0
 10
255.81749999999994
 20
275.1320209790209
 10
256.61749999999995
 20
275.1320209790209
  0
LWPOLYLINE
  5
6BF
330
17
100
AcDbEntity
  8
LABELS
100
AcDbPolyline
 90
2
 70
0
 10
255.01749999999993
 20
276.3320209790209
 10
255.81749999999994
 20
276.3320209790209
  0
LWPOLYLINE
  5
6C0
330
17
100
AcDbEntity
  8
LABELS
100
AcDbPolyline
 90
2
 70
0
 10
255.81749999999994
 20
276.3320209790209
 10
256.61749999999995
 20
276.3320209790209
  0
LWPOLYLINE
  5
6C1
330
17
100
AcDbEntity
  8
LABELS
100
AcDbPolyline
 90
2
 70
0
 10
255.01749999999993
 20
276.65202097902096
 10
255.01749999999993
 20
277.53202097902096
  0
LWPOLYLINE
  5
6C2
330
17
100
AcDbEntity
  8
LABELS
100
AcDbPolyline
 90
2
 70
0
 10
255.01749999999993
 20
277.53202097902096
 10
255.81749999999994
 20
277.53202097902096
  0
LWPOLYLINE
  5
6C3
330
17
100
AcDbEntity
  8
LABELS
100
AcDbPolyline
 90
2
 70
0
 10
255.81749999999994
 20
277.53202097902096
 10
256.61749999999995
 20
277.53202097902096
  0
LWPOLYLINE
  5
6C4
330
17
100
AcDbEntity
  8
LABELS
100
AcDbPolyline
 90
2
 70
0
 10
256.61749999999995
 20
276.65202097902096
 10
256.61749999999995
 20
277.53202097902096
  0
LWPOLYLINE
  5
6C5
330
17
100
AcDbEntity
  8
LABELS
100
AcDbPolyline
 90
2
 70
0
 10
255.81749999999994
 20
276.65202097902096
 10
256.61749999999995
 20
276.65202097902096
  0
LWPOLYLINE
  5
6C6
330
17
100
AcDbEntity
  8
LABELS
100
AcDbPolyline
 90
2
 70
0
 10
255.01749999999993
 20
276.65202097902096
 10
255.81749999999994
 20
276.65202097902096
  0
LWPOLYLINE
  5
6C7
330
17
100
AcDbEntity
  8
LABELS
100
AcDbPolyline
 90
2
 70
0
 10
255.81749999999994
 20
276.65202097902096
 10
255.81749999999994
 20
277.53202097902096
  0
LWPOLYLINE
  5
6C8
330
17
100
AcDbEntity
  8
LABELS
100
AcDbPolyline
 90
2
 70
0
 10
279.05499999999995
 20
276.0670209790209
 10
280.55499999999995
 20
276.0670209790209
  0
LWPOLYLINE
  5
6C9
330
17
100
AcDbEntity
  8
LABELS
100
AcDbPolyline
 90
2
 70
0
 10
280.55499999999995
 20
276.0670209790209
 10
282.05499999999995
 20
276.0670209790209
  0
LWPOLYLINE
  5
6CA
330
17
100
AcDbEntity
  8
LABELS
100
AcDbPolyline
 90
2
 70
0
 10
279.05499999999995
 20
276.66702097902095
 10
279.05499999999995
 20
278.3170209790209
  0
LWPOLYLINE
  5
6CB
330
17
100
AcDbEntity
  8
LABELS
100
AcDbPolyline
 90
2
 70
0
 10
279.05499999999995
 20
276.66702097902095
 10
280.55499999999995
 20
276.66702097902095
  0
LWPOLYLINE
  5
6CC
330
17
100
AcDbEntity
  8
LABELS
100
AcDbPolyline
 90
2
 70
0
 10
280.55499999999995
 20
276.66702097902095
 10
280.55499999999995
 20
278.3170209790209
  0
LWPOLYLINE
  5
6CD
330
17
100
AcDbEntity
  8
LABELS
100
AcDbPolyline
 90
2
 70
0
 10
280.55499999999995
 20
278.3170209790209
 10
282.05499999999995
 20
278.3170209790209
  0
LWPOLYLINE
  5
6CE
330
17
100
AcDbEntity
  8
LABELS
100
AcDbPolyline
 90
2
 70
0
 10
282.05499999999995
 20
276.66702097902095
 10
282.05499999999995
 20
278.3170209790209
  0
LWPOLYLINE
  5
6CF
330
17
100
AcDbEntity
  8
LABELS
100
AcDbPolyline
 90
2
 70
0
 10
279.05499999999995
 20
278.91702097902095
 10
279.05499999999995
 20
280.5670209790209
  0
LWPOLYLINE
  5
6D0
330
17
100
AcDbEntity
  8
LABELS
100
AcDbPolyline
 90
2
 70
0
 10
279.05499999999995
 20
280.5670209790209
 10
280.55499999999995
 20
280.5670209790209
  0
LWPOLYLINE
  5
6D1
330
17
100
AcDbEntity
  8
LABELS
100
AcDbPolyline
 90
2
 70
0
 10
280.55499999999995
 20
280.5670209790209
 10
282.05499999999995
 20
280.5670209790209
  0
LWPOLYLINE
  5
6D2
330
17
100
AcDbEntity
  8
LABELS
100
AcDbPolyline
 90
2
 70
0
 10
288.80499999999995
 20
276.06478275912565
 10
289.6049999999999
 20
276.06478275912565
  0
LWPOLYLINE
  5
6D3
330
17
100
AcDbEntity
  8
LABELS
100
AcDbPolyline
 90
2
 70
0
 10
289.6049999999999
 20
276.06478275912565
 10
289.6049999999999
 20
276.94478275912564
  0
LWPOLYLINE
  5
6D4
330
17
100
AcDbEntity
  8
LABELS
100
AcDbPolyline
 90
2
 70
0
 10
288.80499999999995
 20
276.94478275912564
 10
289.6049999999999
 20
276.94478275912564
  0
LWPOLYLINE
  5
6D5
330
17
100
AcDbEntity
  8
LABELS
100
AcDbPolyline
 90
2
 70
0
 10
289.6049999999999
 20
276.94478275912564
 10
290.4049999999999
 20
276.94478275912564
  0
LWPOLYLINE
  5
6D6
330
17
100
AcDbEntity
  8
LABELS
100
AcDbPolyline
 90
2
 70
0
 10
288.80499999999995
 20
277.26478275912564
 10
288.80499999999995
 20
278.14478275912563
  0
LWPOLYLINE
  5
6D7
330
17
100
AcDbEntity
  8
LABELS
100
AcDbPolyline
 90
2
 70
0
 10
288.80499999999995
 20
278.14478275912563
 10
289.6049999999999
 20
278.14478275912563
  0
LWPOLYLINE
  5
6D8
330
17
100
AcDbEntity
  8
LABELS
100
AcDbPolyline
 90
2
 70
0
 10
289.6049999999999
 20
278.14478275912563
 10
290.4049999999999
 20
278.14478275912563
  0
LWPOLYLINE
  5
6D9
330
17
100
AcDbEntity
  8
LABELS
100
AcDbPolyline
 90
2
 70
0
 10
290.4049999999999
 20
277.26478275912564
 10
290.4049999999999
 20
278.14478275912563
  0
LWPOLYLINE
  5
6DA
330
17
100
AcDbEntity
  8
LABELS
100
AcDbPolyline
 90
2
 70
0
 10
289.6049999999999
 20
277.26478275912564
 10
290.4049999999999
 20
277.26478275912564
  0
LWPOLYLINE
  5
6DB
330
17
100
AcDbEntity
  8
LABELS
100
AcDbPolyline
 90
2
 70
0
 10
288.80499999999995
 20
277.26478275912564
 10
289.6049999999999
 20
277.26478275912564
  0
LWPOLYLINE
  5
6DC
330
17
100
AcDbEntity
  8
LABELS
100
AcDbPolyline
 90
2
 70
0
 10
313.29099999999994
 20
276.85348694760734
 10
314.0909999999999
 20
276.85348694760734
  0
LWPOLYLINE
  5
6DD
330
17
100
AcDbEntity
  8
LABELS
100
AcDbPolyline
 90
2
 70
0
 10
314.0909999999999
 20
276.85348694760734
 10
314.8909999999999
 20
276.85348694760734
  0
LWPOLYLINE
  5
6DE
330
17
100
AcDbEntity
  8
LABELS
100
AcDbPolyline
 90
2
 70
0
 10
313.29099999999994
 20
277.17348694760733
 10
313.29099999999994
 20
278.0534869476073
  0
LWPOLYLINE
  5
6DF
330
17
100
AcDbEntity
  8
LABELS
100
AcDbPolyline
 90
2
 70
0
 10
313.29099999999994
 20
278.0534869476073
 10
314.0909999999999
 20
278.0534869476073
  0
LWPOLYLINE
  5
6E0
330
17
100
AcDbEntity
  8
LABELS
100
AcDbPolyline
 90
2
 70
0
 10
314.0909999999999
 20
277.17348694760733
 10
314.0909999999999
 20
278.0534869476073
  0
LWPOLYLINE
  5
6E1
330
17
100
AcDbEntity
  8
LABELS
100
AcDbPolyline
 90
2
 70
0
 10
314.0909999999999
 20
277.17348694760733
 10
314.8909999999999
 20
277.17348694760733
  0
LWPOLYLINE
  5
6E2
330
17
100
AcDbEntity
  8
LABELS
100
AcDbPolyline
 90
2
 70
0
 10
314.8909999999999
 20
277.17348694760733
 10
314.8909999999999
 20
278.0534869476073
  0
LWPOLYLINE
  5
6E3
330
17
100
AcDbEntity
  8
LABELS
100
AcDbPolyline
 90
2
 70
0
 10
480.65941447296154
 20
148.6761713286713
 10
481.4594144729615
 20
148.6761713286713
  0
LWPOLYLINE
  5
6E4
330
17
100
AcDbEntity
  8
LABELS
100
AcDbPolyline
 90
2
 70
0
 10
481.4594144729615
 20
148.6761713286713
 10
482.2594144729615
 20
148.6761713286713
  0
LWPOLYLINE
  5
6E5
330
17
100
AcDbEntity
  8
LABELS
100
AcDbPolyline
 90
2
 70
0
 10
480.65941447296154
 20
148.99617132867132
 10
480.65941447296154
 20
149.87617132867132
  0
LWPOLYLINE
  5
6E6
330
17
100
AcDbEntity
  8
LABELS
100
AcDbPolyline
 90
2
 70
0
 10
480.65941447296154
 20
149.87617132867132
 10
481.4594144729615
 20
149.87617132867132
  0
LWPOLYLINE
  5
6E7
330
17
100
AcDbEntity
  8
LABELS
100
AcDbPolyline
 90
2
 70
0
 10
481.4594144729615
 20
148.99617132867132
 10
481.4594144729615
 20
149.87617132867132
  0
LWPOLYLINE
  5
6E8
330
17
100
AcDbEntity
  8
LABELS
100
AcDbPolyline
 90
2
 70
0
 10
481.4594144729615
 20
148.99617132867132
 10
482.2594144729615
 20
148.99617132867132
  0
LWPOLYLINE
  5
6E9
330
17
100
AcDbEntity
  8
LABELS
100
AcDbPolyline
 90
2
 70
0
 10
482.2594144729615
 20
148.99617132867132
 10
482.2594144729615
 20
149.87617132867132
  0
LWPOLYLINE
  5
6EA
330
17
100
AcDbEntity
  8
LABELS
100
AcDbPolyline
 90
2
 70
0
 10
480.65941447296154
 20
150.1961713286713
 10
480.65941447296154
 20
151.0761713286713
  0
LWPOLYLINE
  5
6EB
330
17
100
AcDbEntity
  8
LABELS
100
AcDbPolyline
 90
2
 70
0
 10
480.65941447296154
 20
150.1961713286713
 10
481.4594144729615
 20
150.1961713286713
  0
LWPOLYLINE
  5
6EC
330
17
100
AcDbEntity
  8
LABELS
100
AcDbPolyline
 90
2
 70
0
 10
481.4594144729615
 20
150.1961713286713
 10
481.4594144729615
 20
151.0761713286713
  0
LWPOLYLINE
  5
6ED
330
17
100
AcDbEntity
  8
LABELS
100
AcDbPolyline
 90
2
 70
0
 10
481.4594144729615
 20
151.0761713286713
 10
482.2594144729615
 20
151.0761713286713
  0
LWPOLYLINE
  5
6EE
330
17
100
AcDbEntity
  8
LABELS
100
AcDbPolyline
 90
2
 70
0
 10
482.2594144729615
 20
150.1961713286713
 10
482.2594144729615
 20
151.0761713286713
  0
LWPOLYLINE
  5
6EF
330
17
100
AcDbEntity
  8
LABELS
100
AcDbPolyline
 90
2
 70
0
 10
531.6139144729615
 20
148.27617132867132
 10
532.4139144729616
 20
148.27617132867132
  0
LWPOLYLINE
  5
6F0
330
17
100
AcDbEntity
  8
LABELS
100
AcDbPolyline
 90
2
 70
0
 10
532.4139144729616
 20
148.27617132867132
 10
533.2139144729615
 20
148.27617132867132
  0
LWPOLYLINE
  5
6F1
330
17
100
AcDbEntity
  8
LABELS
100
AcDbPolyline
 90
2
 70
0
 10
531.6139144729615
 20
148.59617132867132
 10
531.6139144729615
 20
149.4761713286713
  0
LWPOLYLINE
  5
6F2
330
17
100
AcDbEntity
  8
LABELS
100
AcDbPolyline
 90
2
 70
0
 10
531.6139144729615
 20
149.4761713286713
 10
532.4139144729616
 20
149.4761713286713
  0
LWPOLYLINE
  5
6F3
330
17
100
AcDbEntity
  8
LABELS
100
AcDbPolyline
 90
2
 70
0
 10
532.4139144729616
 20
148.59617132867132
 10
532.4139144729616
 20
149.4761713286713
  0
LWPOLYLINE
  5
6F4
330
17
100
AcDbEntity
  8
LABELS
100
AcDbPolyline
 90
2
 70
0
 10
532.4139144729616
 20
148.59617132867132
 10
533.2139144729615
 20
148.59617132867132
  0
LWPOLYLINE
  5
6F5
330
17
100
AcDbEntity
  8
LABELS
100
AcDbPolyline
 90
2
 70
0
 10
533.2139144729615
 20
148.59617132867132
 10
533.2139144729615
 20
149.4761713286713
  0
LWPOLYLINE
  5
6F6
330
17
100
AcDbEntity
  8
LABELS
100
AcDbPolyline
 90
2
 70
0
 10
531.6139144729615
 20
149.7961713286713
 10
531.6139144729615
 20
150.6761713286713
  0
LWPOLYLINE
  5
6F7
330
17
100
AcDbEntity
  8
LABELS
100
AcDbPolyline
 90
2
 70
0
 10
531.6139144729615
 20
150.6761713286713
 10
532.4139144729616
 20
150.6761713286713
  0
LWPOLYLINE
  5
6F8
330
17
100
AcDbEntity
  8
LABELS
100
AcDbPolyline
 90
2
 70
0
 10
532.4139144729616
 20
150.6761713286713
 10
533.2139144729615
 20
150.6761713286713
  0
LWPOLYLINE
  5
6F9
330
17
100
AcDbEntity
  8
LABELS
100
AcDbPolyline
 90
2
 70
0
 10
533.2139144729615
 20
149.7961713286713
 10
533.2139144729615
 20
150.6761713286713
  0
LWPOLYLINE
  5
6FA
330
17
100
AcDbEntity
  8
LABELS
100
AcDbPolyline
 90
2
 70
0
 10
532.4139144729616
 20
149.7961713286713
 10
533.2139144729615
 20
149.7961713286713
  0
LWPOLYLINE
  5
6FB
330
17
100
AcDbEntity
  8
LABELS
100
AcDbPolyline
 90
2
 70
0
 10
531.6139144729615
 20
149.7961713286713
 10
532.4139144729616
 20
149.7961713286713
  0
LWPOLYLINE
  5
6FC
330
17
100
AcDbEntity
  8
LABELS
100
AcDbPolyline
 90
2
 70
0
 10
532.4139144729616
 20
149.7961713286713
 10
532.4139144729616
 20
150.6761713286713
  0
LWPOLYLINE
  5
6FD
330
17
100
AcDbEntity
  8
LABELS
100
AcDbPolyline
 90
2
 70
0
 10
537.2514144729616
 20
148.5429545454545
 10
538.0514144729616
 20
148.5429545454545
  0
LWPOLYLINE
  5
6FE
330
17
100
AcDbEntity
  8
LABELS
100
AcDbPolyline
 90
2
 70
0
 10
538.0514144729616
 20
148.5429545454545
 10
538.8514144729617
 20
148.5429545454545
  0
LWPOLYLINE
  5
6FF
330
17
100
AcDbEntity
  8
LABELS
100
AcDbPolyline
 90
2
 70
0
 10
537.2514144729616
 20
149.74295454545452
 10
538.0514144729616
 20
149.74295454545452
  0
LWPOLYLINE
  5
700
330
17
100
AcDbEntity
  8
LABELS
100
AcDbPolyline
 90
2
 70
0
 10
538.0514144729616
 20
149.74295454545452
 10
538.8514144729617
 20
149.74295454545452
  0
LWPOLYLINE
  5
701
330
17
100
AcDbEntity
  8
LABELS
100
AcDbPolyline
 90
2
 70
0
 10
537.2514144729616
 20
150.06295454545452
 10
537.2514144729616
 20
150.9429545454545
  0
LWPOLYLINE
  5
702
330
17
100
AcDbEntity
  8
LABELS
100
AcDbPolyline
 90
2
 70
0
 10
537.2514144729616
 20
150.9429545454545
 10
538.0514144729616
 20
150.9429545454545
  0
LWPOLYLINE
  5
703
330
17
100
AcDbEntity
  8
LABELS
100
AcDbPolyline
 90
2
 70
0
 10
538.0514144729616
 20
150.9429545454545
 10
538.8514144729617
 20
150.9429545454545
  0
LWPOLYLINE
  5
704
330
17
100
AcDbEntity
  8
LABELS
100
AcDbPolyline
 90
2
 70
0
 10
538.8514144729617
 20
150.06295454545452
 10
538.8514144729617
 20
150.9429545454545
  0
LWPOLYLINE
  5
705
330
17
100
AcDbEntity
  8
LABELS
100
AcDbPolyline
 90
2
 70
0
 10
538.0514144729616
 20
150.06295454545452
 10
538.8514144729617
 20
150.06295454545452
  0
LWPOLYLINE
  5
706
330
17
100
AcDbEntity
  8
LABELS
100
AcDbPolyline
 90
2
 70
0
 10
537.2514144729616
 20
150.06295454545452
 10
538.0514144729616
 20
150.06295454545452
  0
LWPOLYLINE
  5
707
330
17
100
AcDbEntity
  8
LABELS
100
AcDbPolyline
 90
2
 70
0
 10
588.2059144729617
 20
147.87652097902097
 10
589.0059144729616
 20
147.87652097902097
  0
LWPOLYLINE
  5
708
330
17
100
AcDbEntity
  8
LABELS
100
AcDbPolyline
 90
2
 70
0
 10
589.0059144729616
 20
147.87652097902097
 10
589.8059144729617
 20
147.87652097902097
  0
LWPOLYLINE
  5
709
330
17
100
AcDbEntity
  8
LABELS
100
AcDbPolyline
 90
2
 70
0
 10
588.2059144729617
 20
149.07652097902096
 10
589.0059144729616
 20
149.07652097902096
  0
LWPOLYLINE
  5
70A
330
17
100
AcDbEntity
  8
LABELS
100
AcDbPolyline
 90
2
 70
0
 10
589.0059144729616
 20
149.07652097902096
 10
589.8059144729617
 20
149.07652097902096
  0
LWPOLYLINE
  5
70B
330
17
100
AcDbEntity
  8
LABELS
100
AcDbPolyline
 90
2
 70
0
 10
588.2059144729617
 20
149.39652097902095
 10
588.2059144729617
 20
150.27652097902094
  0
LWPOLYLINE
  5
70C
330
17
100
AcDbEntity
  8
LABELS
100
AcDbPolyline
 90
2
 70
0
 10
588.2059144729617
 20
150.27652097902094
 10
589.0059144729616
 20
150.27652097902094
  0
LWPOLYLINE
  5
70D
330
17
100
AcDbEntity
  8
LABELS
100
AcDbPolyline
 90
2
 70
0
 10
589.0059144729616
 20
150.27652097902094
 10
589.8059144729617
 20
150.27652097902094
  0
LWPOLYLINE
  5
70E
330
17
100
AcDbEntity
  8
LABELS
100
AcDbPolyline
 90
2
 70
0
 10
594.2494199648519
 20
10.462499999999999
 10
594.2494199648519
 20
9.6625
  0
LWPOLYLINE
  5
70F
330
17
100
AcDbEntity
  8
LABELS
100
AcDbPolyline
 90
2
 70
0
 10
594.2494199648519
 20
9.6625
 10
594.2494199648519
 20
8.862499999999999
  0
LWPOLYLINE
  5
710
330
17
100
AcDbEntity
  8
LABELS
100
AcDbPolyline
 90
2
 70
0
 10
594.5694199648519
 20
10.462499999999999
 10
595.4494199648519
 20
10.462499999999999
  0
LWPOLYLINE
  5
711
330
17
100
AcDbEntity
  8
LABELS
100
AcDbPolyline
 90
2
 70
0
 10
595.4494199648519
 20
10.462499999999999
 10
595.4494199648519
 20
9.6625
  0
LWPOLYLINE
  5
712
330
17
100
AcDbEntity
  8
LABELS
100
AcDbPolyline
 90
2
 70
0
 10
594.5694199648519
 20
9.6625
 10
595.4494199648519
 20
9.6625
  0
LWPOLYLINE
  5
713
330
17
100
AcDbEntity
  8
LABELS
100
AcDbPolyline
 90
2
 70
0
 10
594.5694199648519
 20
9.6625
 10
594.5694199648519
 20
8.862499999999999
  0
LWPOLYLINE
  5
714
330
17
100
AcDbEntity
  8
LABELS
100
AcDbPolyline
 90
2
 70
0
 10
594.5694199648519
 20
8.862499999999999
 10
595.4494199648519
 20
8.862499999999999
  0
LWPOLYLINE
  5
715
330
17
100
AcDbEntity
  8
LABELS
100
AcDbPolyline
 90
2
 70
0
 10
595.7694199648519
 20
10.462499999999999
 10
595.7694199648519
 20
9.6625
  0
LWPOLYLINE
  5
716
330
17
100
AcDbEntity
  8
LABELS
100
AcDbPolyline
 90
2
 70
0
 10
595.7694199648519
 20
9.6625
 10
596.6494199648519
 20
9.6625
  0
LWPOLYLINE
  5
717
330
17
100
AcDbEntity
  8
LABELS
100
AcDbPolyline
 90
2
 70
0
 10
596.6494199648519
 20
10.462499999999999
 10
596.6494199648519
 20
9.6625
  0
LWPOLYLINE
  5
718
330
17
100
AcDbEntity
  8
LABELS
100
AcDbPolyline
 90
2
 70
0
 10
596.6494199648519
 20
9.6625
 10
596.6494199648519
 20
8.862499999999999
  0
LWPOLYLINE
  5
719
330
17
100
AcDbEntity
  8
LABELS
100
AcDbPolyline
 90
2
 70
0
 10
356.62549999999993
 20
274.20195553399475
 10
356.62549999999993
 20
275.08195553399474
  0
LWPOLYLINE
  5
71A
330
17
100
AcDbEntity
  8
LABELS
100
AcDbPolyline
 90
2
 70
0
 10
356.62549999999993
 20
274.20195553399475
 10
357.4254999999999
 20
274.20195553399475
  0
LWPOLYLINE
  5
71B
330
17
100
AcDbEntity
  8
LABELS
100
AcDbPolyline
 90
2
 70
0
 10
357.4254999999999
 20
274.20195553399475
 10
357.4254999999999
 20
275.08195553399474
  0
LWPOLYLINE
  5
71C
330
17
100
AcDbEntity
  8
LABELS
100
AcDbPolyline
 90
2
 70
0
 10
357.4254999999999
 20
275.08195553399474
 10
358.2254999999999
 20
275.08195553399474
  0
LWPOLYLINE
  5
71D
330
17
100
AcDbEntity
  8
LABELS
100
AcDbPolyline
 90
2
 70
0
 10
358.2254999999999
 20
274.20195553399475
 10
358.2254999999999
 20
275.08195553399474
  0
LWPOLYLINE
  5
71E
330
17
100
AcDbEntity
  8
LABELS
100
AcDbPolyline
 90
2
 70
0
 10
356.62549999999993
 20
275.40195553399474
 10
356.62549999999993
 20
276.28195553399473
  0
LWPOLYLINE
  5
71F
330
17
100
AcDbEntity
  8
LABELS
100
AcDbPolyline
 90
2
 70
0
 10
356.62549999999993
 20
275.40195553399474
 10
357.4254999999999
 20
275.40195553399474
  0
LWPOLYLINE
  5
720
330
17
100
AcDbEntity
  8
LABELS
100
AcDbPolyline
 90
2
 70
0
 10
357.4254999999999
 20
275.40195553399474
 10
357.4254999999999
 20
276.28195553399473
  0
LWPOLYLINE
  5
721
330
17
100
AcDbEntity
  8
LABELS
100
AcDbPolyline
 90
2
 70
0
 10
357.4254999999999
 20
276.28195553399473
 10
358.2254999999999
 20
276.28195553399473
  0
LWPOLYLINE
  5
722
330
17
100
AcDbEntity
  8
LABELS
100
AcDbPolyline
 90
2
 70
0
 10
358.2254999999999
 20
275.40195553399474
 10
358.2254999999999
 20
276.28195553399473
  0
LWPOLYLINE
  5
723
330
17
100
AcDbEntity
  8
LABELS
100
AcDbPolyline
 90
2
 70
0
 10
589.5426926921247
 20
38.758500000000005
 10
589.5426926921247
 20
37.9585
  0
LWPOLYLINE
  5
724
330
17
100
AcDbEntity
  8
LABELS
100
AcDbPolyline
 90
2
 70
0
 10
589.5426926921247
 20
37.9585
 10
589.5426926921247
 20
37.158500000000004
  0
LWPOLYLINE
  5
725
330
17
100
AcDbEntity
  8
LABELS
100
AcDbPolyline
 90
2
 70
0
 10
589.8626926921247
 20
38.758500000000005
 10
589.8626926921247
 20
37.9585
  0
LWPOLYLINE
  5
726
330
17
100
AcDbEntity
  8
LABELS
100
AcDbPolyline
 90
2
 70
0
 10
589.8626926921247
 20
37.9585
 10
590.7426926921247
 20
37.9585
  0
LWPOLYLINE
  5
727
330
17
100
AcDbEntity
  8
LABELS
100
AcDbPolyline
 90
2
 70
0
 10
590.7426926921247
 20
38.758500000000005
 10
590.7426926921247
 20
37.9585
  0
LWPOLYLINE
  5
728
330
17
100
AcDbEntity
  8
LABELS
100
AcDbPolyline
 90
2
 70
0
 10
590.7426926921247
 20
37.9585
 10
590.7426926921247
 20
37.158500000000004
  0
LWPOLYLINE
  5
729
330
17
100
AcDbEntity
  8
LABELS
100
AcDbPolyline
 90
2
 70
0
 10
591.9426926921246
 20
38.758500000000005
 10
591.9426926921246
 20
37.9585
  0
LWPOLYLINE
  5
72A
330
17
100
AcDbEntity
  8
LABELS
100
AcDbPolyline
 90
2
 70
0
 10
591.9426926921246
 20
37.9585
 10
591.9426926921246
 20
37.158500000000004
  0
ENDSEC
  0
SECTION
  2
OBJECTS
  0
DICTIONARY
  5
A
330
0
100
AcDbDictionary
281
1
  3
ACAD_COLOR
350
B
  3
ACAD_GROUP
350
C
  3
ACAD_LAYOUT
350
D
  3
ACAD_MATERIAL
350
E
  3
ACAD_MLEADERSTYLE
350
F
  3
ACAD_MLINESTYLE
350
10
  3
ACAD_PLOTSETTINGS
350
11
  3
ACAD_PLOTSTYLENAME
350
12
  3
ACAD_SCALELIST
350
14
  3
ACAD_TABLESTYLE
350
15
  3
ACAD_VISUALSTYLE
350
16
  3
EZDXF_META
350
2D
  0
DICTIONARY
  5
B
330
A
100
AcDbDictionary
281
1
  0
DICTIONARY
  5
C
330
A
100
AcDbDictionary
281
1
  0
DICTIONARY
  5
D
330
A
100
AcDbDictionary
281
1
  3
Model
350
1A
  3
Layout1
350
1E
  0
DICTIONARY
  5
E
330
A
100
AcDbDictionary
281
1
  3
ByBlock
350
1F
  3
ByLayer
350
20
  3
Global
350
21
  0
DICTIONARY
  5
F
330
A
100
AcDbDictionary
281
1
  3
Standard
350
2C
  0
DICTIONARY
  5
10
330
A
100
AcDbDictionary
281
1
  3
Standard
350
22
  0
DICTIONARY
  5
11
330
A
100
AcDbDictionary
281
1
  0
ACDBDICTIONARYWDFLT
  5
12
330
A
100
AcDbDictionary
281
1
  3
Normal
350
13
100
AcDbDictionaryWithDefault
340
13
  0
ACDBPLACEHOLDER
  5
13
330
12
  0
DICTIONARY
  5
14
330
A
100
AcDbDictionary
281
1
  0
DICTIONARY
  5
15
330
A
100
AcDbDictionary
281
1
  0
DICTIONARY
  5
16
330
A
100
AcDbDictionary
281
1
  0
LAYOUT
  5
1A
330
D
100
AcDbPlotSettings
  1

  4
A3
  6

 40
7.5
 41
20.0
 42
7.5
 43
20.0
 44
420.0
 45
297.0
 46
0.0
 47
0.0
 48
0.0
 49
0.0
140
0.0
141
0.0
142
1.0
143
1.0
 70
1024
 72
1
 73
0
 74
5
  7

 75
16
 76
0
 77
2
 78
300
147
1.0
148
0.0
149
0.0
100
AcDbLayout
  1
Model
 70
1
 71
0
 10
0.0
 20
0.0
 11
420.0
 21
297.0
 12
0.0
 22
0.0
 32
0.0
 14
1e+20
 24
1e+20
 34
1e+20
 15
-1e+20
 25
-1e+20
 35
-1e+20
146
0.0
 13
0.0
 23
0.0
 33
0.0
 16
1.0
 26
0.0
 36
0.0
 17
0.0
 27
1.0
 37
0.0
 76
1
330
17
  0
LAYOUT
  5
1E
330
D
100
AcDbPlotSettings
  1

  4
A3
  6

 40
7.5
 41
20.0
 42
7.5
 43
20.0
 44
420.0
 45
297.0
 46
0.0
 47
0.0
 48
0.0
 49
0.0
140
0.0
141
0.0
142
1.0
143
1.0
 70
0
 72
1
 73
0
 74
5
  7

 75
16
 76
0
 77
2
 78
300
147
1.0
148
0.0
149
0.0
100
AcDbLayout
  1
Layout1
 70
1
 71
1
 10
0.0
 20
0.0
 11
420.0
 21
297.0
 12
0.0
 22
0.0
 32
0.0
 14
1e+20
 24
1e+20
 34
1e+20
 15
-1e+20
 25
-1e+20
 35
-1e+20
146
0.0
 13
0.0
 23
0.0
 33
0.0
 16
1.0
 26
0.0
 36
0.0
 17
0.0
 27
1.0
 37
0.0
 76
1
330
1B
  0
MATERIAL
  5
1F
102
{ACAD_REACTORS
330
E
102
}
330
E
100
AcDbMaterial
  1
ByBlock
  2

 70
0
 40
1.0
 71
1
 41
1.0
 91
-1023410177
 42
1.0
 72
1
  3

 73
1
 74
1
 75
1
 44
0.5
 73
0
 45
1.0
 46
1.0
 77
1
  4

 78
1
 79
1
170
1
 48
1.0
171
1
  6

172
1
173
1
174
1
140
1.0
141
1.0
175
1
  7

176
1
177
1
178
1
143
1.0
179
1
  8

270
1
271
1
272
1
145
1.0
146
1.0
273
1
  9

274
1
275
1
276
1
 42
1.0
 72
1
  3

 73
1
 74
1
 75
1
 94
63
  0
MATERIAL
  5
20
102
{ACAD_REACTORS
330
E
102
}
330
E
100
AcDbMaterial
  1
ByLayer
  2

 70
0
 40
1.0
 71
1
 41
1.0
 91
-1023410177
 42
1.0
 72
1
  3

 73
1
 74
1
 75
1
 44
0.5
 73
0
 45
1.0
 46
1.0
 77
1
  4

 78
1
 79
1
170
1
 48
1.0
171
1
  6

172
1
173
1
174
1
140
1.0
141
1.0
175
1
  7

176
1
177
1
178
1
143
1.0
179
1
  8

270
1
271
1
272
1
145
1.0
146
1.0
273
1
  9

274
1
275
1
276
1
 42
1.0
 72
1
  3

 73
1
 74
1
 75
1
 94
63
  0
MATERIAL
  5
21
102
{ACAD_REACTORS
330
E
102
}
330
E
100
AcDbMaterial
  1
Global
  2

 70
0
 40
1.0
 71
1
 41
1.0
 91
-1023410177
 42
1.0
 72
1
  3

 73
1
 74
1
 75
1
 44
0.5
 73
0
 45
1.0
 46
1.0
 77
1
  4

 78
1
 79
1
170
1
 48
1.0
171
1
  6

172
1
173
1
174
1
140
1.0
141
1.0
175
1
  7

176
1
177
1
178
1
143
1.0
179
1
  8

270
1
271
1
272
1
145
1.0
146
1.0
273
1
  9

274
1
275
1
276
1
 42
1.0
 72
1
  3

 73
1
 74
1
 75
1
 94
63
  0
MLINESTYLE
  5
22
102
{ACAD_REACTORS
330
10
102
}
330
10
100
AcDbMlineStyle
  2
Standard
 70
0
  3

 62
256
 51
90.0
 52
90.0
 71
2
 49
0.5
 62
256
  6
BYLAYER
 49
-0.5
 62
256
  6
BYLAYER
  0
MLEADERSTYLE
  5
2C
102
{ACAD_REACTORS
330
F
102
}
330
F
100
AcDbMLeaderStyle
179
2
170
2
171
1
172
0
 90
2
 40
0.0
 41
0.0
173
1
 91
-1056964608
 92
-2
290
1
 42
2.0
291
1
 43
8.0
  3
Standard
 44
4.0
300

342
29
174
1
175
1
176
0
178
1
 93
-1056964608
 45
4.0
292
0
297
0
 46
4.0
 94
-1056964608
 47
1.0
 49
1.0
140
1.0
294
1
141
0.0
177
0
142
1.0
295
0
296
0
143
3.75
271
0
272
9
273
9
  0
DICTIONARY
  5
2D
330
A
100
AcDbDictionary
280
1
281
1
  3
CREATED_BY_EZDXF
350
2E
  3
WRITTEN_BY_EZDXF
350
72D
  0
DICTIONARYVAR
  5
2E
330
2D
100
DictionaryVariables
280
0
  1
1.4.4 @ 2026-09-07T12:51:15.739753+00:00
  0
DICTIONARYVAR
  5
72D
330
2D
100
DictionaryVariables
280
0
  1
1.4.4 @ 2026-09-07T12:51:15.814268+00:00
  0
ENDSEC
  0
EOF
