scale,stop_id,room_code,source_face_0based,source_surface_index,source_room_candidate,relation_to_numbered_hall_domain,original_triangle_area_fraction_inside_domain,mesh_and_UV_changed
100,HS06,106,10879,2373,110,fully_outside,0.0,False
100,HS06,106,10880,2374,110,fully_outside,0.0,False
100,HS06,106,10881,2374,110,fully_outside,0.0,False
100,HS06,106,10886,2374,110,fully_outside,0.0,False
100,HS06,106,11136,2374,110,fully_outside,0.0,False
100,HS06,106,11137,2374,110,fully_outside,0.0,False
100,HS06,106,11138,2374,110,fully_outside,0.0,False
100,HS06,106,11139,2374,110,fully_outside,0.0,False
100,HS06,106,11140,2374,110,fully_outside,0.0,False
100,HS06,106,11141,2374,110,fully_outside,0.0,False
100,HS06,106,11146,2374,110,fully_outside,0.0,False
100,HS06,106,11147,2374,110,fully_outside,0.0,False
100,HS06,106,11148,2374,110,fully_outside,0.0,False
100,HS06,106,11150,2464,110,fully_outside,0.0,False
100,HS06,106,12085,2618,110,fully_outside,0.0,False
100,HS06,106,12096,2628,110,fully_outside,0.0,False
100,HS06,106,12123,2639,110,fully_outside,0.0,False
100,HS06,106,12343,2374,110,fully_outside,0.0,False
100,HS06,106,12344,2374,110,fully_outside,0.0,False
100,HS06,106,12451,2374,110,fully_outside,0.0,False
100,HS06,106,12452,2374,110,fully_outside,0.0,False
100,HS06,106,12453,2374,110,fully_outside,0.0,False
100,HS06,106,12455,2374,110,fully_outside,0.0,False
100,HS06,106,12456,2374,110,fully_outside,0.0,False
100,HS06,106,12457,2374,110,fully_outside,0.0,False
100,HS06,106,12458,2374,110,fully_outside,0.0,False
100,HS06,106,12459,2374,110,fully_outside,0.0,False
100,HS06,106,12460,2374,110,fully_outside,0.0,False
100,HS06,106,12461,2374,110,fully_outside,0.0,False
100,HS06,106,12462,2374,110,fully_outside,0.0,False
100,HS06,106,12463,2374,110,fully_outside,0.0,False
100,HS06,106,12464,2374,110,fully_outside,0.0,False
100,HS06,106,12465,2374,110,fully_outside,0.0,False
100,HS06,106,12466,2374,110,fully_outside,0.0,False
100,HS06,106,12467,2374,110,fully_outside,0.0,False
100,HS06,106,12468,2374,110,fully_outside,0.0,False
100,HS06,106,12469,2374,110,fully_outside,0.0,False
100,HS06,106,12470,2374,110,fully_outside,0.0,False
100,HS06,106,12471,2374,110,fully_outside,0.0,False
100,HS06,106,12472,2374,110,crosses_boundary,0.0002458581372643867,False
100,HS06,106,12509,2374,110,fully_outside,0.0,False
100,HS06,106,12510,2374,110,fully_outside,0.0,False
100,HS06,106,12511,2374,110,fully_outside,0.0,False
100,HS06,106,12585,2374,110,fully_outside,0.0,False
100,HS06,106,12586,2374,110,fully_outside,0.0,False
100,HS06,106,12587,2374,110,fully_outside,0.0,False
100,HS06,106,12588,2374,110,fully_outside,0.0,False
100,HS06,106,12589,2374,110,fully_outside,0.0,False
100,HS06,106,12590,2374,110,fully_outside,0.0,False
100,HS06,106,12591,2374,110,fully_outside,0.0,False
100,HS06,106,12592,2374,110,fully_outside,0.0,False
100,HS06,106,12593,2374,110,crosses_boundary,0.0005456325329516005,False
100,HS06,106,12594,2374,110,fully_outside,0.0,False
100,HS06,106,12595,2750,110,fully_outside,0.0,False
100,HS06,106,12953,2843,110,fully_outside,0.0,False
100,HS06,106,12954,2843,110,fully_outside,0.0,False
100,HS06,106,12958,2844,110,fully_outside,0.0,False
100,HS06,106,12959,2845,110,fully_outside,0.0,False
100,HS06,106,12960,2845,110,fully_outside,0.0,False
100,HS06,106,13083,2873,110,fully_outside,0.0,False
100,HS06,106,13084,2874,110,fully_outside,0.0,False
100,HS06,106,13085,2875,110,fully_outside,0.0,False
100,HS06,106,13087,2876,110,fully_outside,0.0,False
100,HS06,106,13088,2877,110,fully_outside,0.0,False
100,HS06,106,13089,2877,110,fully_outside,0.0,False
100,HS06,106,13090,2878,110,fully_outside,0.0,False
100,HS06,106,13091,2879,110,fully_outside,0.0,False
100,HS06,106,13092,2875,110,fully_outside,0.0,False
100,HS06,106,13093,2880,110,fully_outside,0.0,False
100,HS06,106,13166,2898,110,fully_outside,0.0,False
100,HS06,106,13167,2899,110,fully_outside,0.0,False
100,HS06,106,13168,2900,110,fully_outside,0.0,False
100,HS06,106,13290,2929,110,fully_outside,0.0,False
100,HS06,106,13291,2930,110,fully_outside,0.0,False
100,HS06,106,13292,2899,110,fully_outside,0.0,False
100,HS06,106,13293,2931,110,fully_outside,0.0,False
100,HS06,106,13294,2898,110,fully_outside,0.0,False
100,HS06,106,13295,2932,110,fully_outside,0.0,False
100,HS06,106,13296,2932,110,fully_outside,0.0,False
100,HS06,106,13412,2965,110,fully_outside,0.0,False
100,HS06,106,13413,2966,110,fully_outside,0.0,False
100,HS06,106,13414,2967,110,fully_outside,0.0,False
100,HS06,106,13415,2968,110,fully_outside,0.0,False
100,HS06,106,13416,2969,110,fully_outside,0.0,False
100,HS06,106,13417,2970,110,fully_outside,0.0,False
100,HS06,106,13418,2971,110,fully_outside,0.0,False
100,HS06,106,13419,2972,110,fully_outside,0.0,False
100,HS06,106,13420,2973,110,fully_outside,0.0,False
100,HS06,106,13421,2974,110,fully_outside,0.0,False
100,HS06,106,13422,2975,110,fully_outside,0.0,False
100,HS06,106,13423,2976,110,fully_outside,0.0,False
100,HS06,106,13424,2977,110,fully_outside,0.0,False
100,HS06,106,13425,2978,110,fully_outside,0.0,False
100,HS06,106,13426,2979,110,fully_outside,0.0,False
100,HS06,106,13427,2980,110,fully_outside,0.0,False
100,HS06,106,13428,2981,110,fully_outside,0.0,False
100,HS06,106,13429,2982,110,fully_outside,0.0,False
100,HS06,106,13430,2983,110,fully_outside,0.0,False
100,HS06,106,13431,2974,110,fully_outside,0.0,False
100,HS06,106,13432,2984,110,fully_outside,0.0,False
100,HS06,106,13433,2985,110,fully_outside,0.0,False
100,HS06,106,13434,2986,110,fully_outside,0.0,False
100,HS06,106,13435,2932,110,fully_outside,0.0,False
100,HS06,106,13436,2987,110,fully_outside,0.0,False
100,HS06,106,13437,2988,110,fully_outside,0.0,False
100,HS06,106,13438,2989,110,fully_outside,0.0,False
100,HS06,106,13440,2966,110,fully_outside,0.0,False
100,HS06,106,13441,2979,110,fully_outside,0.0,False
100,HS06,106,13442,2967,110,fully_outside,0.0,False
100,HS06,106,13443,2965,110,fully_outside,0.0,False
100,HS06,106,13444,2967,110,fully_outside,0.0,False
100,HS06,106,13445,2900,110,fully_outside,0.0,False
100,HS06,106,13446,2965,110,fully_outside,0.0,False
100,HS06,106,13447,2971,110,fully_outside,0.0,False
100,HS06,106,13448,2989,110,fully_outside,0.0,False
100,HS06,106,13449,2969,110,fully_outside,0.0,False
100,HS06,106,13450,2969,110,fully_outside,0.0,False
100,HS06,106,13451,2970,110,fully_outside,0.0,False
100,HS06,106,13452,2968,110,fully_outside,0.0,False
100,HS06,106,13453,2976,110,fully_outside,0.0,False
100,HS06,106,13454,2975,110,fully_outside,0.0,False
100,HS06,106,13455,2973,110,fully_outside,0.0,False
100,HS06,106,13456,2972,110,fully_outside,0.0,False
100,HS06,106,13457,2974,110,fully_outside,0.0,False
100,HS06,106,13458,2974,110,fully_outside,0.0,False
100,HS06,106,13459,2981,110,fully_outside,0.0,False
100,HS06,106,13460,2982,110,fully_outside,0.0,False
100,HS06,106,13461,2987,110,fully_outside,0.0,False
100,HS06,106,13462,2986,110,fully_outside,0.0,False
100,HS06,106,13463,2986,110,fully_outside,0.0,False
100,HS06,106,13464,2987,110,fully_outside,0.0,False
100,HS06,106,13465,2988,110,fully_outside,0.0,False
100,HS06,106,13466,2978,110,fully_outside,0.0,False
100,HS06,106,13467,2977,110,fully_outside,0.0,False
100,HS06,106,13468,2979,110,fully_outside,0.0,False
100,HS06,106,13469,2900,110,fully_outside,0.0,False
100,HS06,106,13470,2976,110,fully_outside,0.0,False
100,HS06,106,13471,2974,110,fully_outside,0.0,False
100,HS06,106,13472,2977,110,fully_outside,0.0,False
100,HS06,106,13473,2974,110,fully_outside,0.0,False
100,HS06,106,13474,2980,110,fully_outside,0.0,False
100,HS06,106,13475,2980,110,fully_outside,0.0,False
100,HS06,106,13476,2990,110,fully_outside,0.0,False
100,HS06,106,13477,2981,110,fully_outside,0.0,False
100,HS06,106,13478,2982,110,fully_outside,0.0,False
100,HS06,106,13479,2991,110,fully_outside,0.0,False
100,HS06,106,13480,2980,110,fully_outside,0.0,False
100,HS06,106,13481,2985,110,fully_outside,0.0,False
100,HS06,106,13482,2974,110,fully_outside,0.0,False
100,HS06,106,13483,2984,110,fully_outside,0.0,False
100,HS06,106,13484,2988,110,fully_outside,0.0,False
100,HS06,106,13485,2989,110,fully_outside,0.0,False
100,HS06,106,13603,3010,110,fully_outside,0.0,False
100,HS06,106,13604,3010,110,fully_outside,0.0,False
100,HS06,106,13696,2628,110,fully_outside,0.0,False
100,HS06,106,13882,2628,110,fully_outside,0.0,False
100,HS06,106,13883,2618,110,fully_outside,0.0,False
100,HS06,106,13884,2628,110,fully_outside,0.0,False
100,HS06,106,13885,2628,110,fully_outside,0.0,False
100,HS06,106,13886,2628,110,fully_outside,0.0,False
100,HS06,106,14061,3010,110,fully_outside,0.0,False
100,HS06,106,14062,2628,110,fully_outside,0.0,False
100,HS06,106,14108,2930,110,fully_outside,0.0,False
100,HS06,106,14109,2628,110,fully_outside,0.0,False
100,HS06,106,14113,2628,110,fully_outside,0.0,False
100,HS06,106,14114,2628,110,fully_outside,0.0,False
100,HS06,106,14115,2628,110,fully_outside,0.0,False
100,HS06,106,14116,2628,110,fully_outside,0.0,False
100,HS06,106,14120,2628,110,fully_outside,0.0,False
100,HS06,106,14121,2628,110,fully_outside,0.0,False
100,HS06,106,14127,3078,110,fully_outside,0.0,False
100,HS06,106,14128,3078,110,fully_outside,0.0,False
100,HS06,106,14129,3079,110,fully_outside,0.0,False
100,HS06,106,14134,3079,110,fully_outside,0.0,False
100,HS06,106,14534,2843,110,fully_outside,0.0,False
100,HS06,106,14537,2878,110,fully_outside,0.0,False
100,HS06,106,14538,2844,110,fully_outside,0.0,False
100,HS06,106,14539,2845,110,fully_outside,0.0,False
100,HS06,106,14540,2879,110,fully_outside,0.0,False
100,HS06,106,14541,2873,110,fully_outside,0.0,False
100,HS06,106,14542,2874,110,fully_outside,0.0,False
100,HS06,106,14543,2875,110,fully_outside,0.0,False
100,HS06,106,14544,2876,110,fully_outside,0.0,False
100,HS06,106,14545,2877,110,fully_outside,0.0,False
100,HS06,106,14579,3152,110,fully_outside,0.0,False
100,HS06,106,14580,3152,110,fully_outside,0.0,False
100,HS06,106,14581,3152,110,fully_outside,0.0,False
100,HS06,106,14582,3152,110,fully_outside,0.0,False
100,HS06,106,14583,3152,110,fully_outside,0.0,False
100,HS06,106,14584,3152,110,fully_outside,0.0,False
100,HS06,106,14585,3152,110,fully_outside,0.0,False
100,HS06,106,14586,3152,110,fully_outside,0.0,False
100,HS06,106,14714,3187,110,fully_outside,0.0,False
100,HS06,106,14715,2880,110,fully_outside,0.0,False
100,HS06,106,14716,2929,110,fully_outside,0.0,False
100,HS06,106,14717,2932,110,fully_outside,0.0,False
100,HS06,106,14718,3188,110,fully_outside,0.0,False
100,HS06,106,14719,3189,110,fully_outside,0.0,False
100,HS06,106,14726,3191,110,fully_outside,0.0,False
100,HS06,106,14727,3152,110,fully_outside,0.0,False
100,HS06,106,14728,3152,110,fully_outside,0.0,False
100,HS06,106,14729,3152,110,fully_outside,0.0,False
100,HS06,106,14730,3152,110,fully_outside,0.0,False
100,HS06,106,14731,3152,110,fully_outside,0.0,False
100,HS06,106,14732,3152,110,fully_outside,0.0,False
100,HS06,106,14733,3192,110,fully_outside,0.0,False
100,HS06,106,14734,3152,110,fully_outside,0.0,False
100,HS06,106,14735,3152,110,fully_outside,0.0,False
100,HS06,106,14736,3152,110,fully_outside,0.0,False
100,HS06,106,14737,3152,110,fully_outside,0.0,False
100,HS06,106,14738,3152,110,fully_outside,0.0,False
100,HS06,106,14739,3152,110,fully_outside,0.0,False
100,HS06,106,14740,3152,110,fully_outside,0.0,False
100,HS06,106,14741,3152,110,fully_outside,0.0,False
100,HS06,106,14742,3152,110,fully_outside,0.0,False
100,HS06,106,14743,3152,110,fully_outside,0.0,False
100,HS06,106,14744,3152,110,fully_outside,0.0,False
100,HS06,106,14745,3152,110,fully_outside,0.0,False
100,HS06,106,14746,3152,110,fully_outside,0.0,False
100,HS06,106,14747,3152,110,fully_outside,0.0,False
100,HS06,106,14748,3152,110,fully_outside,0.0,False
100,HS06,106,14749,3152,110,fully_outside,0.0,False
100,HS06,106,14750,3152,110,fully_outside,0.0,False
100,HS06,106,14751,3193,110,fully_outside,0.0,False
100,HS06,106,14752,2979,110,fully_outside,0.0,False
100,HS06,106,14753,2900,110,fully_outside,0.0,False
100,HS06,106,14754,3191,110,fully_outside,0.0,False
100,HS06,106,14755,3194,110,fully_outside,0.0,False
100,HS06,106,14756,3195,110,fully_outside,0.0,False
100,HS06,106,14757,3193,110,fully_outside,0.0,False
100,HS06,106,14758,3152,110,fully_outside,0.0,False
100,HS06,106,14759,3152,110,fully_outside,0.0,False
100,HS06,106,14760,3152,110,fully_outside,0.0,False
100,HS06,106,14761,3152,110,fully_outside,0.0,False
100,HS06,106,14762,3193,110,fully_outside,0.0,False
100,HS06,106,14763,3196,110,fully_outside,0.0,False
100,HS06,106,14764,3152,110,fully_outside,0.0,False
100,HS06,106,14765,3152,110,fully_outside,0.0,False
100,HS06,106,14766,3197,110,fully_outside,0.0,False
100,HS06,106,14767,3198,110,fully_outside,0.0,False
100,HS06,106,14768,2988,110,fully_outside,0.0,False
100,HS06,106,14769,3198,110,fully_outside,0.0,False
100,HS06,106,14770,2989,110,fully_outside,0.0,False
100,HS06,106,14771,3199,110,fully_outside,0.0,False
100,HS06,106,14772,2932,110,crosses_boundary,0.00011562418421742448,False
100,HS06,106,14773,2978,110,fully_outside,0.0,False
100,HS06,106,14774,2976,110,fully_outside,0.0,False
100,HS06,106,14775,3193,110,fully_outside,0.0,False
100,HS06,106,14776,2974,110,fully_outside,0.0,False
100,HS06,106,14777,3200,110,fully_outside,0.0,False
100,HS06,106,14778,3201,110,fully_outside,0.0,False
100,HS06,106,14779,3202,110,fully_outside,0.0,False
100,HS06,106,14780,3202,110,fully_outside,0.0,False
100,HS06,106,14781,3202,110,fully_outside,0.0,False
100,HS06,106,14782,3193,110,fully_outside,0.0,False
100,HS06,106,14783,3203,110,fully_outside,0.0,False
100,HS06,106,14784,2980,110,fully_outside,0.0,False
100,HS06,106,14785,3204,110,fully_outside,0.0,False
100,HS06,106,14786,3204,110,fully_outside,0.0,False
100,HS06,106,14787,3193,110,fully_outside,0.0,False
100,HS06,106,14788,3195,110,fully_outside,0.0,False
100,HS06,106,14789,3195,110,fully_outside,0.0,False
100,HS06,106,14790,2981,110,fully_outside,0.0,False
100,HS06,106,14791,3195,110,fully_outside,0.0,False
100,HS06,106,14792,3195,110,fully_outside,0.0,False
100,HS06,106,14793,2982,110,fully_outside,0.0,False
100,HS06,106,14794,3195,110,fully_outside,0.0,False
100,HS06,106,14795,3195,110,fully_outside,0.0,False
100,HS06,106,14796,2983,110,fully_outside,0.0,False
100,HS06,106,14797,3205,110,fully_outside,0.0,False
100,HS06,106,14798,3202,110,fully_outside,0.0,False
100,HS06,106,14799,3202,110,fully_outside,0.0,False
100,HS06,106,14800,3202,110,fully_outside,0.0,False
100,HS06,106,14801,3202,110,fully_outside,0.0,False
100,HS06,106,14802,3196,110,fully_outside,0.0,False
100,HS06,106,14803,3202,110,fully_outside,0.0,False
100,HS06,106,14804,3202,110,fully_outside,0.0,False
100,HS06,106,14805,2982,110,fully_outside,0.0,False
100,HS06,106,14814,2930,110,fully_outside,0.0,False
100,HS06,106,14829,2930,110,fully_outside,0.0,False
100,HS06,106,14830,2930,110,fully_outside,0.0,False
100,HS06,106,14837,3211,110,fully_outside,0.0,False
100,HS06,106,14838,3211,110,fully_outside,0.0,False
100,HS06,106,14842,3212,110,crosses_boundary,0.00026049255027776983,False
100,HS06,106,14843,2930,110,fully_outside,0.0,False
100,HS06,106,14844,2930,110,fully_outside,0.0,False
100,HS06,106,14847,3187,110,fully_outside,0.0,False
100,HS06,106,14861,3188,110,fully_outside,0.0,False
100,HS06,106,14862,3189,110,fully_outside,0.0,False
100,HS06,106,14863,2932,110,fully_outside,0.0,False
100,HS06,106,14864,2930,110,fully_outside,0.0,False
100,HS06,106,14865,3187,110,fully_outside,0.0,False
100,HS06,106,14879,2980,110,fully_outside,0.0,False
100,HS06,106,14880,3218,110,fully_outside,0.0,False
100,HS06,106,14881,3218,110,fully_outside,0.0,False
100,HS06,106,14882,2990,110,fully_outside,0.0,False
100,HS06,106,14883,2991,110,fully_outside,0.0,False
100,HS06,106,14884,3218,110,fully_outside,0.0,False
100,HS06,106,14885,2982,110,fully_outside,0.0,False
100,HS06,106,14886,3218,110,fully_outside,0.0,False
100,HS06,106,14887,3218,110,fully_outside,0.0,False
100,HS06,106,14888,2982,110,fully_outside,0.0,False
100,HS06,106,17191,2930,110,fully_outside,0.0,False
100,HS06,106,17217,2930,110,fully_outside,0.0,False
100,HS06,106,17218,3494,110,fully_outside,0.0,False
100,HS06,106,17232,3494,110,fully_outside,0.0,False
100,HS06,106,17284,3511,110,fully_outside,0.0,False
100,HS06,106,17285,3511,110,fully_outside,0.0,False
100,HS06,106,17315,3511,110,fully_outside,0.0,False
100,HS06,106,17316,3512,110,fully_outside,0.0,False
100,HS06,106,17317,3512,110,fully_outside,0.0,False
100,HS06,106,17318,3513,110,fully_outside,0.0,False
100,HS06,106,17319,3513,110,fully_outside,0.0,False
100,HS06,106,17320,3513,110,fully_outside,0.0,False
100,HS06,106,17321,3514,110,fully_outside,0.0,False
100,HS06,106,17322,3515,110,fully_outside,0.0,False
100,HS06,106,17323,3515,110,fully_outside,0.0,False
100,HS06,106,17324,3514,110,fully_outside,0.0,False
100,HS06,106,17325,2930,110,fully_outside,0.0,False
100,HS06,106,17327,2930,110,fully_outside,0.0,False
100,HS06,106,17328,2930,110,fully_outside,0.0,False
100,HS06,106,17336,3079,110,fully_outside,0.0,False
100,HS06,106,17410,2930,110,fully_outside,0.0,False
100,HS06,106,17411,3527,110,fully_outside,0.0,False
100,HS06,106,17412,2930,110,fully_outside,0.0,False
100,HS06,106,17422,2930,110,fully_outside,0.0,False
100,HS06,106,17427,3527,110,fully_outside,0.0,False
100,HS06,106,17428,3530,110,fully_outside,0.0,False
100,HS06,106,17429,3530,110,fully_outside,0.0,False
100,HS06,106,17430,3531,110,fully_outside,0.0,False
100,HS06,106,17431,2930,110,fully_outside,0.0,False
100,HS06,106,17432,2930,110,fully_outside,0.0,False
100,HS06,106,17433,2930,110,fully_outside,0.0,False
100,HS06,106,17434,2930,110,fully_outside,0.0,False
100,HS06,106,17439,3531,110,fully_outside,0.0,False
100,HS06,106,17445,3187,110,fully_outside,0.0,False
100,HS06,106,17446,2930,110,fully_outside,0.0,False
100,HS06,106,17454,3187,110,fully_outside,0.0,False
100,HS06,106,17455,2930,110,fully_outside,0.0,False
100,HS06,106,17457,2930,110,fully_outside,0.0,False
100,HS06,106,17458,3187,110,fully_outside,0.0,False
100,HS06,106,17467,3218,110,fully_outside,0.0,False
100,HS06,106,17468,3218,110,fully_outside,0.0,False
100,HS06,106,17469,2982,110,fully_outside,0.0,False
100,HS06,106,17470,2982,110,fully_outside,0.0,False
100,HS06,106,17471,2982,110,fully_outside,0.0,False
100,HS06,106,17472,3539,110,fully_outside,0.0,False
100,HS06,106,17473,3539,110,fully_outside,0.0,False
100,HS06,106,17474,3539,110,fully_outside,0.0,False
100,HS06,106,17476,2930,110,fully_outside,0.0,False
100,HS06,106,17477,2930,110,fully_outside,0.0,False
100,HS06,106,17478,2930,110,fully_outside,0.0,False
100,HS06,106,17480,2930,110,fully_outside,0.0,False
100,HS06,106,17481,2930,110,fully_outside,0.0,False
100,HS06,106,17482,2930,110,fully_outside,0.0,False
100,HS06,106,17487,2930,110,fully_outside,0.0,False
100,HS06,106,17489,2930,110,fully_outside,0.0,False
100,HS06,106,17491,2930,110,fully_outside,0.0,False
100,HS06,106,17492,3543,110,fully_outside,0.0,False
100,HS06,106,17506,3543,110,crosses_boundary,6.580833079484695e-07,False
100,HS06,106,17507,3543,110,crosses_boundary,7.488632217112361e-07,False
100,HS06,106,17509,3543,110,crosses_boundary,1.1429909130333965e-06,False
100,HS06,106,17510,2930,110,fully_outside,0.0,False
100,HS06,106,17511,2930,110,fully_outside,0.0,False
100,HS06,106,17514,3212,110,crosses_boundary,0.03590778306424678,False
100,HS06,106,17519,2930,110,fully_outside,0.0,False
100,HS06,106,17523,2930,110,fully_outside,0.0,False
100,HS06,106,17524,2930,110,fully_outside,0.0,False
100,HS06,106,17525,2930,110,fully_outside,0.0,False
100,HS06,106,17526,2930,110,fully_outside,0.0,False
100,HS06,106,17527,2930,110,fully_outside,0.0,False
100,HS06,106,17533,2930,110,fully_outside,0.0,False
100,HS06,106,17566,3547,110,fully_outside,0.0,False
100,HS06,106,17570,2930,110,fully_outside,0.0,False
100,HS06,106,17571,2930,110,fully_outside,0.0,False
100,HS06,106,17572,3547,110,fully_outside,0.0,False
100,HS06,106,17573,3547,110,fully_outside,0.0,False
100,HS06,106,17574,3547,110,fully_outside,0.0,False
100,HS06,106,17575,3547,110,fully_outside,0.0,False
100,HS06,106,17576,3547,110,fully_outside,0.0,False
100,HS06,106,17577,3547,110,fully_outside,0.0,False
100,HS06,106,17579,3547,110,fully_outside,0.0,False
100,HS06,106,17580,3547,110,fully_outside,0.0,False
100,HS06,106,17588,2930,110,fully_outside,0.0,False
100,HS06,106,17589,2930,110,fully_outside,0.0,False
100,HS06,106,17591,2930,110,fully_outside,0.0,False
100,HS06,106,17592,2930,110,fully_outside,0.0,False
100,HS06,106,17594,2930,110,fully_outside,0.0,False
100,HS06,106,17595,3552,110,fully_outside,0.0,False
100,HS06,106,17596,2930,110,fully_outside,0.0,False
100,HS06,106,17597,3547,110,fully_outside,0.0,False
100,HS06,106,17598,3547,110,fully_outside,0.0,False
100,HS06,106,17600,3554,110,fully_outside,0.0,False
100,HS06,106,17601,3554,110,fully_outside,0.0,False
100,HS06,106,17602,3554,110,fully_outside,0.0,False
100,HS06,106,17604,3554,110,fully_outside,0.0,False
100,HS06,106,17606,2930,110,fully_outside,0.0,False
100,HS06,106,17607,3552,110,fully_outside,0.0,False
100,HS06,106,28244,5598,106,fully_inside,1.0,False
100,HS06,106,28245,5598,106,fully_inside,0.9999999999993119,False
100,HS06,106,28246,5598,106,fully_inside,0.9999999999991361,False
100,HS06,106,28247,5598,106,fully_inside,1.0,False
100,HS06,106,28248,5598,106,fully_inside,1.0,False
100,HS06,106,28250,5600,106,fully_inside,1.0,False
100,HS06,106,28251,5600,106,fully_inside,1.0,False
100,HS06,106,28334,5612,106,fully_outside,0.0,False
100,HS06,106,28337,5612,106,fully_outside,0.0,False
100,HS06,106,28338,5613,106,crosses_boundary,0.7499882197564346,False
100,HS06,106,28341,5614,106,fully_inside,0.99999999999222,False
100,HS06,106,28342,5614,106,fully_inside,1.0,False
100,HS06,106,28346,5615,106,fully_inside,0.9999999999899117,False
100,HS06,106,28347,5615,106,fully_inside,1.0,False
100,HS06,106,28355,5612,106,fully_outside,0.0,False
100,HS06,106,28358,5612,106,fully_outside,0.0,False
100,HS06,106,28360,5612,106,fully_outside,0.0,False
100,HS06,106,28361,5612,106,fully_outside,0.0,False
100,HS06,106,28362,5612,106,fully_outside,0.0,False
100,HS06,106,28364,5598,106,fully_inside,0.9999999999998841,False
100,HS06,106,28367,5618,106,fully_inside,1.0,False
100,HS06,106,28368,5598,106,fully_inside,1.0,False
100,HS06,106,28369,5598,106,fully_inside,0.9999999999998431,False
100,HS06,106,28370,5618,106,fully_inside,1.0,False
100,HS06,106,28372,5598,106,fully_inside,1.0,False
100,HS06,106,28374,5598,106,fully_inside,1.0,False
100,HS06,106,28375,5619,106,fully_inside,1.0,False
100,HS06,106,28767,5714,106,fully_inside,0.9999999999997853,False
100,HS06,106,28768,5715,106,fully_inside,1.0,False
100,HS06,106,28769,5715,106,fully_inside,0.999999999999873,False
100,HS06,106,28844,5731,106,fully_inside,0.9999999999944523,False
100,HS06,106,28845,5714,106,fully_inside,0.9999999999997853,False
100,HS06,106,28846,5732,106,fully_inside,1.0,False
100,HS06,106,28847,5732,106,fully_inside,0.9999999995801915,False
100,HS06,106,28848,5732,106,fully_inside,0.9999999999164184,False
100,HS06,106,28849,5715,106,fully_inside,0.9999999999934299,False
100,HS06,106,28850,5715,106,fully_inside,1.0,False
100,HS06,106,28929,5612,106,fully_outside,0.0,False
100,HS06,106,29244,5612,106,fully_outside,0.0,False
100,HS06,106,29248,5612,106,fully_outside,0.0,False
100,HS06,106,29257,5612,106,fully_outside,0.0,False
100,HS06,106,29261,5612,106,fully_outside,0.0,False
100,HS06,106,31093,5613,106,crosses_boundary,0.24998822003409407,False
100,HS06,106,31095,5612,106,fully_outside,0.0,False
100,HS06,106,31098,5612,106,fully_outside,0.0,False
100,HS06,106,31100,5612,106,fully_outside,0.0,False
100,HS06,106,31102,5612,106,fully_outside,0.0,False
100,HS06,106,31103,5612,106,fully_outside,0.0,False
100,HS06,106,31105,5612,106,fully_outside,0.0,False
100,HS06,106,31106,5619,106,fully_inside,1.0,False
100,HS06,106,31107,5598,106,fully_inside,0.9999999999977535,False
100,HS06,106,31108,5598,106,fully_inside,1.0,False
100,HS06,106,31109,6113,106,fully_inside,1.0,False
100,HS06,106,31110,5598,106,fully_inside,1.0,False
100,HS06,106,31111,5598,106,fully_inside,0.9999999999959379,False
100,HS06,106,31112,5598,106,fully_inside,0.9999999999999902,False
100,HS06,106,31113,5598,106,fully_inside,1.0,False
100,HS06,106,31114,5598,106,fully_inside,0.9999999999999701,False
100,HS06,106,31115,6113,106,fully_inside,1.0,False
100,HS06,106,31116,5598,106,fully_inside,0.9999999999998256,False
100,HS06,106,31117,5598,106,fully_inside,1.0,False
100,HS06,106,31119,5598,106,fully_inside,0.9999999999996937,False
100,HS06,106,31181,5612,106,fully_outside,0.0,False
100,HS06,106,31189,6124,106,fully_inside,0.9999999999988521,False
100,HS06,106,31190,6124,106,fully_inside,0.9999999999975224,False
100,HS06,106,31191,5598,106,fully_inside,0.9999999999974533,False
100,HS06,106,31193,5598,106,fully_inside,1.0,False
100,HS06,106,31194,5598,106,fully_inside,1.0,False
100,HS06,106,31198,5598,106,fully_inside,0.9999999999997573,False
100,HS06,106,31306,5598,106,fully_inside,1.0,False
100,HS06,106,31307,5598,106,fully_inside,1.0,False
100,HS06,106,31308,6130,106,fully_inside,1.0,False
100,HS06,106,31309,6131,106,crosses_boundary,0.1654176334027452,False
100,HS06,106,31310,6131,106,crosses_boundary,0.12707081838673312,False
100,HS06,106,31311,6131,106,crosses_boundary,0.14786422503232707,False
100,HS06,106,31312,6131,106,crosses_boundary,0.15344400710873893,False
100,HS06,106,31313,6131,106,crosses_boundary,0.16541763340295554,False
100,HS06,106,31314,6131,106,crosses_boundary,0.16541763340302698,False
100,HS06,106,31315,6131,106,crosses_boundary,0.1622965459799477,False
100,HS06,106,31316,6131,106,crosses_boundary,0.6611708949397757,False
100,HS06,106,31317,6131,106,crosses_boundary,0.654654950610818,False
100,HS06,106,31320,5598,106,fully_inside,1.0,False
100,HS06,106,31321,5598,106,fully_inside,1.0,False
100,HS06,106,31322,5598,106,fully_inside,1.0,False
100,HS06,106,31323,6130,106,fully_inside,1.0,False
100,HS06,106,31324,5598,106,fully_inside,1.0,False
100,HS06,106,31325,5598,106,fully_inside,0.9999999999898448,False
100,HS06,106,31326,5598,106,fully_inside,0.9999999999979274,False
100,HS06,106,31327,5598,106,fully_inside,0.9999999999997536,False
100,HS06,106,31328,5598,106,fully_inside,0.9999999999967614,False
100,HS06,106,31329,5598,106,fully_inside,1.0,False
100,HS06,106,31330,5598,106,fully_inside,1.0,False
100,HS06,106,31341,6131,106,crosses_boundary,0.10920148455113408,False
100,HS06,106,31347,6131,106,fully_outside,0.0,False
100,HS06,106,31348,6131,106,fully_outside,0.0,False
100,HS06,106,31349,6131,106,fully_outside,0.0,False
100,HS06,106,31350,6131,106,fully_outside,0.0,False
100,HS06,106,31351,6131,106,fully_outside,0.0,False
100,HS06,106,31352,6131,106,fully_outside,0.0,False
100,HS06,106,31353,6131,106,fully_outside,0.0,False
100,HS06,106,31354,6131,106,crosses_boundary,0.00048402205873324545,False
100,HS06,106,31355,6131,106,crosses_boundary,0.09189845100555837,False
100,HS06,106,31356,6131,106,crosses_boundary,0.22643201382324846,False
100,HS06,106,31357,6131,106,crosses_boundary,0.3331310464000765,False
100,HS06,106,31358,6131,106,crosses_boundary,0.4191786533154652,False
100,HS06,106,31359,6131,106,crosses_boundary,0.48958124079218784,False
100,HS06,106,31360,6131,106,crosses_boundary,0.5479148132735407,False
100,HS06,106,31361,6131,106,crosses_boundary,0.5967888875156866,False
100,HS06,106,31362,6131,106,crosses_boundary,0.6381438734081362,False
100,HS06,106,31363,6131,106,crosses_boundary,0.6734469101501759,False
100,HS06,106,31364,6131,106,crosses_boundary,0.7038239417677746,False
100,HS06,106,31365,6131,106,crosses_boundary,0.7421440046080379,False
100,HS06,106,31366,6131,106,crosses_boundary,0.7240177639198637,False
100,HS06,106,31367,6131,106,crosses_boundary,0.7362836410738038,False
100,HS06,106,31368,6134,106,fully_inside,0.9999999999941848,False
100,HS06,106,31369,6134,106,fully_inside,0.9999999999991644,False
100,HS06,106,31370,6134,106,fully_inside,1.0,False
100,HS06,106,31371,6134,106,fully_inside,1.0,False
100,HS06,106,31372,6134,106,fully_inside,1.0,False
100,HS06,106,31373,6134,106,fully_inside,0.9999999999941848,False
100,HS06,106,31374,6134,106,fully_inside,1.0,False
100,HS06,106,31375,6134,106,fully_inside,0.9999999999991644,False
100,HS06,106,31376,6134,106,fully_inside,0.9999999999967423,False
100,HS06,106,31377,6134,106,fully_inside,1.0,False
100,HS06,106,32290,6298,106,fully_inside,0.9999999999965818,False
100,HS06,106,32291,6299,106,fully_inside,0.9999999999999093,False
100,HS06,106,32292,6300,106,fully_inside,0.9999999999999093,False
100,HS06,106,32293,6301,106,fully_inside,0.9999999999754787,False
100,HS06,106,32294,6302,106,fully_inside,0.999999999994127,False
100,HS06,106,32295,6302,106,fully_inside,0.999999999999873,False
100,HS06,106,32373,5612,106,fully_outside,0.0,False
100,HS06,106,32377,5612,106,fully_outside,0.0,False
100,HS06,106,32563,5612,106,fully_outside,0.0,False
100,HS06,106,32564,6330,106,fully_inside,1.0,False
100,HS06,106,32565,6330,106,fully_inside,1.0,False
100,HS06,106,32566,6300,106,fully_inside,0.9999999999999093,False
100,HS06,106,32567,6299,106,fully_inside,0.9999999999999093,False
100,HS06,106,32568,6300,106,fully_inside,1.0,False
100,HS06,106,32569,6301,106,fully_inside,0.9999999999576291,False
100,HS06,106,32570,6331,106,fully_inside,1.0,False
100,HS06,106,32571,6331,106,fully_inside,0.9999999995032199,False
100,HS06,106,32572,6301,106,fully_inside,1.0,False
100,HS06,106,32573,6298,106,fully_inside,1.0,False
100,HS06,106,32574,6298,106,fully_inside,0.9999999999930814,False
100,HS06,106,32575,6331,106,fully_inside,0.9999999999944073,False
100,HS06,106,32576,6302,106,fully_inside,0.9999999999989152,False
100,HS06,106,32577,6302,106,fully_inside,1.0,False
100,HS06,106,32616,6350,106,fully_inside,1.0,False
100,HS06,106,32617,6351,106,fully_inside,0.9999999998411861,False
100,HS06,106,32618,6350,106,fully_inside,1.0,False
100,HS06,106,32619,6134,106,fully_inside,1.0,False
100,HS06,106,32620,6350,106,fully_inside,0.9999999992983344,False
100,HS06,106,32621,6352,106,fully_inside,0.9999999999249237,False
100,HS06,106,32622,6134,106,fully_inside,1.0,False
100,HS06,106,32623,6134,106,fully_inside,0.9999999998606555,False
100,HS06,106,32624,6352,106,fully_inside,0.999999999996079,False
100,HS06,106,32625,6350,106,fully_inside,1.0,False
100,HS06,106,32626,6351,106,fully_inside,1.0,False
100,HS06,106,32627,6351,106,fully_inside,1.0,False
100,HS06,106,32628,6350,106,fully_inside,0.9999999995031593,False
100,HS06,106,32629,6350,106,fully_inside,1.0,False
100,HS06,106,32630,6350,106,fully_inside,1.0,False
100,HS06,106,32631,6350,106,fully_inside,0.999999999946441,False
100,HS06,106,32632,6353,106,fully_inside,0.9999999998411861,False
100,HS06,106,32633,6350,106,fully_inside,0.9999999999122734,False
100,HS06,106,32634,6350,106,fully_inside,0.999999999997371,False
100,HS06,106,32635,6350,106,fully_inside,0.9999999997549601,False
100,HS06,106,32636,6352,106,fully_inside,0.9999999995968094,False
100,HS06,106,32637,6350,106,fully_inside,1.0,False
100,HS06,106,32638,6350,106,fully_inside,0.9999999997422753,False
100,HS06,106,32639,6350,106,fully_inside,0.9999999997422753,False
100,HS06,106,32640,6353,106,fully_inside,0.9999999999669316,False
100,HS06,106,32641,6350,106,fully_inside,1.0,False
100,HS06,106,32642,6350,106,fully_inside,1.0,False
100,HS06,106,32643,6353,106,fully_inside,1.0,False
100,HS06,106,32644,6353,106,fully_inside,1.0,False
100,HS06,106,32645,6353,106,fully_inside,1.0,False
100,HS06,106,32646,6353,106,fully_inside,1.0,False
100,HS06,106,32647,6354,106,fully_inside,1.0,False
100,HS06,106,32648,6354,106,fully_inside,1.0,False
100,HS06,106,32649,6350,106,fully_inside,1.0,False
100,HS06,106,32650,6350,106,fully_inside,1.0,False
100,HS06,106,32651,6350,106,fully_inside,1.0,False
100,HS06,106,32652,6355,106,fully_inside,0.9999999998011837,False
100,HS06,106,32653,6354,106,fully_inside,1.0,False
100,HS06,106,32654,6350,106,fully_inside,1.0,False
100,HS06,106,32655,6350,106,fully_inside,0.9999999999197577,False
100,HS06,106,32656,6355,106,fully_inside,1.0,False
100,HS06,106,32657,6350,106,fully_inside,1.0,False
100,HS06,106,32658,6350,106,fully_inside,0.999999999792004,False
100,HS06,106,32659,6356,106,fully_inside,0.9999999942083618,False
100,HS06,106,32660,6354,106,fully_inside,0.9999999998606555,False
100,HS06,106,32661,6356,106,fully_inside,0.9999999995550718,False
100,HS06,106,32662,6356,106,fully_inside,1.0,False
100,HS06,106,32663,6350,106,fully_inside,1.0,False
100,HS06,106,32664,6350,106,fully_inside,0.9999999992474667,False
100,HS06,106,32665,6350,106,fully_inside,0.9999999941974829,False
100,HS06,106,32666,6350,106,fully_inside,1.0,False
100,HS06,106,32667,6350,106,fully_inside,0.9999999999654704,False
100,HS06,106,32668,6350,106,fully_inside,0.9999999824768896,False
100,HS06,106,32669,6356,106,fully_inside,1.0,False
100,HS06,106,32670,6356,106,fully_inside,1.0,False
100,HS06,106,32671,6350,106,fully_inside,0.9999999999238931,False
100,HS06,106,32672,6350,106,fully_inside,1.0,False
100,HS06,106,32673,6350,106,fully_inside,0.9999999998509441,False
100,HS06,106,32674,6350,106,fully_inside,0.9999999998039802,False
100,HS06,106,32675,6357,106,fully_inside,0.9999999999982897,False
100,HS06,106,32676,6356,106,fully_inside,0.999999999933829,False
100,HS06,106,32677,6356,106,fully_inside,1.0,False
100,HS06,106,32678,6350,106,fully_inside,0.9999999998140023,False
100,HS06,106,32679,6350,106,fully_inside,1.0,False
100,HS06,106,32680,6356,106,fully_inside,0.999999975880521,False
100,HS06,106,32681,6357,106,fully_inside,0.9999999999948439,False
100,HS06,106,32682,6357,106,fully_inside,1.0,False
100,HS06,106,32683,6357,106,fully_inside,0.9999999999911416,False
100,HS06,106,32684,6357,106,fully_inside,1.0,False
100,HS06,106,32685,6357,106,fully_inside,1.0,False
100,HS06,106,32686,6354,106,fully_inside,0.9999999999990405,False
100,HS06,106,32687,6354,106,fully_inside,1.0,False
100,HS06,106,32688,6354,106,fully_inside,0.9999999999991508,False
100,HS06,106,32689,6358,106,fully_inside,1.0,False
100,HS06,106,32690,6354,106,fully_inside,0.9999999999974168,False
100,HS06,106,32691,6354,106,fully_inside,1.0,False
100,HS06,106,32692,6354,106,fully_inside,0.999999999995549,False
100,HS06,106,32693,6354,106,fully_inside,0.9999999999990405,False
100,HS06,106,32694,6354,106,fully_inside,1.0,False
100,HS06,106,32695,6354,106,fully_inside,0.9999999999991508,False
100,HS06,106,32696,6354,106,fully_inside,1.0,False
100,HS06,106,32697,6354,106,fully_inside,1.0,False
100,HS06,106,32698,6354,106,fully_inside,1.0,False
100,HS06,106,32699,6358,106,fully_inside,1.0,False
100,HS06,106,32716,6357,106,fully_outside,0.0,False
100,HS06,106,32717,6357,106,fully_outside,0.0,False
100,HS06,106,32721,6357,106,fully_outside,0.0,False
100,HS06,106,32722,6350,106,crosses_boundary,0.022265014603026205,False
100,HS06,106,32723,6357,106,crosses_boundary,0.011132507333146765,False
100,HS06,106,32724,6357,106,fully_outside,0.0,False
100,HS06,106,32725,6350,106,crosses_boundary,0.27616430451125434,False
100,HS06,106,32726,6350,106,fully_outside,0.0,False
100,HS06,106,32727,6364,106,fully_outside,0.0,False
100,HS06,106,32728,6350,106,crosses_boundary,0.4272363987874658,False
100,HS06,106,32729,6357,106,fully_outside,0.0,False
100,HS06,106,32730,6357,106,fully_outside,0.0,False
100,HS06,106,32731,6357,106,fully_outside,0.0,False
100,HS06,106,32732,6350,106,crosses_boundary,0.011059240475533439,False
100,HS06,106,32733,6350,106,fully_outside,0.0,False
100,HS06,106,32734,6356,106,crosses_boundary,0.49049207438551723,False
100,HS06,106,32735,6364,106,fully_outside,0.0,False
100,HS06,106,32736,6350,106,fully_outside,0.0,False
100,HS06,106,32737,6357,106,fully_inside,1.0,False
100,HS06,106,32738,6357,106,fully_inside,0.999999999997559,False
100,HS06,106,32739,6357,106,fully_inside,1.0,False
100,HS06,106,32740,6365,106,fully_inside,0.9999999998216068,False
100,HS06,106,32741,6365,106,fully_inside,0.9999999998216068,False
100,HS06,106,32742,6350,106,fully_inside,1.0,False
100,HS06,106,32743,6366,106,fully_inside,0.999999999732923,False
100,HS06,106,32744,6365,106,fully_inside,0.9999999998606555,False
100,HS06,106,32745,6350,106,fully_inside,0.9999999998726461,False
100,HS06,106,32746,6365,106,fully_inside,1.0,False
100,HS06,106,32747,6350,106,fully_inside,1.0,False
100,HS06,106,32748,6350,106,fully_inside,0.9999999993676916,False
100,HS06,106,32749,6356,106,fully_inside,0.999999997559035,False
100,HS06,106,32750,6350,106,fully_inside,0.9999999997752038,False
100,HS06,106,32751,6350,106,fully_inside,0.9999999898724016,False
100,HS06,106,32752,6350,106,fully_inside,1.0,False
100,HS06,106,32753,6365,106,fully_inside,1.0,False
100,HS06,106,32754,6350,106,fully_inside,1.0,False
100,HS06,106,32755,6366,106,fully_inside,0.9999999997670532,False
100,HS06,106,32756,6357,106,fully_inside,1.0,False
100,HS06,106,32757,6350,106,crosses_boundary,0.824517048686514,False
100,HS06,106,32758,6350,106,crosses_boundary,0.7126726909032455,False
100,HS06,106,32759,6365,106,crosses_boundary,0.6380821523534391,False
100,HS06,106,32760,6365,106,crosses_boundary,0.022265014658154975,False
100,HS06,106,32761,6365,106,crosses_boundary,0.6380821523534391,False
100,HS06,106,32762,6364,106,fully_outside,0.0,False
100,HS06,106,32763,6364,106,fully_outside,0.0,False
100,HS06,106,32764,6364,106,fully_outside,0.0,False
100,HS06,106,32765,6364,106,fully_outside,0.0,False
100,HS06,106,32766,6365,106,fully_inside,1.0,False
100,HS06,106,32767,6365,106,fully_inside,1.0,False
100,HS06,106,32768,6365,106,fully_inside,1.0,False
100,HS06,106,32769,6365,106,fully_inside,1.0,False
100,HS06,106,32770,6365,106,fully_inside,1.0,False
100,HS06,106,32771,6365,106,fully_inside,0.9999999999873709,False
100,HS06,106,32772,6365,106,fully_inside,0.999999999662024,False
100,HS06,106,32773,6365,106,fully_inside,0.9999999999961471,False
100,HS06,106,32774,6365,106,fully_inside,0.9999999999967423,False
100,HS06,106,32775,6357,106,fully_outside,0.0,False
100,HS06,106,32776,6357,106,fully_outside,0.0,False
100,HS06,106,32777,6367,106,fully_outside,0.0,False
100,HS06,106,32778,6350,106,fully_outside,0.0,False
100,HS06,106,32779,6367,106,fully_outside,0.0,False
100,HS06,106,32780,6350,106,fully_outside,0.0,False
100,HS06,106,32781,6350,106,fully_outside,0.0,False
100,HS06,106,32782,6367,106,fully_outside,0.0,False
100,HS06,106,32783,6367,106,fully_outside,0.0,False
100,HS06,106,32784,6356,106,crosses_boundary,0.3383307840698507,False
100,HS06,106,32785,6368,106,fully_outside,0.0,False
100,HS06,106,32786,6356,106,crosses_boundary,0.4056989209692715,False
100,HS06,106,32787,6356,106,fully_outside,0.0,False
100,HS06,106,32788,6350,106,fully_outside,0.0,False
100,HS06,106,32789,6356,106,fully_outside,0.0,False
100,HS06,106,32790,6356,106,fully_outside,0.0,False
100,HS06,106,32791,6350,106,fully_outside,0.0,False
100,HS06,106,32792,6350,106,fully_outside,0.0,False
100,HS06,106,32793,6350,106,fully_outside,0.0,False
100,HS06,106,32794,6350,106,fully_outside,0.0,False
100,HS06,106,32795,6350,106,fully_outside,0.0,False
100,HS06,106,32796,6356,106,fully_outside,0.0,False
100,HS06,106,32797,6350,106,fully_outside,0.0,False
100,HS06,106,32798,6368,106,fully_outside,0.0,False
100,HS06,106,32799,6350,106,fully_outside,0.0,False
100,HS06,106,32800,6350,106,fully_outside,0.0,False
100,HS06,106,32801,6350,106,fully_outside,0.0,False
100,HS06,106,32802,6356,106,crosses_boundary,0.2542174409602082,False
100,HS06,106,32803,6350,106,fully_outside,0.0,False
100,HS06,106,32804,6369,106,fully_outside,0.0,False
100,HS06,106,32805,6356,106,crosses_boundary,0.059710232312550654,False
100,HS06,106,32806,6350,106,fully_outside,0.0,False
100,HS06,106,32807,6369,106,fully_outside,0.0,False
100,HS06,106,32808,6350,106,fully_outside,0.0,False
100,HS06,106,32809,6350,106,fully_outside,0.0,False
100,HS06,106,32810,6350,106,fully_outside,0.0,False
100,HS06,106,32811,6367,106,fully_outside,0.0,False
100,HS06,106,32812,6367,106,fully_outside,0.0,False
100,HS06,106,32813,6367,106,fully_outside,0.0,False
100,HS06,106,32814,6367,106,fully_outside,0.0,False
100,HS06,106,32815,6367,106,fully_outside,0.0,False
100,HS06,106,32816,6367,106,fully_outside,0.0,False
100,HS06,106,32817,6369,106,fully_outside,0.0,False
100,HS06,106,32818,6367,106,fully_outside,0.0,False
100,HS06,106,32819,6367,106,fully_outside,0.0,False
100,HS06,106,32820,6367,106,fully_outside,0.0,False
100,HS06,106,32821,6367,106,fully_outside,0.0,False
100,HS06,106,32822,6367,106,fully_outside,0.0,False
100,HS06,106,32823,6367,106,fully_outside,0.0,False
100,HS06,106,32824,6369,106,fully_outside,0.0,False
100,HS06,106,32825,6369,106,fully_outside,0.0,False
100,HS06,106,35089,5731,106,fully_inside,0.9999999999182784,False
100,HS06,106,35139,6624,106,fully_inside,1.0,False
100,HS06,106,35140,6624,106,fully_inside,0.9999999999149723,False
100,HS06,106,35141,6624,106,fully_inside,0.9999999999963227,False
100,HS06,106,35142,6624,106,fully_inside,1.0,False
100,HS06,106,35143,6624,106,fully_inside,1.0,False
100,HS06,106,35144,6624,106,fully_inside,1.0,False
100,HS06,106,35145,6625,106,fully_inside,0.9999999999833254,False
100,HS06,106,35215,6626,106,fully_inside,1.0,False
100,HS06,106,35217,6627,106,fully_inside,1.0,False
100,HS06,106,35254,6632,106,fully_inside,0.9999999999883855,False
100,HS06,106,35255,6625,106,fully_inside,1.0,False
100,HS06,106,35256,6625,106,fully_inside,0.9999999999955658,False
100,HS06,106,35257,5732,106,fully_inside,0.9999999982363545,False
100,HS06,106,35258,6633,106,fully_inside,1.0,False
100,HS06,106,35259,6633,106,fully_inside,1.0,False
100,HS06,106,35260,6625,106,fully_inside,1.0,False
100,HS06,106,35261,6634,106,fully_inside,1.0,False
100,HS06,106,35262,6635,106,fully_inside,0.9999999999884058,False
100,HS06,106,35263,5715,106,fully_inside,0.9999999999708509,False
100,HS06,106,35269,6637,106,fully_inside,1.0,False
100,HS06,106,35270,6625,106,fully_inside,1.0,False
100,HS06,106,35271,5715,106,fully_inside,0.9999999999042325,False
100,HS06,106,35272,6638,106,fully_inside,0.9999999999944004,False
100,HS06,106,36017,5600,106,fully_inside,0.9999999999975405,False
100,HS06,106,36018,5614,106,fully_inside,0.9999999999997794,False
100,HS06,106,36020,5612,106,fully_outside,0.0,False
100,HS06,106,36021,5600,106,fully_inside,1.0,False
100,HS06,106,36022,6736,106,fully_inside,0.9999999999965955,False
100,HS06,106,36024,5612,106,fully_outside,0.0,False
100,HS06,106,36026,5614,106,fully_inside,1.0,False
100,HS06,106,36027,6737,106,fully_inside,0.9999999999965955,False
100,HS06,106,36054,5615,106,fully_inside,0.9999999999997794,False
100,HS06,106,36055,5618,106,fully_inside,0.9999999999997794,False
100,HS06,106,36057,5612,106,fully_outside,0.0,False
100,HS06,106,36058,5615,106,fully_inside,1.0,False
100,HS06,106,36059,6739,106,fully_inside,1.0,False
100,HS06,106,36062,5612,106,fully_outside,0.0,False
100,HS06,106,36063,5618,106,fully_inside,1.0,False
100,HS06,106,36064,6740,106,fully_inside,0.9999999999965955,False
100,HS06,106,36143,6634,106,fully_inside,0.9999999999999168,False
100,HS06,106,36144,6634,106,fully_inside,0.9999999999929043,False
100,HS06,106,36145,6634,106,fully_inside,0.9999999999924485,False
100,HS06,106,36146,6632,106,fully_inside,1.0,False
100,HS06,106,36147,6638,106,fully_inside,0.9999999999921262,False
100,HS06,106,36151,6634,106,fully_inside,0.9999999999982483,False
100,HS06,106,36152,6634,106,fully_inside,1.0,False
100,HS06,106,36153,6762,106,crosses_boundary,0.24998822003443205,False
100,HS06,106,36156,5731,106,fully_inside,1.0,False
100,HS06,106,36157,6763,106,fully_inside,0.9999999999987572,False
100,HS06,106,36172,6637,106,fully_inside,1.0,False
100,HS06,106,36173,6632,106,fully_inside,0.9999999999999216,False
100,HS06,106,36178,6634,106,fully_inside,0.9999999999810741,False
100,HS06,106,36179,6638,106,fully_inside,1.0,False
100,HS06,106,36180,6634,106,fully_inside,1.0,False
100,HS06,106,36181,6626,106,fully_inside,0.9999999999947295,False
100,HS06,106,36183,5612,106,fully_outside,0.0,False
100,HS06,106,36185,5731,106,fully_inside,1.0,False
100,HS06,106,36187,6626,106,fully_inside,1.0,False
100,HS06,106,36371,5600,106,fully_inside,0.9999999999977927,False
100,HS06,106,36373,5614,106,fully_inside,0.9999999999992213,False
100,HS06,106,36375,5615,106,fully_inside,0.9999999999992213,False
100,HS06,106,36377,5618,106,fully_inside,0.9999999999992213,False
100,HS06,106,38207,5619,106,fully_inside,0.9999999999997794,False
100,HS06,106,38208,6113,106,fully_inside,0.9999999999997794,False
100,HS06,106,38210,5612,106,fully_outside,0.0,False
100,HS06,106,38211,5619,106,fully_inside,1.0,False
100,HS06,106,38213,7027,106,fully_inside,1.0,False
100,HS06,106,38215,5612,106,fully_outside,0.0,False
100,HS06,106,38216,6113,106,fully_inside,1.0,False
100,HS06,106,38218,7028,106,fully_inside,0.9999999999965937,False
100,HS06,106,38327,6330,106,fully_inside,0.9999999999803304,False
100,HS06,106,38329,5612,106,fully_outside,0.0,False
100,HS06,106,38331,5612,106,fully_outside,0.0,False
100,HS06,106,38332,6124,106,fully_inside,0.9999999999969664,False
100,HS06,106,38333,7033,106,fully_inside,0.999999999611466,False
100,HS06,106,38334,7033,106,fully_inside,0.9999999998921403,False
100,HS06,106,38335,7033,106,fully_inside,0.9999999999614754,False
100,HS06,106,38336,7033,106,fully_inside,1.0,False
100,HS06,106,38337,7033,106,fully_inside,0.9999999999966079,False
100,HS06,106,38338,7033,106,fully_inside,0.9999999998148354,False
100,HS06,106,38339,7033,106,fully_inside,1.0,False
100,HS06,106,38340,7033,106,fully_inside,1.0,False
100,HS06,106,38341,7033,106,fully_inside,1.0,False
100,HS06,106,38342,7033,106,fully_inside,0.9999999998941836,False
100,HS06,106,38343,7033,106,fully_inside,1.0,False
100,HS06,106,38344,7034,106,fully_inside,0.9999999999897866,False
100,HS06,106,38345,7035,106,fully_inside,0.9999999999346104,False
100,HS06,106,38346,7036,106,fully_inside,0.9999999999753586,False
100,HS06,106,38347,6301,106,fully_inside,0.9999999997437743,False
100,HS06,106,38348,7035,106,fully_inside,0.9999999998607655,False
100,HS06,106,38349,7034,106,fully_inside,1.0,False
100,HS06,106,38350,7034,106,fully_inside,0.9999999999703798,False
100,HS06,106,38351,7037,106,fully_inside,0.9999999999748687,False
100,HS06,106,38352,7037,106,fully_inside,0.9999999997766367,False
100,HS06,106,38353,6331,106,fully_inside,1.0,False
100,HS06,106,38354,7038,106,fully_inside,0.9999999998820633,False
100,HS06,106,38355,7038,106,fully_inside,0.9999999999945087,False
100,HS06,106,38356,7034,106,fully_inside,1.0,False
100,HS06,106,38357,7039,106,fully_inside,0.9999999999814606,False
100,HS06,106,38358,6302,106,fully_inside,0.9999999999529017,False
100,HS06,106,38359,7040,106,fully_inside,1.0,False
100,HS06,106,38360,7041,106,fully_inside,0.9999999999957059,False
100,HS06,106,38361,7042,106,fully_inside,1.0,False
100,HS06,106,38362,7035,106,fully_inside,0.999999999998079,False
100,HS06,106,38363,6302,106,fully_inside,0.9999999998568327,False
100,HS06,106,38364,7034,106,fully_inside,1.0,False
100,HS06,106,38365,7043,106,fully_inside,1.0,False
100,HS06,106,38366,6298,106,fully_inside,1.0,False
100,HS06,106,38581,7083,106,fully_outside,0.0,False
100,HS06,106,38582,7084,106,fully_outside,0.0,False
100,HS06,106,38583,6350,106,fully_outside,0.0,False
100,HS06,106,38584,6356,106,fully_outside,0.0,False
100,HS06,106,38585,7084,106,fully_outside,0.0,False
100,HS06,106,38586,6350,106,fully_outside,0.0,False
100,HS06,106,38587,6350,106,fully_outside,0.0,False
100,HS06,106,38588,6356,106,fully_outside,0.0,False
100,HS06,106,38589,7084,106,fully_outside,0.0,False
100,HS06,106,38590,6350,106,fully_outside,0.0,False
100,HS06,106,38591,6350,106,fully_outside,0.0,False
100,HS06,106,38592,6350,106,fully_outside,0.0,False
100,HS06,106,38593,7084,106,fully_outside,0.0,False
100,HS06,106,38594,7083,106,fully_outside,0.0,False
100,HS06,106,38595,6350,106,fully_outside,0.0,False
100,HS06,106,38596,6350,106,fully_outside,0.0,False
100,HS06,106,38597,7085,106,fully_outside,0.0,False
100,HS06,106,38598,6350,106,fully_outside,0.0,False
100,HS06,106,38599,6356,106,fully_outside,0.0,False
100,HS06,106,38600,6350,106,fully_outside,0.0,False
100,HS06,106,38601,6350,106,fully_outside,0.0,False
100,HS06,106,38602,6350,106,fully_outside,0.0,False
100,HS06,106,38603,6350,106,fully_outside,0.0,False
100,HS06,106,38604,6350,106,fully_outside,0.0,False
100,HS06,106,38605,6350,106,fully_outside,0.0,False
100,HS06,106,38606,6356,106,fully_outside,0.0,False
100,HS06,106,38607,6350,106,fully_outside,0.0,False
100,HS06,106,38608,7084,106,fully_outside,0.0,False
100,HS06,106,38609,7084,106,fully_outside,0.0,False
100,HS06,106,38610,7084,106,fully_outside,0.0,False
100,HS06,106,38611,7084,106,fully_outside,0.0,False
100,HS06,106,38612,7084,106,fully_outside,0.0,False
100,HS06,106,38613,7084,106,fully_outside,0.0,False
100,HS06,106,38614,7084,106,fully_outside,0.0,False
100,HS06,106,38615,7084,106,fully_outside,0.0,False
100,HS06,106,38616,7084,106,fully_outside,0.0,False
100,HS06,106,38617,7084,106,fully_outside,0.0,False
100,HS06,106,38618,7084,106,fully_outside,0.0,False
100,HS06,106,38619,7084,106,fully_outside,0.0,False
100,HS06,106,38620,7084,106,fully_outside,0.0,False
100,HS06,106,38621,7085,106,fully_outside,0.0,False
100,HS06,106,38622,7085,106,fully_outside,0.0,False
100,HS06,106,38623,7085,106,fully_outside,0.0,False
100,HS06,106,38624,6356,106,fully_outside,0.0,False
100,HS06,106,38625,6350,106,fully_outside,0.0,False
100,HS06,106,38626,6356,106,fully_outside,0.0,False
100,HS06,106,38627,7086,106,fully_outside,0.0,False
100,HS06,106,38628,7086,106,fully_outside,0.0,False
100,HS06,106,38629,6350,106,fully_outside,0.0,False
100,HS06,106,38630,7086,106,fully_outside,0.0,False
100,HS06,106,38631,6356,106,fully_outside,0.0,False
100,HS06,106,38632,6356,106,fully_outside,0.0,False
100,HS06,106,38633,6350,106,fully_outside,0.0,False
100,HS06,106,38634,6350,106,fully_outside,0.0,False
100,HS06,106,38635,7087,106,fully_outside,0.0,False
100,HS06,106,38636,7086,106,fully_outside,0.0,False
100,HS06,106,38637,6350,106,fully_outside,0.0,False
100,HS06,106,38638,7087,106,fully_outside,0.0,False
100,HS06,106,38639,7088,106,crosses_boundary,0.34465140164039787,False
100,HS06,106,38640,6356,106,fully_outside,0.0,False
100,HS06,106,38641,6350,106,fully_outside,0.0,False
100,HS06,106,38642,6350,106,fully_outside,0.0,False
100,HS06,106,38643,6350,106,fully_outside,0.0,False
100,HS06,106,38644,6356,106,fully_outside,0.0,False
100,HS06,106,38645,6350,106,fully_outside,0.0,False
100,HS06,106,38646,6350,106,fully_outside,0.0,False
100,HS06,106,38647,7089,106,fully_outside,0.0,False
100,HS06,106,38648,6350,106,fully_outside,0.0,False
100,HS06,106,38649,6350,106,fully_outside,0.0,False
100,HS06,106,38650,6350,106,fully_outside,0.0,False
100,HS06,106,38651,6350,106,fully_outside,0.0,False
100,HS06,106,38652,6350,106,fully_outside,0.0,False
100,HS06,106,38653,6352,106,crosses_boundary,0.29690390759976126,False
100,HS06,106,38654,6350,106,fully_outside,0.0,False
100,HS06,106,38655,6356,106,fully_outside,0.0,False
100,HS06,106,38656,6350,106,fully_outside,0.0,False
100,HS06,106,38657,6350,106,fully_outside,0.0,False
100,HS06,106,38658,6357,106,fully_inside,1.0,False
100,HS06,106,38659,6357,106,fully_inside,1.0,False
100,HS06,106,38660,6357,106,fully_inside,1.0,False
100,HS06,106,38661,6357,106,fully_inside,1.0,False
100,HS06,106,38662,6357,106,fully_inside,0.9999999999932541,False
100,HS06,106,38663,7086,106,fully_outside,0.0,False
100,HS06,106,38664,7086,106,fully_outside,0.0,False
100,HS06,106,38665,7086,106,fully_outside,0.0,False
100,HS06,106,38666,6369,106,fully_outside,0.0,False
100,HS06,106,38667,7086,106,fully_outside,0.0,False
100,HS06,106,38668,7086,106,fully_outside,0.0,False
100,HS06,106,38669,7086,106,fully_outside,0.0,False
100,HS06,106,38670,7089,106,fully_outside,0.0,False
100,HS06,106,38671,7086,106,fully_outside,0.0,False
100,HS06,106,38672,7086,106,fully_outside,0.0,False
100,HS06,106,38673,7086,106,fully_outside,0.0,False
100,HS06,106,38674,7086,106,fully_outside,0.0,False
100,HS06,106,38675,7086,106,fully_outside,0.0,False
100,HS06,106,38676,7086,106,fully_outside,0.0,False
100,HS06,106,38677,7086,106,fully_outside,0.0,False
100,HS06,106,38678,7089,106,fully_outside,0.0,False
100,HS06,106,38679,7089,106,fully_outside,0.0,False
100,HS06,106,38680,7089,106,fully_outside,0.0,False
100,HS06,106,38681,6350,106,fully_outside,0.0,False
100,HS06,106,38682,6350,106,fully_outside,0.0,False
100,HS06,106,38683,6357,106,crosses_boundary,0.6380821523575718,False
100,HS06,106,38684,6357,106,fully_outside,0.0,False
100,HS06,106,38685,6357,106,fully_inside,0.9999999999991941,False
100,HS06,106,38686,6357,106,fully_inside,1.0,False
100,HS06,106,38687,6357,106,fully_inside,0.9999999999994061,False
100,HS06,106,38688,6357,106,fully_inside,0.9999999999991941,False
100,HS06,106,38689,6357,106,fully_inside,0.9999999999957088,False
100,HS06,106,38700,7093,106,fully_outside,0.0,False
100,HS06,106,38701,7093,106,fully_outside,0.0,False
100,HS06,106,38709,7093,106,fully_outside,0.0,False
100,HS06,106,38710,7093,106,fully_outside,0.0,False
100,HS06,106,38711,7093,106,fully_outside,0.0,False
100,HS06,106,38713,7095,106,crosses_boundary,0.11050944979325382,False
100,HS06,106,38723,6350,106,fully_outside,0.0,False
100,HS06,106,38725,6350,106,fully_outside,0.0,False
100,HS06,106,38726,7101,106,fully_outside,0.0,False
100,HS06,106,38730,6350,106,fully_outside,0.0,False
100,HS06,106,38742,7085,106,fully_outside,0.0,False
100,HS06,106,38745,7103,106,fully_outside,0.0,False
100,HS06,106,38783,6357,106,fully_outside,0.0,False
100,HS06,106,38784,6357,106,fully_outside,0.0,False
100,HS06,106,38799,6357,106,fully_outside,0.0,False
100,HS06,106,38800,6357,106,fully_outside,0.0,False
100,HS06,106,38801,7109,106,crosses_boundary,0.3388450053874734,False
100,HS06,106,38802,6357,106,fully_outside,0.0,False
100,HS06,106,38803,6350,106,fully_inside,1.0,False
100,HS06,106,38804,7110,106,fully_inside,0.9999999999696216,False
100,HS06,106,38805,6350,106,fully_inside,1.0,False
100,HS06,106,38806,6350,106,fully_inside,0.999999999994633,False
100,HS06,106,38807,6357,106,fully_outside,0.0,False
100,HS06,106,38808,6357,106,fully_outside,0.0,False
100,HS06,106,38809,7110,106,fully_inside,0.9999999999501521,False
100,HS06,106,38810,7110,106,fully_inside,1.0,False
100,HS06,106,38811,6350,106,fully_inside,1.0,False
100,HS06,106,38812,6350,106,fully_inside,0.9999999998774254,False
100,HS06,106,38813,7110,106,fully_inside,1.0,False
100,HS06,106,38814,6350,106,fully_inside,1.0,False
100,HS06,106,38815,6350,106,fully_inside,0.9999999999963197,False
100,HS06,106,38816,6350,106,fully_inside,1.0,False
100,HS06,106,38817,6350,106,fully_inside,1.0,False
100,HS06,106,38818,7110,106,fully_inside,0.9999999999696216,False
100,HS06,106,38819,7110,106,fully_inside,0.9999999998411313,False
100,HS06,106,38820,7110,106,fully_inside,0.9999999999696216,False
100,HS06,106,38823,7112,106,crosses_boundary,0.7499882197552007,False
100,HS06,106,38824,7113,106,fully_inside,0.9999999999987368,False
100,HS06,106,38827,6330,106,fully_inside,1.0,False
100,HS06,106,38828,7036,106,fully_inside,0.9999999999955851,False
100,HS06,106,38829,7040,106,fully_inside,0.9999999999955965,False
100,HS06,106,38831,7035,106,fully_inside,0.9999999999798606,False
100,HS06,106,38832,6298,106,fully_inside,1.0,False
100,HS06,106,38833,7040,106,fully_inside,0.9999999999811878,False
100,HS06,106,38834,5619,106,fully_inside,0.9999999999992213,False
100,HS06,106,38836,6113,106,fully_inside,0.9999999999992213,False
100,HS06,106,38838,5612,106,fully_outside,0.0,False
100,HS06,106,38839,7041,106,fully_inside,0.9999999999777357,False
100,HS06,106,38840,7042,106,fully_inside,1.0,False
100,HS06,106,38841,6330,106,fully_inside,0.9999999999990266,False
100,HS06,106,38842,7036,106,fully_inside,0.9999999999951554,False
100,HS06,106,38844,7040,106,fully_inside,0.9999999999977118,False
100,HS06,106,38845,6330,106,fully_inside,1.0,False
100,HS06,106,38956,7093,106,crosses_boundary,0.40685809051272187,False
100,HS06,106,38959,7122,106,crosses_boundary,0.2585726131414936,False
100,HS06,106,38961,7093,106,fully_inside,0.9999999999985731,False
100,HS06,106,38962,7093,106,fully_inside,1.0,False
100,HS06,106,38963,7093,106,fully_inside,1.0,False
100,HS06,106,38964,6330,106,fully_inside,0.9999999999999986,False
100,HS06,106,38965,7123,106,fully_inside,0.9999999999999476,False
100,HS06,106,38966,7124,106,fully_inside,1.0,False
100,HS06,106,38967,7123,106,fully_inside,0.9999999999997315,False
100,HS06,106,38968,7124,106,fully_inside,0.9999999999999928,False
100,HS06,106,38969,7125,106,crosses_boundary,0.6546549506116467,False
100,HS06,106,38970,7093,106,fully_inside,0.9999999999998721,False
100,HS06,106,39003,6357,106,fully_outside,0.0,False
100,HS06,106,39070,6350,106,crosses_boundary,0.3572424039599872,False
100,HS06,106,39071,7110,106,fully_inside,0.9999999999696216,False
100,HS06,106,39072,6350,106,fully_inside,1.0,False
100,HS06,106,39073,6350,106,fully_inside,1.0,False
100,HS06,106,39074,7110,106,fully_inside,0.9999999999696216,False
100,HS06,106,39075,7110,106,fully_inside,1.0,False
100,HS06,106,39076,7110,106,fully_inside,1.0,False
100,HS06,106,39077,7110,106,fully_inside,0.9999999998800699,False
100,HS06,106,39078,6350,106,fully_inside,0.9999999999565019,False
100,HS06,106,39079,6350,106,fully_inside,1.0,False
100,HS06,106,39080,7132,106,crosses_boundary,0.7362836410762628,False
100,HS06,106,39081,7110,106,fully_inside,0.9999999999501523,False
100,HS06,106,39082,7110,106,fully_inside,1.0,False
100,HS06,106,39083,7110,106,fully_inside,0.9999999998800699,False
100,HS06,106,39084,7110,106,fully_inside,0.9999999999698417,False
100,HS06,106,39085,6350,106,crosses_boundary,0.8341433253766695,False
100,HS06,106,39086,6350,106,fully_outside,0.0,False
100,HS06,106,39087,6350,106,fully_outside,0.0,False
100,HS06,106,39088,7110,106,crosses_boundary,0.16508679182798794,False
100,HS06,106,39089,6350,106,fully_outside,0.0,False
100,HS06,106,39090,7110,106,fully_outside,0.0,False
100,HS06,106,39091,7110,106,fully_outside,0.0,False
100,HS06,106,39092,7110,106,fully_outside,0.0,False
100,HS06,106,39093,6350,106,fully_outside,0.0,False
100,HS06,106,39094,6350,106,fully_outside,0.0,False
100,HS06,106,39095,7110,106,crosses_boundary,0.7097508193716745,False
100,HS06,106,39111,7110,106,fully_outside,0.0,False
100,HS06,106,39112,6350,106,fully_outside,0.0,False
100,HS06,106,39113,6350,106,fully_outside,0.0,False
100,HS06,106,39114,6350,106,fully_outside,0.0,False
100,HS06,106,39115,7110,106,fully_outside,0.0,False
100,HS06,106,39116,7110,106,fully_outside,0.0,False
100,HS06,106,39118,7110,106,fully_outside,0.0,False
100,HS06,106,39119,6350,106,fully_outside,0.0,False
100,HS06,106,39120,7110,106,fully_outside,0.0,False
100,HS06,106,39121,7110,106,fully_outside,0.0,False
100,HS06,106,39122,7110,106,fully_outside,0.0,False
100,HS06,106,39123,6350,106,fully_outside,0.0,False
100,HS06,106,39124,7110,106,fully_outside,0.0,False
100,HS06,106,39132,5598,106,fully_inside,1.0,False
100,HS06,106,39133,5598,106,fully_inside,1.0,False
100,HS06,106,39165,2374,110,crosses_boundary,0.07021833196497347,False
100,HS06,106,39166,2750,110,crosses_boundary,0.540148137196055,False
100,HS06,106,39167,2750,110,crosses_boundary,0.5415847013941129,False
100,HS06,106,39168,2750,110,crosses_boundary,0.5387191738531879,False
100,HS06,106,39169,2750,110,crosses_boundary,0.5344624069146932,False
100,HS06,106,39170,2750,110,crosses_boundary,0.5330559268869158,False
100,HS06,106,39171,2750,110,crosses_boundary,0.531653148139079,False
100,HS06,106,39172,2750,110,crosses_boundary,0.5372939908692627,False
100,HS06,106,39173,2750,110,crosses_boundary,0.5358763286274201,False
100,HS06,106,39174,2750,110,crosses_boundary,0.5288659804729858,False
100,HS06,106,39175,2750,110,crosses_boundary,0.5288659804721625,False
100,HS06,106,39176,2750,110,crosses_boundary,0.5219940885370156,False
100,HS06,106,39177,2750,110,crosses_boundary,0.5206347289472841,False
100,HS06,106,39178,2750,110,crosses_boundary,0.5274815145614499,False
100,HS06,106,39179,2750,110,crosses_boundary,0.5261006728928534,False
100,HS06,106,39180,2750,110,crosses_boundary,0.524727041895649,False
100,HS06,106,39181,2750,110,crosses_boundary,0.5302577330711948,False
100,HS06,106,39182,2750,110,crosses_boundary,0.5165988008079755,False
100,HS06,106,39183,5598,106,crosses_boundary,0.7397314130639325,False
100,HS06,106,39184,7142,106,crosses_boundary,0.7261108264708108,False
100,HS06,106,39185,5598,106,fully_inside,0.9999999999999949,False
100,HS06,106,39186,5598,106,fully_inside,1.0,False
100,HS06,106,39187,5598,106,fully_inside,0.9999999999996542,False
100,HS06,106,39188,7143,106,fully_inside,0.999999999998494,False
100,HS06,106,39222,7150,106,fully_inside,0.9999999999976442,False
100,HS06,106,39223,7151,106,fully_inside,1.0,False
100,HS06,106,39284,5598,106,fully_inside,1.0,False
100,HS06,106,39285,5598,106,fully_inside,0.999999999999997,False
100,HS06,106,39286,5598,106,fully_inside,1.0,False
100,HS06,106,39288,5598,106,fully_inside,0.9999999999996511,False
100,HS06,106,39289,6131,106,fully_inside,1.0,False
100,HS06,106,39290,6131,106,fully_inside,1.0,False
100,HS06,106,39291,5598,106,fully_inside,0.9999999999998151,False
100,HS06,106,39292,5598,106,fully_inside,1.0,False
100,HS06,106,39293,5598,106,fully_inside,0.9999999999990017,False
100,HS06,106,39294,5598,106,fully_inside,1.0,False
100,HS06,106,39295,5598,106,fully_inside,1.0,False
100,HS06,106,39296,5598,106,fully_inside,1.0,False
100,HS06,106,39297,5598,106,fully_inside,0.9999999999990531,False
100,HS06,106,39298,5598,106,fully_inside,0.9999999999991462,False
100,HS06,106,39299,5598,106,fully_inside,0.9999999999999603,False
100,HS06,106,39300,6131,106,fully_inside,1.0,False
100,HS06,106,39301,6131,106,fully_inside,0.9999999999999979,False
100,HS06,106,39302,5598,106,fully_inside,1.0,False
100,HS06,106,39303,5598,106,fully_inside,0.999999999999904,False
100,HS06,106,39304,5598,106,fully_inside,0.9999999999999675,False
100,HS06,106,39305,5598,106,fully_inside,1.0,False
100,HS06,106,39306,5598,106,fully_inside,1.0,False
100,HS06,106,39307,6131,106,fully_inside,0.9999999999962701,False
100,HS06,106,39308,6131,106,fully_inside,0.9999999999961404,False
100,HS06,106,39309,6131,106,fully_inside,0.9999999999998685,False
100,HS06,106,39310,6131,106,fully_inside,0.999999999999083,False
100,HS06,106,39311,6131,106,fully_inside,1.0,False
100,HS06,106,39312,6131,106,fully_inside,1.0,False
100,HS06,106,39313,6357,106,fully_inside,1.0,False
100,HS06,106,39314,7158,106,fully_inside,1.0,False
100,HS06,106,39315,7158,106,fully_inside,0.9999999999777862,False
100,HS06,106,39316,6350,106,fully_inside,1.0,False
100,HS06,106,39317,6350,106,fully_inside,1.0,False
100,HS06,106,39318,7159,106,fully_inside,0.9999999998411861,False
100,HS06,106,39319,7158,106,fully_inside,0.9999999999955672,False
100,HS06,106,39320,6350,106,fully_inside,1.0,False
100,HS06,106,39321,6350,106,fully_inside,0.9999999992181628,False
100,HS06,106,39322,6352,106,fully_inside,1.0,False
100,HS06,106,39323,6352,106,fully_inside,0.9999999998576954,False
100,HS06,106,39324,6350,106,fully_inside,1.0,False
100,HS06,106,39325,6350,106,fully_inside,1.0,False
100,HS06,106,39326,7159,106,fully_inside,1.0,False
100,HS06,106,39327,7159,106,fully_inside,1.0,False
100,HS06,106,39328,7159,106,fully_inside,0.9999999999941812,False
100,HS06,106,39329,7159,106,fully_inside,0.9999999999955623,False
100,HS06,106,39330,6134,106,fully_inside,1.0,False
100,HS06,106,39331,6134,106,fully_inside,1.0,False
100,HS06,106,39332,6131,106,fully_inside,1.0,False
100,HS06,106,39333,6131,106,fully_inside,1.0,False
100,HS06,106,39334,6131,106,fully_inside,0.999999999999975,False
100,HS06,106,39335,6131,106,fully_inside,1.0,False
100,HS06,106,39336,6131,106,fully_inside,1.0,False
100,HS06,106,39337,6131,106,fully_inside,0.9999999999999498,False
100,HS06,106,39338,5598,106,fully_inside,1.0,False
100,HS06,106,39339,5598,106,fully_inside,0.9999999999827478,False
100,HS06,106,39340,5598,106,fully_inside,0.9999999999793564,False
100,HS06,106,39341,5598,106,fully_inside,0.9999999999960792,False
100,HS06,106,39342,5598,106,fully_inside,1.0,False
100,HS06,106,39343,5598,106,fully_inside,1.0,False
100,HS06,106,39344,6131,106,crosses_boundary,0.9979354423091551,False
100,HS06,106,39345,6131,106,crosses_boundary,0.9979354423101727,False
100,HS06,106,39346,6131,106,fully_inside,1.0,False
100,HS06,106,39347,6131,106,fully_inside,1.0,False
100,HS06,106,39348,5598,106,fully_inside,0.9999999999953444,False
100,HS06,106,39349,6131,106,fully_inside,0.9999999999994121,False
100,HS06,106,39350,6131,106,crosses_boundary,0.9798746872647528,False
100,HS06,106,39351,6131,106,crosses_boundary,0.9334138897470096,False
100,HS06,106,39354,6131,106,fully_inside,1.0,False
100,HS06,106,39355,6131,106,fully_inside,1.0,False
100,HS06,106,39356,6131,106,fully_inside,1.0,False
100,HS06,106,39357,6131,106,fully_inside,0.9999999999998119,False
100,HS06,106,39358,6131,106,fully_inside,1.0,False
100,HS06,106,39359,6131,106,crosses_boundary,0.9891610721262574,False
100,HS06,106,39360,6131,106,fully_inside,0.9999999999996054,False
100,HS06,106,39361,6131,106,fully_inside,1.0,False
100,HS06,106,39362,6131,106,fully_inside,1.0,False
100,HS06,106,39363,6131,106,fully_inside,0.999999999990993,False
100,HS06,106,39364,6131,106,fully_inside,1.0,False
100,HS06,106,39365,6131,106,fully_inside,0.9999999999851656,False
100,HS06,106,39381,5598,106,fully_inside,1.0,False
100,HS06,106,39382,5598,106,fully_inside,1.0,False
100,HS06,106,39383,5598,106,fully_inside,0.999999999999412,False
100,HS06,106,39384,5598,106,fully_inside,0.9999999999994722,False
100,HS06,106,39385,7163,106,fully_inside,0.9999999998609856,False
100,HS06,106,39386,7164,106,fully_inside,0.9999999998937511,False
100,HS06,106,39387,7165,106,fully_inside,1.0,False
100,HS06,106,39388,7164,106,fully_inside,1.0,False
100,HS06,106,39389,7164,106,fully_inside,0.9999999998869448,False
100,HS06,106,39390,7164,106,fully_inside,0.9999999997022045,False
100,HS06,106,39391,7164,106,fully_inside,1.0,False
100,HS06,106,39401,6131,106,fully_inside,0.999999999999981,False
100,HS06,106,39402,6131,106,fully_inside,1.0,False
100,HS06,106,39403,6131,106,fully_inside,0.9999999999993577,False
100,HS06,106,39404,6131,106,fully_inside,1.0,False
100,HS06,106,39405,6131,106,fully_inside,1.0,False
100,HS06,106,39406,6131,106,fully_inside,1.0,False
100,HS06,106,39407,6131,106,fully_inside,0.9999999999989803,False
100,HS06,106,39414,6131,106,fully_inside,1.0,False
100,HS06,106,39415,6131,106,fully_inside,0.999999999997584,False
100,HS06,106,39416,6131,106,fully_inside,1.0,False
100,HS06,106,39417,6131,106,fully_inside,0.9999999999982743,False
100,HS06,106,39418,6131,106,fully_inside,1.0,False
100,HS06,106,39419,6131,106,fully_inside,0.9999999999990846,False
100,HS06,106,39420,6131,106,fully_inside,1.0,False
100,HS06,106,39421,6131,106,fully_inside,1.0,False
100,HS06,106,39422,6131,106,fully_inside,0.9999999999851659,False
100,HS06,106,39423,6131,106,fully_inside,1.0,False
100,HS06,106,39430,7172,106,fully_inside,0.9999999999943824,False
100,HS06,106,39431,7173,106,fully_inside,1.0,False
100,HS06,106,39437,7179,106,fully_inside,0.9999999999878644,False
100,HS06,106,39438,7180,106,fully_inside,0.9999999999998064,False
100,HS06,106,39439,7181,106,fully_inside,1.0,False
100,HS06,106,39440,7182,106,fully_inside,0.9999999999878644,False
100,HS06,106,39441,7183,106,fully_inside,0.9999999999706207,False
100,HS06,106,39442,7184,106,fully_inside,0.9999999999943824,False
100,HS06,106,39443,7185,106,fully_inside,0.9999999999941173,False
100,HS06,106,39449,7187,106,fully_inside,0.9999999999712963,False
100,HS06,106,39450,7188,106,fully_inside,1.0,False
100,HS06,106,39451,6298,106,fully_inside,0.999999999994127,False
100,HS06,106,39452,7189,106,fully_inside,0.999999999998494,False
100,HS06,106,39453,7190,106,fully_inside,1.0,False
100,HS06,106,39454,7190,106,fully_inside,1.0,False
100,HS06,106,39455,7191,106,fully_inside,1.0,False
100,HS06,106,39456,6357,106,fully_inside,0.99999999999268,False
100,HS06,106,39457,6357,106,fully_inside,1.0,False
100,HS06,106,39458,7192,106,fully_inside,0.9999999999949748,False
100,HS06,106,39459,7158,106,fully_inside,1.0,False
100,HS06,106,39460,7192,106,fully_inside,0.9999999999205699,False
100,HS06,106,39461,6350,106,fully_inside,1.0,False
100,HS06,106,39462,6350,106,fully_inside,1.0,False
100,HS06,106,39463,7192,106,fully_inside,1.0,False
100,HS06,106,39464,7164,106,fully_inside,0.9999999999912749,False
100,HS06,106,39465,7164,106,fully_inside,1.0,False
100,HS06,106,39466,7164,106,fully_inside,1.0,False
100,HS06,106,39467,7164,106,fully_inside,0.9999999999731014,False
100,HS06,106,39468,7193,106,fully_inside,0.9999999999901269,False
100,HS06,106,39469,7164,106,fully_inside,1.0,False
100,HS06,106,39470,7164,106,fully_inside,1.0,False
100,HS06,106,39477,7196,106,fully_inside,1.0,False
100,HS06,106,39478,7197,106,fully_inside,0.9999999999858741,False
100,HS06,106,39479,7198,106,fully_inside,0.9999999999854337,False
100,HS06,106,39480,7199,106,fully_inside,0.9999999999979761,False
100,HS06,106,39481,7172,106,fully_inside,0.9999999999943824,False
100,HS06,106,39482,7200,106,fully_inside,1.0,False
100,HS06,106,39491,7164,106,fully_inside,0.9999999999633818,False
100,HS06,106,39492,7164,106,fully_inside,1.0,False
100,HS06,106,39493,7164,106,fully_inside,1.0,False
100,HS06,106,39502,7203,106,fully_inside,0.9999999999799478,False
100,HS06,106,39506,7203,106,fully_inside,1.0,False
100,HS06,106,39507,7203,106,fully_inside,1.0,False
100,HS06,106,39538,7205,106,fully_inside,0.9999999999985618,False
100,HS06,106,39539,7206,106,fully_inside,0.9999999999844512,False
100,HS06,106,39540,7207,106,fully_inside,0.9999999999892133,False
100,HS06,106,39541,7208,106,fully_inside,0.9999999999997583,False
100,HS06,106,39542,7173,106,fully_inside,0.999999999993209,False
100,HS06,106,39551,7212,106,fully_inside,1.0,False
100,HS06,106,39552,7212,106,fully_inside,0.9999999999990232,False
100,HS06,106,39553,7212,106,fully_inside,0.999999999998711,False
100,HS06,106,39554,7180,106,fully_inside,1.0,False
100,HS06,106,39556,7213,106,fully_inside,1.0,False
100,HS06,106,39558,7182,106,fully_inside,0.9999999999878644,False
100,HS06,106,39559,7183,106,fully_inside,1.0,False
100,HS06,106,39560,7215,106,fully_inside,1.0,False
100,HS06,106,39561,7179,106,fully_inside,0.9999999999878644,False
100,HS06,106,39562,7181,106,fully_inside,1.0,False
100,HS06,106,39563,7184,106,fully_inside,0.9999999999943824,False
100,HS06,106,39564,7187,106,fully_inside,1.0,False
100,HS06,106,39570,7217,106,fully_inside,0.9999999999644681,False
100,HS06,106,39572,7187,106,fully_inside,0.9999999999712963,False
100,HS06,106,39579,7223,106,fully_inside,0.9999999999973705,False
100,HS06,106,39580,7203,106,fully_inside,1.0,False
100,HS06,106,39585,7224,106,fully_inside,1.0,False
100,HS06,106,39586,7212,106,fully_inside,1.0,False
100,HS06,106,39587,7225,106,fully_inside,0.9999999998994843,False
100,HS06,106,39588,7225,106,fully_inside,0.9999999999799845,False
100,HS06,106,39589,7225,106,fully_inside,0.9999999999502073,False
100,HS06,106,39590,7225,106,fully_inside,1.0,False
100,HS06,106,39596,7225,106,fully_inside,0.9999999999799845,False
100,HS06,106,39597,7225,106,fully_inside,1.0,False
100,HS06,106,39598,7225,106,fully_inside,0.9999999998607655,False
100,HS06,106,39599,7225,106,fully_inside,0.9999999998997043,False
100,HS06,106,39600,7225,106,fully_inside,0.9999999998605454,False
100,HS06,106,39601,7225,106,fully_inside,1.0,False
100,HS06,106,39602,7225,106,fully_inside,0.9999999999714337,False
100,HS06,106,39623,7217,106,fully_inside,1.0,False
100,HS06,106,39628,7164,106,fully_inside,0.9999999999829882,False
100,HS06,106,39629,7164,106,fully_inside,0.9999999999979761,False
100,HS06,106,39634,7203,106,fully_inside,1.0,False
100,HS06,106,39636,7203,106,fully_inside,0.9999999999799478,False
100,HS06,106,39637,7203,106,fully_inside,1.0,False
100,HS06,106,39638,7203,106,fully_inside,0.9999999999799478,False
100,HS06,106,39649,7193,106,fully_inside,0.9999999999961641,False
100,HS06,106,39650,7198,106,fully_inside,1.0,False
100,HS06,106,39651,7196,106,fully_inside,1.0,False
100,HS06,106,39652,7197,106,fully_inside,1.0,False
100,HS06,106,39657,7239,106,fully_inside,0.9999999999994722,False
100,HS06,106,39659,7239,106,fully_inside,0.9999999999994722,False
100,HS06,106,39671,7239,106,fully_inside,0.9999999999955672,False
100,HS06,106,39676,7246,106,fully_inside,1.0,False
100,HS06,106,39677,7207,106,fully_inside,1.0,False
100,HS06,106,39678,7206,106,fully_inside,0.9999999999828205,False
100,HS06,106,39679,7208,106,fully_inside,1.0,False
100,HS06,106,39680,7205,106,fully_inside,0.9999999999998405,False
100,HS06,106,39687,7205,106,fully_inside,1.0,False
100,HS06,106,39688,7212,106,fully_inside,0.9999999999989884,False
100,HS06,106,39689,7225,106,fully_inside,0.9999999998216068,False
100,HS06,106,39690,7225,106,fully_inside,0.9999999998605454,False
100,HS06,106,39691,7225,106,fully_inside,0.9999999999799478,False
100,HS06,106,39707,7225,106,fully_inside,0.9999999999799478,False
100,HS06,106,39713,7258,106,fully_inside,0.999999999984785,False
100,HS06,106,39720,7217,106,fully_inside,1.0,False
100,HS06,106,39725,7261,106,fully_inside,1.0,False
100,HS06,106,39738,7217,106,fully_inside,0.9999999999855927,False
100,HS06,106,39739,7258,106,fully_inside,1.0,False
100,HS06,106,41362,7548,106,fully_inside,0.9999999999999929,False
100,HS06,106,41460,7143,106,fully_inside,0.9999999999894104,False
100,HS06,106,41469,7558,110,fully_inside,1.0,False
100,HS06,106,41470,7559,106,fully_inside,1.0,False
100,HS06,106,41471,7151,106,fully_inside,1.0,False
100,HS06,106,41472,7150,106,fully_inside,1.0,False
100,HS06,106,41473,5715,106,fully_inside,0.9999999999938696,False
100,HS06,106,41474,7150,106,fully_inside,1.0,False
100,HS06,106,41476,5715,106,fully_inside,0.9999999999879761,False
100,HS06,106,41477,2932,110,crosses_boundary,0.01150516476822414,False
100,HS06,106,41478,7548,106,fully_inside,1.0,False
100,HS06,106,41480,7558,110,fully_inside,0.9999999999993532,False
100,HS06,106,41481,6298,106,fully_inside,0.9999999999967044,False
100,HS06,106,41482,7189,106,fully_inside,0.9999999999894104,False
100,HS06,106,41483,6357,106,fully_inside,1.0,False
100,HS06,106,41484,7158,106,fully_inside,1.0,False
100,HS06,106,41485,6350,106,fully_inside,0.9999999999918038,False
100,HS06,106,41487,6350,106,fully_inside,0.9999999999709042,False
100,HS06,106,41488,7110,106,fully_inside,0.9999999999696216,False
100,HS06,106,41489,7110,106,fully_inside,0.9999999999696216,False
100,HS06,106,41490,7560,106,fully_inside,1.0,False
100,HS06,106,41491,7560,106,fully_inside,1.0,False
100,HS06,106,41494,7239,106,fully_inside,0.9999999999955672,False
100,HS06,106,41497,7561,106,fully_inside,0.9999999998605454,False
100,HS06,106,41499,7561,106,fully_inside,0.999999999989091,False
100,HS06,106,41500,7561,106,fully_inside,1.0,False
100,HS06,106,41501,7561,106,fully_inside,0.9999999999696216,False
100,HS06,106,41502,7561,106,fully_inside,1.0,False
100,HS06,106,41504,7561,106,fully_inside,0.9999999998605459,False
100,HS06,106,41506,7561,106,fully_inside,0.9999999999501523,False
100,HS06,106,41508,7561,106,fully_inside,0.9999999998475659,False
100,HS06,106,41509,7261,106,fully_inside,0.9999999999954472,False
100,HS06,106,41510,7261,106,fully_inside,1.0,False
100,HS06,106,41511,7563,106,fully_inside,0.9999999999964098,False
100,HS06,106,41516,7563,106,fully_inside,0.9999999999925384,False
100,HS06,106,41517,7563,106,crosses_boundary,0.9514624810442125,False
100,HS06,106,41518,7565,106,crosses_boundary,0.72256941967023,False
100,HS06,106,41544,7261,106,crosses_boundary,0.9043964063695481,False
100,HS06,106,41577,7217,106,fully_inside,0.9999999999471942,False
100,HS06,106,41578,7217,106,fully_inside,0.9999999999727938,False
100,HS06,106,41613,7191,106,fully_inside,0.9999999999936978,False
100,HS06,106,41614,7190,106,fully_inside,1.0,False
100,HS06,106,41615,6302,106,fully_inside,1.0,False
100,HS06,106,41616,6298,106,fully_inside,0.9999999999314811,False
100,HS06,106,41617,6298,106,fully_inside,1.0,False
100,HS06,106,41618,6302,106,fully_inside,1.0,False
100,HS06,106,41619,7559,106,fully_inside,1.0,False
100,HS06,106,41620,7578,106,fully_inside,0.9999999999999717,False
100,HS06,106,41621,7125,106,fully_inside,1.0,False
100,HS06,106,41622,7578,106,fully_inside,1.0,False
100,HS06,106,41623,7093,106,fully_inside,1.0,False
100,HS06,106,41624,7093,106,fully_inside,0.9999999999997602,False
100,HS06,106,41625,7578,106,fully_inside,0.9999999999996073,False
100,HS06,106,41626,7093,106,fully_inside,1.0,False
100,HS06,106,41627,7095,106,fully_inside,0.999999999999353,False
100,HS06,106,41628,7095,106,fully_inside,1.0,False
100,HS06,106,41629,7579,106,fully_inside,1.0,False
100,HS06,106,41630,7132,106,fully_inside,0.999999999999353,False
100,HS06,106,41631,7580,106,fully_inside,0.9999999999998399,False
100,HS06,106,41632,7581,106,fully_inside,0.9999999999999359,False
100,HS06,106,41633,7581,106,fully_inside,1.0,False
100,HS06,106,41634,7582,106,fully_inside,1.0,False
100,HS06,106,41635,7582,106,fully_inside,0.999999999999692,False
100,HS06,106,41636,7582,106,fully_inside,1.0,False
100,HS06,106,41637,7583,106,fully_inside,0.9999999999996313,False
100,HS06,106,41642,7587,106,fully_inside,1.0,False
100,HS06,106,41643,7587,106,fully_inside,1.0,False
100,HS06,106,41644,7588,106,fully_inside,1.0,False
100,HS06,106,41645,7560,106,fully_inside,1.0,False
100,HS06,106,42645,6131,106,fully_outside,0.0,False
100,HS06,106,42646,6131,106,fully_outside,0.0,False
100,HS06,106,42647,6131,106,fully_outside,0.0,False
100,HS06,106,42648,6131,106,fully_outside,0.0,False
100,HS06,106,42649,6131,106,fully_outside,0.0,False
100,HS06,106,42650,6131,106,fully_outside,0.0,False
100,HS06,106,42651,6131,106,fully_inside,1.0,False
100,HS06,106,42652,6131,106,fully_inside,1.0,False
100,HS06,106,42653,6131,106,fully_inside,0.9999999999998793,False
100,HS06,106,42654,6131,106,fully_inside,0.9999999999999899,False
100,HS06,106,42655,6131,106,fully_inside,0.9999999999999367,False
100,HS06,106,42656,6131,106,fully_inside,0.9999999999999899,False
100,HS06,106,42657,6131,106,fully_inside,0.9999999999999398,False
100,HS06,106,42669,6131,106,fully_outside,0.0,False
100,HS06,106,42670,6131,106,fully_outside,0.0,False
100,HS06,106,42671,6131,106,fully_outside,0.0,False
100,HS06,106,42672,6131,106,fully_outside,0.0,False
100,HS06,106,42673,6131,106,fully_outside,0.0,False
100,HS06,106,42674,6131,106,fully_outside,0.0,False
100,HS06,106,42693,6131,106,fully_outside,0.0,False
100,HS06,106,42694,6131,106,fully_outside,0.0,False
100,HS06,106,42695,6131,106,fully_outside,0.0,False
100,HS06,106,42696,6131,106,fully_outside,0.0,False
100,HS06,106,42697,6131,106,fully_outside,0.0,False
100,HS06,106,42698,6131,106,fully_outside,0.0,False
100,HS06,106,42699,6131,106,fully_outside,0.0,False
100,HS06,106,42700,6131,106,fully_outside,0.0,False
100,HS06,106,42701,6131,106,fully_outside,0.0,False
100,HS06,106,42702,6131,106,fully_outside,0.0,False
100,HS06,106,42703,6131,106,fully_outside,0.0,False
100,HS06,106,42704,6131,106,fully_outside,0.0,False
100,HS06,106,42705,6131,106,fully_outside,0.0,False
100,HS06,106,42706,6131,106,fully_inside,0.9999999999999595,False
100,HS06,106,42707,6131,106,fully_inside,0.9999999999999925,False
100,HS06,106,42708,6131,106,fully_inside,1.0,False
100,HS06,106,42709,6131,106,fully_inside,1.0,False
100,HS06,106,42710,6131,106,fully_inside,0.999999999999931,False
100,HS06,106,42711,6131,106,crosses_boundary,0.8190410761766213,False
100,HS06,106,42712,6131,106,fully_inside,1.0,False
100,HS06,106,42713,6131,106,fully_inside,1.0,False
100,HS06,106,42714,6131,106,fully_inside,0.9999999999999671,False
100,HS06,106,42715,6131,106,fully_inside,0.9999999999998127,False
100,HS06,106,42716,7700,106,fully_outside,0.0,False
100,HS06,106,42717,7700,106,fully_outside,0.0,False
100,HS06,106,42718,7701,106,fully_outside,0.0,False
100,HS06,106,42719,7700,106,fully_outside,0.0,False
100,HS06,106,42720,7702,106,fully_outside,0.0,False
100,HS06,106,42721,7703,106,fully_outside,0.0,False
100,HS06,106,42722,7702,106,fully_outside,0.0,False
100,HS06,106,42723,7704,106,fully_outside,0.0,False
100,HS06,106,42724,7700,106,fully_outside,0.0,False
100,HS06,106,42725,7700,106,fully_outside,0.0,False
100,HS06,106,42726,7705,106,fully_outside,0.0,False
100,HS06,106,42727,7704,106,fully_outside,0.0,False
100,HS06,106,42786,6131,106,fully_outside,0.0,False
100,HS06,106,42787,6131,106,fully_outside,0.0,False
100,HS06,106,42788,6131,106,fully_outside,0.0,False
100,HS06,106,42789,6131,106,fully_outside,0.0,False
100,HS06,106,42790,6131,106,fully_outside,0.0,False
100,HS06,106,42791,6131,106,fully_outside,0.0,False
100,HS06,106,42792,6131,106,fully_outside,0.0,False
100,HS06,106,42793,6131,106,fully_outside,0.0,False
100,HS06,106,42797,6131,106,fully_outside,0.0,False
100,HS06,106,42800,6131,106,fully_outside,0.0,False
100,HS06,106,42801,6131,106,fully_outside,0.0,False
100,HS06,106,42802,6131,106,fully_outside,0.0,False
100,HS06,106,42803,6131,106,fully_outside,0.0,False
100,HS06,106,42804,6131,106,fully_outside,0.0,False
100,HS06,106,42805,6131,106,fully_outside,0.0,False
100,HS06,106,42806,6131,106,fully_outside,0.0,False
100,HS06,106,42807,6131,106,fully_outside,0.0,False
100,HS06,106,42808,6131,106,fully_outside,0.0,False
100,HS06,106,42809,6131,106,fully_inside,0.9999999999999316,False
100,HS06,106,42810,6131,106,fully_inside,0.9999999999999925,False
100,HS06,106,42811,6131,106,fully_inside,0.9999999999999959,False
100,HS06,106,42812,6131,106,fully_outside,0.0,False
100,HS06,106,42813,6131,106,fully_outside,0.0,False
100,HS06,106,42814,6131,106,fully_outside,0.0,False
100,HS06,106,42815,6131,106,fully_outside,0.0,False
100,HS06,106,42816,6131,106,fully_outside,0.0,False
100,HS06,106,42817,6131,106,fully_outside,0.0,False
100,HS06,106,42818,6131,106,fully_outside,0.0,False
100,HS06,106,42819,6131,106,crosses_boundary,0.022265014665173524,False
100,HS06,106,42820,6131,106,crosses_boundary,0.6380821523533,False
100,HS06,106,42821,6131,106,fully_inside,0.999999999999996,False
100,HS06,106,42822,6131,106,fully_inside,1.0,False
100,HS06,106,42823,7712,106,fully_outside,0.0,False
100,HS06,106,42824,7712,106,fully_outside,0.0,False
100,HS06,106,42825,7713,106,fully_outside,0.0,False
100,HS06,106,42826,7712,106,fully_outside,0.0,False
100,HS06,106,42827,7714,106,fully_outside,0.0,False
100,HS06,106,42828,7715,106,fully_outside,0.0,False
100,HS06,106,42829,6131,106,fully_outside,0.0,False
100,HS06,106,42830,6131,106,fully_outside,0.0,False
100,HS06,106,42831,6131,106,fully_outside,0.0,False
100,HS06,106,42833,6131,106,fully_outside,0.0,False
100,HS06,106,42834,6131,106,fully_outside,0.0,False
100,HS06,106,42835,6131,106,fully_outside,0.0,False
100,HS06,106,42836,6131,106,fully_outside,0.0,False
100,HS06,106,42837,6131,106,fully_outside,0.0,False
100,HS06,106,42838,6131,106,fully_outside,0.0,False
100,HS06,106,42839,6131,106,fully_outside,0.0,False
100,HS06,106,42840,6131,106,fully_outside,0.0,False
100,HS06,106,42841,6131,106,fully_outside,0.0,False
100,HS06,106,42842,6131,106,fully_outside,0.0,False
100,HS06,106,42843,6131,106,fully_inside,1.0,False
100,HS06,106,42844,6131,106,fully_inside,0.9999999999999144,False
100,HS06,106,42845,6131,106,fully_outside,0.0,False
100,HS06,106,42846,6131,106,fully_outside,0.0,False
100,HS06,106,42847,6131,106,fully_outside,0.0,False
100,HS06,106,42848,6131,106,fully_outside,0.0,False
100,HS06,106,42994,7737,106,fully_inside,0.9999999999501511,False
100,HS06,106,42995,6134,106,fully_inside,0.999999999989091,False
100,HS06,106,42996,6134,106,fully_inside,1.0,False
100,HS06,106,42997,6134,106,fully_inside,0.9999999998605454,False
100,HS06,106,42998,6134,106,fully_inside,1.0,False
100,HS06,106,42999,7737,106,fully_inside,1.0,False
100,HS06,106,43000,6134,106,fully_inside,0.9999999998605454,False
100,HS06,106,43001,7737,106,fully_inside,1.0,False
100,HS06,106,43002,6353,106,fully_inside,1.0,False
100,HS06,106,43003,7738,106,fully_inside,1.0,False
100,HS06,106,43004,6353,106,fully_inside,1.0,False
100,HS06,106,43005,7737,106,fully_inside,0.9999999999232759,False
100,HS06,106,43006,7737,106,fully_inside,1.0,False
100,HS06,106,43007,7737,106,fully_inside,0.9999999999643921,False
100,HS06,106,43008,7739,106,fully_inside,1.0,False
100,HS06,106,43009,6353,106,fully_inside,0.9999999999668214,False
100,HS06,106,43010,7737,106,fully_inside,0.9999999999914518,False
100,HS06,106,43011,7737,106,fully_inside,0.9999999999890248,False
100,HS06,106,43012,7737,106,fully_inside,1.0,False
100,HS06,106,43013,7739,106,fully_inside,0.9999999999980572,False
100,HS06,106,43014,7739,106,fully_inside,1.0,False
100,HS06,106,43015,7739,106,fully_inside,0.9999999999997007,False
100,HS06,106,43016,7739,106,fully_inside,0.9999999999944114,False
100,HS06,106,43017,7739,106,crosses_boundary,0.46340152071613033,False
100,HS06,106,43018,7739,106,fully_outside,0.0,False
100,HS06,106,43019,7739,106,fully_outside,0.0,False
100,HS06,106,43020,7739,106,fully_outside,0.0,False
100,HS06,106,43021,7739,106,fully_outside,0.0,False
100,HS06,106,43022,7739,106,fully_outside,0.0,False
100,HS06,106,43023,7739,106,fully_outside,0.0,False
100,HS06,106,43024,7739,106,fully_outside,0.0,False
100,HS06,106,43025,7739,106,fully_outside,0.0,False
100,HS06,106,43026,6354,106,fully_inside,1.0,False
100,HS06,106,43027,6354,106,fully_inside,0.9999999998216068,False
100,HS06,106,43028,7737,106,fully_inside,0.999999999659192,False
100,HS06,106,43029,6354,106,fully_inside,1.0,False
100,HS06,106,43030,6354,106,fully_inside,1.0,False
100,HS06,106,43031,7739,106,fully_inside,0.9999999999991444,False
100,HS06,106,43032,7739,106,fully_inside,0.9999999999943615,False
100,HS06,106,43033,7739,106,fully_inside,0.9999999999979331,False
100,HS06,106,43034,7739,106,fully_inside,1.0,False
100,HS06,106,43035,7737,106,fully_inside,1.0,False
100,HS06,106,43036,7737,106,fully_inside,1.0,False
100,HS06,106,43037,7739,106,fully_inside,0.9999999999936461,False
100,HS06,106,43038,7739,106,fully_inside,1.0,False
100,HS06,106,43039,6354,106,fully_inside,1.0,False
100,HS06,106,43040,7737,106,fully_inside,0.9999999999851422,False
100,HS06,106,43041,7740,106,fully_inside,1.0,False
100,HS06,106,43042,7739,106,fully_inside,1.0,False
100,HS06,106,43043,7737,106,fully_inside,1.0,False
100,HS06,106,43044,7740,106,fully_inside,0.9999999999866039,False
100,HS06,106,43045,7737,106,fully_inside,0.9999999999725835,False
100,HS06,106,43046,7737,106,fully_inside,0.9999999999565898,False
100,HS06,106,43047,7740,106,fully_inside,1.0,False
100,HS06,106,43048,6358,106,fully_inside,0.9999999998950927,False
100,HS06,106,43049,7737,106,fully_inside,0.9999999999578701,False
100,HS06,106,43050,6358,106,fully_inside,0.999999999993074,False
100,HS06,106,43051,7737,106,fully_inside,0.9999999999504843,False
100,HS06,106,43052,7737,106,fully_inside,1.0,False
100,HS06,106,43053,7737,106,fully_inside,0.999999999968095,False
100,HS06,106,43054,7737,106,fully_inside,0.9999999999986572,False
100,HS06,106,43055,7737,106,fully_inside,0.9999999999902811,False
100,HS06,106,43056,7740,106,fully_inside,0.9999999999985744,False
100,HS06,106,43057,7700,106,fully_outside,0.0,False
100,HS06,106,43058,7700,106,fully_outside,0.0,False
100,HS06,106,43059,7700,106,fully_outside,0.0,False
100,HS06,106,43067,7700,106,fully_outside,0.0,False
100,HS06,106,43068,7700,106,fully_outside,0.0,False
100,HS06,106,43071,7743,106,fully_outside,0.0,False
100,HS06,106,43072,7744,106,fully_outside,0.0,False
100,HS06,106,43073,7745,106,fully_outside,0.0,False
100,HS06,106,43076,7700,106,fully_outside,0.0,False
100,HS06,106,43082,7746,106,fully_outside,0.0,False
100,HS06,106,43084,7700,106,fully_outside,0.0,False
100,HS06,106,43088,7700,106,fully_outside,0.0,False
100,HS06,106,43089,7704,106,fully_outside,0.0,False
100,HS06,106,43090,7700,106,fully_outside,0.0,False
100,HS06,106,43091,7704,106,fully_outside,0.0,False
100,HS06,106,43092,7701,106,fully_outside,0.0,False
100,HS06,106,43093,7701,106,fully_outside,0.0,False
100,HS06,106,43094,7701,106,fully_outside,0.0,False
100,HS06,106,43095,7701,106,fully_outside,0.0,False
100,HS06,106,43096,7701,106,fully_outside,0.0,False
100,HS06,106,43097,7701,106,fully_outside,0.0,False
100,HS06,106,43098,7747,106,fully_outside,0.0,False
100,HS06,106,43099,7700,106,fully_outside,0.0,False
100,HS06,106,43100,7702,106,fully_outside,0.0,False
100,HS06,106,43101,7704,106,fully_outside,0.0,False
100,HS06,106,43111,7739,106,fully_outside,0.0,False
100,HS06,106,43112,7739,106,fully_outside,0.0,False
100,HS06,106,43113,7739,106,fully_outside,0.0,False
100,HS06,106,43115,7737,106,crosses_boundary,0.27616430488913224,False
100,HS06,106,43116,6364,106,fully_outside,0.0,False
100,HS06,106,43117,7737,106,crosses_boundary,0.022265014745484576,False
100,HS06,106,43118,7749,106,fully_outside,0.0,False
100,HS06,106,43119,6364,106,fully_outside,0.0,False
100,HS06,106,43120,6364,106,fully_outside,0.0,False
100,HS06,106,43121,6365,106,fully_inside,0.9999999996815522,False
100,HS06,106,43122,6365,106,fully_inside,1.0,False
100,HS06,106,43123,6365,106,fully_inside,0.9999999998605454,False
100,HS06,106,43124,6365,106,fully_inside,0.9999999996815522,False
100,HS06,106,43125,7737,106,fully_inside,0.9999999997551873,False
100,HS06,106,43126,7737,106,fully_inside,1.0,False
100,HS06,106,43127,7737,106,fully_inside,1.0,False
100,HS06,106,43128,7740,106,fully_inside,1.0,False
100,HS06,106,43129,7737,106,fully_inside,1.0,False
100,HS06,106,43130,7737,106,fully_inside,1.0,False
100,HS06,106,43131,7737,106,fully_inside,0.9999999998787675,False
100,HS06,106,43132,7737,106,fully_inside,1.0,False
100,HS06,106,43133,7740,106,fully_inside,0.9999999999938436,False
100,HS06,106,43134,7737,106,fully_inside,1.0,False
100,HS06,106,43135,7737,106,fully_inside,0.9999999999694369,False
100,HS06,106,43136,7737,106,fully_inside,0.9999999999690146,False
100,HS06,106,43137,7737,106,fully_inside,0.9999999999968875,False
100,HS06,106,43138,7740,106,crosses_boundary,0.9724050315701159,False
100,HS06,106,43139,7737,106,fully_inside,1.0,False
100,HS06,106,43140,7737,106,fully_inside,1.0,False
100,HS06,106,43141,7737,106,crosses_boundary,0.8417845473827082,False
100,HS06,106,43142,7737,106,fully_inside,1.0,False
100,HS06,106,43143,7739,106,fully_inside,0.9999999999815854,False
100,HS06,106,43144,7739,106,fully_inside,1.0,False
100,HS06,106,43145,7740,106,fully_inside,0.9999999999519956,False
100,HS06,106,43146,7740,106,fully_inside,1.0,False
100,HS06,106,43147,7740,106,fully_inside,1.0,False
100,HS06,106,43148,7750,106,fully_inside,0.9999999999953952,False
100,HS06,106,43149,7750,106,fully_inside,0.9999999999968763,False
100,HS06,106,43150,7739,106,fully_inside,0.9999999999960498,False
100,HS06,106,43151,7739,106,fully_inside,1.0,False
100,HS06,106,43152,7739,106,fully_inside,0.9999999999553595,False
100,HS06,106,43153,7739,106,fully_inside,1.0,False
100,HS06,106,43154,7739,106,fully_inside,1.0,False
100,HS06,106,43155,6369,106,fully_outside,0.0,False
100,HS06,106,43156,7737,106,fully_outside,0.0,False
100,HS06,106,43157,6367,106,fully_outside,0.0,False
100,HS06,106,43158,6367,106,fully_outside,0.0,False
100,HS06,106,43159,6367,106,fully_outside,0.0,False
100,HS06,106,43160,6367,106,fully_outside,0.0,False
100,HS06,106,43161,6367,106,fully_outside,0.0,False
100,HS06,106,43162,7737,106,crosses_boundary,0.5437927841935386,False
100,HS06,106,43163,7737,106,fully_outside,0.0,False
100,HS06,106,43164,7737,106,fully_outside,0.0,False
100,HS06,106,43165,7737,106,fully_outside,0.0,False
100,HS06,106,43166,7751,106,fully_outside,0.0,False
100,HS06,106,43167,6369,106,fully_outside,0.0,False
100,HS06,106,43168,7737,106,fully_outside,0.0,False
100,HS06,106,43169,7737,106,fully_outside,0.0,False
100,HS06,106,43170,7737,106,crosses_boundary,0.4462514776035194,False
100,HS06,106,43171,7737,106,fully_outside,0.0,False
100,HS06,106,43172,7737,106,fully_outside,0.0,False
100,HS06,106,43173,7737,106,fully_outside,0.0,False
100,HS06,106,43174,7740,106,crosses_boundary,0.42123159652349973,False
100,HS06,106,43175,7739,106,fully_outside,0.0,False
100,HS06,106,43176,7739,106,fully_outside,0.0,False
100,HS06,106,43177,7739,106,fully_outside,0.0,False
100,HS06,106,43178,7740,106,crosses_boundary,0.7580985295447616,False
100,HS06,106,43179,7737,106,fully_inside,1.0,False
100,HS06,106,43180,7737,106,fully_inside,0.9999999999352711,False
100,HS06,106,43181,7737,106,fully_inside,1.0,False
100,HS06,106,43182,7740,106,crosses_boundary,0.5577139946731592,False
100,HS06,106,43183,7737,106,fully_inside,0.9999999999439511,False
100,HS06,106,43184,7740,106,fully_inside,1.0,False
100,HS06,106,43185,7739,106,fully_inside,0.999999999996712,False
100,HS06,106,43186,7739,106,fully_inside,0.9999999999958663,False
100,HS06,106,43187,7739,106,fully_inside,1.0,False
100,HS06,106,43188,7739,106,fully_inside,0.999999999993237,False
100,HS06,106,43189,7739,106,fully_inside,1.0,False
100,HS06,106,43190,7739,106,fully_inside,0.99999999998373,False
100,HS06,106,43191,7750,106,fully_inside,1.0,False
100,HS06,106,43192,7750,106,fully_inside,1.0,False
100,HS06,106,43193,7750,106,fully_inside,1.0,False
100,HS06,106,43194,7750,106,fully_inside,0.9999999999982587,False
100,HS06,106,43195,7750,106,fully_inside,0.9999999999981701,False
100,HS06,106,43196,7739,106,fully_inside,0.9999999999827477,False
100,HS06,106,43197,7739,106,fully_inside,1.0,False
100,HS06,106,43198,7739,106,fully_inside,0.9999999999951723,False
100,HS06,106,43199,7739,106,fully_inside,1.0,False
100,HS06,106,43200,7739,106,fully_inside,0.9999999999650978,False
100,HS06,106,43201,7739,106,fully_inside,1.0,False
100,HS06,106,43202,7750,106,fully_inside,1.0,False
100,HS06,106,43203,7750,106,fully_inside,1.0,False
100,HS06,106,43204,7750,106,fully_inside,1.0,False
100,HS06,106,43205,7750,106,fully_inside,0.9999999999933348,False
100,HS06,106,43206,7750,106,fully_inside,0.9999999999822653,False
100,HS06,106,43207,7739,106,fully_inside,1.0,False
100,HS06,106,43208,7739,106,fully_inside,1.0,False
100,HS06,106,43209,7739,106,fully_inside,0.9999999999881006,False
100,HS06,106,43210,7739,106,fully_inside,1.0,False
100,HS06,106,43211,7739,106,fully_inside,0.9999999999838534,False
100,HS06,106,43212,7740,106,fully_inside,0.9999999998760855,False
100,HS06,106,43213,7740,106,fully_inside,0.9999999996507819,False
100,HS06,106,43214,7740,106,fully_inside,1.0,False
100,HS06,106,43215,7750,106,fully_inside,0.9999999999922845,False
100,HS06,106,43216,7750,106,fully_inside,0.9999999999933764,False
100,HS06,106,43217,7750,106,fully_inside,1.0,False
100,HS06,106,43218,7750,106,fully_inside,0.9999999999757283,False
100,HS06,106,43219,7739,106,fully_inside,0.9999999999601765,False
100,HS06,106,43220,7739,106,crosses_boundary,0.9250895129062953,False
100,HS06,106,43221,7750,106,fully_inside,0.9999999999997532,False
100,HS06,106,43222,7750,106,fully_inside,0.9999999999792606,False
100,HS06,106,43223,7750,106,fully_inside,0.9999999999980895,False
100,HS06,106,43224,7750,106,fully_inside,0.9999999999614703,False
100,HS06,106,43225,7750,106,fully_inside,1.0,False
100,HS06,106,43226,7750,106,fully_inside,1.0,False
100,HS06,106,43227,7750,106,fully_inside,0.9999999999974779,False
100,HS06,106,43234,7700,106,fully_outside,0.0,False
100,HS06,106,43235,7700,106,fully_outside,0.0,False
100,HS06,106,43236,7700,106,fully_outside,0.0,False
100,HS06,106,43237,7700,106,fully_outside,0.0,False
100,HS06,106,43238,7700,106,fully_outside,0.0,False
100,HS06,106,43239,7700,106,fully_outside,0.0,False
100,HS06,106,43244,7743,106,fully_outside,0.0,False
100,HS06,106,43245,7744,106,fully_outside,0.0,False
100,HS06,106,43246,7745,106,fully_outside,0.0,False
100,HS06,106,43247,7745,106,fully_outside,0.0,False
100,HS06,106,43248,7745,106,fully_outside,0.0,False
100,HS06,106,43254,7754,106,fully_outside,0.0,False
100,HS06,106,43296,7754,106,fully_outside,0.0,False
100,HS06,106,43297,7754,106,fully_outside,0.0,False
100,HS06,106,43298,7754,106,fully_outside,0.0,False
100,HS06,106,43299,7754,106,fully_outside,0.0,False
100,HS06,106,43300,7754,106,fully_outside,0.0,False
100,HS06,106,43303,7754,106,fully_outside,0.0,False
100,HS06,106,43304,7754,106,fully_outside,0.0,False
100,HS06,106,43305,7754,106,fully_outside,0.0,False
100,HS06,106,43306,7754,106,fully_outside,0.0,False
100,HS06,106,43311,7754,106,fully_outside,0.0,False
100,HS06,106,43312,7754,106,fully_outside,0.0,False
100,HS06,106,43314,7754,106,fully_outside,0.0,False
100,HS06,106,43317,7704,106,fully_outside,0.0,False
100,HS06,106,43322,7758,106,fully_outside,0.0,False
100,HS06,106,43332,7763,106,fully_outside,0.0,False
100,HS06,106,43341,7758,106,fully_outside,0.0,False
100,HS06,106,43343,7758,106,fully_outside,0.0,False
100,HS06,106,43345,7765,106,fully_outside,0.0,False
100,HS06,106,43347,7765,106,fully_outside,0.0,False
100,HS06,106,43348,7765,106,fully_outside,0.0,False
100,HS06,106,43349,7765,106,fully_outside,0.0,False
100,HS06,106,43350,7765,106,fully_outside,0.0,False
100,HS06,106,43351,7766,106,fully_outside,0.0,False
100,HS06,106,43352,7766,106,fully_outside,0.0,False
100,HS06,106,43353,7766,106,fully_outside,0.0,False
100,HS06,106,43354,7700,106,fully_outside,0.0,False
100,HS06,106,43367,7746,106,fully_outside,0.0,False
100,HS06,106,43369,7768,106,fully_outside,0.0,False
100,HS06,106,43370,7768,106,fully_outside,0.0,False
100,HS06,106,43371,7768,106,fully_outside,0.0,False
100,HS06,106,43372,7768,106,fully_outside,0.0,False
100,HS06,106,43373,7700,106,fully_outside,0.0,False
100,HS06,106,43374,7704,106,fully_outside,0.0,False
100,HS06,106,43375,7700,106,fully_outside,0.0,False
100,HS06,106,43376,7701,106,fully_outside,0.0,False
100,HS06,106,43377,7701,106,fully_outside,0.0,False
100,HS06,106,43378,7701,106,fully_outside,0.0,False
100,HS06,106,43379,7701,106,fully_outside,0.0,False
100,HS06,106,43380,7701,106,fully_outside,0.0,False
100,HS06,106,43381,7701,106,fully_outside,0.0,False
100,HS06,106,43382,7701,106,fully_outside,0.0,False
100,HS06,106,43383,7701,106,fully_outside,0.0,False
100,HS06,106,43384,7701,106,fully_outside,0.0,False
100,HS06,106,43385,7701,106,fully_outside,0.0,False
100,HS06,106,43386,7747,106,fully_outside,0.0,False
100,HS06,106,43387,7702,106,fully_outside,0.0,False
100,HS06,106,43731,7712,106,fully_outside,0.0,False
100,HS06,106,43732,7712,106,fully_outside,0.0,False
100,HS06,106,43733,7712,106,fully_outside,0.0,False
100,HS06,106,43741,7712,106,fully_outside,0.0,False
100,HS06,106,43742,7712,106,fully_outside,0.0,False
100,HS06,106,43744,7715,106,fully_outside,0.0,False
100,HS06,106,43745,7715,106,fully_outside,0.0,False
100,HS06,106,43749,7796,106,fully_outside,0.0,False
100,HS06,106,43750,7715,106,fully_outside,0.0,False
100,HS06,106,43751,7712,106,fully_outside,0.0,False
100,HS06,106,43755,7715,106,fully_outside,0.0,False
100,HS06,106,43757,7712,106,fully_outside,0.0,False
100,HS06,106,43761,7715,106,fully_outside,0.0,False
100,HS06,106,43765,7712,106,fully_outside,0.0,False
100,HS06,106,43766,7712,106,fully_outside,0.0,False
100,HS06,106,43767,7715,106,fully_outside,0.0,False
100,HS06,106,43768,7715,106,fully_outside,0.0,False
100,HS06,106,43769,7798,106,fully_outside,0.0,False
100,HS06,106,43770,7799,106,fully_outside,0.0,False
100,HS06,106,43771,7799,106,fully_outside,0.0,False
100,HS06,106,43772,7799,106,fully_outside,0.0,False
100,HS06,106,43773,7799,106,fully_outside,0.0,False
100,HS06,106,43774,7800,106,fully_outside,0.0,False
100,HS06,106,43775,7801,106,fully_outside,0.0,False
100,HS06,106,43776,7802,106,fully_outside,0.0,False
100,HS06,106,43777,7803,106,fully_outside,0.0,False
100,HS06,106,43778,7713,106,fully_outside,0.0,False
100,HS06,106,43779,7715,106,fully_outside,0.0,False
100,HS06,106,43787,7712,106,fully_outside,0.0,False
100,HS06,106,43788,7712,106,fully_outside,0.0,False
100,HS06,106,43789,7712,106,fully_outside,0.0,False
100,HS06,106,43790,7712,106,fully_outside,0.0,False
100,HS06,106,43791,7712,106,fully_outside,0.0,False
100,HS06,106,43794,7715,106,fully_outside,0.0,False
100,HS06,106,43795,7715,106,fully_outside,0.0,False
100,HS06,106,43796,7715,106,fully_outside,0.0,False
100,HS06,106,43835,7810,106,fully_outside,0.0,False
100,HS06,106,43836,7810,106,fully_outside,0.0,False
100,HS06,106,43837,7810,106,fully_outside,0.0,False
100,HS06,106,43839,7812,106,fully_outside,0.0,False
100,HS06,106,43841,7810,106,fully_outside,0.0,False
100,HS06,106,43842,7810,106,fully_outside,0.0,False
100,HS06,106,43843,7810,106,fully_outside,0.0,False
100,HS06,106,43844,7810,106,fully_outside,0.0,False
100,HS06,106,43845,7810,106,fully_outside,0.0,False
100,HS06,106,43847,7810,106,fully_outside,0.0,False
100,HS06,106,43849,7810,106,fully_outside,0.0,False
100,HS06,106,43852,7810,106,fully_outside,0.0,False
100,HS06,106,43854,7810,106,fully_outside,0.0,False
100,HS06,106,43859,7796,106,fully_outside,0.0,False
100,HS06,106,43864,7815,106,fully_outside,0.0,False
100,HS06,106,43865,7815,106,fully_outside,0.0,False
100,HS06,106,43873,7819,106,fully_outside,0.0,False
100,HS06,106,43882,7815,106,fully_outside,0.0,False
100,HS06,106,43884,7815,106,fully_outside,0.0,False
100,HS06,106,43887,7821,106,fully_outside,0.0,False
100,HS06,106,43888,7821,106,fully_outside,0.0,False
100,HS06,106,43889,7821,106,fully_outside,0.0,False
100,HS06,106,43890,7821,106,fully_outside,0.0,False
100,HS06,106,43891,7821,106,fully_outside,0.0,False
100,HS06,106,43892,7821,106,fully_outside,0.0,False
100,HS06,106,43893,7712,106,fully_outside,0.0,False
100,HS06,106,43905,7715,106,fully_outside,0.0,False
100,HS06,106,43907,7823,106,fully_outside,0.0,False
100,HS06,106,43908,7824,106,fully_outside,0.0,False
100,HS06,106,43909,7824,106,fully_outside,0.0,False
100,HS06,106,43911,7712,106,fully_outside,0.0,False
100,HS06,106,43912,7712,106,fully_outside,0.0,False
100,HS06,106,43913,7715,106,fully_outside,0.0,False
100,HS06,106,43914,7799,106,fully_outside,0.0,False
100,HS06,106,43915,7799,106,fully_outside,0.0,False
100,HS06,106,43916,7799,106,fully_outside,0.0,False
100,HS06,106,43917,7799,106,fully_outside,0.0,False
100,HS06,106,43918,7801,106,fully_outside,0.0,False
100,HS06,106,43919,7800,106,fully_outside,0.0,False
100,HS06,106,43920,7713,106,fully_outside,0.0,False
100,HS06,106,43921,7799,106,fully_outside,0.0,False
100,HS06,106,43922,7799,106,fully_outside,0.0,False
100,HS06,106,43923,7799,106,fully_outside,0.0,False
100,HS06,106,43924,7799,106,fully_outside,0.0,False
100,HS06,106,43925,7799,106,fully_outside,0.0,False
100,HS06,106,43926,7803,106,fully_outside,0.0,False
100,HS06,106,43927,7802,106,fully_outside,0.0,False
100,HS06,106,45040,6131,106,fully_inside,1.0,False
100,HS06,106,45041,6131,106,fully_inside,0.9999999999999906,False
100,HS06,106,45043,6131,106,crosses_boundary,0.0003975895475706103,False
100,HS06,106,45044,6131,106,crosses_boundary,0.3904771457264499,False
100,HS06,106,45045,6131,106,fully_inside,1.0,False
100,HS06,106,45046,6131,106,fully_inside,0.9999999999995745,False
100,HS06,106,45047,6131,106,fully_inside,0.9999999999999812,False
100,HS06,106,45048,8044,106,fully_outside,0.0,False
100,HS06,106,45050,8046,106,crosses_boundary,0.27616430472587594,False
100,HS06,106,45052,8047,106,crosses_boundary,0.00046385447209365625,False
100,HS06,106,45053,8047,106,crosses_boundary,0.27616430472587594,False
100,HS06,106,45056,8047,106,fully_outside,0.0,False
100,HS06,106,45057,8047,106,fully_outside,0.0,False
100,HS06,106,45058,8047,106,crosses_boundary,0.0037108357752781832,False
100,HS06,106,45059,8048,106,fully_outside,0.0,False
100,HS06,106,45060,8046,106,fully_inside,0.9999999999799845,False
100,HS06,106,45061,8049,106,fully_inside,0.999999999999184,False
100,HS06,106,45062,8047,106,fully_inside,1.0,False
100,HS06,106,45063,8049,106,fully_inside,1.0,False
100,HS06,106,45107,6131,106,crosses_boundary,0.08198086805744302,False
100,HS06,106,45108,6131,106,crosses_boundary,0.8222747768847635,False
100,HS06,106,45232,8083,106,crosses_boundary,0.4986240321231503,False
100,HS06,106,45264,8083,106,crosses_boundary,0.5004635926569717,False
100,HS06,106,45270,8083,106,crosses_boundary,0.6569850002904615,False
100,HS06,106,45272,8096,106,crosses_boundary,0.6743465994302852,False
100,HS06,106,45273,8096,106,crosses_boundary,0.9720557640039867,False
100,HS06,106,46518,7084,106,fully_outside,0.0,False
100,HS06,106,46519,7084,106,fully_outside,0.0,False
100,HS06,106,46520,7084,106,fully_outside,0.0,False
100,HS06,106,46521,7739,106,fully_outside,0.0,False
100,HS06,106,46522,7739,106,fully_outside,0.0,False
100,HS06,106,46523,7737,106,fully_outside,0.0,False
100,HS06,106,46524,7737,106,fully_outside,0.0,False
100,HS06,106,46525,7084,106,fully_outside,0.0,False
100,HS06,106,46526,7737,106,fully_outside,0.0,False
100,HS06,106,46527,7737,106,fully_outside,0.0,False
100,HS06,106,46528,7739,106,fully_outside,0.0,False
100,HS06,106,46529,7739,106,fully_outside,0.0,False
100,HS06,106,46530,7739,106,fully_outside,0.0,False
100,HS06,106,46535,7737,106,fully_outside,0.0,False
100,HS06,106,46536,7737,106,fully_outside,0.0,False
100,HS06,106,46538,7739,106,fully_outside,0.0,False
100,HS06,106,46539,7739,106,fully_outside,0.0,False
100,HS06,106,46540,8271,106,fully_outside,0.0,False
100,HS06,106,46541,7085,106,fully_outside,0.0,False
100,HS06,106,46542,7737,106,fully_outside,0.0,False
100,HS06,106,46543,7737,106,fully_outside,0.0,False
100,HS06,106,46544,7737,106,fully_outside,0.0,False
100,HS06,106,46545,7086,106,fully_outside,0.0,False
100,HS06,106,46546,6369,106,fully_outside,0.0,False
100,HS06,106,46547,7086,106,fully_outside,0.0,False
100,HS06,106,46548,7086,106,fully_outside,0.0,False
100,HS06,106,46549,7737,106,fully_outside,0.0,False
100,HS06,106,46550,7086,106,fully_outside,0.0,False
100,HS06,106,46551,7737,106,fully_outside,0.0,False
100,HS06,106,46552,7739,106,fully_outside,0.0,False
100,HS06,106,46553,7737,106,fully_outside,0.0,False
100,HS06,106,46554,7737,106,fully_outside,0.0,False
100,HS06,106,46555,7737,106,fully_outside,0.0,False
100,HS06,106,46556,7739,106,fully_outside,0.0,False
100,HS06,106,46557,7739,106,fully_outside,0.0,False
100,HS06,106,46558,7739,106,fully_outside,0.0,False
100,HS06,106,46559,7737,106,fully_outside,0.0,False
100,HS06,106,46560,7737,106,fully_outside,0.0,False
100,HS06,106,46561,7737,106,fully_outside,0.0,False
100,HS06,106,46562,7739,106,fully_outside,0.0,False
100,HS06,106,46563,7739,106,fully_outside,0.0,False
100,HS06,106,46564,7737,106,fully_outside,0.0,False
100,HS06,106,46565,7737,106,fully_outside,0.0,False
100,HS06,106,46566,8272,106,crosses_boundary,0.3388450053871951,False
100,HS06,106,46567,8273,106,fully_outside,0.0,False
100,HS06,106,46568,7737,106,fully_outside,0.0,False
100,HS06,106,46569,7739,106,fully_outside,0.0,False
100,HS06,106,46570,7739,106,fully_outside,0.0,False
100,HS06,106,46571,7739,106,fully_outside,0.0,False
100,HS06,106,46572,7739,106,fully_outside,0.0,False
100,HS06,106,46573,7089,106,fully_outside,0.0,False
100,HS06,106,46574,7737,106,fully_outside,0.0,False
100,HS06,106,46575,7737,106,fully_outside,0.0,False
100,HS06,106,46576,7737,106,fully_outside,0.0,False
100,HS06,106,46577,7737,106,fully_outside,0.0,False
100,HS06,106,46578,7739,106,fully_outside,0.0,False
100,HS06,106,46579,7739,106,fully_outside,0.0,False
100,HS06,106,46580,7739,106,fully_outside,0.0,False
100,HS06,106,46581,7737,106,fully_outside,0.0,False
100,HS06,106,46582,7740,106,fully_outside,0.0,False
100,HS06,106,46583,7740,106,fully_outside,0.0,False
100,HS06,106,46584,7740,106,fully_outside,0.0,False
100,HS06,106,46585,7750,106,crosses_boundary,0.4175593554532574,False
100,HS06,106,46586,7750,106,crosses_boundary,0.3492240630739419,False
100,HS06,106,46587,7750,106,crosses_boundary,0.37344760569664376,False
100,HS06,106,46588,7750,106,crosses_boundary,0.9735630071172623,False
100,HS06,106,46589,7750,106,fully_inside,0.9999999999981601,False
100,HS06,106,46590,7750,106,crosses_boundary,0.8529029385506297,False
100,HS06,106,46591,7750,106,crosses_boundary,0.7178738278293155,False
100,HS06,106,46592,7750,106,crosses_boundary,0.5895824179243476,False
100,HS06,106,46593,7750,106,crosses_boundary,0.5164998127857597,False
100,HS06,106,46594,7750,106,crosses_boundary,0.47746250751187547,False
100,HS06,106,46595,8274,106,fully_outside,0.0,False
100,HS06,106,46596,7737,106,fully_outside,0.0,False
100,HS06,106,46597,7737,106,fully_outside,0.0,False
100,HS06,106,46598,7737,106,fully_outside,0.0,False
100,HS06,106,46599,7737,106,fully_outside,0.0,False
100,HS06,106,46600,7737,106,fully_outside,0.0,False
100,HS06,106,46601,7737,106,fully_outside,0.0,False
100,HS06,106,46602,7737,106,fully_outside,0.0,False
100,HS06,106,46603,7750,106,crosses_boundary,0.2825365960224812,False
100,HS06,106,46604,7750,106,crosses_boundary,0.3111782194455398,False
100,HS06,106,46605,7750,106,crosses_boundary,0.26648567276303536,False
100,HS06,106,46606,7750,106,crosses_boundary,0.24083119705161865,False
100,HS06,106,46607,7737,106,fully_outside,0.0,False
100,HS06,106,46608,7750,106,crosses_boundary,0.21001463952485444,False
100,HS06,106,46609,7737,106,fully_outside,0.0,False
100,HS06,106,46610,7750,106,crosses_boundary,0.19190360855881286,False
100,HS06,106,46611,7750,106,crosses_boundary,0.1778568259004821,False
100,HS06,106,46612,7750,106,crosses_boundary,0.16976289534576136,False
100,HS06,106,46613,7740,106,fully_outside,0.0,False
100,HS06,106,46614,7740,106,fully_outside,0.0,False
100,HS06,106,46615,7740,106,fully_outside,0.0,False
100,HS06,106,46616,7750,106,crosses_boundary,0.22119258389563556,False
100,HS06,106,46627,8276,106,fully_outside,0.0,False
100,HS06,106,46628,8277,106,fully_outside,0.0,False
100,HS06,106,46629,8276,106,fully_outside,0.0,False
100,HS06,106,46630,8276,106,fully_outside,0.0,False
100,HS06,106,46631,7700,106,fully_outside,0.0,False
100,HS06,106,46632,8276,106,fully_outside,0.0,False
100,HS06,106,46633,8276,106,fully_outside,0.0,False
100,HS06,106,46634,8276,106,fully_outside,0.0,False
100,HS06,106,46635,7700,106,fully_outside,0.0,False
100,HS06,106,46636,7700,106,fully_outside,0.0,False
100,HS06,106,46637,7700,106,fully_outside,0.0,False
100,HS06,106,46646,8276,106,fully_outside,0.0,False
100,HS06,106,46647,8276,106,fully_outside,0.0,False
100,HS06,106,46648,8276,106,fully_outside,0.0,False
100,HS06,106,46649,7745,106,fully_outside,0.0,False
100,HS06,106,46650,7745,106,fully_outside,0.0,False
100,HS06,106,46651,8276,106,fully_outside,0.0,False
100,HS06,106,46652,8276,106,fully_outside,0.0,False
100,HS06,106,46653,8276,106,fully_outside,0.0,False
100,HS06,106,46654,8276,106,fully_outside,0.0,False
100,HS06,106,46655,7745,106,fully_outside,0.0,False
100,HS06,106,46656,7745,106,fully_outside,0.0,False
100,HS06,106,46657,8276,106,fully_outside,0.0,False
100,HS06,106,46658,8276,106,fully_outside,0.0,False
100,HS06,106,46659,7700,106,fully_outside,0.0,False
100,HS06,106,46660,8276,106,fully_outside,0.0,False
100,HS06,106,46661,8276,106,fully_outside,0.0,False
100,HS06,106,46662,8276,106,fully_outside,0.0,False
100,HS06,106,46663,8276,106,fully_outside,0.0,False
100,HS06,106,46664,8276,106,fully_outside,0.0,False
100,HS06,106,46665,8276,106,fully_outside,0.0,False
100,HS06,106,46666,7745,106,fully_outside,0.0,False
100,HS06,106,46667,7745,106,fully_outside,0.0,False
100,HS06,106,46668,8276,106,fully_outside,0.0,False
100,HS06,106,46669,7745,106,fully_outside,0.0,False
100,HS06,106,46670,7700,106,fully_outside,0.0,False
100,HS06,106,46671,8276,106,fully_outside,0.0,False
100,HS06,106,46672,7700,106,fully_outside,0.0,False
100,HS06,106,46673,7700,106,fully_outside,0.0,False
100,HS06,106,46674,8276,106,fully_outside,0.0,False
100,HS06,106,46675,8276,106,fully_outside,0.0,False
100,HS06,106,46676,8276,106,fully_outside,0.0,False
100,HS06,106,46677,8276,106,fully_outside,0.0,False
100,HS06,106,46678,8276,106,fully_outside,0.0,False
100,HS06,106,46679,8276,106,fully_outside,0.0,False
100,HS06,106,46680,8276,106,fully_outside,0.0,False
100,HS06,106,46681,8276,106,fully_outside,0.0,False
100,HS06,106,46682,8276,106,fully_outside,0.0,False
100,HS06,106,46683,8276,106,fully_outside,0.0,False
100,HS06,106,46684,8276,106,fully_outside,0.0,False
100,HS06,106,46685,7745,106,fully_outside,0.0,False
100,HS06,106,46686,8276,106,fully_outside,0.0,False
100,HS06,106,46687,7745,106,fully_outside,0.0,False
100,HS06,106,46688,8276,106,fully_outside,0.0,False
100,HS06,106,46689,8276,106,fully_outside,0.0,False
100,HS06,106,46690,8276,106,fully_outside,0.0,False
100,HS06,106,46691,8276,106,fully_outside,0.0,False
100,HS06,106,46692,8279,106,fully_outside,0.0,False
100,HS06,106,46693,8276,106,fully_outside,0.0,False
100,HS06,106,46694,8280,106,fully_outside,0.0,False
100,HS06,106,46695,8281,106,fully_outside,0.0,False
100,HS06,106,46696,8282,106,fully_outside,0.0,False
100,HS06,106,46697,8279,106,fully_outside,0.0,False
100,HS06,106,46698,8281,106,fully_outside,0.0,False
100,HS06,106,46699,8276,106,fully_outside,0.0,False
100,HS06,106,46700,8276,106,fully_outside,0.0,False
100,HS06,106,46701,8276,106,fully_outside,0.0,False
100,HS06,106,46702,8283,106,fully_outside,0.0,False
100,HS06,106,46703,8283,106,fully_outside,0.0,False
100,HS06,106,46704,8276,106,fully_outside,0.0,False
100,HS06,106,46705,8284,106,fully_outside,0.0,False
100,HS06,106,46706,8282,106,fully_outside,0.0,False
100,HS06,106,46707,8281,106,fully_outside,0.0,False
100,HS06,106,46708,8282,106,fully_outside,0.0,False
100,HS06,106,46709,8284,106,fully_outside,0.0,False
100,HS06,106,46710,8284,106,fully_outside,0.0,False
100,HS06,106,46711,8281,106,fully_outside,0.0,False
100,HS06,106,46712,8281,106,fully_outside,0.0,False
100,HS06,106,46713,8281,106,fully_outside,0.0,False
100,HS06,106,46714,8281,106,fully_outside,0.0,False
100,HS06,106,46715,8281,106,fully_outside,0.0,False
100,HS06,106,46716,8281,106,fully_outside,0.0,False
100,HS06,106,46717,7700,106,fully_outside,0.0,False
100,HS06,106,46718,7704,106,fully_outside,0.0,False
100,HS06,106,46719,7704,106,fully_outside,0.0,False
100,HS06,106,46720,7700,106,fully_outside,0.0,False
100,HS06,106,46721,7700,106,fully_outside,0.0,False
100,HS06,106,46722,7701,106,fully_outside,0.0,False
100,HS06,106,46723,8285,106,fully_outside,0.0,False
100,HS06,106,46724,7701,106,fully_outside,0.0,False
100,HS06,106,46725,8286,106,fully_outside,0.0,False
100,HS06,106,46726,7701,106,fully_outside,0.0,False
100,HS06,106,46727,7701,106,fully_outside,0.0,False
100,HS06,106,46728,8281,106,fully_outside,0.0,False
100,HS06,106,46729,8281,106,fully_outside,0.0,False
100,HS06,106,46730,8286,106,fully_outside,0.0,False
100,HS06,106,46731,8281,106,fully_outside,0.0,False
100,HS06,106,46732,8281,106,fully_outside,0.0,False
100,HS06,106,46733,8281,106,fully_outside,0.0,False
100,HS06,106,46734,8281,106,fully_outside,0.0,False
100,HS06,106,46735,8287,106,fully_outside,0.0,False
100,HS06,106,46736,7701,106,fully_outside,0.0,False
100,HS06,106,46737,8281,106,fully_outside,0.0,False
100,HS06,106,46738,8281,106,fully_outside,0.0,False
100,HS06,106,46739,8281,106,fully_outside,0.0,False
100,HS06,106,46740,8281,106,fully_outside,0.0,False
100,HS06,106,46760,8289,106,fully_outside,0.0,False
100,HS06,106,46761,7737,106,fully_outside,0.0,False
100,HS06,106,46762,7737,106,fully_outside,0.0,False
100,HS06,106,46763,7737,106,fully_outside,0.0,False
100,HS06,106,46764,7737,106,fully_outside,0.0,False
100,HS06,106,46768,7737,106,fully_outside,0.0,False
100,HS06,106,46769,7737,106,fully_outside,0.0,False
100,HS06,106,46770,7740,106,crosses_boundary,0.11670773329163978,False
100,HS06,106,46771,7750,106,crosses_boundary,0.11752993594297187,False
100,HS06,106,46772,7750,106,crosses_boundary,0.10783936220695474,False
100,HS06,106,46775,7737,106,fully_outside,0.0,False
100,HS06,106,46776,7750,106,crosses_boundary,0.09807509975892818,False
100,HS06,106,46793,7750,106,crosses_boundary,0.08842315841054257,False
100,HS06,106,46794,7737,106,fully_outside,0.0,False
100,HS06,106,46795,8292,106,fully_outside,0.0,False
100,HS06,106,46797,7737,106,fully_outside,0.0,False
100,HS06,106,46798,7737,106,fully_outside,0.0,False
100,HS06,106,46806,7737,106,fully_outside,0.0,False
100,HS06,106,46807,7750,106,crosses_boundary,0.153997615767318,False
100,HS06,106,46808,7737,106,fully_outside,0.0,False
100,HS06,106,46809,7737,106,fully_outside,0.0,False
100,HS06,106,46810,7750,106,crosses_boundary,0.1351733916797882,False
100,HS06,106,46811,7737,106,fully_outside,0.0,False
100,HS06,106,46812,7750,106,crosses_boundary,0.12368701602873279,False
100,HS06,106,46813,7750,106,crosses_boundary,0.20790428236850786,False
100,HS06,106,46814,7750,106,fully_outside,0.0,False
100,HS06,106,46815,8292,106,fully_outside,0.0,False
100,HS06,106,46816,7750,106,fully_outside,0.0,False
100,HS06,106,46817,7750,106,fully_outside,0.0,False
100,HS06,106,46818,7750,106,fully_inside,1.0,False
100,HS06,106,46822,7739,106,fully_inside,0.9999999999021014,False
100,HS06,106,46824,7739,106,fully_inside,0.9999999999584261,False
100,HS06,106,46825,7737,106,fully_inside,0.9999999999956498,False
100,HS06,106,46829,7739,106,fully_inside,1.0,False
100,HS06,106,46830,7739,106,fully_inside,0.9999999999701016,False
100,HS06,106,46831,7739,106,fully_inside,1.0,False
100,HS06,106,46832,7739,106,fully_inside,0.9999999999996244,False
100,HS06,106,46833,7739,106,fully_inside,0.9999999999787178,False
100,HS06,106,46834,8296,106,fully_inside,1.0,False
100,HS06,106,46835,7737,106,fully_inside,0.9999999999905487,False
100,HS06,106,46836,7739,106,fully_inside,1.0,False
100,HS06,106,46837,8296,106,fully_inside,1.0,False
100,HS06,106,46838,7750,106,fully_outside,0.0,False
100,HS06,106,46839,7750,106,fully_outside,0.0,False
100,HS06,106,46843,7737,106,fully_inside,0.9999999999323772,False
100,HS06,106,46844,7737,106,fully_inside,1.0,False
100,HS06,106,46845,7739,106,fully_inside,0.9999999999519144,False
100,HS06,106,46846,7739,106,fully_inside,1.0,False
100,HS06,106,46847,8296,106,fully_inside,0.9999999998411313,False
100,HS06,106,46848,8296,106,fully_inside,0.9999999999698417,False
100,HS06,106,46849,7739,106,fully_inside,0.9999999999138235,False
100,HS06,106,46850,7737,106,fully_inside,1.0,False
100,HS06,106,46851,7737,106,fully_inside,0.9999999999529262,False
100,HS06,106,46852,7739,106,fully_inside,0.9999999999159515,False
100,HS06,106,46853,8296,106,fully_inside,0.9999999999824776,False
100,HS06,106,46854,7739,106,fully_inside,1.0,False
100,HS06,106,46856,7739,106,fully_inside,1.0,False
100,HS06,106,46858,7739,106,fully_inside,0.9999999999330748,False
100,HS06,106,46859,7737,106,fully_inside,0.9999999992376108,False
100,HS06,106,46860,7737,106,fully_inside,0.9999999999373017,False
100,HS06,106,46861,7739,106,fully_inside,1.0,False
100,HS06,106,46862,7737,106,fully_inside,0.999999999999233,False
100,HS06,106,46863,7739,106,fully_inside,0.9999999999700672,False
100,HS06,106,46864,7739,106,fully_inside,0.9999999999982344,False
100,HS06,106,46865,8296,106,fully_inside,1.0,False
100,HS06,106,46866,8296,106,fully_inside,1.0,False
100,HS06,106,46867,8296,106,fully_inside,0.9999999999501523,False
100,HS06,106,46868,8281,106,fully_outside,0.0,False
100,HS06,106,46869,8281,106,fully_outside,0.0,False
100,HS06,106,46870,8281,106,fully_outside,0.0,False
100,HS06,106,46871,8281,106,fully_outside,0.0,False
100,HS06,106,46872,8281,106,fully_outside,0.0,False
100,HS06,106,46873,8282,106,fully_outside,0.0,False
100,HS06,106,46874,8281,106,fully_outside,0.0,False
100,HS06,106,46875,8281,106,fully_outside,0.0,False
100,HS06,106,46876,8281,106,fully_outside,0.0,False
100,HS06,106,46877,8285,106,fully_outside,0.0,False
100,HS06,106,46878,8281,106,fully_outside,0.0,False
100,HS06,106,46879,8281,106,fully_outside,0.0,False
100,HS06,106,46880,8281,106,fully_outside,0.0,False
100,HS06,106,46881,8281,106,fully_outside,0.0,False
100,HS06,106,46882,8281,106,fully_outside,0.0,False
100,HS06,106,46883,8281,106,fully_outside,0.0,False
100,HS06,106,46884,8281,106,fully_outside,0.0,False
100,HS06,106,46885,8287,106,fully_outside,0.0,False
100,HS06,106,46886,8281,106,fully_outside,0.0,False
100,HS06,106,46887,8281,106,fully_outside,0.0,False
100,HS06,106,46998,8302,106,fully_outside,0.0,False
100,HS06,106,46999,8303,106,fully_outside,0.0,False
100,HS06,106,47000,8303,106,fully_outside,0.0,False
100,HS06,106,47001,8304,106,fully_outside,0.0,False
100,HS06,106,47002,7712,106,fully_outside,0.0,False
100,HS06,106,47003,8303,106,fully_outside,0.0,False
100,HS06,106,47004,8303,106,fully_outside,0.0,False
100,HS06,106,47005,8303,106,fully_outside,0.0,False
100,HS06,106,47006,7712,106,fully_outside,0.0,False
100,HS06,106,47007,7712,106,fully_outside,0.0,False
100,HS06,106,47008,7712,106,fully_outside,0.0,False
100,HS06,106,47017,8303,106,fully_outside,0.0,False
100,HS06,106,47018,8303,106,fully_outside,0.0,False
100,HS06,106,47019,8303,106,fully_outside,0.0,False
100,HS06,106,47020,8303,106,fully_outside,0.0,False
100,HS06,106,47021,7715,106,fully_outside,0.0,False
100,HS06,106,47022,7715,106,fully_outside,0.0,False
100,HS06,106,47023,7715,106,fully_outside,0.0,False
100,HS06,106,47024,7715,106,fully_outside,0.0,False
100,HS06,106,47025,8303,106,fully_outside,0.0,False
100,HS06,106,47026,8303,106,fully_outside,0.0,False
100,HS06,106,47027,8303,106,fully_outside,0.0,False
100,HS06,106,47028,7715,106,fully_outside,0.0,False
100,HS06,106,47029,7715,106,fully_outside,0.0,False
100,HS06,106,47030,7715,106,fully_outside,0.0,False
100,HS06,106,47031,8304,106,fully_outside,0.0,False
100,HS06,106,47032,8306,106,fully_outside,0.0,False
100,HS06,106,47033,8302,106,fully_outside,0.0,False
100,HS06,106,47034,8303,106,fully_outside,0.0,False
100,HS06,106,47035,7712,106,fully_outside,0.0,False
100,HS06,106,47036,8303,106,fully_outside,0.0,False
100,HS06,106,47037,8303,106,fully_outside,0.0,False
100,HS06,106,47038,8303,106,fully_outside,0.0,False
100,HS06,106,47039,8303,106,fully_outside,0.0,False
100,HS06,106,47040,8303,106,fully_outside,0.0,False
100,HS06,106,47041,7715,106,fully_outside,0.0,False
100,HS06,106,47042,7715,106,fully_outside,0.0,False
100,HS06,106,47043,8303,106,fully_outside,0.0,False
100,HS06,106,47044,7715,106,fully_outside,0.0,False
100,HS06,106,47045,8303,106,fully_outside,0.0,False
100,HS06,106,47046,7715,106,fully_outside,0.0,False
100,HS06,106,47048,8303,106,fully_outside,0.0,False
100,HS06,106,47049,8303,106,fully_outside,0.0,False
100,HS06,106,47050,8306,106,fully_outside,0.0,False
100,HS06,106,47051,7712,106,fully_outside,0.0,False
100,HS06,106,47052,7712,106,fully_outside,0.0,False
100,HS06,106,47053,8307,106,fully_outside,0.0,False
100,HS06,106,47054,8303,106,fully_outside,0.0,False
100,HS06,106,47055,8303,106,fully_outside,0.0,False
100,HS06,106,47056,8303,106,fully_outside,0.0,False
100,HS06,106,47057,8303,106,fully_outside,0.0,False
100,HS06,106,47058,8303,106,fully_outside,0.0,False
100,HS06,106,47059,8303,106,fully_outside,0.0,False
100,HS06,106,47060,8303,106,fully_outside,0.0,False
100,HS06,106,47061,8303,106,fully_outside,0.0,False
100,HS06,106,47062,8303,106,fully_outside,0.0,False
100,HS06,106,47063,7715,106,fully_outside,0.0,False
100,HS06,106,47064,7715,106,fully_outside,0.0,False
100,HS06,106,47065,8303,106,fully_outside,0.0,False
100,HS06,106,47066,8303,106,fully_outside,0.0,False
100,HS06,106,47067,8308,106,fully_outside,0.0,False
100,HS06,106,47068,8309,106,fully_outside,0.0,False
100,HS06,106,47069,8303,106,fully_outside,0.0,False
100,HS06,106,47070,8310,106,fully_outside,0.0,False
100,HS06,106,47071,8311,106,fully_outside,0.0,False
100,HS06,106,47072,8312,106,fully_outside,0.0,False
100,HS06,106,47073,8313,106,fully_outside,0.0,False
100,HS06,106,47074,8314,106,fully_outside,0.0,False
100,HS06,106,47075,8310,106,fully_outside,0.0,False
100,HS06,106,47076,8303,106,fully_outside,0.0,False
100,HS06,106,47077,8303,106,fully_outside,0.0,False
100,HS06,106,47078,8303,106,fully_outside,0.0,False
100,HS06,106,47079,8303,106,fully_outside,0.0,False
100,HS06,106,47080,8303,106,fully_outside,0.0,False
100,HS06,106,47081,7715,106,fully_outside,0.0,False
100,HS06,106,47082,7715,106,fully_outside,0.0,False
100,HS06,106,47083,7715,106,fully_outside,0.0,False
100,HS06,106,47084,8303,106,fully_outside,0.0,False
100,HS06,106,47085,7715,106,fully_outside,0.0,False
100,HS06,106,47086,8312,106,fully_outside,0.0,False
100,HS06,106,47087,8310,106,fully_outside,0.0,False
100,HS06,106,47088,8312,106,fully_outside,0.0,False
100,HS06,106,47089,8315,106,fully_outside,0.0,False
100,HS06,106,47090,7715,106,fully_outside,0.0,False
100,HS06,106,47091,8310,106,fully_outside,0.0,False
100,HS06,106,47092,8310,106,fully_outside,0.0,False
100,HS06,106,47093,8310,106,fully_outside,0.0,False
100,HS06,106,47094,7715,106,fully_outside,0.0,False
100,HS06,106,47095,7712,106,fully_outside,0.0,False
100,HS06,106,47096,7712,106,fully_outside,0.0,False
100,HS06,106,47097,8316,106,fully_outside,0.0,False
100,HS06,106,47098,8317,106,fully_outside,0.0,False
100,HS06,106,47099,8318,106,fully_outside,0.0,False
100,HS06,106,47100,8319,106,fully_outside,0.0,False
100,HS06,106,47101,7799,106,fully_outside,0.0,False
100,HS06,106,47102,8310,106,fully_outside,0.0,False
100,HS06,106,47103,8310,106,fully_outside,0.0,False
100,HS06,106,47104,8317,106,fully_outside,0.0,False
100,HS06,106,47105,8310,106,fully_outside,0.0,False
100,HS06,106,47106,8310,106,fully_outside,0.0,False
100,HS06,106,47107,8310,106,fully_outside,0.0,False
100,HS06,106,47108,8310,106,fully_outside,0.0,False
100,HS06,106,47109,8320,106,fully_outside,0.0,False
100,HS06,106,47110,8318,106,fully_outside,0.0,False
100,HS06,106,47111,7799,106,fully_outside,0.0,False
100,HS06,106,47112,8310,106,fully_outside,0.0,False
100,HS06,106,47113,8310,106,fully_outside,0.0,False
100,HS06,106,47114,8310,106,fully_outside,0.0,False
100,HS06,106,47115,8310,106,fully_outside,0.0,False
100,HS06,106,47118,8310,106,fully_outside,0.0,False
100,HS06,106,47119,8310,106,fully_outside,0.0,False
100,HS06,106,47120,8310,106,fully_outside,0.0,False
100,HS06,106,47121,8310,106,fully_outside,0.0,False
100,HS06,106,47122,8312,106,fully_outside,0.0,False
100,HS06,106,47123,8310,106,fully_outside,0.0,False
100,HS06,106,47124,8310,106,fully_outside,0.0,False
100,HS06,106,47125,8310,106,fully_outside,0.0,False
100,HS06,106,47126,8310,106,fully_outside,0.0,False
100,HS06,106,47127,8310,106,fully_outside,0.0,False
100,HS06,106,47128,8310,106,fully_outside,0.0,False
100,HS06,106,47129,8316,106,fully_outside,0.0,False
100,HS06,106,47130,8310,106,fully_outside,0.0,False
100,HS06,106,47131,8310,106,fully_outside,0.0,False
100,HS06,106,47132,8310,106,fully_outside,0.0,False
100,HS06,106,47133,8310,106,fully_outside,0.0,False
100,HS06,106,47134,8310,106,fully_outside,0.0,False
100,HS06,106,47135,8320,106,fully_outside,0.0,False
100,HS06,106,47136,8310,106,fully_outside,0.0,False
100,HS06,106,47137,8310,106,fully_outside,0.0,False
100,HS06,106,47191,8324,106,fully_outside,0.0,False
100,HS06,106,47192,8324,106,fully_outside,0.0,False
100,HS06,106,47193,8324,106,fully_outside,0.0,False
100,HS06,106,47194,7750,106,fully_outside,0.0,False
100,HS06,106,47199,7750,106,fully_outside,0.0,False
100,HS06,106,47242,7739,106,crosses_boundary,0.043838158379910855,False
100,HS06,106,47243,7737,106,fully_outside,0.0,False
100,HS06,106,47245,7739,106,fully_inside,1.0,False
100,HS06,106,47246,7739,106,fully_inside,1.0,False
100,HS06,106,47247,8296,106,fully_inside,0.999999999987532,False
100,HS06,106,47248,7737,106,fully_inside,0.999999999887672,False
100,HS06,106,47249,7739,106,fully_inside,0.9999999998837941,False
100,HS06,106,47250,8296,106,fully_inside,0.9999999998800699,False
100,HS06,106,47251,7737,106,crosses_boundary,0.9289346641998943,False
100,HS06,106,47253,7739,106,fully_inside,1.0,False
100,HS06,106,47254,7739,106,fully_inside,1.0,False
100,HS06,106,47255,7737,106,fully_inside,1.0,False
100,HS06,106,47256,8296,106,fully_inside,1.0,False
100,HS06,106,47257,8296,106,fully_inside,1.0,False
100,HS06,106,47258,8296,106,fully_inside,1.0,False
100,HS06,106,47259,8296,106,fully_inside,0.9999999998800699,False
100,HS06,106,47260,7739,106,fully_inside,0.9999999999159579,False
100,HS06,106,47261,7739,106,fully_inside,0.9999999999622491,False
100,HS06,106,47262,8296,106,fully_inside,0.9999999999501523,False
100,HS06,106,47263,8296,106,fully_inside,0.9999999998800699,False
100,HS06,106,47264,7739,106,fully_inside,0.9999999999590562,False
100,HS06,106,47265,8296,106,fully_inside,1.0,False
100,HS06,106,47266,7737,106,crosses_boundary,0.5411104410576698,False
100,HS06,106,47268,7737,106,fully_outside,0.0,False
100,HS06,106,47269,7739,106,fully_outside,0.0,False
100,HS06,106,47270,7739,106,crosses_boundary,0.32734838430661184,False
100,HS06,106,47271,7739,106,fully_outside,0.0,False
100,HS06,106,47272,8296,106,crosses_boundary,0.5718242031864338,False
100,HS06,106,47274,7737,106,fully_outside,0.0,False
100,HS06,106,47275,7739,106,fully_outside,0.0,False
100,HS06,106,47276,7737,106,fully_outside,0.0,False
100,HS06,106,47277,7739,106,fully_outside,0.0,False
100,HS06,106,47278,8296,106,crosses_boundary,0.01113250722419337,False
100,HS06,106,47280,7739,106,fully_outside,0.0,False
100,HS06,106,47281,8296,106,fully_outside,0.0,False
100,HS06,106,47282,8296,106,fully_outside,0.0,False
100,HS06,106,47283,8296,106,fully_outside,0.0,False
100,HS06,106,47284,7739,106,fully_outside,0.0,False
100,HS06,106,47285,7739,106,fully_outside,0.0,False
100,HS06,106,47286,8296,106,fully_outside,0.0,False
100,HS06,106,47287,8296,106,crosses_boundary,0.877664057987017,False
100,HS06,106,47288,8329,106,fully_inside,1.0,False
100,HS06,106,47289,8330,106,fully_inside,1.0,False
100,HS06,106,47290,8329,106,fully_inside,1.0,False
100,HS06,106,47291,8331,106,fully_inside,0.9999999999999366,False
100,HS06,106,47292,8332,106,fully_inside,1.0,False
100,HS06,106,47293,8332,106,fully_inside,0.9999999999996261,False
100,HS06,106,47328,7737,106,fully_outside,0.0,False
100,HS06,106,47329,7739,106,fully_outside,0.0,False
100,HS06,106,47330,7739,106,fully_outside,0.0,False
100,HS06,106,47334,7739,106,fully_outside,0.0,False
100,HS06,106,47335,8296,106,fully_outside,0.0,False
100,HS06,106,47336,7739,106,fully_outside,0.0,False
100,HS06,106,47338,7737,106,fully_outside,0.0,False
100,HS06,106,47339,7737,106,fully_outside,0.0,False
100,HS06,106,47341,7739,106,fully_outside,0.0,False
100,HS06,106,47343,7739,106,fully_outside,0.0,False
100,HS06,106,47344,7737,106,fully_outside,0.0,False
100,HS06,106,47345,7737,106,fully_outside,0.0,False
100,HS06,106,47346,7739,106,fully_outside,0.0,False
100,HS06,106,47347,7737,106,fully_outside,0.0,False
100,HS06,106,47348,8296,106,fully_outside,0.0,False
100,HS06,106,47349,7739,106,fully_outside,0.0,False
100,HS06,106,47350,8296,106,fully_outside,0.0,False
100,HS06,106,47351,8296,106,fully_outside,0.0,False
100,HS06,106,47353,7739,106,fully_outside,0.0,False
100,HS06,106,47354,8296,106,fully_outside,0.0,False
100,HS06,106,47355,7739,106,fully_outside,0.0,False
100,HS06,106,47356,7737,106,fully_outside,0.0,False
100,HS06,106,47357,7737,106,fully_outside,0.0,False
100,HS06,106,47358,7739,106,fully_outside,0.0,False
100,HS06,106,47359,7739,106,fully_outside,0.0,False
100,HS06,106,47360,8296,106,fully_outside,0.0,False
100,HS06,106,47361,8296,106,fully_outside,0.0,False
100,HS06,106,47362,7737,106,fully_outside,0.0,False
100,HS06,106,47363,8296,106,fully_outside,0.0,False
100,HS06,106,47364,8296,106,fully_outside,0.0,False
100,HS06,106,47365,8335,106,fully_inside,1.0,False
100,HS06,106,47366,8335,106,fully_inside,1.0,False
100,HS06,106,47367,8336,106,fully_inside,0.9999999999999366,False
100,HS06,106,47368,8337,106,fully_inside,1.0,False
100,HS06,106,47369,8338,106,fully_inside,0.9999999999999359,False
100,HS06,106,47370,8337,106,fully_inside,1.0,False
100,HS06,106,48204,8046,106,fully_outside,0.0,False
100,HS06,106,48206,8046,106,crosses_boundary,0.02226501466412365,False
100,HS06,106,48208,8049,106,crosses_boundary,0.2761643047067076,False
100,HS06,106,48210,8047,106,fully_outside,0.0,False
100,HS06,106,48211,8047,106,fully_outside,0.0,False
100,HS06,106,48212,8047,106,crosses_boundary,0.022265014664863178,False
100,HS06,106,48232,8527,106,fully_outside,0.0,False
100,HS06,106,48233,8527,106,fully_outside,0.0,False
100,HS06,106,48256,6131,106,fully_inside,1.0,False
100,HS06,106,48257,8533,106,fully_inside,0.9999999999243111,False
100,HS06,106,48258,8533,106,fully_inside,1.0,False
100,HS06,106,48259,8534,106,fully_inside,0.9999999999244871,False
100,HS06,106,48260,8535,106,fully_inside,0.9999999999244871,False
100,HS06,106,48261,8533,106,fully_inside,1.0,False
100,HS06,106,48262,8533,106,fully_inside,0.9999999999874438,False
100,HS06,106,48263,8536,106,fully_inside,0.999999999839669,False
100,HS06,106,48264,8536,106,fully_inside,0.9999999999121637,False
100,HS06,106,48265,7159,106,fully_inside,1.0,False
100,HS06,106,48266,6134,106,fully_inside,0.9999999998995943,False
100,HS06,106,48267,6131,106,fully_inside,0.9999999999999977,False
100,HS06,106,48268,6131,106,fully_inside,0.9999999999999989,False
100,HS06,106,48269,6131,106,fully_inside,0.9999999999995594,False
100,HS06,106,48270,6131,106,fully_inside,1.0,False
100,HS06,106,48271,6131,106,fully_inside,1.0,False
100,HS06,106,48272,6131,106,fully_inside,1.0,False
100,HS06,106,48273,6131,106,fully_inside,0.9999999999999671,False
100,HS06,106,48274,6131,106,fully_inside,1.0,False
100,HS06,106,48275,6131,106,fully_inside,0.9999999999999896,False
100,HS06,106,48276,6131,106,fully_inside,1.0,False
100,HS06,106,48277,6131,106,fully_inside,0.999999999999879,False
100,HS06,106,48278,6131,106,fully_inside,0.9999999999980291,False
100,HS06,106,48279,6131,106,fully_inside,1.0,False
100,HS06,106,48280,6131,106,fully_inside,0.9999999999999624,False
100,HS06,106,48281,6131,106,fully_inside,1.0,False
100,HS06,106,48282,6131,106,fully_inside,0.9999999999999817,False
100,HS06,106,48295,6131,106,fully_inside,1.0,False
100,HS06,106,48296,6131,106,fully_inside,0.9999999999959707,False
100,HS06,106,48297,6131,106,fully_inside,0.9999999999997745,False
100,HS06,106,48298,6131,106,fully_inside,0.9999999999999325,False
100,HS06,106,48301,6131,106,fully_inside,1.0,False
100,HS06,106,48302,6131,106,fully_inside,1.0,False
100,HS06,106,48303,6131,106,fully_inside,1.0,False
100,HS06,106,48304,6131,106,fully_inside,0.9999999999861472,False
100,HS06,106,48305,6131,106,fully_inside,1.0,False
100,HS06,106,48306,6131,106,fully_inside,0.9999999999695942,False
100,HS06,106,48307,6131,106,fully_inside,1.0,False
100,HS06,106,48308,6131,106,fully_inside,0.9999999999963548,False
100,HS06,106,48322,6131,106,fully_inside,0.9999999999996461,False
100,HS06,106,48323,8537,106,fully_inside,0.999999999987523,False
100,HS06,106,48324,8538,106,fully_inside,1.0,False
100,HS06,106,48325,8537,106,fully_inside,1.0,False
100,HS06,106,48326,8539,106,fully_inside,1.0,False
100,HS06,106,48330,8542,106,fully_inside,1.0,False
100,HS06,106,48331,8543,106,fully_inside,0.9999999999919198,False
100,HS06,106,48343,6131,106,fully_inside,0.999999999999985,False
100,HS06,106,48344,6131,106,fully_inside,0.9999999999999821,False
100,HS06,106,48345,6131,106,fully_inside,0.999999999999996,False
100,HS06,106,48346,6131,106,fully_inside,1.0,False
100,HS06,106,48347,6131,106,fully_inside,1.0,False
100,HS06,106,48348,6131,106,fully_inside,0.9999999999999919,False
100,HS06,106,48349,6131,106,fully_inside,0.9999999999999684,False
100,HS06,106,48350,6131,106,fully_inside,0.9999999999997942,False
100,HS06,106,48351,6131,106,crosses_boundary,0.8276322431154475,False
100,HS06,106,48352,6131,106,fully_inside,1.0,False
100,HS06,106,48353,6131,106,fully_inside,0.9999999999999523,False
100,HS06,106,48354,6131,106,fully_inside,1.0,False
100,HS06,106,48355,6131,106,fully_inside,1.0,False
100,HS06,106,48356,6131,106,fully_inside,1.0,False
100,HS06,106,48357,6131,106,fully_inside,0.9999999999996975,False
100,HS06,106,48358,6131,106,crosses_boundary,0.9183713063549619,False
100,HS06,106,48359,6131,106,fully_inside,1.0,False
100,HS06,106,48360,6131,106,fully_inside,0.9999999999995317,False
100,HS06,106,48361,6131,106,fully_inside,0.9999999999993584,False
100,HS06,106,48362,6131,106,fully_inside,1.0,False
100,HS06,106,48363,6131,106,fully_inside,0.9999999999306275,False
100,HS06,106,48373,6131,106,crosses_boundary,0.6451418533481661,False
100,HS06,106,48376,8553,106,fully_inside,0.999999999996209,False
100,HS06,106,48377,8554,106,fully_inside,1.0,False
100,HS06,106,48378,8555,106,fully_inside,1.0,False
100,HS06,106,48379,8556,106,fully_inside,1.0,False
100,HS06,106,48394,6131,106,fully_inside,0.9999999999993158,False
100,HS06,106,48395,6131,106,fully_inside,1.0,False
100,HS06,106,48396,6131,106,fully_inside,0.9999999999999071,False
100,HS06,106,48397,6131,106,fully_inside,1.0,False
100,HS06,106,48398,6131,106,fully_inside,1.0,False
100,HS06,106,48399,6131,106,fully_inside,0.9999999999990211,False
100,HS06,106,48400,6131,106,fully_inside,0.9999999999998249,False
100,HS06,106,48401,6131,106,fully_inside,1.0,False
100,HS06,106,48402,6131,106,fully_inside,1.0,False
100,HS06,106,48403,6131,106,fully_inside,1.0,False
100,HS06,106,48404,6131,106,fully_inside,1.0,False
100,HS06,106,48405,6131,106,fully_inside,0.9999999999696766,False
100,HS06,106,48406,6131,106,fully_inside,1.0,False
100,HS06,106,48407,6131,106,fully_inside,0.9999999999999012,False
100,HS06,106,48408,6131,106,fully_inside,1.0,False
100,HS06,106,48409,6131,106,fully_inside,0.9999999999997031,False
100,HS06,106,48410,8570,106,fully_inside,1.0,False
100,HS06,106,48411,8571,106,fully_inside,1.0,False
100,HS06,106,48412,8572,106,fully_inside,0.9999999999725264,False
100,HS06,106,48413,8573,106,fully_inside,0.9999999999731503,False
100,HS06,106,48414,8574,106,fully_inside,1.0,False
100,HS06,106,48415,8571,106,fully_inside,1.0,False
100,HS06,106,48416,6131,106,fully_inside,1.0,False
100,HS06,106,48417,8575,106,fully_inside,0.9999999998605454,False
100,HS06,106,48418,8575,106,fully_inside,1.0,False
100,HS06,106,48419,8575,106,fully_inside,1.0,False
100,HS06,106,48420,8576,106,fully_inside,1.0,False
100,HS06,106,48421,8576,106,fully_inside,0.9999999998645571,False
100,HS06,106,48422,8576,106,fully_inside,1.0,False
100,HS06,106,48423,8577,106,fully_inside,1.0,False
100,HS06,106,48424,6131,106,crosses_boundary,0.6923226162652651,False
100,HS06,106,48428,8578,106,crosses_boundary,0.969901820073638,False
100,HS06,106,48431,8578,106,crosses_boundary,0.9724100017624756,False
100,HS06,106,48432,8578,106,crosses_boundary,0.9699018201151054,False
100,HS06,106,48443,8582,106,fully_inside,1.0,False
100,HS06,106,48444,7739,106,fully_inside,1.0,False
100,HS06,106,48445,7737,106,fully_inside,0.999999999925004,False
100,HS06,106,48446,7737,106,fully_inside,1.0,False
100,HS06,106,48447,7740,106,fully_inside,1.0,False
100,HS06,106,48448,7740,106,fully_inside,1.0,False
100,HS06,106,48449,7739,106,fully_inside,0.9999999999848954,False
100,HS06,106,48450,8533,106,fully_inside,0.9999999999993828,False
100,HS06,106,48451,8533,106,fully_inside,1.0,False
100,HS06,106,48452,8533,106,fully_inside,0.9999999999785769,False
100,HS06,106,48453,7737,106,fully_inside,1.0,False
100,HS06,106,48454,8582,106,fully_inside,1.0,False
100,HS06,106,48455,7739,106,fully_inside,0.9999999999968495,False
100,HS06,106,48456,7739,106,fully_inside,0.9999999999706833,False
100,HS06,106,48457,7737,106,fully_inside,1.0,False
100,HS06,106,48458,7750,106,fully_inside,0.9999999999925815,False
100,HS06,106,48459,7750,106,fully_inside,0.9999999999718581,False
100,HS06,106,48460,7739,106,fully_inside,0.9999999999536683,False
100,HS06,106,48461,8582,106,fully_inside,1.0,False
100,HS06,106,48462,7739,106,fully_inside,1.0,False
100,HS06,106,48463,8583,106,fully_inside,0.9999999999964261,False
100,HS06,106,48465,8585,106,fully_inside,0.9999999999997788,False
100,HS06,106,48466,8537,106,fully_inside,1.0,False
100,HS06,106,48467,8537,106,fully_inside,0.9999999999966162,False
100,HS06,106,48468,8537,106,fully_inside,0.9999999999602168,False
100,HS06,106,48470,8538,106,fully_inside,0.9999999999670354,False
100,HS06,106,48471,8542,106,fully_inside,0.9999999999839084,False
100,HS06,106,48472,8543,106,fully_inside,0.9999999999769962,False
100,HS06,106,48473,8539,106,fully_inside,0.9999999999807679,False
100,HS06,106,48489,8583,106,fully_inside,1.0,False
100,HS06,106,48490,8586,106,fully_inside,0.9999999998216068,False
100,HS06,106,48491,8586,106,fully_inside,0.9999999998216068,False
100,HS06,106,48507,8585,106,fully_inside,0.9999999999998057,False
100,HS06,106,48509,8589,106,fully_inside,0.9999999999986995,False
100,HS06,106,48510,8589,106,fully_inside,1.0,False
100,HS06,106,48512,8553,106,fully_inside,0.999999999996209,False
100,HS06,106,48513,8591,106,fully_inside,1.0,False
100,HS06,106,48514,8589,106,fully_inside,0.9999999999917345,False
100,HS06,106,48515,8555,106,fully_inside,1.0,False
100,HS06,106,48516,8592,106,fully_inside,1.0,False
100,HS06,106,48532,8571,106,fully_inside,0.9999999999897998,False
100,HS06,106,48533,8571,106,fully_inside,1.0,False
100,HS06,106,48534,8594,106,fully_inside,1.0,False
100,HS06,106,48535,8595,106,fully_inside,0.9999999999970756,False
100,HS06,106,48536,8595,106,fully_inside,0.9999999999986243,False
100,HS06,106,48537,8596,106,fully_inside,1.0,False
100,HS06,106,48538,8597,106,fully_inside,0.9999999999858734,False
100,HS06,106,48539,8596,106,fully_inside,0.9999999999968602,False
100,HS06,106,48540,8573,106,fully_inside,1.0,False
100,HS06,106,48541,8571,106,fully_inside,0.9999999999582783,False
100,HS06,106,48542,8571,106,fully_inside,0.999999999981019,False
100,HS06,106,48543,8573,106,fully_inside,0.9999999999828286,False
100,HS06,106,48544,8571,106,fully_inside,0.9999999999971484,False
100,HS06,106,48545,8571,106,fully_inside,1.0,False
100,HS06,106,48546,8571,106,fully_inside,1.0,False
100,HS06,106,48547,8571,106,fully_inside,1.0,False
100,HS06,106,48548,8574,106,fully_inside,1.0,False
100,HS06,106,48549,8570,106,fully_inside,0.99999999996081,False
100,HS06,106,48550,8571,106,fully_inside,0.999999999946889,False
100,HS06,106,48551,8571,106,fully_inside,1.0,False
100,HS06,106,48552,8598,106,fully_inside,0.9999999999960537,False
100,HS06,106,48553,8599,106,fully_inside,1.0,False
100,HS06,106,48554,8595,106,fully_inside,1.0,False
100,HS06,106,48555,8600,106,fully_inside,1.0,False
100,HS06,106,48556,8601,106,fully_inside,0.9999999999960036,False
100,HS06,106,48557,8601,106,fully_inside,1.0,False
100,HS06,106,48558,8601,106,fully_inside,1.0,False
100,HS06,106,48559,8602,106,fully_inside,0.9999999999883709,False
100,HS06,106,48560,8602,106,fully_inside,1.0,False
100,HS06,106,48561,8603,106,fully_inside,1.0,False
100,HS06,106,48562,8602,106,fully_inside,1.0,False
100,HS06,106,48563,8604,106,fully_inside,0.9999999999985844,False
100,HS06,106,48564,8604,106,fully_inside,0.9999999999961524,False
100,HS06,106,48565,8605,106,fully_inside,1.0,False
100,HS06,106,48566,8606,106,fully_inside,1.0,False
100,HS06,106,48567,8606,106,fully_inside,1.0,False
100,HS06,106,48568,8607,106,fully_inside,0.9999999999997249,False
100,HS06,106,48569,8608,106,fully_inside,0.9999999999913176,False
100,HS06,106,48570,8605,106,fully_inside,0.9999999999980436,False
100,HS06,106,48571,8609,106,fully_inside,0.9999999999994313,False
100,HS06,106,48572,8610,106,fully_inside,0.9999999999992994,False
100,HS06,106,48580,8616,106,fully_inside,0.9999999999832477,False
100,HS06,106,48581,8605,106,fully_inside,0.9999999999816069,False
100,HS06,106,48582,8608,106,fully_inside,0.9999999999980222,False
100,HS06,106,48583,8617,106,fully_inside,0.9999999999940706,False
100,HS06,106,48584,8618,106,fully_inside,0.9999999999960961,False
100,HS06,106,48585,8617,106,fully_inside,1.0,False
100,HS06,106,48594,8589,106,fully_inside,1.0,False
100,HS06,106,48597,8621,106,fully_inside,1.0,False
100,HS06,106,48598,8621,106,fully_inside,0.9999999999339688,False
100,HS06,106,48599,8621,106,fully_inside,0.9999999999882528,False
100,HS06,106,48600,8621,106,fully_inside,0.9999999999935558,False
100,HS06,106,48612,8589,106,crosses_boundary,0.9020810022301496,False
100,HS06,106,48615,8595,106,fully_inside,1.0,False
100,HS06,106,48616,8624,106,fully_inside,1.0,False
100,HS06,106,48617,8624,106,fully_inside,0.9999999998607655,False
100,HS06,106,48618,8624,106,fully_inside,1.0,False
100,HS06,106,48619,8624,106,fully_inside,0.9999999998216068,False
100,HS06,106,48620,8573,106,fully_inside,0.9999999998861081,False
100,HS06,106,48621,8571,106,fully_inside,0.9999999998866514,False
100,HS06,106,48622,8571,106,fully_inside,0.9999999999799478,False
100,HS06,106,48623,8595,106,fully_inside,1.0,False
100,HS06,106,48624,8594,106,fully_inside,0.9999999999797373,False
100,HS06,106,48625,8596,106,fully_inside,0.9999999999693128,False
100,HS06,106,48626,8597,106,fully_inside,1.0,False
100,HS06,106,48627,8596,106,fully_inside,0.999999999979369,False
100,HS06,106,48628,8596,106,fully_inside,0.9999999999944212,False
100,HS06,106,48629,8571,106,fully_inside,1.0,False
100,HS06,106,48630,8573,106,fully_inside,1.0,False
100,HS06,106,48631,8625,106,fully_inside,1.0,False
100,HS06,106,48632,8571,106,fully_inside,1.0,False
100,HS06,106,48633,8571,106,fully_inside,0.9999999999799478,False
100,HS06,106,48634,8571,106,fully_inside,1.0,False
100,HS06,106,48635,8626,106,fully_inside,1.0,False
100,HS06,106,48636,8571,106,fully_inside,1.0,False
100,HS06,106,48637,8625,106,fully_inside,0.999999999960934,False
100,HS06,106,48638,8627,106,fully_inside,0.999999999984009,False
100,HS06,106,48639,8571,106,fully_inside,1.0,False
100,HS06,106,48640,8571,106,fully_inside,1.0,False
100,HS06,106,48641,8571,106,fully_inside,1.0,False
100,HS06,106,48642,8628,106,fully_inside,0.9999999999283931,False
100,HS06,106,48643,8629,106,fully_inside,1.0,False
100,HS06,106,48644,8571,106,fully_inside,0.9999999999813046,False
100,HS06,106,48645,8571,106,fully_inside,1.0,False
100,HS06,106,48646,8625,106,fully_inside,1.0,False
100,HS06,106,48647,8630,106,fully_inside,1.0,False
100,HS06,106,48648,8571,106,fully_inside,1.0,False
100,HS06,106,48649,8571,106,fully_inside,1.0,False
100,HS06,106,48650,8628,106,fully_inside,1.0,False
100,HS06,106,48651,8571,106,fully_inside,0.9999999999943824,False
100,HS06,106,48652,8571,106,fully_inside,1.0,False
100,HS06,106,48653,8571,106,fully_inside,1.0,False
100,HS06,106,48654,8571,106,fully_inside,1.0,False
100,HS06,106,48655,8571,106,fully_inside,0.999999999880015,False
100,HS06,106,48656,8571,106,fully_inside,1.0,False
100,HS06,106,48657,8626,106,fully_inside,0.9999999999551865,False
100,HS06,106,48658,8631,106,fully_inside,0.999999999932231,False
100,HS06,106,48659,8630,106,fully_inside,0.9999999999540332,False
100,HS06,106,48660,8628,106,fully_inside,0.9999999999722857,False
100,HS06,106,48661,8571,106,fully_inside,1.0,False
100,HS06,106,48662,8627,106,fully_inside,0.9999999999355552,False
100,HS06,106,48663,8571,106,fully_inside,1.0,False
100,HS06,106,48664,8571,106,fully_inside,0.999999999986511,False
100,HS06,106,48665,8571,106,fully_inside,0.999999999986511,False
100,HS06,106,48666,8628,106,fully_inside,0.9999999999571613,False
100,HS06,106,48667,8603,106,fully_inside,1.0,False
100,HS06,106,48668,8606,106,fully_inside,1.0,False
100,HS06,106,48669,8595,106,fully_inside,0.9999999999966778,False
100,HS06,106,48670,8601,106,fully_inside,1.0,False
100,HS06,106,48671,8601,106,fully_inside,0.9999999999961524,False
100,HS06,106,48672,8601,106,fully_inside,1.0,False
100,HS06,106,48673,8601,106,fully_inside,0.9999999999882486,False
100,HS06,106,48674,8595,106,fully_inside,0.99999999999418,False
100,HS06,106,48675,8600,106,fully_inside,1.0,False
100,HS06,106,48676,8595,106,fully_inside,1.0,False
100,HS06,106,48677,8604,106,fully_inside,0.9999999999954471,False
100,HS06,106,48678,8604,106,fully_inside,0.9999999999843134,False
100,HS06,106,48679,8602,106,fully_inside,0.9999999999811051,False
100,HS06,106,48680,8603,106,fully_inside,1.0,False
100,HS06,106,48681,8602,106,fully_inside,0.9999999999961524,False
100,HS06,106,48682,8632,106,fully_inside,1.0,False
100,HS06,106,48683,8604,106,fully_inside,1.0,False
100,HS06,106,48684,8606,106,fully_inside,1.0,False
100,HS06,106,48685,8599,106,fully_inside,0.9999999999715572,False
100,HS06,106,48686,8610,106,fully_inside,1.0,False
100,HS06,106,48698,8605,106,fully_inside,1.0,False
100,HS06,106,48699,8634,106,fully_inside,1.0,False
100,HS06,106,48700,8608,106,fully_inside,1.0,False
100,HS06,106,48701,8605,106,fully_inside,1.0,False
100,HS06,106,48702,8608,106,fully_inside,1.0,False
100,HS06,106,48703,8610,106,fully_inside,0.9999999999959935,False
100,HS06,106,48704,8609,106,fully_inside,0.9999999999998294,False
100,HS06,106,48705,8610,106,fully_inside,0.9999999999668739,False
100,HS06,106,48706,8618,106,fully_inside,0.9999999999779381,False
100,HS06,106,48707,8598,106,fully_inside,1.0,False
100,HS06,106,48708,8607,106,fully_inside,1.0,False
100,HS06,106,48709,8605,106,fully_inside,0.9999999999872322,False
100,HS06,106,48710,8634,106,fully_inside,0.9999999999816069,False
100,HS06,106,48711,8635,106,fully_inside,0.9999999999403121,False
100,HS06,106,48712,8617,106,fully_inside,0.9999999999973663,False
100,HS06,106,48713,8608,106,fully_inside,0.999999999997772,False
100,HS06,106,51916,6131,106,fully_inside,0.9999999999999192,False
100,HS06,106,51917,6131,106,fully_inside,1.0,False
100,HS06,106,51918,6131,106,fully_inside,1.0,False
100,HS06,106,51919,6131,106,fully_inside,0.9999999999998632,False
100,HS06,106,51920,6131,106,fully_inside,1.0,False
100,HS06,106,51921,6131,106,fully_inside,0.999999999999982,False
100,HS06,106,51922,6131,106,crosses_boundary,0.8474273678084021,False
100,HS06,106,51923,6131,106,crosses_boundary,0.847427367808865,False
100,HS06,106,51924,6131,106,crosses_boundary,0.8474273678090385,False
100,HS06,106,51925,6131,106,crosses_boundary,0.8474273678084554,False
100,HS06,106,51926,6131,106,crosses_boundary,0.9799342490031245,False
100,HS06,106,51927,6131,106,fully_inside,0.999999999999997,False
100,HS06,106,51928,6131,106,fully_inside,0.9999999999891185,False
100,HS06,106,51929,6131,106,fully_inside,1.0,False
100,HS06,106,51930,6131,106,fully_inside,0.9999999999891185,False
100,HS06,106,51931,6131,106,fully_inside,0.9999999999997644,False
100,HS06,106,51932,6131,106,fully_inside,1.0,False
100,HS06,106,51933,6131,106,fully_inside,0.9999999999861494,False
100,HS06,106,51935,6131,106,fully_inside,0.9999999999999756,False
100,HS06,106,51936,6131,106,fully_inside,1.0,False
100,HS06,106,51937,6131,106,fully_inside,0.999999999994102,False
100,HS06,106,51938,6131,106,fully_inside,1.0,False
100,HS06,106,51939,6131,106,fully_inside,1.0,False
100,HS06,106,51940,6131,106,fully_inside,0.9999999999994957,False
100,HS06,106,51941,9168,106,fully_inside,1.0,False
100,HS06,106,51942,9169,106,fully_inside,0.9999999999992714,False
100,HS06,106,51943,9169,106,fully_inside,0.9999999999962979,False
100,HS06,106,51944,9170,106,fully_inside,1.0,False
100,HS06,106,51945,9169,106,fully_inside,1.0,False
100,HS06,106,51946,9169,106,fully_inside,0.999999999988508,False
100,HS06,106,51947,9170,106,fully_inside,1.0,False
100,HS06,106,51948,9171,106,fully_inside,0.9999999998216068,False
100,HS06,106,51949,9172,106,fully_inside,1.0,False
100,HS06,106,51950,9172,106,fully_inside,0.9999999999799845,False
100,HS06,106,51951,9173,106,fully_inside,0.9999999999994538,False
100,HS06,106,51953,9175,106,fully_inside,0.9999999998592541,False
100,HS06,106,51954,9176,106,fully_inside,1.0,False
100,HS06,106,51971,9179,106,crosses_boundary,0.8221452621111796,False
100,HS06,106,51972,9179,106,crosses_boundary,0.8059766495807162,False
100,HS06,106,51973,9179,106,crosses_boundary,0.7971574063788855,False
100,HS06,106,51974,9179,106,crosses_boundary,0.787498235254341,False
100,HS06,106,52014,9187,106,fully_inside,1.0,False
100,HS06,106,52015,9188,106,fully_inside,0.9999999999943824,False
100,HS06,106,52016,9189,106,fully_inside,0.9999999999994996,False
100,HS06,106,52017,9190,106,fully_inside,0.9999999999835041,False
100,HS06,106,52018,9187,106,fully_inside,1.0,False
100,HS06,106,52019,9190,106,fully_inside,1.0,False
100,HS06,106,52020,9191,106,fully_inside,1.0,False
100,HS06,106,52021,8634,106,fully_inside,1.0,False
100,HS06,106,52022,9192,106,fully_inside,0.9999999999832294,False
100,HS06,106,52023,9191,106,fully_inside,1.0,False
100,HS06,106,52118,6131,106,crosses_boundary,0.6648320428298334,False
100,HS06,106,52119,6131,106,crosses_boundary,0.7392932316267641,False
100,HS06,106,52120,6131,106,crosses_boundary,0.8406479488722393,False
100,HS06,106,52122,8083,106,crosses_boundary,0.8456898343309831,False
100,HS06,106,52137,8083,106,crosses_boundary,0.806597925695627,False
100,HS06,106,52147,8083,106,crosses_boundary,0.8456898343318037,False
100,HS06,106,52148,9230,106,fully_inside,1.0,False
100,HS06,106,52174,9230,106,fully_inside,1.0,False
100,HS06,106,52184,8083,106,fully_inside,0.9999999999992729,False
100,HS06,106,52335,8083,106,fully_inside,0.9999999999999789,False
100,HS06,106,52336,8083,106,fully_inside,1.0,False
100,HS06,106,52337,8083,106,fully_inside,1.0,False
100,HS06,106,52338,8083,106,fully_inside,0.9999999999987881,False
100,HS06,106,52382,8571,106,fully_inside,0.999999999988574,False
100,HS06,106,52383,8571,106,fully_inside,1.0,False
100,HS06,106,52384,8571,106,fully_inside,0.9999999999969371,False
100,HS06,106,52385,9292,106,fully_inside,0.9999999999957203,False
100,HS06,106,52386,9292,106,fully_inside,0.9999999999916996,False
100,HS06,106,52387,9292,106,fully_inside,0.9999999999917345,False
100,HS06,106,52388,9292,106,fully_inside,1.0,False
100,HS06,106,52389,9293,106,fully_inside,0.9999999999974575,False
100,HS06,106,52391,8571,106,fully_inside,0.9999999999749464,False
100,HS06,106,52392,8571,106,fully_inside,0.9999999999915784,False
100,HS06,106,52393,8571,106,fully_inside,1.0,False
100,HS06,106,52394,8571,106,fully_inside,1.0,False
100,HS06,106,52396,9293,106,fully_inside,0.9999999999999697,False
100,HS06,106,52397,9189,106,fully_inside,0.9999999999823528,False
100,HS06,106,52398,9187,106,fully_inside,0.9999999999290509,False
100,HS06,106,52399,9191,106,fully_inside,0.9999999999268432,False
100,HS06,106,52400,9189,106,fully_inside,0.9999999999873467,False
100,HS06,106,52401,9190,106,fully_inside,0.9999999999835177,False
100,HS06,106,52402,9190,106,fully_inside,1.0,False
100,HS06,106,52403,9292,106,fully_inside,1.0,False
100,HS06,106,52404,9295,106,fully_inside,1.0,False
100,HS06,106,52425,9189,106,fully_inside,1.0,False
100,HS06,106,52426,9189,106,fully_inside,0.9999999999823453,False
100,HS06,106,52427,9191,106,fully_inside,0.9999999999449963,False
100,HS06,106,52428,9190,106,fully_inside,1.0,False
100,HS06,106,52429,9187,106,fully_inside,0.9999999999919086,False
100,HS06,106,52430,8634,106,fully_inside,0.9999999999825828,False
100,HS06,106,52431,8634,106,fully_inside,0.9999999999997771,False
100,HS06,106,52433,9189,106,fully_inside,1.0,False
100,HS06,106,52434,9306,106,fully_inside,1.0,False
100,HS06,106,52435,9307,106,fully_inside,0.9999999999404175,False
100,HS06,106,52452,9293,106,fully_inside,1.0,False
100,HS06,106,52513,8571,106,fully_inside,1.0,False
100,HS06,106,52514,9292,106,fully_inside,0.9999999999986995,False
100,HS06,106,52515,9292,106,fully_inside,1.0,False
100,HS06,106,52516,9292,106,fully_inside,0.9999999999918028,False
100,HS06,106,52517,9292,106,fully_inside,1.0,False
100,HS06,106,52518,9292,106,fully_inside,1.0,False
100,HS06,106,52519,9293,106,fully_inside,1.0,False
100,HS06,106,52520,8571,106,fully_inside,1.0,False
100,HS06,106,52521,8571,106,fully_inside,0.9999999999244871,False
100,HS06,106,52522,8571,106,fully_inside,0.9999999998868715,False
100,HS06,106,52523,8571,106,fully_inside,0.9999999999996372,False
100,HS06,106,52524,8571,106,fully_inside,0.999999999987565,False
100,HS06,106,52525,8571,106,fully_inside,0.9999999999697866,False
100,HS06,106,52526,8571,106,fully_inside,0.9999999998804551,False
100,HS06,106,52527,8571,106,fully_inside,0.999999999993074,False
100,HS06,106,52528,9328,106,fully_inside,0.9999999998216068,False
100,HS06,106,52529,9328,106,fully_inside,1.0,False
100,HS06,106,52530,8630,106,fully_inside,0.9999999999997954,False
100,HS06,106,52533,9329,106,fully_inside,1.0,False
100,HS06,106,52534,9329,106,fully_inside,0.9999999999501523,False
100,HS06,106,52535,9189,106,fully_inside,1.0,False
100,HS06,106,52536,9189,106,fully_inside,0.9999999999805967,False
100,HS06,106,52537,9190,106,fully_inside,0.9999999999044771,False
100,HS06,106,52538,9330,106,fully_inside,0.9999999998865302,False
100,HS06,106,52539,9329,106,fully_inside,0.9999999998216068,False
100,HS06,106,52540,9329,106,fully_inside,0.9999999999800212,False
100,HS06,106,52541,9329,106,fully_inside,0.9999999998216068,False
100,HS06,106,52542,9329,106,fully_inside,1.0,False
100,HS06,106,52543,9329,106,fully_inside,0.9999999998216068,False
100,HS06,106,52544,9329,106,fully_inside,1.0,False
100,HS06,106,52545,9329,106,fully_inside,1.0,False
100,HS06,106,52546,9329,106,fully_inside,1.0,False
100,HS06,106,52547,9329,106,fully_inside,0.9999999998216068,False
100,HS06,106,52548,9329,106,fully_inside,0.9999999998216068,False
100,HS06,106,52549,9329,106,fully_inside,0.9999999994634,False
100,HS06,106,52550,9329,106,fully_inside,0.9999999994634,False
100,HS06,106,52551,9190,106,fully_inside,1.0,False
100,HS06,106,52552,9329,106,fully_inside,0.9999999999953308,False
100,HS06,106,52553,9329,106,fully_inside,1.0,False
100,HS06,106,52554,8630,106,fully_inside,0.9999999997022045,False
100,HS06,106,52555,9329,106,fully_inside,1.0,False
100,HS06,106,52556,9329,106,fully_inside,1.0,False
100,HS06,106,52557,8634,106,fully_inside,0.9999999999593212,False
100,HS06,106,52558,9295,106,fully_inside,1.0,False
100,HS06,106,52582,9331,106,fully_inside,0.9999999999843233,False
100,HS06,106,52583,9332,106,fully_inside,1.0,False
100,HS06,106,52584,9331,106,fully_inside,0.9999999999843233,False
100,HS06,106,52585,8634,106,fully_inside,0.9999999999845286,False
100,HS06,106,52586,8634,106,fully_inside,1.0,False
100,HS06,106,52587,8634,106,fully_inside,1.0,False
100,HS06,106,52588,8634,106,fully_inside,0.9999999999969952,False
100,HS06,106,52589,8634,106,fully_inside,0.9999999999981631,False
100,HS06,106,52590,8634,106,fully_inside,1.0,False
100,HS06,106,52591,9332,106,fully_inside,1.0,False
100,HS06,106,52592,9331,106,fully_inside,1.0,False
100,HS06,106,52593,9293,106,fully_inside,1.0,False
100,HS06,106,52796,9373,106,fully_inside,1.0,False
100,HS06,106,52808,9373,106,fully_inside,0.999999999993021,False
100,HS06,106,52823,9386,106,fully_inside,0.9999999999987127,False
100,HS06,106,52825,9386,106,fully_inside,1.0,False
100,HS06,106,52834,9389,106,crosses_boundary,0.9938324059109712,False
100,HS06,106,52887,9293,106,fully_inside,1.0,False
100,HS06,106,52888,9406,106,fully_inside,0.9999999999822814,False
100,HS06,106,52889,9406,106,fully_inside,1.0,False
100,HS06,106,53230,8533,106,fully_inside,1.0,False
100,HS06,106,53231,7737,106,fully_inside,0.9999999999747752,False
100,HS06,106,53232,8582,106,fully_inside,1.0,False
100,HS06,106,53235,7737,106,fully_inside,1.0,False
100,HS06,106,53236,7737,106,fully_inside,1.0,False
100,HS06,106,53237,7737,106,fully_inside,1.0,False
100,HS06,106,53238,7739,106,fully_inside,0.9999999999699813,False
100,HS06,106,53239,8296,106,fully_inside,1.0,False
100,HS06,106,53240,8296,106,fully_inside,0.9999999999696216,False
100,HS06,106,53246,9493,106,fully_inside,0.9999999999986865,False
100,HS06,106,53247,9493,106,fully_inside,1.0,False
100,HS06,106,53248,9493,106,fully_inside,0.9999999999633824,False
100,HS06,106,53249,9493,106,fully_inside,0.9999999999528045,False
100,HS06,106,53250,9493,106,fully_inside,1.0,False
100,HS06,106,53251,9493,106,fully_inside,1.0,False
100,HS06,106,53252,9493,106,fully_inside,0.9999999999877919,False
100,HS06,106,53253,9493,106,fully_inside,1.0,False
100,HS06,106,53254,9493,106,fully_inside,1.0,False
100,HS06,106,53255,9493,106,fully_inside,0.9999999998216068,False
100,HS06,106,53263,9493,106,fully_inside,0.9999999999864367,False
100,HS06,106,53264,9493,106,fully_inside,0.9999999998216068,False
100,HS06,106,53265,9495,106,fully_inside,0.9999999998609856,False
100,HS06,106,53266,9496,106,fully_inside,0.9999999999696216,False
100,HS06,106,53267,9497,106,fully_inside,0.9999999999064272,False
100,HS06,106,53268,9497,106,fully_inside,1.0,False
100,HS06,106,53280,9503,106,fully_inside,1.0,False
100,HS06,106,53281,9496,106,fully_inside,0.999999999880015,False
100,HS06,106,53282,9496,106,fully_inside,0.9999999999994905,False
100,HS06,106,53310,9493,106,fully_inside,0.9999999999969013,False
100,HS06,106,53311,9493,106,fully_inside,0.9999999998605454,False
100,HS06,106,53312,9493,106,fully_inside,1.0,False
100,HS06,106,53313,9493,106,fully_inside,1.0,False
100,HS06,106,53330,9493,106,fully_inside,1.0,False
100,HS06,106,53386,9493,106,fully_inside,1.0,False
100,HS06,106,53387,9493,106,fully_inside,1.0,False
100,HS06,106,53388,9511,106,fully_inside,1.0,False
100,HS06,106,53389,9511,106,fully_inside,1.0,False
100,HS06,106,53390,9512,106,fully_inside,1.0,False
100,HS06,106,53391,9511,106,fully_inside,0.9999999999880405,False
100,HS06,106,53392,9513,106,fully_inside,1.0,False
100,HS06,106,53397,9493,106,fully_inside,0.9999999999891461,False
100,HS06,106,53398,9493,106,fully_inside,0.999999999424571,False
100,HS06,106,53400,9512,106,fully_inside,0.9999999999827547,False
100,HS06,106,53403,9513,106,fully_inside,1.0,False
100,HS06,106,53405,9513,106,fully_inside,0.9999999998735252,False
100,HS06,106,53412,9513,106,fully_inside,1.0,False
100,HS06,106,53413,9517,106,fully_inside,0.9999999999502073,False
100,HS06,106,53414,9517,106,fully_inside,0.9999999999799478,False
100,HS06,106,53415,9517,106,fully_inside,0.9999999999996004,False
100,HS06,106,53416,9517,106,fully_inside,0.9999999999996004,False
100,HS06,106,53417,8571,106,fully_inside,1.0,False
100,HS06,106,53418,8595,106,fully_inside,0.999999999880565,False
100,HS06,106,53419,8571,106,fully_inside,1.0,False
100,HS06,106,53420,8571,106,fully_inside,0.9999999999876749,False
100,HS06,106,53421,8571,106,fully_inside,1.0,False
100,HS06,106,53422,8631,106,fully_inside,0.9999999999547384,False
100,HS06,106,53423,8630,106,fully_inside,1.0,False
100,HS06,106,53424,9518,106,fully_inside,0.9999999999618182,False
100,HS06,106,53425,8628,106,fully_inside,1.0,False
100,HS06,106,53426,8628,106,fully_inside,1.0,False
100,HS06,106,53427,9518,106,fully_inside,1.0,False
100,HS06,106,53428,8630,106,fully_inside,0.9999999999547384,False
100,HS06,106,53429,8571,106,fully_inside,1.0,False
100,HS06,106,53430,8571,106,fully_inside,1.0,False
100,HS06,106,53431,8571,106,fully_inside,0.9999999999004581,False
100,HS06,106,53432,8571,106,fully_inside,0.9999999999540332,False
100,HS06,106,53433,8571,106,fully_inside,1.0,False
100,HS06,106,53434,8571,106,fully_inside,0.9999999998410761,False
100,HS06,106,53435,9519,106,fully_inside,1.0,False
100,HS06,106,53436,8595,106,fully_inside,0.9999999998870915,False
100,HS06,106,53437,9520,106,fully_inside,1.0,False
100,HS06,106,53438,8595,106,fully_inside,1.0,False
100,HS06,106,53439,9521,106,fully_inside,0.9999999995569745,False
100,HS06,106,53440,9522,106,fully_inside,0.9999999994849745,False
100,HS06,106,53441,9522,106,fully_inside,0.9999999999217295,False
100,HS06,106,53442,9521,106,fully_inside,0.9999999998396693,False
100,HS06,106,53443,9522,106,fully_inside,0.9999999999215469,False
100,HS06,106,53444,9522,106,fully_inside,0.9999999998599218,False
100,HS06,106,53445,9522,106,fully_inside,0.9999999999214841,False
100,HS06,106,53446,9522,106,fully_inside,0.9999999994853397,False
100,HS06,106,53447,9522,106,fully_inside,0.9999999999216068,False
100,HS06,106,53448,9522,106,fully_inside,1.0,False
100,HS06,106,53449,9522,106,fully_inside,1.0,False
100,HS06,106,53450,9522,106,fully_inside,1.0,False
100,HS06,106,53451,9522,106,fully_inside,0.9999999999218522,False
100,HS06,106,53452,9522,106,fully_inside,1.0,False
100,HS06,106,53453,8571,106,fully_inside,1.0,False
100,HS06,106,53454,9328,106,fully_inside,0.9999999998606555,False
100,HS06,106,53455,8571,106,fully_inside,0.9999999997020579,False
100,HS06,106,53456,9328,106,fully_inside,1.0,False
100,HS06,106,53457,9328,106,fully_inside,1.0,False
100,HS06,106,53458,9328,106,fully_inside,1.0,False
100,HS06,106,53459,9328,106,fully_inside,0.9999999998216068,False
100,HS06,106,53460,9328,106,fully_inside,0.9999999999799478,False
100,HS06,106,53461,9328,106,fully_inside,1.0,False
100,HS06,106,53462,9328,106,fully_inside,0.9999999999799478,False
100,HS06,106,53463,9328,106,fully_inside,0.9999999998995943,False
100,HS06,106,53464,9328,106,fully_inside,1.0,False
100,HS06,106,53465,9328,106,fully_inside,1.0,False
100,HS06,106,53466,9328,106,fully_inside,0.9999999998801248,False
100,HS06,106,53467,8571,106,fully_inside,0.9999999999402471,False
100,HS06,106,53468,8571,106,fully_inside,0.9999999999540332,False
100,HS06,106,53469,9523,106,fully_inside,0.9999999999800212,False
100,HS06,106,53470,9524,106,fully_inside,1.0,False
100,HS06,106,53471,9328,106,fully_inside,0.9999999998410761,False
100,HS06,106,53472,9328,106,fully_inside,1.0,False
100,HS06,106,53473,9328,106,fully_inside,0.9999999998605454,False
100,HS06,106,53474,9328,106,fully_inside,1.0,False
100,HS06,106,53475,9328,106,fully_inside,0.9999999998735618,False
100,HS06,106,53476,9328,106,fully_inside,1.0,False
100,HS06,106,53477,9524,106,fully_inside,0.9999999998216068,False
100,HS06,106,53478,9522,106,fully_inside,1.0,False
100,HS06,106,53479,9522,106,fully_inside,0.9999999994857679,False
100,HS06,106,53480,9522,106,fully_inside,0.9999999999218522,False
100,HS06,106,53481,9522,106,fully_inside,0.9999999999218522,False
100,HS06,106,53482,9522,106,fully_inside,0.9999999999218522,False
100,HS06,106,53483,9522,106,fully_inside,1.0,False
100,HS06,106,53484,9522,106,fully_inside,0.9999999994851572,False
100,HS06,106,53485,9522,106,fully_inside,0.9999999999218522,False
100,HS06,106,53486,9522,106,fully_inside,0.9999999999217295,False
100,HS06,106,53487,9522,106,fully_inside,0.9999999999218522,False
100,HS06,106,53488,9522,106,fully_inside,1.0,False
100,HS06,106,53489,9522,106,fully_inside,1.0,False
100,HS06,106,53490,9522,106,fully_inside,1.0,False
100,HS06,106,53491,9522,106,fully_inside,0.9999999999219122,False
100,HS06,106,53492,9522,106,fully_inside,0.9999999999220949,False
100,HS06,106,53493,9522,106,fully_inside,0.9999999999216695,False
100,HS06,106,53494,9522,106,fully_inside,1.0,False
100,HS06,106,53495,9522,106,fully_inside,0.9999999999216695,False
100,HS06,106,53496,9522,106,fully_inside,0.9999999999217595,False
100,HS06,106,53497,9522,106,fully_inside,1.0,False
100,HS06,106,53498,9522,106,fully_inside,1.0,False
100,HS06,106,53499,9522,106,fully_inside,0.9999999999218522,False
100,HS06,106,53500,9522,106,fully_inside,1.0,False
100,HS06,106,53501,9522,106,fully_inside,1.0,False
100,HS06,106,53502,9524,106,fully_inside,1.0,False
100,HS06,106,53503,9523,106,fully_inside,1.0,False
100,HS06,106,53504,9523,106,fully_inside,1.0,False
100,HS06,106,53505,8635,106,fully_inside,0.999999999993074,False
100,HS06,106,53506,9525,106,fully_inside,1.0,False
100,HS06,106,53507,8635,106,fully_inside,1.0,False
100,HS06,106,53508,8635,106,fully_inside,1.0,False
100,HS06,106,53509,9526,106,fully_inside,1.0,False
100,HS06,106,53510,9522,106,fully_inside,0.9999999999218522,False
100,HS06,106,53511,9522,106,fully_inside,1.0,False
100,HS06,106,53512,9522,106,fully_inside,1.0,False
100,HS06,106,53513,9522,106,fully_inside,0.9999999999218522,False
100,HS06,106,53514,9522,106,fully_inside,1.0,False
100,HS06,106,53515,9522,106,fully_inside,1.0,False
100,HS06,106,53516,9522,106,fully_inside,1.0,False
100,HS06,106,53517,9522,106,fully_inside,1.0,False
100,HS06,106,53518,9522,106,fully_inside,0.9999999999218522,False
100,HS06,106,53519,9522,106,fully_inside,0.9999999999218522,False
100,HS06,106,53520,9522,106,fully_inside,0.9999999999216695,False
100,HS06,106,53521,9522,106,fully_inside,0.9999999994855853,False
100,HS06,106,53522,9522,106,fully_inside,0.9999999994857679,False
100,HS06,106,53523,9522,106,fully_inside,0.9999999999218522,False
100,HS06,106,53524,9522,106,fully_inside,0.9999999999217295,False
100,HS06,106,53525,9522,106,fully_inside,1.0,False
100,HS06,106,53526,9522,106,fully_inside,1.0,False
100,HS06,106,53527,9522,106,fully_inside,0.9999999999217295,False
100,HS06,106,53528,9522,106,fully_inside,1.0,False
100,HS06,106,53529,9522,106,fully_inside,0.9999999999115101,False
100,HS06,106,53530,9522,106,fully_inside,0.999999999703322,False
100,HS06,106,53531,9522,106,fully_inside,1.0,False
100,HS06,106,53532,9522,106,fully_inside,0.9999999997661485,False
100,HS06,106,53533,9522,106,fully_inside,0.9999999998524404,False
100,HS06,106,53534,9522,106,fully_inside,1.0,False
100,HS06,106,53535,8603,106,fully_inside,0.999999999993074,False
100,HS06,106,53536,9527,106,fully_inside,1.0,False
100,HS06,106,53537,8634,106,fully_inside,0.999999999946889,False
100,HS06,106,53538,8634,106,fully_inside,1.0,False
100,HS06,106,53539,8595,106,fully_inside,1.0,False
100,HS06,106,53540,8595,106,fully_inside,1.0,False
100,HS06,106,53541,9527,106,fully_inside,0.9999999998216068,False
100,HS06,106,53542,9527,106,fully_inside,1.0,False
100,HS06,106,53543,9527,106,fully_inside,0.9999999998216068,False
100,HS06,106,53544,9527,106,fully_inside,0.9999999998216068,False
100,HS06,106,53545,9527,106,fully_inside,1.0,False
100,HS06,106,53546,9527,106,fully_inside,1.0,False
100,HS06,106,53547,9527,106,fully_inside,1.0,False
100,HS06,106,53548,9527,106,fully_inside,1.0,False
100,HS06,106,53549,9527,106,fully_inside,0.999999999880125,False
100,HS06,106,53550,9527,106,fully_inside,0.999999999880125,False
100,HS06,106,53551,9527,106,fully_inside,1.0,False
100,HS06,106,53552,9527,106,fully_inside,0.9999999998216068,False
100,HS06,106,53553,9527,106,fully_inside,1.0,False
100,HS06,106,53554,9527,106,fully_inside,1.0,False
100,HS06,106,53555,9527,106,fully_inside,1.0,False
100,HS06,106,53556,8632,106,fully_inside,0.9999999999846022,False
100,HS06,106,53557,9527,106,fully_inside,0.9999999998410761,False
100,HS06,106,53558,8635,106,fully_inside,1.0,False
100,HS06,106,53559,8634,106,fully_inside,0.9999999999950502,False
100,HS06,106,53560,8635,106,fully_inside,0.9999999999452849,False
100,HS06,106,53561,8634,106,fully_inside,1.0,False
100,HS06,106,53562,8634,106,fully_inside,0.9999999999707195,False
100,HS06,106,53563,8634,106,fully_inside,1.0,False
100,HS06,106,53564,8634,106,fully_inside,0.9999999999981631,False
100,HS06,106,53565,8606,106,fully_inside,0.999999999981954,False
100,HS06,106,53566,9528,106,fully_inside,1.0,False
100,HS06,106,53567,9529,106,fully_inside,1.0,False
100,HS06,106,53568,9528,106,fully_inside,0.99999999992032,False
100,HS06,106,53569,9522,106,fully_inside,1.0,False
100,HS06,106,53570,9522,106,fully_inside,0.9999999994548643,False
100,HS06,106,53571,9527,106,fully_inside,0.999999999880015,False
100,HS06,106,53572,9527,106,fully_inside,0.999999999880015,False
100,HS06,106,53573,9527,106,fully_inside,1.0,False
100,HS06,106,53574,9527,106,fully_inside,0.9999999998411861,False
100,HS06,106,53575,9527,106,fully_inside,1.0,False
100,HS06,106,53576,9527,106,fully_inside,1.0,False
100,HS06,106,53577,9527,106,fully_inside,1.0,False
100,HS06,106,53578,9527,106,fully_inside,1.0,False
100,HS06,106,53579,9527,106,fully_inside,0.9999999998605454,False
100,HS06,106,53580,9527,106,fully_inside,1.0,False
100,HS06,106,53581,9527,106,fully_inside,1.0,False
100,HS06,106,53582,9529,106,fully_inside,0.9999999998216068,False
100,HS06,106,53583,9527,106,fully_inside,0.9999999994246812,False
100,HS06,106,53584,9527,106,fully_inside,0.9999999994246812,False
100,HS06,106,53585,9522,106,fully_inside,0.9999999997038103,False
100,HS06,106,53586,9528,106,fully_inside,0.9999999999800212,False
100,HS06,106,53587,9522,106,fully_inside,1.0,False
100,HS06,106,53588,9528,106,fully_inside,0.9999999998476393,False
100,HS06,106,53589,9522,106,fully_inside,0.9999999999219122,False
100,HS06,106,53590,9530,106,fully_inside,1.0,False
100,HS06,106,53591,9522,106,fully_inside,0.9999999999218522,False
100,HS06,106,53592,9529,106,fully_inside,1.0,False
100,HS06,106,53593,8632,106,fully_inside,0.9999999999997141,False
100,HS06,106,53594,9529,106,fully_inside,0.9999999999963293,False
100,HS06,106,53595,9531,106,fully_inside,0.9999999998346597,False
100,HS06,106,53596,8632,106,fully_inside,1.0,False
100,HS06,106,53597,8632,106,fully_inside,1.0,False
100,HS06,106,53598,8632,106,fully_inside,0.9999999999358232,False
100,HS06,106,53599,8632,106,fully_inside,0.999999999944888,False
100,HS06,106,53600,8632,106,fully_inside,1.0,False
100,HS06,106,53601,8632,106,fully_inside,1.0,False
100,HS06,106,53602,8635,106,fully_inside,1.0,False
100,HS06,106,53603,8635,106,fully_inside,1.0,False
100,HS06,106,53604,9522,106,fully_inside,1.0,False
100,HS06,106,53605,9522,106,fully_inside,0.9999999999217295,False
100,HS06,106,53606,9522,106,fully_inside,1.0,False
100,HS06,106,53607,9522,106,fully_inside,0.9999999999215466,False
100,HS06,106,53608,9522,106,fully_inside,0.9999999999216486,False
100,HS06,106,53609,9522,106,fully_inside,0.9999999999701021,False
100,HS06,106,53610,9522,106,fully_inside,0.9999999999213941,False
100,HS06,106,53611,9522,106,fully_inside,0.9999999999219122,False
100,HS06,106,53612,9522,106,fully_inside,1.0,False
100,HS06,106,53613,8635,106,fully_inside,1.0,False
100,HS06,106,53614,8635,106,fully_inside,0.9999999996762453,False
100,HS06,106,53615,9522,106,fully_inside,0.9999999999754835,False
100,HS06,106,53616,9522,106,fully_inside,1.0,False
100,HS06,106,53617,9522,106,fully_inside,1.0,False
100,HS06,106,53618,9522,106,fully_inside,1.0,False
100,HS06,106,53619,9522,106,fully_inside,0.9999999994855223,False
100,HS06,106,53620,9522,106,fully_inside,0.9999999997228799,False
100,HS06,106,53621,9522,106,fully_inside,1.0,False
100,HS06,106,53622,9522,106,fully_inside,0.9999999999216695,False
100,HS06,106,53623,8608,106,fully_inside,1.0,False
100,HS06,106,53624,9532,106,fully_inside,1.0,False
100,HS06,106,53625,9532,106,fully_inside,0.9999999998607655,False
100,HS06,106,53626,8610,106,fully_inside,0.999999999949909,False
100,HS06,106,53627,8605,106,fully_inside,0.9999999998605089,False
100,HS06,106,53628,9533,106,fully_inside,0.9999999999387038,False
100,HS06,106,53629,9534,106,fully_inside,0.9999999999603183,False
100,HS06,106,53630,9532,106,fully_inside,1.0,False
100,HS06,106,53631,8606,106,fully_inside,0.9999999999835847,False
100,HS06,106,53632,8610,106,fully_inside,0.9999999999547892,False
100,HS06,106,53633,9532,106,fully_inside,1.0,False
100,HS06,106,53634,9535,106,fully_inside,0.9999999996753524,False
100,HS06,106,53635,9530,106,fully_inside,0.9999999997803086,False
100,HS06,106,53636,9522,106,fully_inside,0.9999999999904646,False
100,HS06,106,53637,9522,106,fully_inside,0.9999999999218522,False
100,HS06,106,53638,9529,106,fully_inside,0.9999999999221989,False
100,HS06,106,53639,9522,106,fully_inside,1.0,False
100,HS06,106,53640,9529,106,fully_inside,1.0,False
100,HS06,106,53641,8632,106,fully_inside,0.9999999999796365,False
100,HS06,106,53642,8632,106,fully_inside,1.0,False
100,HS06,106,53643,9531,106,fully_inside,1.0,False
100,HS06,106,53644,9531,106,fully_inside,0.9999999998950927,False
100,HS06,106,53645,9522,106,fully_inside,0.9999999998909483,False
100,HS06,106,53646,9522,106,fully_inside,1.0,False
100,HS06,106,53647,9535,106,fully_inside,1.0,False
100,HS06,106,53648,9522,106,fully_inside,0.9999999999218522,False
100,HS06,106,53649,9522,106,fully_inside,0.9999999999212414,False
100,HS06,106,53650,9529,106,fully_inside,1.0,False
100,HS06,106,53651,8632,106,fully_inside,0.999999999988532,False
100,HS06,106,53652,9536,106,fully_inside,0.9999999998984214,False
100,HS06,106,53653,9536,106,fully_inside,1.0,False
100,HS06,106,53654,8632,106,fully_inside,1.0,False
100,HS06,106,53655,8632,106,fully_inside,0.9999999999934573,False
100,HS06,106,53656,9522,106,fully_inside,0.9999999999218522,False
100,HS06,106,53657,9522,106,fully_inside,1.0,False
100,HS06,106,53658,9522,106,fully_inside,0.9999999999219122,False
100,HS06,106,53659,9522,106,fully_inside,0.9999999999218522,False
100,HS06,106,53660,9522,106,fully_inside,0.9999999998908257,False
100,HS06,106,53661,9522,106,fully_inside,0.9999999999218522,False
100,HS06,106,53662,9537,106,fully_inside,1.0,False
100,HS06,106,53663,9522,106,fully_inside,0.9999999994547414,False
100,HS06,106,53664,9537,106,fully_inside,0.9999999998760332,False
100,HS06,106,53665,9537,106,fully_inside,0.9999999999505198,False
100,HS06,106,53666,9538,106,fully_inside,1.0,False
100,HS06,106,53667,9539,106,fully_inside,1.0,False
100,HS06,106,53668,9538,106,fully_inside,0.9999999999244431,False
100,HS06,106,53669,9538,106,fully_inside,0.9999999999994538,False
100,HS06,106,53670,9540,106,fully_inside,0.9999999998908587,False
100,HS06,106,53671,9541,106,fully_inside,0.9999999999533972,False
100,HS06,106,53672,9522,106,fully_inside,0.9999999998908257,False
100,HS06,106,53673,9537,106,fully_inside,1.0,False
100,HS06,106,53674,9522,106,fully_inside,1.0,False
100,HS06,106,53675,9538,106,fully_inside,1.0,False
100,HS06,106,53676,9537,106,fully_inside,0.9999999999505198,False
100,HS06,106,53677,9542,106,fully_inside,0.9999999999695309,False
100,HS06,106,53678,9539,106,fully_inside,0.9999999999576732,False
100,HS06,106,53679,9542,106,fully_inside,0.9999999999708544,False
100,HS06,106,53680,9538,106,fully_inside,0.999999999834623,False
100,HS06,106,53681,9538,106,fully_inside,1.0,False
100,HS06,106,53682,9540,106,fully_inside,0.999999999961508,False
100,HS06,106,53683,9541,106,fully_inside,0.9999999999930008,False
100,HS06,106,53684,9532,106,fully_inside,0.9999999999502073,False
100,HS06,106,53685,9532,106,fully_inside,1.0,False
100,HS06,106,53686,9532,106,fully_inside,1.0,False
100,HS06,106,53687,9532,106,fully_inside,0.9999999999502073,False
100,HS06,106,53688,9536,106,fully_inside,0.9999999997577456,False
100,HS06,106,53689,9522,106,fully_inside,1.0,False
100,HS06,106,53690,9522,106,fully_inside,0.9999999994856452,False
100,HS06,106,53691,9543,106,fully_inside,1.0,False
100,HS06,106,53692,9543,106,fully_inside,0.9999999998216068,False
100,HS06,106,53693,9544,106,fully_inside,1.0,False
100,HS06,106,53694,9522,106,fully_inside,0.9999999999217295,False
100,HS06,106,53695,9533,106,fully_inside,0.9999999996966605,False
100,HS06,106,53696,9532,106,fully_inside,0.9999999998216068,False
100,HS06,106,53697,9532,106,fully_inside,0.9999999999995639,False
100,HS06,106,53698,9532,106,fully_inside,0.9999999998994845,False
100,HS06,106,53699,9532,106,fully_inside,1.0,False
100,HS06,106,53700,9532,106,fully_inside,0.9999999998410761,False
100,HS06,106,53701,9532,106,fully_inside,0.9999999998605454,False
100,HS06,106,53702,8632,106,fully_inside,0.9999999999263472,False
100,HS06,106,53703,9522,106,fully_inside,0.9999999999218522,False
100,HS06,106,53704,9522,106,fully_inside,0.9999999999218522,False
100,HS06,106,53705,9522,106,fully_inside,1.0,False
100,HS06,106,53706,9533,106,fully_inside,0.9999999999725888,False
100,HS06,106,53707,9533,106,fully_inside,0.9999999997931246,False
100,HS06,106,53708,9533,106,fully_inside,1.0,False
100,HS06,106,53709,9545,106,fully_inside,0.9999999999995272,False
100,HS06,106,53710,8606,106,fully_inside,1.0,False
100,HS06,106,53711,8606,106,fully_inside,1.0,False
100,HS06,106,53712,8606,106,fully_inside,1.0,False
100,HS06,106,53713,8606,106,fully_inside,1.0,False
100,HS06,106,53714,9522,106,fully_inside,1.0,False
100,HS06,106,53715,9522,106,fully_inside,1.0,False
100,HS06,106,53716,9522,106,fully_inside,0.9999999999861668,False
100,HS06,106,53717,9522,106,fully_inside,0.9999999999215867,False
100,HS06,106,53718,9522,106,fully_inside,1.0,False
100,HS06,106,53719,8632,106,fully_inside,1.0,False
100,HS06,106,53720,9522,106,fully_inside,0.9999999999217094,False
100,HS06,106,53721,9522,106,fully_inside,0.9999999999469911,False
100,HS06,106,53722,9522,106,fully_inside,0.9999999999788769,False
100,HS06,106,53723,8632,106,fully_inside,1.0,False
100,HS06,106,53724,9522,106,fully_inside,0.9999999997877829,False
100,HS06,106,53725,9522,106,fully_inside,0.9999999999218522,False
100,HS06,106,53726,9522,106,fully_inside,1.0,False
100,HS06,106,53727,9522,106,fully_inside,0.9999999999653445,False
100,HS06,106,53728,9522,106,fully_inside,1.0,False
100,HS06,106,53729,9532,106,fully_inside,1.0,False
100,HS06,106,53730,9532,106,fully_inside,1.0,False
100,HS06,106,53731,9532,106,fully_inside,1.0,False
100,HS06,106,53732,9532,106,fully_inside,0.9999999999398627,False
100,HS06,106,53733,9532,106,fully_inside,0.9999999998607655,False
100,HS06,106,53734,9532,106,fully_inside,0.9999999998216068,False
100,HS06,106,53735,9532,106,fully_inside,0.9999999998216068,False
100,HS06,106,53736,8606,106,fully_inside,1.0,False
100,HS06,106,53737,9532,106,fully_inside,1.0,False
100,HS06,106,53738,9532,106,fully_inside,0.999999999993074,False
100,HS06,106,53739,9532,106,fully_inside,1.0,False
100,HS06,106,53740,9532,106,fully_inside,1.0,False
100,HS06,106,53741,9532,106,fully_inside,0.9999999998410761,False
100,HS06,106,53742,9532,106,fully_inside,1.0,False
100,HS06,106,53743,9532,106,fully_inside,1.0,False
100,HS06,106,53744,9532,106,fully_inside,0.9999999998607655,False
100,HS06,106,53745,9532,106,fully_inside,0.9999999999930007,False
100,HS06,106,53746,9532,106,fully_inside,1.0,False
100,HS06,106,53747,9532,106,fully_inside,1.0,False
100,HS06,106,53748,9532,106,fully_inside,0.9999999998605454,False
100,HS06,106,53749,8606,106,fully_inside,1.0,False
100,HS06,106,53750,9532,106,fully_inside,1.0,False
100,HS06,106,53751,9532,106,fully_inside,1.0,False
100,HS06,106,53752,9542,106,fully_inside,1.0,False
100,HS06,106,53753,9542,106,fully_inside,0.999999999982265,False
100,HS06,106,53754,8606,106,fully_inside,1.0,False
100,HS06,106,53755,8606,106,fully_inside,1.0,False
100,HS06,106,53756,8632,106,fully_inside,1.0,False
100,HS06,106,53757,9522,106,fully_inside,0.9999999999216066,False
100,HS06,106,53758,9533,106,fully_inside,1.0,False
100,HS06,106,53759,9546,106,fully_inside,1.0,False
100,HS06,106,53760,9533,106,fully_inside,1.0,False
100,HS06,106,53761,9522,106,fully_inside,1.0,False
100,HS06,106,53762,9547,106,fully_inside,1.0,False
100,HS06,106,53763,9546,106,fully_inside,1.0,False
100,HS06,106,53764,9533,106,fully_inside,0.9999999999723875,False
100,HS06,106,53765,9545,106,fully_inside,1.0,False
100,HS06,106,53766,9545,106,fully_inside,0.9999999999696766,False
100,HS06,106,53767,9545,106,fully_inside,0.9999999998216068,False
100,HS06,106,53768,8606,106,fully_inside,1.0,False
100,HS06,106,53769,9533,106,fully_inside,0.9999999999898889,False
100,HS06,106,53770,9533,106,fully_inside,0.9999999999377066,False
100,HS06,106,53771,9533,106,fully_inside,0.9999999997935947,False
100,HS06,106,53772,9548,106,fully_inside,0.999999999880235,False
100,HS06,106,53773,9548,106,fully_inside,0.9999999999500973,False
100,HS06,106,53774,9548,106,fully_inside,0.9999999999500973,False
100,HS06,106,53775,8606,106,fully_inside,0.9999999999431785,False
100,HS06,106,53776,8606,106,fully_inside,0.9999999999926522,False
100,HS06,106,53777,9533,106,fully_inside,1.0,False
100,HS06,106,53778,9542,106,fully_inside,0.9999999999292815,False
100,HS06,106,53779,9549,106,fully_inside,1.0,False
100,HS06,106,53780,9549,106,fully_inside,0.9999999998345864,False
100,HS06,106,53781,9533,106,fully_inside,0.9999999999728345,False
100,HS06,106,53782,9549,106,fully_inside,0.9999999998216068,False
100,HS06,106,53783,9549,106,fully_inside,1.0,False
100,HS06,106,53784,9549,106,fully_inside,0.9999999999799478,False
100,HS06,106,53785,9549,106,fully_inside,1.0,False
100,HS06,106,53786,9549,106,fully_inside,1.0,False
100,HS06,106,53787,9549,106,fully_inside,0.9999999998345864,False
100,HS06,106,53788,9549,106,fully_inside,1.0,False
100,HS06,106,53789,9550,106,fully_inside,0.9999999999998842,False
100,HS06,106,53790,9551,106,fully_inside,0.9999999999999359,False
100,HS06,106,53791,9552,106,fully_inside,0.9999999999980779,False
100,HS06,106,53792,9550,106,fully_inside,1.0,False
100,HS06,106,53793,9553,106,fully_inside,1.0,False
100,HS06,106,53794,9552,106,fully_inside,1.0,False
100,HS06,106,53795,9554,106,fully_inside,1.0,False
100,HS06,106,53796,9555,106,fully_inside,0.9999999999999366,False
100,HS06,106,53797,9556,106,fully_inside,1.0,False
100,HS06,106,53798,9554,106,fully_inside,1.0,False
100,HS06,106,53799,9557,106,fully_inside,0.9999999999999366,False
100,HS06,106,53800,9556,106,fully_inside,1.0,False
100,HS06,106,55025,9328,106,fully_inside,0.9999999998216068,False
100,HS06,106,55026,9328,106,fully_inside,0.9999999998216068,False
100,HS06,106,55027,9328,106,fully_inside,1.0,False
100,HS06,106,55028,9328,106,fully_inside,0.9999999998410761,False
100,HS06,106,55029,8571,106,fully_inside,0.9999999998410761,False
100,HS06,106,55030,9328,106,fully_inside,1.0,False
100,HS06,106,55031,9328,106,fully_inside,0.9999999998216068,False
100,HS06,106,55032,9328,106,fully_inside,1.0,False
100,HS06,106,55033,9328,106,fully_inside,0.9999999998216068,False
100,HS06,106,55034,9328,106,fully_inside,0.9999999994249014,False
100,HS06,106,55035,9328,106,fully_inside,1.0,False
100,HS06,106,55036,8571,106,fully_inside,1.0,False
100,HS06,106,55037,9328,106,fully_inside,1.0,False
100,HS06,106,55038,9328,106,fully_inside,0.9999999998216068,False
100,HS06,106,55039,9328,106,fully_inside,0.9999999998606555,False
100,HS06,106,55040,9328,106,fully_inside,0.9999999994244612,False
100,HS06,106,55041,9613,106,fully_inside,0.999999999839669,False
100,HS06,106,55042,9328,106,fully_inside,0.9999999998606555,False
100,HS06,106,55043,9328,106,fully_inside,1.0,False
100,HS06,106,55044,9614,106,fully_inside,0.9999999998216068,False
100,HS06,106,55045,9615,106,fully_inside,1.0,False
100,HS06,106,55046,9328,106,fully_inside,0.9999999994244612,False
100,HS06,106,55047,9613,106,fully_inside,1.0,False
100,HS06,106,55048,9328,106,fully_inside,1.0,False
100,HS06,106,55049,9328,106,fully_inside,0.9999999999696216,False
100,HS06,106,55050,9328,106,fully_inside,1.0,False
100,HS06,106,55051,9616,106,fully_inside,1.0,False
100,HS06,106,55052,9328,106,fully_inside,1.0,False
100,HS06,106,55053,9328,106,fully_inside,1.0,False
100,HS06,106,55054,9328,106,fully_inside,0.999999999995648,False
100,HS06,106,55055,9328,106,fully_inside,0.9999999998605454,False
100,HS06,106,55056,9328,106,fully_inside,1.0,False
100,HS06,106,55057,9328,106,fully_inside,1.0,False
100,HS06,106,55058,9328,106,fully_inside,1.0,False
100,HS06,106,55059,9617,106,fully_inside,0.9999999999799845,False
100,HS06,106,55060,9617,106,fully_inside,0.9999999999994498,False
100,HS06,106,55063,9328,106,fully_inside,0.9999999999799478,False
100,HS06,106,55064,9328,106,fully_inside,0.999999999841296,False
100,HS06,106,55143,9373,106,fully_inside,1.0,False
100,HS06,106,55163,9386,106,fully_inside,1.0,False
100,HS06,106,55166,9386,106,fully_inside,0.9999999999826943,False
100,HS06,106,55198,9373,106,fully_inside,1.0,False
100,HS06,106,55233,9386,106,fully_inside,1.0,False
100,HS06,106,55313,9169,106,fully_inside,1.0,False
100,HS06,106,55314,9172,106,fully_inside,1.0,False
100,HS06,106,55315,9172,106,fully_inside,1.0,False
100,HS06,106,55316,9169,106,fully_inside,0.9999999999997033,False
100,HS06,106,55317,9645,106,fully_inside,0.9999999999996303,False
100,HS06,106,55318,9646,106,fully_inside,0.9999999999999557,False
100,HS06,106,55320,9645,106,fully_inside,0.9999999999990351,False
100,HS06,106,55326,9373,106,fully_inside,1.0,False
100,HS06,106,55327,9373,106,fully_inside,0.9999999987056716,False
100,HS06,106,55377,9386,106,fully_inside,1.0,False
100,HS06,106,55396,9660,106,fully_inside,0.9999999999999121,False
100,HS06,106,55397,9661,106,fully_inside,0.9999999999998225,False
100,HS06,106,56371,6634,106,fully_inside,0.9999999999993973,False
100,HS06,106,56372,6634,106,fully_inside,1.0,False
100,HS06,106,56373,6634,106,fully_inside,1.0,False
100,HS06,106,56374,6634,106,fully_inside,0.9999999998677201,False
100,HS06,106,56383,9818,106,fully_inside,1.0,False
100,HS06,106,56384,6634,106,fully_inside,0.9999999997157616,False
100,HS06,106,56385,9818,106,fully_inside,1.0,False
100,HS06,106,56386,5715,106,fully_inside,0.9999999998826816,False
100,HS06,106,56387,9818,106,fully_inside,1.0,False
100,HS06,106,56388,5715,106,fully_inside,0.99999999992703,False
100,HS06,106,56397,6634,106,fully_inside,1.0,False
100,HS06,106,56398,6634,106,fully_inside,0.9999999999893772,False
100,HS06,106,56399,9821,106,fully_inside,1.0,False
100,HS06,106,56401,6634,106,fully_inside,0.9999999999995272,False
100,HS06,106,56403,6634,106,fully_inside,0.9999999999993973,False
100,HS06,106,56404,6634,106,fully_inside,0.9999999999943825,False
100,HS06,106,56405,6634,106,fully_inside,1.0,False
100,HS06,106,56407,6763,106,fully_inside,1.0,False
100,HS06,106,56417,5731,106,fully_inside,1.0,False
100,HS06,106,56424,5731,106,fully_inside,0.9999999999928906,False
100,HS06,106,56425,5731,106,fully_inside,1.0,False
100,HS06,106,56426,5731,106,fully_inside,1.0,False
100,HS06,106,56427,6762,106,crosses_boundary,0.7499882197552007,False
100,HS06,106,56428,5731,106,fully_inside,1.0,False
100,HS06,106,56433,6634,106,fully_inside,0.9999999999980744,False
100,HS06,106,56606,7041,106,fully_inside,0.9999999972306001,False
100,HS06,106,56614,6298,106,fully_inside,0.999999999681039,False
100,HS06,106,56615,9860,106,fully_inside,0.9999999999619078,False
100,HS06,106,56616,6302,106,fully_inside,1.0,False
100,HS06,106,56617,6302,106,fully_inside,0.9999999998826816,False
100,HS06,106,56618,9860,106,fully_inside,1.0,False
100,HS06,106,56619,6302,106,fully_inside,1.0,False
100,HS06,106,56621,9861,106,fully_inside,1.0,False
100,HS06,106,56623,7113,106,fully_inside,1.0,False
100,HS06,106,56624,7112,106,crosses_boundary,0.29352824270185673,False
100,HS06,106,56625,6330,106,fully_inside,0.9999999999976182,False
100,HS06,106,56786,7110,106,fully_outside,0.0,False
100,HS06,106,56789,7110,106,fully_outside,0.0,False
100,HS06,106,56802,7110,106,fully_outside,0.0,False
100,HS06,106,56818,7093,106,fully_outside,0.0,False
100,HS06,106,56819,7093,106,fully_outside,0.0,False
100,HS06,106,56820,7093,106,fully_outside,0.0,False
100,HS06,106,56821,7093,106,fully_outside,0.0,False
100,HS06,106,56828,7093,106,fully_outside,0.0,False
100,HS06,106,56829,7093,106,fully_outside,0.0,False
100,HS06,106,56830,7093,106,fully_outside,0.0,False
100,HS06,106,56831,7093,106,fully_outside,0.0,False
100,HS06,106,56832,7093,106,fully_outside,0.0,False
100,HS06,106,56834,7093,106,fully_outside,0.0,False
100,HS06,106,56835,7093,106,fully_outside,0.0,False
100,HS06,106,56836,7093,106,fully_outside,0.0,False
100,HS06,106,56838,7093,106,fully_outside,0.0,False
100,HS06,106,56839,7093,106,fully_outside,0.0,False
100,HS06,106,56840,7093,106,fully_outside,0.0,False
100,HS06,106,56869,7095,106,crosses_boundary,0.5029365458277795,False
100,HS06,106,56870,6330,106,fully_inside,1.0,False
100,HS06,106,56871,6330,106,fully_inside,0.9999999971544393,False
100,HS06,106,56872,6330,106,fully_inside,1.0,False
100,HS06,106,56873,6330,106,fully_inside,1.0,False
100,HS06,106,56874,6330,106,fully_inside,0.9999999999928613,False
100,HS06,106,56876,6330,106,fully_inside,1.0,False
100,HS06,106,56983,7125,106,crosses_boundary,0.09831149438564414,False
100,HS06,106,56984,7093,106,fully_outside,0.0,False
100,HS06,106,56985,7093,106,fully_outside,0.0,False
100,HS06,106,56986,7093,106,fully_outside,0.0,False
100,HS06,106,56987,7093,106,fully_outside,0.0,False
100,HS06,106,56988,7093,106,fully_outside,0.0,False
100,HS06,106,56989,7093,106,fully_outside,0.0,False
100,HS06,106,56990,7093,106,fully_outside,0.0,False
100,HS06,106,56991,7093,106,fully_outside,0.0,False
100,HS06,106,56992,7093,106,fully_outside,0.0,False
100,HS06,106,56993,7093,106,fully_outside,0.0,False
100,HS06,106,56994,7093,106,fully_outside,0.0,False
100,HS06,106,56995,7093,106,crosses_boundary,0.005566253668182914,False
100,HS06,106,56996,7093,106,crosses_boundary,0.25857261314094937,False
100,HS06,106,56997,7093,106,fully_inside,1.0,False
100,HS06,106,56998,7093,106,fully_inside,1.0,False
100,HS06,106,56999,7093,106,fully_inside,1.0,False
100,HS06,106,57000,7093,106,fully_inside,0.9999999999986046,False
100,HS06,106,57001,7093,106,fully_inside,1.0,False
100,HS06,106,57002,7093,106,fully_inside,1.0,False
100,HS06,106,57003,7093,106,fully_inside,0.999999999999353,False
100,HS06,106,57004,7093,106,fully_inside,1.0,False
100,HS06,106,57008,7132,106,crosses_boundary,0.1477934515962354,False
100,HS06,106,57023,9893,106,fully_outside,0.0,False
100,HS06,106,57024,7124,106,fully_inside,1.0,False
100,HS06,106,57025,7123,106,fully_inside,1.0,False
100,HS06,106,57026,7125,106,crosses_boundary,0.5943590618170931,False
100,HS06,106,57027,7093,106,fully_inside,1.0,False
100,HS06,106,57028,7093,106,fully_inside,1.0,False
100,HS06,106,57029,7093,106,fully_inside,0.9999999999982985,False
100,HS06,106,57030,7093,106,fully_inside,1.0,False
100,HS06,106,57031,7093,106,fully_inside,0.9999999999987473,False
100,HS06,106,57032,7093,106,fully_inside,1.0,False
100,HS06,106,57033,7093,106,fully_inside,1.0,False
100,HS06,106,57039,7132,106,crosses_boundary,0.6803170659411438,False
100,HS06,106,57040,7095,106,fully_inside,1.0,False
100,HS06,106,57091,5612,106,fully_outside,0.0,False
100,HS06,106,57093,5731,106,fully_inside,1.0,False
100,HS06,106,57095,5731,106,fully_inside,0.9999999999998878,False
100,HS06,106,57109,6763,106,fully_inside,0.9999999999916795,False
100,HS06,106,57116,9899,106,crosses_boundary,0.0,False
100,HS06,106,57118,9899,106,crosses_boundary,0.6295479347216095,False
100,HS06,106,57119,9899,106,crosses_boundary,0.6917570799894133,False
100,HS06,106,57120,9899,106,crosses_boundary,0.9810024582000377,False
100,HS06,106,57125,9903,106,crosses_boundary,0.022265014449446667,False
100,HS06,106,57126,9904,106,fully_inside,0.9999999999995453,False
100,HS06,106,57127,9903,106,crosses_boundary,0.27616430565170924,False
100,HS06,106,57133,9906,106,crosses_boundary,0.4290989372739617,False
100,HS06,106,57135,9907,106,fully_inside,1.0,False
100,HS06,106,57136,9906,106,fully_inside,1.0,False
100,HS06,106,57137,9906,106,fully_inside,0.999999999400181,False
100,HS06,106,57138,9908,106,fully_inside,1.0,False
100,HS06,106,57142,9908,106,fully_inside,0.999999999884319,False
100,HS06,106,57143,6763,106,fully_inside,1.0,False
100,HS06,106,57144,9906,106,crosses_boundary,0.6193992915370401,False
100,HS06,106,57147,6763,106,fully_inside,1.0,False
100,HS06,106,57148,9899,106,crosses_boundary,0.7145494686773236,False
100,HS06,106,57152,9915,106,crosses_boundary,0.2759875764467221,False
100,HS06,106,57153,9915,106,crosses_boundary,0.022249518178161284,False
100,HS06,106,57154,9916,106,crosses_boundary,0.2761643050129045,False
100,HS06,106,57155,9916,106,crosses_boundary,0.02226501466642766,False
100,HS06,106,57159,9918,106,crosses_boundary,0.022265014811815285,False
100,HS06,106,57160,9918,106,crosses_boundary,0.27616430500758615,False
100,HS06,106,57161,9919,106,fully_inside,0.9999999999995453,False
100,HS06,106,57162,9915,106,fully_inside,0.9999999997766367,False
100,HS06,106,57163,9915,106,fully_inside,0.9999999997766367,False
100,HS06,106,57164,9920,106,fully_inside,1.0,False
100,HS06,106,57165,9920,106,fully_inside,1.0,False
100,HS06,106,57166,9916,106,fully_inside,0.9999999998410761,False
100,HS06,106,57167,9916,106,fully_inside,0.9999999998410761,False
100,HS06,106,57171,9918,106,fully_inside,1.0,False
100,HS06,106,57172,9918,106,fully_inside,1.0,False
100,HS06,106,57173,9921,106,crosses_boundary,0.2759875771546971,False
100,HS06,106,57174,9921,106,crosses_boundary,0.022249518089970926,False
100,HS06,106,57179,9925,106,crosses_boundary,0.022265014811815285,False
100,HS06,106,57180,9925,106,crosses_boundary,0.27616430500758615,False
100,HS06,106,57181,9926,106,crosses_boundary,0.022265014884474705,False
100,HS06,106,57182,9926,106,crosses_boundary,0.27616430523100743,False
100,HS06,106,57185,9927,106,fully_inside,1.0,False
100,HS06,106,57186,9921,106,fully_inside,0.9999999996851023,False
100,HS06,106,57187,9921,106,fully_inside,0.9999999996851023,False
100,HS06,106,57188,9925,106,fully_inside,0.9999999995835247,False
100,HS06,106,57189,9928,106,fully_inside,0.9999999997766367,False
100,HS06,106,57190,9928,106,fully_inside,0.9999999999510344,False
100,HS06,106,57191,9925,106,fully_inside,1.0,False
100,HS06,106,57192,9926,106,fully_inside,0.9999999998412962,False
100,HS06,106,57193,9926,106,fully_inside,0.9999999998412962,False
100,HS06,106,57197,9929,106,crosses_boundary,0.275987575546089,False
100,HS06,106,57198,9929,106,crosses_boundary,0.022249517727531087,False
100,HS06,106,57203,9933,106,crosses_boundary,0.022265014449446667,False
100,HS06,106,57204,9933,106,crosses_boundary,0.27616430475044884,False
100,HS06,106,57205,9934,106,crosses_boundary,0.02226501466642766,False
100,HS06,106,57206,9934,106,crosses_boundary,0.27616430457682023,False
100,HS06,106,57209,9935,106,fully_inside,0.9999999999995453,False
100,HS06,106,57210,9929,106,fully_inside,0.9999999997766367,False
100,HS06,106,57211,9929,106,fully_inside,0.9999999997766367,False
100,HS06,106,57212,9933,106,fully_inside,1.0,False
100,HS06,106,57213,9936,106,fully_inside,0.9999999999559646,False
100,HS06,106,57214,9936,106,fully_inside,1.0,False
100,HS06,106,57215,9933,106,fully_inside,0.9999999997766367,False
100,HS06,106,57216,9934,106,fully_inside,1.0,False
100,HS06,106,57217,9934,106,fully_inside,1.0,False
100,HS06,106,57221,9937,106,crosses_boundary,0.2759875753534309,False
100,HS06,106,57222,9937,106,crosses_boundary,0.022249518089970926,False
100,HS06,106,57227,9941,106,crosses_boundary,0.022265014811815285,False
100,HS06,106,57228,9941,106,crosses_boundary,0.27616430410632575,False
100,HS06,106,57229,9942,106,crosses_boundary,0.022265014404259625,False
100,HS06,106,57230,9942,106,crosses_boundary,0.27616430468363085,False
100,HS06,106,57233,9943,106,fully_inside,1.0,False
100,HS06,106,57234,9937,106,fully_inside,1.0,False
100,HS06,106,57235,9937,106,fully_inside,1.0,False
100,HS06,106,57236,9941,106,fully_inside,1.0,False
100,HS06,106,57237,9944,106,fully_inside,1.0,False
100,HS06,106,57238,9944,106,fully_inside,0.9999999999052832,False
100,HS06,106,57239,9941,106,fully_inside,0.9999999996846624,False
100,HS06,106,57240,9942,106,fully_inside,1.0,False
100,HS06,106,57241,9942,106,fully_inside,1.0,False
100,HS06,106,57341,6330,106,fully_inside,1.0,False
100,HS06,106,57342,6330,106,fully_inside,0.9999999999999648,False
100,HS06,106,57344,7113,106,fully_inside,0.9999999999933816,False
100,HS06,106,57568,9992,106,crosses_boundary,0.08449874751311544,False
100,HS06,106,57569,9992,106,crosses_boundary,0.10390878809542914,False
100,HS06,106,57570,9992,106,crosses_boundary,0.12270801945314853,False
100,HS06,106,57580,9992,106,crosses_boundary,0.14092180408896354,False
100,HS06,106,57581,9992,106,crosses_boundary,0.15857420157649496,False
100,HS06,106,57583,9992,106,crosses_boundary,0.17568804815176894,False
100,HS06,106,57584,9992,106,crosses_boundary,0.19228503054718035,False
100,HS06,106,57585,7093,106,fully_outside,0.0,False
100,HS06,106,57586,7093,106,fully_outside,0.0,False
100,HS06,106,57587,7093,106,fully_outside,0.0,False
100,HS06,106,57588,9992,106,crosses_boundary,0.20838575478527868,False
100,HS06,106,57589,9992,106,crosses_boundary,0.23726598652016997,False
100,HS06,106,57597,7093,106,fully_outside,0.0,False
100,HS06,106,57598,7093,106,fully_outside,0.0,False
100,HS06,106,57600,7093,106,fully_outside,0.0,False
100,HS06,106,57601,7093,106,fully_outside,0.0,False
100,HS06,106,57602,7093,106,fully_outside,0.0,False
100,HS06,106,57603,7093,106,fully_outside,0.0,False
100,HS06,106,57604,7093,106,fully_outside,0.0,False
100,HS06,106,57605,9993,106,crosses_boundary,0.09733754738157646,False
100,HS06,106,57607,7112,106,crosses_boundary,0.3668523330617612,False
100,HS06,106,57612,9997,106,crosses_boundary,0.2759875764467221,False
100,HS06,106,57613,9997,106,crosses_boundary,0.022249518178161284,False
100,HS06,106,57614,9998,106,crosses_boundary,0.27616430457682023,False
100,HS06,106,57615,9998,106,crosses_boundary,0.02226501466642766,False
100,HS06,106,57619,10000,106,crosses_boundary,0.022265015262445485,False
100,HS06,106,57620,10000,106,crosses_boundary,0.27616430455695595,False
100,HS06,106,57621,10001,106,fully_inside,0.9999999999995453,False
100,HS06,106,57622,9997,106,fully_inside,0.9999999997766367,False
100,HS06,106,57623,9997,106,fully_inside,0.9999999997766367,False
100,HS06,106,57624,10002,106,fully_inside,0.9999999999559646,False
100,HS06,106,57625,10002,106,fully_inside,0.9999999999052832,False
100,HS06,106,57626,9998,106,fully_inside,1.0,False
100,HS06,106,57627,9998,106,fully_inside,1.0,False
100,HS06,106,57631,10000,106,fully_inside,1.0,False
100,HS06,106,57632,10000,106,fully_inside,1.0,False
100,HS06,106,57634,10004,106,crosses_boundary,0.2759875771546971,False
100,HS06,106,57635,10004,106,crosses_boundary,0.02224951763934073,False
100,HS06,106,57636,10005,106,crosses_boundary,0.27616430479492315,False
100,HS06,106,57641,10008,106,crosses_boundary,0.022265014811815285,False
100,HS06,106,57642,10008,106,crosses_boundary,0.27616430500758615,False
100,HS06,106,57643,10005,106,crosses_boundary,0.022265014884474705,False
100,HS06,106,57646,10010,106,fully_inside,1.0,False
100,HS06,106,57647,10004,106,fully_inside,0.9999999996851023,False
100,HS06,106,57648,10011,106,fully_inside,1.0,False
100,HS06,106,57649,10004,106,fully_inside,0.9999999996851023,False
100,HS06,106,57650,10005,106,fully_inside,0.9999999998412962,False
100,HS06,106,57652,10008,106,fully_inside,0.9999999995835247,False
100,HS06,106,57653,10011,106,fully_inside,0.9999999999510344,False
100,HS06,106,57654,10008,106,fully_inside,1.0,False
100,HS06,106,57655,10005,106,fully_inside,0.9999999998412962,False
100,HS06,106,57660,10014,106,fully_inside,0.9999999999995453,False
100,HS06,106,57661,7113,106,crosses_boundary,0.27564946889767244,False
100,HS06,106,57662,7113,106,crosses_boundary,0.02206941565190702,False
100,HS06,106,57667,7113,106,crosses_boundary,0.022265014700096786,False
100,HS06,106,57668,7113,106,crosses_boundary,0.6380821523833975,False
100,HS06,106,57669,10017,106,fully_inside,0.9999999998103704,False
100,HS06,106,57670,7113,106,fully_inside,0.9999999992173529,False
100,HS06,106,57671,7113,106,fully_inside,1.0,False
100,HS06,106,57672,7113,106,fully_inside,1.0,False
100,HS06,106,57677,7113,106,fully_inside,1.0,False
100,HS06,106,57678,7113,106,crosses_boundary,0.8793607174340534,False
100,HS06,106,57679,10020,106,crosses_boundary,0.384926971120109,False
100,HS06,106,57680,10020,106,crosses_boundary,0.28869522833791417,False
100,HS06,106,57681,10020,106,crosses_boundary,0.9195738116377616,False
100,HS06,106,57682,10020,106,crosses_boundary,0.9195738116255893,False
100,HS06,106,57683,10020,106,crosses_boundary,0.9195738116345342,False
100,HS06,106,57733,7093,106,fully_outside,0.0,False
100,HS06,106,57734,7093,106,fully_outside,0.0,False
100,HS06,106,57735,7093,106,fully_outside,0.0,False
100,HS06,106,57736,7093,106,fully_outside,0.0,False
100,HS06,106,57737,7093,106,fully_outside,0.0,False
100,HS06,106,57738,7093,106,fully_outside,0.0,False
100,HS06,106,57739,7093,106,fully_outside,0.0,False
100,HS06,106,57740,7093,106,fully_outside,0.0,False
100,HS06,106,57741,7093,106,fully_outside,0.0,False
100,HS06,106,57742,7093,106,fully_outside,0.0,False
100,HS06,106,57743,10021,106,fully_outside,0.0,False
100,HS06,106,57744,10022,106,fully_outside,0.0,False
100,HS06,106,57745,10023,106,fully_outside,0.0,False
100,HS06,106,57746,7093,106,fully_outside,0.0,False
100,HS06,106,57747,7093,106,fully_outside,0.0,False
100,HS06,106,57748,7093,106,fully_outside,0.0,False
100,HS06,106,57749,10024,106,fully_outside,0.0,False
100,HS06,106,57750,10025,106,fully_outside,0.0,False
100,HS06,106,57751,10026,106,fully_outside,0.0,False
100,HS06,106,57764,10027,106,fully_outside,0.0,False
100,HS06,106,57765,10028,106,fully_outside,0.0,False
100,HS06,106,57767,7093,106,fully_outside,0.0,False
100,HS06,106,57768,7093,106,fully_outside,0.0,False
100,HS06,106,57769,7093,106,fully_outside,0.0,False
100,HS06,106,57770,7093,106,fully_outside,0.0,False
100,HS06,106,57771,7093,106,fully_outside,0.0,False
100,HS06,106,57772,7093,106,fully_outside,0.0,False
100,HS06,106,57773,7093,106,fully_outside,0.0,False
100,HS06,106,57774,7093,106,fully_outside,0.0,False
100,HS06,106,57775,7093,106,fully_outside,0.0,False
100,HS06,106,57776,7093,106,fully_outside,0.0,False
100,HS06,106,57777,7093,106,fully_outside,0.0,False
100,HS06,106,57778,7093,106,fully_outside,0.0,False
100,HS06,106,57779,7093,106,fully_outside,0.0,False
100,HS06,106,57780,7093,106,fully_outside,0.0,False
100,HS06,106,57781,7093,106,fully_outside,0.0,False
100,HS06,106,57782,7093,106,fully_outside,0.0,False
100,HS06,106,57783,7093,106,fully_outside,0.0,False
100,HS06,106,57784,10029,106,fully_outside,0.0,False
100,HS06,106,57785,7093,106,fully_outside,0.0,False
100,HS06,106,57786,7093,106,fully_outside,0.0,False
100,HS06,106,57787,7093,106,fully_outside,0.0,False
100,HS06,106,57788,7093,106,fully_outside,0.0,False
100,HS06,106,57789,7093,106,fully_outside,0.0,False
100,HS06,106,57790,10030,106,fully_outside,0.0,False
100,HS06,106,57791,10031,106,fully_outside,0.0,False
100,HS06,106,57792,10032,106,fully_outside,0.0,False
100,HS06,106,57793,7093,106,fully_outside,0.0,False
100,HS06,106,57794,7093,106,fully_outside,0.0,False
100,HS06,106,57795,7093,106,fully_outside,0.0,False
100,HS06,106,57796,7093,106,fully_outside,0.0,False
100,HS06,106,57797,7093,106,fully_outside,0.0,False
100,HS06,106,57798,7093,106,fully_outside,0.0,False
100,HS06,106,57799,7093,106,fully_outside,0.0,False
100,HS06,106,57800,10033,106,fully_outside,0.0,False
100,HS06,106,57801,7093,106,fully_outside,0.0,False
100,HS06,106,57802,7093,106,fully_outside,0.0,False
100,HS06,106,57803,10034,106,fully_outside,0.0,False
100,HS06,106,57804,10035,106,fully_outside,0.0,False
100,HS06,106,57805,10036,106,fully_outside,0.0,False
100,HS06,106,57806,10037,106,fully_outside,0.0,False
100,HS06,106,57807,7093,106,fully_outside,0.0,False
100,HS06,106,57808,7093,106,fully_outside,0.0,False
100,HS06,106,57809,7093,106,fully_outside,0.0,False
100,HS06,106,57810,7093,106,fully_outside,0.0,False
100,HS06,106,57811,7093,106,fully_outside,0.0,False
100,HS06,106,57812,7093,106,fully_outside,0.0,False
100,HS06,106,57813,7093,106,fully_outside,0.0,False
100,HS06,106,57814,7093,106,fully_outside,0.0,False
100,HS06,106,57815,7093,106,fully_outside,0.0,False
100,HS06,106,57816,7093,106,fully_outside,0.0,False
100,HS06,106,57817,7093,106,fully_outside,0.0,False
100,HS06,106,57818,7093,106,fully_outside,0.0,False
100,HS06,106,57819,10038,106,crosses_boundary,0.5250555299934594,False
100,HS06,106,57876,10042,106,fully_outside,0.0,False
100,HS06,106,57877,10043,106,fully_outside,0.0,False
100,HS06,106,57878,7093,106,fully_outside,0.0,False
100,HS06,106,57879,7093,106,fully_outside,0.0,False
100,HS06,106,57880,10044,106,fully_outside,0.0,False
100,HS06,106,57881,7093,106,fully_outside,0.0,False
100,HS06,106,57882,7093,106,fully_outside,0.0,False
100,HS06,106,57883,7093,106,fully_outside,0.0,False
100,HS06,106,57884,7093,106,fully_outside,0.0,False
100,HS06,106,57885,10045,106,fully_outside,0.0,False
100,HS06,106,57886,10046,106,fully_outside,0.0,False
100,HS06,106,57887,7093,106,fully_outside,0.0,False
100,HS06,106,57888,7093,106,fully_outside,0.0,False
100,HS06,106,57889,7093,106,crosses_boundary,0.034829901687471285,False
100,HS06,106,57890,7093,106,fully_outside,0.0,False
100,HS06,106,57891,10047,106,fully_outside,0.0,False
100,HS06,106,57892,7093,106,fully_outside,0.0,False
100,HS06,106,57893,7093,106,fully_outside,0.0,False
100,HS06,106,57894,10048,106,fully_outside,0.0,False
100,HS06,106,57895,7093,106,fully_outside,0.0,False
100,HS06,106,57896,7093,106,crosses_boundary,0.4123573212981553,False
100,HS06,106,57897,7093,106,fully_inside,0.9999999998447342,False
100,HS06,106,57898,10049,106,fully_outside,0.0,False
100,HS06,106,57899,10050,106,fully_outside,0.0,False
100,HS06,106,57900,10051,106,crosses_boundary,0.6243494182305594,False
100,HS06,106,57901,7093,106,fully_inside,1.0,False
100,HS06,106,57902,7093,106,fully_inside,1.0,False
100,HS06,106,57903,7093,106,fully_inside,0.999999999993309,False
100,HS06,106,57904,7093,106,fully_inside,0.99999999993626,False
100,HS06,106,57905,7093,106,fully_inside,1.0,False
100,HS06,106,57906,7093,106,fully_inside,0.9999999999683321,False
100,HS06,106,57907,7093,106,fully_inside,1.0,False
100,HS06,106,57908,7093,106,fully_inside,0.9999999999653487,False
100,HS06,106,57909,10052,106,fully_inside,0.9999999993759641,False
100,HS06,106,57910,10053,106,fully_inside,0.9999999997430431,False
100,HS06,106,57911,7093,106,fully_inside,0.9999999999623123,False
100,HS06,106,57912,7093,106,fully_inside,1.0,False
100,HS06,106,57913,7093,106,fully_inside,1.0,False
100,HS06,106,57915,10020,106,crosses_boundary,0.5718242030129014,False
100,HS06,106,57916,10055,106,crosses_boundary,0.005566253381774199,False
100,HS06,106,57917,10055,106,crosses_boundary,0.1436484060719013,False
100,HS06,106,57918,7093,106,fully_inside,0.9999999998019901,False
100,HS06,106,57919,7093,106,fully_inside,1.0,False
100,HS06,106,57920,10056,106,fully_inside,1.0,False
100,HS06,106,57921,7093,106,fully_inside,0.9999999999150242,False
100,HS06,106,57922,9992,106,fully_inside,0.9999999994123536,False
100,HS06,106,57923,9992,106,fully_inside,0.9999999992035641,False
100,HS06,106,57924,7093,106,fully_inside,1.0,False
100,HS06,106,57925,7093,106,fully_inside,1.0,False
100,HS06,106,57926,7093,106,fully_inside,1.0,False
100,HS06,106,57927,7093,106,fully_inside,0.9999999999616415,False
100,HS06,106,57928,7093,106,fully_inside,0.9999999997376614,False
100,HS06,106,57929,7093,106,fully_inside,0.999999999994346,False
100,HS06,106,57930,7093,106,fully_inside,0.9999999997653237,False
100,HS06,106,57931,9992,106,fully_inside,0.999999999016102,False
100,HS06,106,57932,7093,106,fully_inside,1.0,False
100,HS06,106,57933,9992,106,fully_inside,0.9999999994122776,False
100,HS06,106,57934,7093,106,fully_inside,1.0,False
100,HS06,106,57935,7093,106,fully_inside,1.0,False
100,HS06,106,57936,7093,106,fully_inside,1.0,False
100,HS06,106,57937,9992,106,fully_inside,1.0,False
100,HS06,106,57938,7093,106,fully_inside,0.999999999855383,False
100,HS06,106,57939,7093,106,fully_inside,0.9999999998995753,False
100,HS06,106,57940,7093,106,fully_inside,0.9999999996028197,False
100,HS06,106,57941,9992,106,fully_inside,1.0,False
100,HS06,106,57942,7093,106,fully_inside,0.999999999939747,False
100,HS06,106,57943,10057,106,fully_inside,1.0,False
100,HS06,106,57944,7093,106,fully_inside,1.0,False
100,HS06,106,57945,9992,106,fully_inside,1.0,False
100,HS06,106,57946,10057,106,fully_inside,1.0,False
100,HS06,106,57947,9992,106,fully_inside,0.9999999992580164,False
100,HS06,106,57948,10038,106,fully_inside,0.9999999998062579,False
100,HS06,106,57949,10057,106,fully_inside,1.0,False
100,HS06,106,57950,10038,106,fully_inside,1.0,False
100,HS06,106,57951,10038,106,fully_inside,1.0,False
100,HS06,106,57952,9992,106,fully_inside,1.0,False
100,HS06,106,57953,10038,106,fully_inside,1.0,False
100,HS06,106,57954,9992,106,fully_inside,0.9999999992392394,False
100,HS06,106,57955,10038,106,fully_inside,1.0,False
100,HS06,106,57956,9992,106,fully_inside,1.0,False
100,HS06,106,57957,10038,106,fully_inside,0.999999999181158,False
100,HS06,106,57958,9992,106,fully_inside,1.0,False
100,HS06,106,57959,9992,106,fully_inside,1.0,False
100,HS06,106,57960,10038,106,fully_inside,0.9999999998062579,False
100,HS06,106,57961,10038,106,fully_inside,1.0,False
100,HS06,106,57962,10038,106,fully_inside,0.999999996906265,False
100,HS06,106,57963,10038,106,fully_inside,0.9999999999412327,False
100,HS06,106,57964,10038,106,fully_inside,1.0,False
100,HS06,106,57965,10038,106,fully_inside,1.0,False
100,HS06,106,57966,10038,106,fully_inside,1.0,False
100,HS06,106,57967,10038,106,fully_inside,1.0,False
100,HS06,106,57989,9993,106,crosses_boundary,0.6210848264024584,False
100,HS06,106,57990,9993,106,fully_inside,0.999999999997448,False
100,HS06,106,57991,9993,106,fully_inside,0.999999999997448,False
100,HS06,106,57992,9821,106,fully_inside,1.0,False
100,HS06,106,57993,9821,106,fully_inside,1.0,False
100,HS06,106,57995,7558,110,fully_inside,0.9999999999932805,False
100,HS06,106,57996,6634,106,fully_inside,0.9999999999985889,False
100,HS06,106,57998,3543,110,crosses_boundary,1.9123063916417468e-06,False
100,HS06,106,57999,3543,110,crosses_boundary,7.785869205220548e-06,False
100,HS06,106,58001,3543,110,crosses_boundary,0.00010121629407875542,False
100,HS06,106,58002,10058,106,fully_inside,0.9999999999998651,False
100,HS06,106,58004,6298,106,fully_inside,1.0,False
100,HS06,106,58005,9861,106,fully_inside,1.0,False
100,HS06,106,58006,9861,106,fully_inside,1.0,False
100,HS06,106,58008,7582,106,fully_inside,0.999999999999443,False
100,HS06,106,58009,10058,106,fully_inside,0.9999999999998651,False
100,HS06,106,58010,7578,106,fully_inside,1.0,False
100,HS06,106,58011,7578,106,fully_inside,0.9999999999990729,False
100,HS06,106,58012,7093,106,fully_inside,0.9999999999980194,False
100,HS06,106,58013,7125,106,fully_inside,0.999999999999353,False
100,HS06,106,58014,7579,106,fully_inside,1.0,False
100,HS06,106,58015,7095,106,fully_inside,0.9999999999972711,False
100,HS06,106,58016,7132,106,fully_inside,1.0,False
100,HS06,106,58017,7581,106,fully_inside,0.9999999999995226,False
100,HS06,106,58018,7093,106,fully_inside,1.0,False
100,HS06,106,58019,7580,106,fully_inside,1.0,False
100,HS06,106,58020,7587,106,fully_inside,1.0,False
100,HS06,106,58021,7588,106,fully_inside,0.9999999999998358,False
100,HS06,106,58022,7582,106,fully_inside,0.9999999999996506,False
100,HS06,106,58024,7582,106,fully_inside,1.0,False
100,HS06,106,58030,7582,106,fully_inside,0.9999999999999977,False
100,HS06,106,58035,7582,106,fully_inside,1.0,False
100,HS06,106,58037,7578,106,fully_inside,1.0,False
100,HS06,106,58038,7578,106,fully_inside,0.9999999999937802,False
100,HS06,106,58039,7578,106,fully_inside,1.0,False
100,HS06,106,58040,7578,106,fully_inside,0.9999999999937802,False
100,HS06,106,58041,7093,106,fully_inside,1.0,False
100,HS06,106,58042,7579,106,fully_inside,0.9999999999937802,False
100,HS06,106,58043,7579,106,fully_inside,0.9999999999937802,False
100,HS06,106,58048,10060,106,fully_inside,1.0,False
100,HS06,106,58049,10060,106,fully_inside,1.0,False
100,HS06,106,58533,7737,106,fully_outside,0.0,False
100,HS06,106,58534,7737,106,fully_outside,0.0,False
100,HS06,106,58535,8296,106,fully_outside,0.0,False
100,HS06,106,58536,7737,106,fully_outside,0.0,False
100,HS06,106,58537,7739,106,fully_outside,0.0,False
100,HS06,106,58538,7739,106,fully_outside,0.0,False
100,HS06,106,58539,8296,106,fully_outside,0.0,False
100,HS06,106,58546,7737,106,fully_outside,0.0,False
100,HS06,106,58547,7739,106,fully_outside,0.0,False
100,HS06,106,58548,8296,106,fully_outside,0.0,False
100,HS06,106,58549,8296,106,fully_outside,0.0,False
100,HS06,106,58550,8296,106,fully_outside,0.0,False
100,HS06,106,58566,8296,106,fully_outside,0.0,False
100,HS06,106,58673,8330,106,fully_inside,1.0,False
100,HS06,106,58674,8329,106,fully_inside,1.0,False
100,HS06,106,58675,8332,106,fully_inside,0.9999999999995226,False
100,HS06,106,58676,8331,106,fully_inside,0.9999999999995232,False
100,HS06,106,58677,8335,106,fully_inside,1.0,False
100,HS06,106,58678,8336,106,fully_inside,0.9999999999998848,False
100,HS06,106,58679,8337,106,fully_inside,0.9999999999998848,False
100,HS06,106,58680,8338,106,fully_inside,0.999999999999884,False
100,HS06,106,59069,8046,106,fully_outside,0.0,False
100,HS06,106,59071,8049,106,crosses_boundary,0.02226501466513547,False
100,HS06,106,59072,8047,106,fully_outside,0.0,False
100,HS06,106,59073,8047,106,fully_outside,0.0,False
100,HS06,106,59378,10238,106,fully_inside,0.9999999999994538,False
100,HS06,106,59379,10238,106,fully_inside,0.9999999999994538,False
100,HS06,106,59380,10239,106,fully_inside,0.9999999999994538,False
100,HS06,106,59381,10239,106,fully_inside,0.9999999999994538,False
100,HS06,106,60064,10355,106,fully_outside,0.0,False
100,HS06,106,60065,10355,106,fully_outside,0.0,False
100,HS06,106,60066,10355,106,fully_outside,0.0,False
100,HS06,106,60173,10391,106,fully_outside,0.0,False
100,HS06,106,60265,9551,106,fully_inside,0.9999999999998842,False
100,HS06,106,60266,9550,106,fully_inside,0.999999999999812,False
100,HS06,106,60267,9552,106,fully_inside,1.0,False
100,HS06,106,60268,9553,106,fully_inside,1.0,False
100,HS06,106,60269,9555,106,fully_inside,0.9999999999998848,False
100,HS06,106,60270,9554,106,fully_inside,0.999999999999812,False
100,HS06,106,60271,9556,106,fully_inside,1.0,False
100,HS06,106,60272,9557,106,fully_inside,0.9999999999995232,False
100,HS06,106,60273,9645,106,fully_inside,0.9999999999996028,False
100,HS06,106,60440,9169,106,fully_inside,0.9999999999997033,False
100,HS06,106,60441,9172,106,fully_inside,1.0,False
100,HS06,106,60448,9660,106,fully_inside,1.0,False
100,HS06,106,60490,10453,106,fully_inside,0.9999999999953894,False
100,HS06,106,60491,10453,106,fully_inside,0.9999999999953894,False
100,HS06,106,60492,10454,106,fully_inside,0.9999999999875135,False
100,HS06,106,60493,10454,106,fully_inside,0.9999999999875135,False
100,HS06,106,60494,9645,106,fully_inside,0.999999999999913,False
100,HS06,106,60501,10455,106,fully_inside,1.0,False
100,HS06,106,60502,10455,106,fully_inside,1.0,False
100,HS10,123,2649,631,123,fully_outside,0.0,False
100,HS10,123,2657,631,123,fully_outside,0.0,False
100,HS10,123,2660,631,123,fully_outside,0.0,False
100,HS10,123,2661,631,123,fully_outside,0.0,False
100,HS10,123,2662,631,123,fully_outside,0.0,False
100,HS10,123,2663,631,123,fully_outside,0.0,False
100,HS10,123,2664,631,123,fully_outside,0.0,False
100,HS10,123,2665,631,123,fully_outside,0.0,False
100,HS10,123,2666,631,123,fully_outside,0.0,False
100,HS10,123,2667,631,123,fully_outside,0.0,False
100,HS10,123,2669,631,123,fully_outside,0.0,False
100,HS10,123,2670,631,123,fully_outside,0.0,False
100,HS10,123,2671,631,123,fully_outside,0.0,False
100,HS10,123,2676,631,123,fully_outside,0.0,False
100,HS10,123,2677,631,123,fully_outside,0.0,False
100,HS10,123,2678,631,123,fully_outside,0.0,False
100,HS10,123,2682,631,123,fully_outside,0.0,False
100,HS10,123,2683,631,123,fully_outside,0.0,False
100,HS10,123,2687,631,123,crosses_boundary,0.7272329951461207,False
100,HS10,123,2688,631,123,crosses_boundary,0.9783261450138698,False
100,HS10,123,2689,631,123,crosses_boundary,0.978326145014368,False
100,HS10,123,2690,631,123,crosses_boundary,0.9783261450142156,False
100,HS10,123,2776,682,123,fully_outside,0.0,False
100,HS10,123,2777,683,123,fully_outside,0.0,False
100,HS10,123,2786,686,123,fully_outside,0.0,False
100,HS10,123,2787,686,123,fully_outside,0.0,False
100,HS10,123,2790,686,123,fully_outside,0.0,False
100,HS10,123,2791,686,123,fully_outside,0.0,False
100,HS10,123,2792,688,123,fully_outside,0.0,False
100,HS10,123,2793,689,123,fully_outside,0.0,False
100,HS10,123,2794,690,123,fully_outside,0.0,False
100,HS10,123,2795,691,123,fully_outside,0.0,False
100,HS10,123,2796,692,123,fully_outside,0.0,False
100,HS10,123,2797,693,123,fully_outside,0.0,False
100,HS10,123,2798,689,123,fully_outside,0.0,False
100,HS10,123,2803,698,123,fully_outside,0.0,False
100,HS10,123,2804,698,123,fully_outside,0.0,False
100,HS10,123,2805,693,123,fully_outside,0.0,False
100,HS10,123,2811,693,123,fully_outside,0.0,False
100,HS10,123,2812,702,123,fully_outside,0.0,False
100,HS10,123,2946,631,123,crosses_boundary,0.9793113202419014,False
100,HS10,123,2947,631,123,crosses_boundary,0.9802517147755928,False
100,HS10,123,2953,631,123,fully_inside,0.9999999999970116,False
100,HS10,123,2954,631,123,crosses_boundary,0.9811103358670219,False
100,HS10,123,2955,631,123,crosses_boundary,0.9819316256172824,False
100,HS10,123,2956,631,123,crosses_boundary,0.9819316256156396,False
100,HS10,123,2957,631,123,crosses_boundary,0.9819316256170987,False
100,HS10,123,2958,631,123,fully_inside,1.0,False
100,HS10,123,2959,631,123,fully_inside,1.0,False
100,HS10,123,2960,631,123,fully_inside,1.0,False
100,HS10,123,2961,631,123,fully_inside,1.0,False
100,HS10,123,2962,631,123,fully_inside,0.9999999999949202,False
100,HS10,123,2988,631,123,fully_inside,1.0,False
100,HS10,123,2989,631,123,fully_inside,1.0,False
100,HS10,123,2990,631,123,fully_inside,0.9999999999999665,False
100,HS10,123,2991,631,123,fully_inside,1.0,False
100,HS10,123,2992,631,123,fully_inside,0.9999999999999907,False
100,HS10,123,3081,742,123,fully_inside,1.0,False
100,HS10,123,3082,743,123,fully_inside,1.0,False
100,HS10,123,3100,757,123,fully_inside,0.9999999999951188,False
100,HS10,123,3101,757,123,fully_inside,1.0,False
100,HS10,123,3102,758,123,fully_inside,1.0,False
100,HS10,123,3104,759,123,fully_inside,0.999999999998549,False
100,HS10,123,3105,760,123,fully_inside,0.9999999999998642,False
100,HS10,123,3106,761,123,fully_inside,1.0,False
100,HS10,123,3107,762,123,fully_inside,1.0,False
100,HS10,123,3108,763,123,fully_inside,0.9999999999998377,False
100,HS10,123,3109,763,123,fully_inside,0.9999999999970973,False
100,HS10,123,3110,764,123,fully_inside,0.9999999999994449,False
100,HS10,123,3111,765,123,fully_inside,1.0,False
100,HS10,123,3112,766,123,fully_inside,0.9999999999992358,False
100,HS10,123,3113,767,123,fully_inside,0.9999999999994809,False
100,HS10,123,3114,768,123,fully_inside,1.0,False
100,HS10,123,3115,743,123,fully_inside,1.0,False
100,HS10,123,4064,686,123,fully_outside,0.0,False
100,HS10,123,4065,683,123,fully_outside,0.0,False
100,HS10,123,4068,688,123,fully_outside,0.0,False
100,HS10,123,4069,693,123,fully_outside,0.0,False
100,HS10,123,4070,689,123,fully_outside,0.0,False
100,HS10,123,4071,692,123,fully_outside,0.0,False
100,HS10,123,4239,686,123,fully_outside,0.0,False
100,HS10,123,4245,686,123,fully_outside,0.0,False
100,HS10,123,4247,686,123,fully_outside,0.0,False
100,HS10,123,4250,693,123,fully_outside,0.0,False
100,HS10,123,4251,698,123,fully_outside,0.0,False
100,HS10,123,4256,986,123,fully_outside,0.0,False
100,HS10,123,4257,689,123,fully_outside,0.0,False
100,HS10,123,4258,693,123,fully_outside,0.0,False
100,HS10,123,4262,987,123,fully_outside,0.0,False
100,HS10,123,4266,693,123,fully_outside,0.0,False
100,HS10,123,4267,689,123,fully_outside,0.0,False
100,HS10,123,4334,742,123,fully_inside,1.0,False
100,HS10,123,4335,743,123,fully_inside,1.0,False
100,HS10,123,4480,757,123,fully_inside,0.9999999999951188,False
100,HS10,123,4481,757,123,fully_inside,1.0,False
100,HS10,123,4482,758,123,fully_inside,1.0,False
100,HS10,123,4483,759,123,fully_inside,0.999999999998549,False
100,HS10,123,4484,760,123,fully_inside,0.9999999999998094,False
100,HS10,123,4485,761,123,fully_inside,1.0,False
100,HS10,123,4486,763,123,fully_inside,1.0,False
100,HS10,123,4487,763,123,fully_inside,0.9999999999985317,False
100,HS10,123,4488,764,123,fully_inside,0.9999999999994449,False
100,HS10,123,4489,765,123,fully_inside,0.9999999999997999,False
100,HS10,123,4490,766,123,fully_inside,0.9999999999992358,False
100,HS10,123,4491,767,123,fully_inside,1.0,False
100,HS10,123,4492,1014,123,fully_inside,0.9999999999952814,False
100,HS10,123,4493,768,123,fully_inside,1.0,False
100,HS10,123,4494,743,123,fully_inside,1.0,False
100,HS10,123,4501,743,123,fully_inside,0.9999999999962682,False
100,HS10,123,4516,1019,123,fully_inside,0.9999999999999996,False
100,HS10,123,10785,631,123,fully_outside,0.0,False
100,HS10,123,10791,631,123,fully_outside,0.0,False
100,HS10,123,10841,2370,123,fully_outside,0.0,False
100,HS10,123,10842,631,123,fully_outside,0.0,False
100,HS10,123,10843,631,123,fully_outside,0.0,False
100,HS10,123,10844,631,123,fully_outside,0.0,False
100,HS10,123,10845,631,123,fully_outside,0.0,False
100,HS10,123,10846,631,123,fully_outside,0.0,False
100,HS10,123,10847,631,123,fully_outside,0.0,False
100,HS10,123,10848,631,123,fully_outside,0.0,False
100,HS10,123,10849,631,123,fully_outside,0.0,False
100,HS10,123,10850,631,123,fully_outside,0.0,False
100,HS10,123,10851,631,123,fully_outside,0.0,False
100,HS10,123,10852,631,123,fully_outside,0.0,False
100,HS10,123,10853,631,123,fully_outside,0.0,False
100,HS10,123,10854,631,123,fully_outside,0.0,False
100,HS10,123,10855,631,123,fully_outside,0.0,False
100,HS10,123,10856,631,123,fully_outside,0.0,False
100,HS10,123,10857,631,123,fully_outside,0.0,False
100,HS10,123,10858,631,123,fully_outside,0.0,False
100,HS10,123,10859,631,123,fully_outside,0.0,False
100,HS10,123,10860,631,123,fully_outside,0.0,False
100,HS10,123,10861,631,123,fully_outside,0.0,False
100,HS10,123,10862,631,123,crosses_boundary,0.1348471555216063,False
100,HS10,123,10863,631,123,crosses_boundary,0.18978488554892398,False
100,HS10,123,10864,631,123,crosses_boundary,0.4772531680716492,False
100,HS10,123,10865,631,123,crosses_boundary,0.3054420275658428,False
100,HS10,123,10866,631,123,crosses_boundary,0.7851584377952066,False
100,HS10,123,10867,631,123,crosses_boundary,0.31155086811719623,False
100,HS10,123,10868,631,123,crosses_boundary,0.3054420275656774,False
100,HS10,123,10869,631,123,crosses_boundary,0.282816692190589,False
100,HS10,123,10870,631,123,crosses_boundary,0.2994529682017877,False
100,HS10,123,10871,631,123,crosses_boundary,0.13484715552162885,False
100,HS10,123,10872,2370,123,fully_outside,0.0,False
100,HS10,123,10873,2371,123,fully_outside,0.0,False
100,HS10,123,10874,2372,123,fully_outside,0.0,False
100,HS10,123,10875,2370,123,fully_outside,0.0,False
100,HS10,123,10876,2372,123,fully_outside,0.0,False
100,HS10,123,10877,2372,123,fully_outside,0.0,False
100,HS10,123,10878,2372,123,fully_outside,0.0,False
100,HS10,123,10879,2373,110,fully_outside,0.0,False
100,HS10,123,10880,2374,110,fully_outside,0.0,False
100,HS10,123,10881,2374,110,fully_outside,0.0,False
100,HS10,123,10882,631,123,crosses_boundary,0.03263966592359714,False
100,HS10,123,10883,631,123,crosses_boundary,0.46413234879575627,False
100,HS10,123,10884,631,123,crosses_boundary,0.6642756884020266,False
100,HS10,123,10885,631,123,crosses_boundary,0.6642756884023295,False
100,HS10,123,10886,2374,110,fully_outside,0.0,False
100,HS10,123,11136,2374,110,fully_outside,0.0,False
100,HS10,123,11137,2374,110,fully_outside,0.0,False
100,HS10,123,11138,2374,110,fully_outside,0.0,False
100,HS10,123,11139,2374,110,fully_outside,0.0,False
100,HS10,123,11140,2374,110,fully_outside,0.0,False
100,HS10,123,11141,2374,110,fully_outside,0.0,False
100,HS10,123,11146,2374,110,fully_outside,0.0,False
100,HS10,123,11147,2374,110,fully_outside,0.0,False
100,HS10,123,11148,2374,110,fully_outside,0.0,False
100,HS10,123,11150,2464,110,fully_outside,0.0,False
100,HS10,123,11173,2468,123,fully_outside,0.0,False
100,HS10,123,11189,2472,123,fully_outside,0.0,False
100,HS10,123,11281,686,123,fully_outside,0.0,False
100,HS10,123,11282,2488,123,fully_outside,0.0,False
100,HS10,123,11283,686,123,fully_outside,0.0,False
100,HS10,123,11284,2489,123,fully_outside,0.0,False
100,HS10,123,11287,2468,123,fully_outside,0.0,False
100,HS10,123,11288,2468,123,fully_outside,0.0,False
100,HS10,123,11308,2472,123,fully_outside,0.0,False
100,HS10,123,11309,2472,123,fully_outside,0.0,False
100,HS10,123,11311,2472,123,fully_outside,0.0,False
100,HS10,123,11371,2504,123,fully_outside,0.0,False
100,HS10,123,11372,2505,123,fully_outside,0.0,False
100,HS10,123,11373,2506,123,fully_outside,0.0,False
100,HS10,123,11374,2507,123,fully_outside,0.0,False
100,HS10,123,11375,2508,123,fully_outside,0.0,False
100,HS10,123,11376,2508,123,fully_outside,0.0,False
100,HS10,123,11377,2509,123,fully_outside,0.0,False
100,HS10,123,11378,2509,123,fully_outside,0.0,False
100,HS10,123,11379,2509,123,fully_outside,0.0,False
100,HS10,123,11380,2510,123,fully_outside,0.0,False
100,HS10,123,11381,2509,123,fully_outside,0.0,False
100,HS10,123,11382,2472,123,fully_outside,0.0,False
100,HS10,123,11383,2511,123,fully_outside,0.0,False
100,HS10,123,11384,2512,123,fully_outside,0.0,False
100,HS10,123,11385,2512,123,fully_outside,0.0,False
100,HS10,123,11386,2513,123,fully_outside,0.0,False
100,HS10,123,11387,2514,123,fully_outside,0.0,False
100,HS10,123,11388,2514,123,fully_outside,0.0,False
100,HS10,123,11389,2514,123,fully_outside,0.0,False
100,HS10,123,11390,2514,123,fully_outside,0.0,False
100,HS10,123,11391,2515,123,fully_outside,0.0,False
100,HS10,123,11392,2505,123,fully_outside,0.0,False
100,HS10,123,11393,2506,123,fully_outside,0.0,False
100,HS10,123,11394,2505,123,fully_outside,0.0,False
100,HS10,123,11395,2507,123,fully_outside,0.0,False
100,HS10,123,11396,2516,123,fully_outside,0.0,False
100,HS10,123,11397,2507,123,fully_outside,0.0,False
100,HS10,123,11398,2508,123,fully_outside,0.0,False
100,HS10,123,11399,2508,123,fully_outside,0.0,False
100,HS10,123,11400,2516,123,fully_outside,0.0,False
100,HS10,123,11401,2517,123,fully_outside,0.0,False
100,HS10,123,11402,2518,123,fully_outside,0.0,False
100,HS10,123,11403,2508,123,fully_outside,0.0,False
100,HS10,123,11404,2508,123,fully_outside,0.0,False
100,HS10,123,11405,2508,123,fully_outside,0.0,False
100,HS10,123,11406,2516,123,fully_outside,0.0,False
100,HS10,123,11407,2509,123,fully_outside,0.0,False
100,HS10,123,11408,2509,123,fully_outside,0.0,False
100,HS10,123,11409,2509,123,fully_outside,0.0,False
100,HS10,123,11410,2509,123,fully_outside,0.0,False
100,HS10,123,11411,2472,123,fully_outside,0.0,False
100,HS10,123,11412,2513,123,fully_outside,0.0,False
100,HS10,123,11413,2472,123,fully_outside,0.0,False
100,HS10,123,11414,2511,123,fully_outside,0.0,False
100,HS10,123,11415,2511,123,fully_outside,0.0,False
100,HS10,123,11416,2512,123,fully_outside,0.0,False
100,HS10,123,11417,2512,123,fully_outside,0.0,False
100,HS10,123,11418,2519,123,fully_outside,0.0,False
100,HS10,123,11419,2512,123,fully_outside,0.0,False
100,HS10,123,11420,2512,123,fully_outside,0.0,False
100,HS10,123,11421,2512,123,fully_outside,0.0,False
100,HS10,123,11422,689,123,fully_outside,0.0,False
100,HS10,123,11423,2520,123,fully_outside,0.0,False
100,HS10,123,11424,2521,123,fully_outside,0.0,False
100,HS10,123,11425,2520,123,fully_outside,0.0,False
100,HS10,123,11426,2522,123,fully_outside,0.0,False
100,HS10,123,11427,2522,123,fully_outside,0.0,False
100,HS10,123,11428,2523,123,fully_outside,0.0,False
100,HS10,123,11429,2522,123,fully_outside,0.0,False
100,HS10,123,11430,2514,123,fully_outside,0.0,False
100,HS10,123,11431,2514,123,fully_outside,0.0,False
100,HS10,123,11432,2514,123,fully_outside,0.0,False
100,HS10,123,11433,2514,123,fully_outside,0.0,False
100,HS10,123,12085,2618,110,fully_outside,0.0,False
100,HS10,123,12096,2628,110,fully_outside,0.0,False
100,HS10,123,12123,2639,110,fully_outside,0.0,False
100,HS10,123,12134,631,123,crosses_boundary,0.9865944319092007,False
100,HS10,123,12135,631,123,fully_inside,1.0,False
100,HS10,123,12136,631,123,fully_inside,0.999999999993821,False
100,HS10,123,12137,631,123,fully_inside,0.9999999999959203,False
100,HS10,123,12138,631,123,fully_inside,0.9999999999981031,False
100,HS10,123,12139,631,123,fully_inside,0.9999999999995055,False
100,HS10,123,12140,631,123,fully_inside,1.0,False
100,HS10,123,12141,631,123,fully_inside,1.0,False
100,HS10,123,12142,631,123,fully_inside,0.9999999999998918,False
100,HS10,123,12143,631,123,fully_inside,0.9999999999781413,False
100,HS10,123,12144,631,123,fully_inside,0.9999999999991135,False
100,HS10,123,12145,631,123,fully_inside,1.0,False
100,HS10,123,12146,631,123,crosses_boundary,0.7935917195361815,False
100,HS10,123,12147,631,123,crosses_boundary,0.8730971312703237,False
100,HS10,123,12148,631,123,fully_inside,1.0,False
100,HS10,123,12149,631,123,fully_inside,1.0,False
100,HS10,123,12150,631,123,crosses_boundary,0.8829552235526794,False
100,HS10,123,12151,631,123,crosses_boundary,0.9341081258519158,False
100,HS10,123,12152,631,123,fully_inside,1.0,False
100,HS10,123,12153,631,123,fully_inside,1.0,False
100,HS10,123,12182,2643,123,fully_inside,0.9999999999994547,False
100,HS10,123,12183,2644,123,fully_inside,0.9999999999945047,False
100,HS10,123,12184,743,123,fully_inside,0.9999999999964301,False
100,HS10,123,12185,2645,123,fully_inside,1.0,False
100,HS10,123,12186,743,123,fully_inside,1.0,False
100,HS10,123,12187,743,123,fully_inside,1.0,False
100,HS10,123,12188,2646,123,fully_inside,0.9999999999860485,False
100,HS10,123,12189,2643,123,fully_inside,0.9999999999983522,False
100,HS10,123,12190,2647,123,fully_inside,0.9999999999987237,False
100,HS10,123,12191,2648,123,fully_inside,0.9999999999983651,False
100,HS10,123,12192,2649,123,fully_inside,0.999999999999861,False
100,HS10,123,12193,2650,123,fully_inside,0.999999999999803,False
100,HS10,123,12194,2651,123,fully_inside,0.999999999999861,False
100,HS10,123,12195,2648,123,fully_inside,0.999999999998549,False
100,HS10,123,12196,743,123,fully_inside,1.0,False
100,HS10,123,12197,2644,123,fully_inside,0.9999999999975127,False
100,HS10,123,12198,743,123,fully_inside,1.0,False
100,HS10,123,12199,743,123,fully_inside,1.0,False
100,HS10,123,12200,2652,123,fully_inside,0.9999999999996851,False
100,HS10,123,12201,2653,123,fully_inside,0.9999999999995883,False
100,HS10,123,12202,2654,123,fully_inside,0.9999999999999298,False
100,HS10,123,12203,2655,123,fully_inside,0.9999999999999472,False
100,HS10,123,12343,2374,110,fully_outside,0.0,False
100,HS10,123,12344,2374,110,fully_outside,0.0,False
100,HS10,123,12451,2374,110,fully_outside,0.0,False
100,HS10,123,12452,2374,110,fully_outside,0.0,False
100,HS10,123,12453,2374,110,fully_outside,0.0,False
100,HS10,123,12455,2374,110,fully_outside,0.0,False
100,HS10,123,12456,2374,110,fully_outside,0.0,False
100,HS10,123,12457,2374,110,fully_outside,0.0,False
100,HS10,123,12458,2374,110,fully_outside,0.0,False
100,HS10,123,12459,2374,110,fully_outside,0.0,False
100,HS10,123,12460,2374,110,fully_outside,0.0,False
100,HS10,123,12461,2374,110,fully_outside,0.0,False
100,HS10,123,12462,2374,110,fully_outside,0.0,False
100,HS10,123,12463,2374,110,fully_outside,0.0,False
100,HS10,123,12464,2374,110,fully_outside,0.0,False
100,HS10,123,12465,2374,110,fully_outside,0.0,False
100,HS10,123,12466,2374,110,fully_outside,0.0,False
100,HS10,123,12467,2374,110,fully_outside,0.0,False
100,HS10,123,12468,2374,110,fully_outside,0.0,False
100,HS10,123,12469,2374,110,fully_outside,0.0,False
100,HS10,123,12470,2374,110,fully_outside,0.0,False
100,HS10,123,12471,2374,110,fully_outside,0.0,False
100,HS10,123,12472,2374,110,fully_outside,0.0,False
100,HS10,123,12509,2374,110,fully_outside,0.0,False
100,HS10,123,12510,2374,110,fully_outside,0.0,False
100,HS10,123,12511,2374,110,fully_outside,0.0,False
100,HS10,123,12585,2374,110,fully_outside,0.0,False
100,HS10,123,12586,2374,110,fully_outside,0.0,False
100,HS10,123,12587,2374,110,fully_outside,0.0,False
100,HS10,123,12588,2374,110,fully_outside,0.0,False
100,HS10,123,12589,2374,110,fully_outside,0.0,False
100,HS10,123,12590,2374,110,fully_outside,0.0,False
100,HS10,123,12591,2374,110,fully_outside,0.0,False
100,HS10,123,12592,2374,110,fully_outside,0.0,False
100,HS10,123,12593,2374,110,fully_outside,0.0,False
100,HS10,123,12594,2374,110,fully_outside,0.0,False
100,HS10,123,12595,2750,110,fully_outside,0.0,False
100,HS10,123,12953,2843,110,fully_outside,0.0,False
100,HS10,123,12954,2843,110,fully_outside,0.0,False
100,HS10,123,12958,2844,110,fully_outside,0.0,False
100,HS10,123,12959,2845,110,fully_outside,0.0,False
100,HS10,123,12960,2845,110,fully_outside,0.0,False
100,HS10,123,13083,2873,110,fully_outside,0.0,False
100,HS10,123,13084,2874,110,fully_outside,0.0,False
100,HS10,123,13085,2875,110,fully_outside,0.0,False
100,HS10,123,13087,2876,110,fully_outside,0.0,False
100,HS10,123,13088,2877,110,fully_outside,0.0,False
100,HS10,123,13089,2877,110,fully_outside,0.0,False
100,HS10,123,13090,2878,110,fully_outside,0.0,False
100,HS10,123,13091,2879,110,fully_outside,0.0,False
100,HS10,123,13092,2875,110,fully_outside,0.0,False
100,HS10,123,13093,2880,110,fully_outside,0.0,False
100,HS10,123,13166,2898,110,fully_outside,0.0,False
100,HS10,123,13167,2899,110,fully_outside,0.0,False
100,HS10,123,13168,2900,110,fully_outside,0.0,False
100,HS10,123,13290,2929,110,fully_outside,0.0,False
100,HS10,123,13291,2930,110,fully_outside,0.0,False
100,HS10,123,13292,2899,110,fully_outside,0.0,False
100,HS10,123,13293,2931,110,fully_outside,0.0,False
100,HS10,123,13294,2898,110,fully_outside,0.0,False
100,HS10,123,13295,2932,110,fully_outside,0.0,False
100,HS10,123,13296,2932,110,fully_outside,0.0,False
100,HS10,123,13412,2965,110,fully_outside,0.0,False
100,HS10,123,13413,2966,110,fully_outside,0.0,False
100,HS10,123,13414,2967,110,fully_outside,0.0,False
100,HS10,123,13415,2968,110,fully_outside,0.0,False
100,HS10,123,13416,2969,110,fully_outside,0.0,False
100,HS10,123,13417,2970,110,fully_outside,0.0,False
100,HS10,123,13418,2971,110,fully_outside,0.0,False
100,HS10,123,13419,2972,110,fully_outside,0.0,False
100,HS10,123,13420,2973,110,fully_outside,0.0,False
100,HS10,123,13421,2974,110,fully_outside,0.0,False
100,HS10,123,13422,2975,110,fully_outside,0.0,False
100,HS10,123,13423,2976,110,fully_outside,0.0,False
100,HS10,123,13424,2977,110,fully_outside,0.0,False
100,HS10,123,13425,2978,110,fully_outside,0.0,False
100,HS10,123,13426,2979,110,fully_outside,0.0,False
100,HS10,123,13427,2980,110,fully_outside,0.0,False
100,HS10,123,13428,2981,110,fully_outside,0.0,False
100,HS10,123,13429,2982,110,fully_outside,0.0,False
100,HS10,123,13430,2983,110,fully_outside,0.0,False
100,HS10,123,13431,2974,110,fully_outside,0.0,False
100,HS10,123,13432,2984,110,fully_outside,0.0,False
100,HS10,123,13433,2985,110,fully_outside,0.0,False
100,HS10,123,13434,2986,110,fully_outside,0.0,False
100,HS10,123,13435,2932,110,fully_outside,0.0,False
100,HS10,123,13436,2987,110,fully_outside,0.0,False
100,HS10,123,13437,2988,110,fully_outside,0.0,False
100,HS10,123,13438,2989,110,fully_outside,0.0,False
100,HS10,123,13440,2966,110,fully_outside,0.0,False
100,HS10,123,13441,2979,110,fully_outside,0.0,False
100,HS10,123,13442,2967,110,fully_outside,0.0,False
100,HS10,123,13443,2965,110,fully_outside,0.0,False
100,HS10,123,13444,2967,110,fully_outside,0.0,False
100,HS10,123,13445,2900,110,fully_outside,0.0,False
100,HS10,123,13446,2965,110,fully_outside,0.0,False
100,HS10,123,13447,2971,110,fully_outside,0.0,False
100,HS10,123,13448,2989,110,fully_outside,0.0,False
100,HS10,123,13449,2969,110,fully_outside,0.0,False
100,HS10,123,13450,2969,110,fully_outside,0.0,False
100,HS10,123,13451,2970,110,fully_outside,0.0,False
100,HS10,123,13452,2968,110,fully_outside,0.0,False
100,HS10,123,13453,2976,110,fully_outside,0.0,False
100,HS10,123,13454,2975,110,fully_outside,0.0,False
100,HS10,123,13455,2973,110,fully_outside,0.0,False
100,HS10,123,13456,2972,110,fully_outside,0.0,False
100,HS10,123,13457,2974,110,fully_outside,0.0,False
100,HS10,123,13458,2974,110,fully_outside,0.0,False
100,HS10,123,13459,2981,110,fully_outside,0.0,False
100,HS10,123,13460,2982,110,fully_outside,0.0,False
100,HS10,123,13461,2987,110,fully_outside,0.0,False
100,HS10,123,13462,2986,110,fully_outside,0.0,False
100,HS10,123,13463,2986,110,fully_outside,0.0,False
100,HS10,123,13464,2987,110,fully_outside,0.0,False
100,HS10,123,13465,2988,110,fully_outside,0.0,False
100,HS10,123,13466,2978,110,fully_outside,0.0,False
100,HS10,123,13467,2977,110,fully_outside,0.0,False
100,HS10,123,13468,2979,110,fully_outside,0.0,False
100,HS10,123,13469,2900,110,fully_outside,0.0,False
100,HS10,123,13470,2976,110,fully_outside,0.0,False
100,HS10,123,13471,2974,110,fully_outside,0.0,False
100,HS10,123,13472,2977,110,fully_outside,0.0,False
100,HS10,123,13473,2974,110,fully_outside,0.0,False
100,HS10,123,13474,2980,110,fully_outside,0.0,False
100,HS10,123,13475,2980,110,fully_outside,0.0,False
100,HS10,123,13476,2990,110,fully_outside,0.0,False
100,HS10,123,13477,2981,110,fully_outside,0.0,False
100,HS10,123,13478,2982,110,fully_outside,0.0,False
100,HS10,123,13479,2991,110,fully_outside,0.0,False
100,HS10,123,13480,2980,110,fully_outside,0.0,False
100,HS10,123,13481,2985,110,fully_outside,0.0,False
100,HS10,123,13482,2974,110,fully_outside,0.0,False
100,HS10,123,13483,2984,110,fully_outside,0.0,False
100,HS10,123,13484,2988,110,fully_outside,0.0,False
100,HS10,123,13485,2989,110,fully_outside,0.0,False
100,HS10,123,13529,2992,123,fully_outside,0.0,False
100,HS10,123,13531,2994,123,fully_outside,0.0,False
100,HS10,123,13532,2992,123,fully_outside,0.0,False
100,HS10,123,13533,2992,123,fully_outside,0.0,False
100,HS10,123,13534,2995,123,fully_outside,0.0,False
100,HS10,123,13557,3000,123,fully_outside,0.0,False
100,HS10,123,13558,3000,123,fully_outside,0.0,False
100,HS10,123,13559,3000,123,fully_outside,0.0,False
100,HS10,123,13560,3000,123,fully_outside,0.0,False
100,HS10,123,13601,2504,123,fully_outside,0.0,False
100,HS10,123,13603,3010,110,fully_outside,0.0,False
100,HS10,123,13604,3010,110,fully_outside,0.0,False
100,HS10,123,13650,3011,123,fully_outside,0.0,False
100,HS10,123,13662,3012,123,fully_outside,0.0,False
100,HS10,123,13675,3015,123,fully_outside,0.0,False
100,HS10,123,13676,2992,123,fully_outside,0.0,False
100,HS10,123,13677,2992,123,fully_outside,0.0,False
100,HS10,123,13678,2992,123,fully_outside,0.0,False
100,HS10,123,13679,2992,123,fully_outside,0.0,False
100,HS10,123,13680,2992,123,fully_outside,0.0,False
100,HS10,123,13681,2992,123,fully_outside,0.0,False
100,HS10,123,13682,2992,123,fully_outside,0.0,False
100,HS10,123,13683,3016,123,fully_outside,0.0,False
100,HS10,123,13684,3017,123,fully_outside,0.0,False
100,HS10,123,13685,3017,123,fully_outside,0.0,False
100,HS10,123,13686,3000,123,fully_outside,0.0,False
100,HS10,123,13687,3000,123,fully_outside,0.0,False
100,HS10,123,13688,3000,123,fully_outside,0.0,False
100,HS10,123,13689,3000,123,fully_outside,0.0,False
100,HS10,123,13690,3000,123,fully_outside,0.0,False
100,HS10,123,13691,3000,123,fully_outside,0.0,False
100,HS10,123,13692,3000,123,fully_outside,0.0,False
100,HS10,123,13693,3018,123,fully_outside,0.0,False
100,HS10,123,13694,3019,123,fully_outside,0.0,False
100,HS10,123,13695,3019,123,fully_outside,0.0,False
100,HS10,123,13696,2628,110,fully_outside,0.0,False
100,HS10,123,13697,2507,123,fully_outside,0.0,False
100,HS10,123,13698,3016,123,fully_outside,0.0,False
100,HS10,123,13699,3016,123,fully_outside,0.0,False
100,HS10,123,13700,3020,123,fully_outside,0.0,False
100,HS10,123,13701,3020,123,fully_outside,0.0,False
100,HS10,123,13702,2508,123,fully_outside,0.0,False
100,HS10,123,13703,3017,123,fully_outside,0.0,False
100,HS10,123,13704,3017,123,fully_outside,0.0,False
100,HS10,123,13705,2516,123,fully_outside,0.0,False
100,HS10,123,13706,3021,123,fully_outside,0.0,False
100,HS10,123,13707,3021,123,fully_outside,0.0,False
100,HS10,123,13708,3021,123,fully_outside,0.0,False
100,HS10,123,13709,3017,123,fully_outside,0.0,False
100,HS10,123,13710,2510,123,fully_outside,0.0,False
100,HS10,123,13711,3020,123,fully_outside,0.0,False
100,HS10,123,13712,3020,123,fully_outside,0.0,False
100,HS10,123,13713,3021,123,fully_outside,0.0,False
100,HS10,123,13714,3021,123,fully_outside,0.0,False
100,HS10,123,13715,3021,123,fully_outside,0.0,False
100,HS10,123,13716,3021,123,fully_outside,0.0,False
100,HS10,123,13717,2511,123,fully_outside,0.0,False
100,HS10,123,13718,3018,123,fully_outside,0.0,False
100,HS10,123,13719,3018,123,fully_outside,0.0,False
100,HS10,123,13720,3022,123,fully_outside,0.0,False
100,HS10,123,13721,3022,123,fully_outside,0.0,False
100,HS10,123,13722,2512,123,fully_outside,0.0,False
100,HS10,123,13723,3022,123,fully_outside,0.0,False
100,HS10,123,13724,3022,123,fully_outside,0.0,False
100,HS10,123,13725,3017,123,fully_outside,0.0,False
100,HS10,123,13726,3023,123,fully_outside,0.0,False
100,HS10,123,13727,3016,123,fully_outside,0.0,False
100,HS10,123,13728,3024,123,fully_outside,0.0,False
100,HS10,123,13729,2508,123,fully_outside,0.0,False
100,HS10,123,13730,3025,123,fully_outside,0.0,False
100,HS10,123,13731,3026,123,fully_outside,0.0,False
100,HS10,123,13732,3018,123,fully_outside,0.0,False
100,HS10,123,13733,2512,123,fully_outside,0.0,False
100,HS10,123,13734,3027,123,fully_outside,0.0,False
100,HS10,123,13735,3019,123,fully_outside,0.0,False
100,HS10,123,13736,3019,123,fully_outside,0.0,False
100,HS10,123,13737,2522,123,fully_outside,0.0,False
100,HS10,123,13738,3028,123,fully_outside,0.0,False
100,HS10,123,13739,3028,123,fully_outside,0.0,False
100,HS10,123,13740,3028,123,fully_outside,0.0,False
100,HS10,123,13741,3019,123,fully_outside,0.0,False
100,HS10,123,13742,2515,123,fully_outside,0.0,False
100,HS10,123,13743,3028,123,fully_outside,0.0,False
100,HS10,123,13744,3028,123,fully_outside,0.0,False
100,HS10,123,13745,3028,123,fully_outside,0.0,False
100,HS10,123,13746,3028,123,fully_outside,0.0,False
100,HS10,123,13747,3019,123,fully_outside,0.0,False
100,HS10,123,13748,3029,123,fully_outside,0.0,False
100,HS10,123,13882,2628,110,fully_outside,0.0,False
100,HS10,123,13883,2618,110,fully_outside,0.0,False
100,HS10,123,13884,2628,110,fully_outside,0.0,False
100,HS10,123,13885,2628,110,fully_outside,0.0,False
100,HS10,123,13886,2628,110,fully_outside,0.0,False
100,HS10,123,13988,2994,123,fully_outside,0.0,False
100,HS10,123,13989,686,123,fully_outside,0.0,False
100,HS10,123,13991,686,123,fully_outside,0.0,False
100,HS10,123,13998,3012,123,fully_outside,0.0,False
100,HS10,123,14010,2504,123,fully_outside,0.0,False
100,HS10,123,14045,2994,123,fully_outside,0.0,False
100,HS10,123,14046,3011,123,fully_outside,0.0,False
100,HS10,123,14048,686,123,fully_outside,0.0,False
100,HS10,123,14049,3012,123,fully_outside,0.0,False
100,HS10,123,14061,3010,110,fully_outside,0.0,False
100,HS10,123,14062,2628,110,fully_outside,0.0,False
100,HS10,123,14063,2508,123,fully_outside,0.0,False
100,HS10,123,14064,2517,123,fully_outside,0.0,False
100,HS10,123,14065,2518,123,fully_outside,0.0,False
100,HS10,123,14066,3016,123,fully_outside,0.0,False
100,HS10,123,14067,2508,123,fully_outside,0.0,False
100,HS10,123,14068,2512,123,fully_outside,0.0,False
100,HS10,123,14069,2523,123,fully_outside,0.0,False
100,HS10,123,14070,2519,123,fully_outside,0.0,False
100,HS10,123,14071,3018,123,fully_outside,0.0,False
100,HS10,123,14072,2512,123,fully_outside,0.0,False
100,HS10,123,14073,3023,123,fully_outside,0.0,False
100,HS10,123,14074,3023,123,fully_outside,0.0,False
100,HS10,123,14075,2508,123,fully_outside,0.0,False
100,HS10,123,14076,3024,123,fully_outside,0.0,False
100,HS10,123,14077,3026,123,fully_outside,0.0,False
100,HS10,123,14078,3026,123,fully_outside,0.0,False
100,HS10,123,14079,2512,123,fully_outside,0.0,False
100,HS10,123,14080,689,123,fully_outside,0.0,False
100,HS10,123,14081,2520,123,fully_outside,0.0,False
100,HS10,123,14082,2521,123,fully_outside,0.0,False
100,HS10,123,14083,3029,123,fully_outside,0.0,False
100,HS10,123,14084,3072,123,crosses_boundary,0.21215782850371484,False
100,HS10,123,14085,3072,123,fully_inside,1.0,False
100,HS10,123,14086,3073,123,fully_inside,1.0,False
100,HS10,123,14087,2508,123,fully_outside,0.0,False
100,HS10,123,14088,2508,123,fully_outside,0.0,False
100,HS10,123,14089,2512,123,fully_outside,0.0,False
100,HS10,123,14090,3023,123,fully_outside,0.0,False
100,HS10,123,14091,3024,123,fully_outside,0.0,False
100,HS10,123,14092,3026,123,fully_outside,0.0,False
100,HS10,123,14093,3029,123,fully_outside,0.0,False
100,HS10,123,14094,2512,123,fully_outside,0.0,False
100,HS10,123,14108,2930,110,fully_outside,0.0,False
100,HS10,123,14109,2628,110,fully_outside,0.0,False
100,HS10,123,14113,2628,110,fully_outside,0.0,False
100,HS10,123,14114,2628,110,fully_outside,0.0,False
100,HS10,123,14115,2628,110,fully_outside,0.0,False
100,HS10,123,14116,2628,110,fully_outside,0.0,False
100,HS10,123,14120,2628,110,fully_outside,0.0,False
100,HS10,123,14121,2628,110,fully_outside,0.0,False
100,HS10,123,14127,3078,110,fully_outside,0.0,False
100,HS10,123,14128,3078,110,fully_outside,0.0,False
100,HS10,123,14129,3079,110,fully_outside,0.0,False
100,HS10,123,14134,3079,110,fully_outside,0.0,False
100,HS10,123,14155,2652,123,fully_inside,1.0,False
100,HS10,123,14156,2647,123,fully_inside,0.9999999999983558,False
100,HS10,123,14157,2646,123,fully_inside,1.0,False
100,HS10,123,14158,2652,123,fully_inside,0.9999999999999177,False
100,HS10,123,14159,2653,123,fully_inside,0.9999999999996686,False
100,HS10,123,14160,2653,123,fully_inside,1.0,False
100,HS10,123,14161,2654,123,fully_inside,0.9999999999999298,False
100,HS10,123,14261,2647,123,fully_inside,0.9999999999987237,False
100,HS10,123,14262,2651,123,fully_inside,1.0,False
100,HS10,123,14263,2648,123,fully_inside,0.9999999999987329,False
100,HS10,123,14264,2649,123,fully_inside,1.0,False
100,HS10,123,14265,2650,123,fully_inside,0.9999999999998703,False
100,HS10,123,14266,2643,123,fully_inside,0.9999999999989203,False
100,HS10,123,14267,743,123,fully_inside,0.999999999995011,False
100,HS10,123,14268,743,123,fully_inside,1.0,False
100,HS10,123,14269,2644,123,fully_inside,0.9999999999979794,False
100,HS10,123,14270,743,123,fully_inside,0.9999999999962071,False
100,HS10,123,14271,3096,123,fully_inside,1.0,False
100,HS10,123,14272,2652,123,fully_inside,1.0,False
100,HS10,123,14274,2643,123,fully_inside,0.9999999999989203,False
100,HS10,123,14275,743,123,fully_inside,0.9999999999966908,False
100,HS10,123,14276,3098,123,fully_inside,0.9999999999832413,False
100,HS10,123,14277,2644,123,fully_inside,0.9999999999964939,False
100,HS10,123,14278,2647,123,fully_inside,1.0,False
100,HS10,123,14279,743,123,fully_inside,0.9999999999962071,False
100,HS10,123,14280,3099,123,fully_inside,1.0,False
100,HS10,123,14281,3099,123,fully_inside,1.0,False
100,HS10,123,14282,3100,123,fully_inside,0.9999999999997523,False
100,HS10,123,14283,3101,123,fully_inside,1.0,False
100,HS10,123,14284,3099,123,fully_inside,0.999999999998877,False
100,HS10,123,14534,2843,110,fully_outside,0.0,False
100,HS10,123,14537,2878,110,fully_outside,0.0,False
100,HS10,123,14538,2844,110,fully_outside,0.0,False
100,HS10,123,14539,2845,110,fully_outside,0.0,False
100,HS10,123,14540,2879,110,fully_outside,0.0,False
100,HS10,123,14541,2873,110,fully_outside,0.0,False
100,HS10,123,14542,2874,110,fully_outside,0.0,False
100,HS10,123,14543,2875,110,fully_outside,0.0,False
100,HS10,123,14544,2876,110,fully_outside,0.0,False
100,HS10,123,14545,2877,110,fully_outside,0.0,False
100,HS10,123,14579,3152,110,fully_outside,0.0,False
100,HS10,123,14580,3152,110,fully_outside,0.0,False
100,HS10,123,14581,3152,110,fully_outside,0.0,False
100,HS10,123,14582,3152,110,fully_outside,0.0,False
100,HS10,123,14583,3152,110,fully_outside,0.0,False
100,HS10,123,14584,3152,110,fully_outside,0.0,False
100,HS10,123,14585,3152,110,fully_outside,0.0,False
100,HS10,123,14586,3152,110,fully_outside,0.0,False
100,HS10,123,14714,3187,110,fully_outside,0.0,False
100,HS10,123,14715,2880,110,fully_outside,0.0,False
100,HS10,123,14716,2929,110,fully_outside,0.0,False
100,HS10,123,14717,2932,110,fully_outside,0.0,False
100,HS10,123,14718,3188,110,fully_outside,0.0,False
100,HS10,123,14719,3189,110,fully_outside,0.0,False
100,HS10,123,14726,3191,110,fully_outside,0.0,False
100,HS10,123,14727,3152,110,fully_outside,0.0,False
100,HS10,123,14728,3152,110,fully_outside,0.0,False
100,HS10,123,14729,3152,110,fully_outside,0.0,False
100,HS10,123,14730,3152,110,fully_outside,0.0,False
100,HS10,123,14731,3152,110,fully_outside,0.0,False
100,HS10,123,14732,3152,110,fully_outside,0.0,False
100,HS10,123,14733,3192,110,fully_outside,0.0,False
100,HS10,123,14734,3152,110,fully_outside,0.0,False
100,HS10,123,14735,3152,110,fully_outside,0.0,False
100,HS10,123,14736,3152,110,fully_outside,0.0,False
100,HS10,123,14737,3152,110,fully_outside,0.0,False
100,HS10,123,14738,3152,110,fully_outside,0.0,False
100,HS10,123,14739,3152,110,fully_outside,0.0,False
100,HS10,123,14740,3152,110,fully_outside,0.0,False
100,HS10,123,14741,3152,110,fully_outside,0.0,False
100,HS10,123,14742,3152,110,fully_outside,0.0,False
100,HS10,123,14743,3152,110,fully_outside,0.0,False
100,HS10,123,14744,3152,110,fully_outside,0.0,False
100,HS10,123,14745,3152,110,fully_outside,0.0,False
100,HS10,123,14746,3152,110,fully_outside,0.0,False
100,HS10,123,14747,3152,110,fully_outside,0.0,False
100,HS10,123,14748,3152,110,fully_outside,0.0,False
100,HS10,123,14749,3152,110,fully_outside,0.0,False
100,HS10,123,14750,3152,110,fully_outside,0.0,False
100,HS10,123,14751,3193,110,fully_outside,0.0,False
100,HS10,123,14752,2979,110,fully_outside,0.0,False
100,HS10,123,14753,2900,110,fully_outside,0.0,False
100,HS10,123,14754,3191,110,fully_outside,0.0,False
100,HS10,123,14755,3194,110,fully_outside,0.0,False
100,HS10,123,14756,3195,110,fully_outside,0.0,False
100,HS10,123,14757,3193,110,fully_outside,0.0,False
100,HS10,123,14758,3152,110,fully_outside,0.0,False
100,HS10,123,14759,3152,110,fully_outside,0.0,False
100,HS10,123,14760,3152,110,fully_outside,0.0,False
100,HS10,123,14761,3152,110,fully_outside,0.0,False
100,HS10,123,14762,3193,110,fully_outside,0.0,False
100,HS10,123,14763,3196,110,fully_outside,0.0,False
100,HS10,123,14764,3152,110,fully_outside,0.0,False
100,HS10,123,14765,3152,110,fully_outside,0.0,False
100,HS10,123,14766,3197,110,fully_outside,0.0,False
100,HS10,123,14767,3198,110,fully_outside,0.0,False
100,HS10,123,14768,2988,110,fully_outside,0.0,False
100,HS10,123,14769,3198,110,fully_outside,0.0,False
100,HS10,123,14770,2989,110,fully_outside,0.0,False
100,HS10,123,14771,3199,110,fully_outside,0.0,False
100,HS10,123,14772,2932,110,fully_outside,0.0,False
100,HS10,123,14773,2978,110,fully_outside,0.0,False
100,HS10,123,14774,2976,110,fully_outside,0.0,False
100,HS10,123,14775,3193,110,fully_outside,0.0,False
100,HS10,123,14776,2974,110,fully_outside,0.0,False
100,HS10,123,14777,3200,110,fully_outside,0.0,False
100,HS10,123,14778,3201,110,fully_outside,0.0,False
100,HS10,123,14779,3202,110,fully_outside,0.0,False
100,HS10,123,14780,3202,110,fully_outside,0.0,False
100,HS10,123,14781,3202,110,fully_outside,0.0,False
100,HS10,123,14782,3193,110,fully_outside,0.0,False
100,HS10,123,14783,3203,110,fully_outside,0.0,False
100,HS10,123,14784,2980,110,fully_outside,0.0,False
100,HS10,123,14785,3204,110,fully_outside,0.0,False
100,HS10,123,14786,3204,110,fully_outside,0.0,False
100,HS10,123,14787,3193,110,fully_outside,0.0,False
100,HS10,123,14788,3195,110,fully_outside,0.0,False
100,HS10,123,14789,3195,110,fully_outside,0.0,False
100,HS10,123,14790,2981,110,fully_outside,0.0,False
100,HS10,123,14791,3195,110,fully_outside,0.0,False
100,HS10,123,14792,3195,110,fully_outside,0.0,False
100,HS10,123,14793,2982,110,fully_outside,0.0,False
100,HS10,123,14794,3195,110,fully_outside,0.0,False
100,HS10,123,14795,3195,110,fully_outside,0.0,False
100,HS10,123,14796,2983,110,fully_outside,0.0,False
100,HS10,123,14797,3205,110,fully_outside,0.0,False
100,HS10,123,14798,3202,110,fully_outside,0.0,False
100,HS10,123,14799,3202,110,fully_outside,0.0,False
100,HS10,123,14800,3202,110,fully_outside,0.0,False
100,HS10,123,14801,3202,110,fully_outside,0.0,False
100,HS10,123,14802,3196,110,fully_outside,0.0,False
100,HS10,123,14803,3202,110,fully_outside,0.0,False
100,HS10,123,14804,3202,110,fully_outside,0.0,False
100,HS10,123,14805,2982,110,fully_outside,0.0,False
100,HS10,123,14814,2930,110,fully_outside,0.0,False
100,HS10,123,14829,2930,110,fully_outside,0.0,False
100,HS10,123,14830,2930,110,fully_outside,0.0,False
100,HS10,123,14837,3211,110,fully_outside,0.0,False
100,HS10,123,14838,3211,110,fully_outside,0.0,False
100,HS10,123,14842,3212,110,fully_outside,0.0,False
100,HS10,123,14843,2930,110,fully_outside,0.0,False
100,HS10,123,14844,2930,110,fully_outside,0.0,False
100,HS10,123,14847,3187,110,fully_outside,0.0,False
100,HS10,123,14861,3188,110,fully_outside,0.0,False
100,HS10,123,14862,3189,110,fully_outside,0.0,False
100,HS10,123,14863,2932,110,fully_outside,0.0,False
100,HS10,123,14864,2930,110,fully_outside,0.0,False
100,HS10,123,14865,3187,110,fully_outside,0.0,False
100,HS10,123,14879,2980,110,fully_outside,0.0,False
100,HS10,123,14880,3218,110,fully_outside,0.0,False
100,HS10,123,14881,3218,110,fully_outside,0.0,False
100,HS10,123,14882,2990,110,fully_outside,0.0,False
100,HS10,123,14883,2991,110,fully_outside,0.0,False
100,HS10,123,14884,3218,110,fully_outside,0.0,False
100,HS10,123,14885,2982,110,fully_outside,0.0,False
100,HS10,123,14886,3218,110,fully_outside,0.0,False
100,HS10,123,14887,3218,110,fully_outside,0.0,False
100,HS10,123,14888,2982,110,fully_outside,0.0,False
100,HS10,123,15743,3329,123,fully_outside,0.0,False
100,HS10,123,15748,3331,123,fully_outside,0.0,False
100,HS10,123,15749,986,123,fully_outside,0.0,False
100,HS10,123,15750,3329,123,fully_outside,0.0,False
100,HS10,123,15751,3329,123,fully_outside,0.0,False
100,HS10,123,15752,3329,123,fully_outside,0.0,False
100,HS10,123,15753,3329,123,fully_outside,0.0,False
100,HS10,123,15754,3329,123,fully_outside,0.0,False
100,HS10,123,15755,3332,123,fully_outside,0.0,False
100,HS10,123,15823,686,123,fully_outside,0.0,False
100,HS10,123,15828,686,123,fully_outside,0.0,False
100,HS10,123,15829,686,123,fully_outside,0.0,False
100,HS10,123,15832,3338,123,fully_outside,0.0,False
100,HS10,123,15838,986,123,fully_outside,0.0,False
100,HS10,123,15852,3343,123,fully_inside,1.0,False
100,HS10,123,15853,3343,123,fully_inside,0.9999999999007235,False
100,HS10,123,15854,3343,123,fully_inside,1.0,False
100,HS10,123,15855,3343,123,fully_inside,1.0,False
100,HS10,123,15856,3343,123,fully_inside,1.0,False
100,HS10,123,15857,3343,123,fully_inside,0.9999999999740036,False
100,HS10,123,15858,1019,123,fully_inside,0.9999999999997983,False
100,HS10,123,15859,3343,123,fully_inside,0.9999999999534014,False
100,HS10,123,15860,3343,123,fully_inside,0.9999999999874258,False
100,HS10,123,15861,3343,123,fully_inside,0.9999999999744942,False
100,HS10,123,15862,3343,123,fully_inside,0.9999999999796808,False
100,HS10,123,15863,3343,123,fully_inside,1.0,False
100,HS10,123,15864,3343,123,fully_inside,0.9999999999526499,False
100,HS10,123,15865,3343,123,fully_inside,1.0,False
100,HS10,123,15866,3343,123,fully_inside,1.0,False
100,HS10,123,15867,3343,123,fully_inside,0.9999999999905468,False
100,HS10,123,15868,3343,123,fully_inside,0.9999999999209858,False
100,HS10,123,15891,3347,123,fully_inside,0.9999999999990717,False
100,HS10,123,16090,686,123,fully_outside,0.0,False
100,HS10,123,17148,3481,123,fully_outside,0.0,False
100,HS10,123,17149,3481,123,fully_outside,0.0,False
100,HS10,123,17150,3482,123,fully_outside,0.0,False
100,HS10,123,17160,3484,123,fully_outside,0.0,False
100,HS10,123,17161,2504,123,fully_outside,0.0,False
100,HS10,123,17162,2504,123,fully_outside,0.0,False
100,HS10,123,17163,2504,123,fully_outside,0.0,False
100,HS10,123,17164,2504,123,fully_outside,0.0,False
100,HS10,123,17168,3481,123,fully_outside,0.0,False
100,HS10,123,17169,686,123,fully_outside,0.0,False
100,HS10,123,17174,2504,123,fully_outside,0.0,False
100,HS10,123,17188,2504,123,fully_outside,0.0,False
100,HS10,123,17189,686,123,fully_outside,0.0,False
100,HS10,123,17191,2930,110,fully_outside,0.0,False
100,HS10,123,17194,2508,123,fully_outside,0.0,False
100,HS10,123,17195,3489,123,fully_outside,0.0,False
100,HS10,123,17196,3489,123,fully_outside,0.0,False
100,HS10,123,17197,3489,123,fully_outside,0.0,False
100,HS10,123,17200,2512,123,fully_outside,0.0,False
100,HS10,123,17201,3491,123,fully_outside,0.0,False
100,HS10,123,17202,3491,123,fully_outside,0.0,False
100,HS10,123,17203,3491,123,fully_outside,0.0,False
100,HS10,123,17204,3492,123,fully_outside,0.0,False
100,HS10,123,17205,3492,123,fully_outside,0.0,False
100,HS10,123,17206,3492,123,fully_outside,0.0,False
100,HS10,123,17207,3493,123,fully_outside,0.0,False
100,HS10,123,17208,3493,123,fully_outside,0.0,False
100,HS10,123,17209,3493,123,fully_outside,0.0,False
100,HS10,123,17210,3329,123,fully_outside,0.0,False
100,HS10,123,17217,2930,110,fully_outside,0.0,False
100,HS10,123,17218,3494,110,fully_outside,0.0,False
100,HS10,123,17232,3494,110,fully_outside,0.0,False
100,HS10,123,17280,686,123,fully_outside,0.0,False
100,HS10,123,17281,686,123,fully_outside,0.0,False
100,HS10,123,17282,2504,123,fully_outside,0.0,False
100,HS10,123,17284,3511,110,fully_outside,0.0,False
100,HS10,123,17285,3511,110,fully_outside,0.0,False
100,HS10,123,17294,3482,123,fully_outside,0.0,False
100,HS10,123,17295,686,123,fully_outside,0.0,False
100,HS10,123,17298,2504,123,fully_outside,0.0,False
100,HS10,123,17306,2504,123,fully_outside,0.0,False
100,HS10,123,17312,3072,123,crosses_boundary,0.7384151858526593,False
100,HS10,123,17313,3073,123,fully_inside,1.0,False
100,HS10,123,17314,3096,123,fully_inside,0.9999999999988168,False
100,HS10,123,17315,3511,110,fully_outside,0.0,False
100,HS10,123,17316,3512,110,fully_outside,0.0,False
100,HS10,123,17317,3512,110,fully_outside,0.0,False
100,HS10,123,17318,3513,110,fully_outside,0.0,False
100,HS10,123,17319,3513,110,fully_outside,0.0,False
100,HS10,123,17320,3513,110,fully_outside,0.0,False
100,HS10,123,17321,3514,110,fully_outside,0.0,False
100,HS10,123,17322,3515,110,fully_outside,0.0,False
100,HS10,123,17323,3515,110,fully_outside,0.0,False
100,HS10,123,17324,3514,110,fully_outside,0.0,False
100,HS10,123,17325,2930,110,fully_outside,0.0,False
100,HS10,123,17327,2930,110,fully_outside,0.0,False
100,HS10,123,17328,2930,110,fully_outside,0.0,False
100,HS10,123,17336,3079,110,fully_outside,0.0,False
100,HS10,123,17345,3343,123,fully_inside,0.9999999999747048,False
100,HS10,123,17346,3343,123,fully_inside,1.0,False
100,HS10,123,17347,3343,123,fully_inside,0.9999999999571664,False
100,HS10,123,17348,3343,123,fully_inside,1.0,False
100,HS10,123,17349,3343,123,fully_inside,1.0,False
100,HS10,123,17350,3343,123,fully_inside,0.9999999998874757,False
100,HS10,123,17351,3343,123,fully_inside,1.0,False
100,HS10,123,17352,3343,123,fully_inside,1.0,False
100,HS10,123,17353,3343,123,fully_inside,1.0,False
100,HS10,123,17354,3343,123,fully_inside,1.0,False
100,HS10,123,17355,3343,123,fully_inside,1.0,False
100,HS10,123,17356,2652,123,fully_inside,0.9999999999992537,False
100,HS10,123,17357,2652,123,fully_inside,0.9999999999985063,False
100,HS10,123,17358,3517,123,fully_inside,1.0,False
100,HS10,123,17383,3096,123,fully_inside,1.0,False
100,HS10,123,17384,3522,123,fully_inside,0.9999999999998193,False
100,HS10,123,17410,2930,110,fully_outside,0.0,False
100,HS10,123,17411,3527,110,fully_outside,0.0,False
100,HS10,123,17412,2930,110,fully_outside,0.0,False
100,HS10,123,17422,2930,110,fully_outside,0.0,False
100,HS10,123,17427,3527,110,fully_outside,0.0,False
100,HS10,123,17428,3530,110,fully_outside,0.0,False
100,HS10,123,17429,3530,110,fully_outside,0.0,False
100,HS10,123,17430,3531,110,fully_outside,0.0,False
100,HS10,123,17431,2930,110,fully_outside,0.0,False
100,HS10,123,17432,2930,110,fully_outside,0.0,False
100,HS10,123,17433,2930,110,fully_outside,0.0,False
100,HS10,123,17434,2930,110,fully_outside,0.0,False
100,HS10,123,17439,3531,110,fully_outside,0.0,False
100,HS10,123,17445,3187,110,fully_outside,0.0,False
100,HS10,123,17446,2930,110,fully_outside,0.0,False
100,HS10,123,17454,3187,110,fully_outside,0.0,False
100,HS10,123,17455,2930,110,fully_outside,0.0,False
100,HS10,123,17457,2930,110,fully_outside,0.0,False
100,HS10,123,17458,3187,110,fully_outside,0.0,False
100,HS10,123,17467,3218,110,fully_outside,0.0,False
100,HS10,123,17468,3218,110,fully_outside,0.0,False
100,HS10,123,17469,2982,110,fully_outside,0.0,False
100,HS10,123,17470,2982,110,fully_outside,0.0,False
100,HS10,123,17471,2982,110,fully_outside,0.0,False
100,HS10,123,17472,3539,110,fully_outside,0.0,False
100,HS10,123,17473,3539,110,fully_outside,0.0,False
100,HS10,123,17474,3539,110,fully_outside,0.0,False
100,HS10,123,17476,2930,110,fully_outside,0.0,False
100,HS10,123,17477,2930,110,fully_outside,0.0,False
100,HS10,123,17478,2930,110,fully_outside,0.0,False
100,HS10,123,17480,2930,110,fully_outside,0.0,False
100,HS10,123,17481,2930,110,fully_outside,0.0,False
100,HS10,123,17482,2930,110,fully_outside,0.0,False
100,HS10,123,17487,2930,110,fully_outside,0.0,False
100,HS10,123,17489,2930,110,fully_outside,0.0,False
100,HS10,123,17491,2930,110,fully_outside,0.0,False
100,HS10,123,17492,3543,110,fully_outside,0.0,False
100,HS10,123,17506,3543,110,fully_outside,0.0,False
100,HS10,123,17507,3543,110,fully_outside,0.0,False
100,HS10,123,17509,3543,110,fully_outside,0.0,False
100,HS10,123,17510,2930,110,fully_outside,0.0,False
100,HS10,123,17511,2930,110,fully_outside,0.0,False
100,HS10,123,17514,3212,110,fully_outside,0.0,False
100,HS10,123,17519,2930,110,fully_outside,0.0,False
100,HS10,123,17520,686,123,fully_outside,0.0,False
100,HS10,123,17523,2930,110,fully_outside,0.0,False
100,HS10,123,17524,2930,110,fully_outside,0.0,False
100,HS10,123,17525,2930,110,fully_outside,0.0,False
100,HS10,123,17526,2930,110,fully_outside,0.0,False
100,HS10,123,17527,2930,110,fully_outside,0.0,False
100,HS10,123,17533,2930,110,fully_outside,0.0,False
100,HS10,123,17566,3547,110,fully_outside,0.0,False
100,HS10,123,17567,3548,123,crosses_boundary,0.7384151858520519,False
100,HS10,123,17568,3548,123,crosses_boundary,0.7674801652038278,False
100,HS10,123,17569,3548,123,crosses_boundary,0.5931376790232046,False
100,HS10,123,17570,2930,110,fully_outside,0.0,False
100,HS10,123,17571,2930,110,fully_outside,0.0,False
100,HS10,123,17572,3547,110,fully_outside,0.0,False
100,HS10,123,17573,3547,110,fully_outside,0.0,False
100,HS10,123,17574,3547,110,fully_outside,0.0,False
100,HS10,123,17575,3547,110,fully_outside,0.0,False
100,HS10,123,17576,3547,110,fully_outside,0.0,False
100,HS10,123,17577,3547,110,fully_outside,0.0,False
100,HS10,123,17579,3547,110,fully_outside,0.0,False
100,HS10,123,17580,3547,110,fully_outside,0.0,False
100,HS10,123,17585,3551,123,fully_inside,0.9999999999999956,False
100,HS10,123,17586,3548,123,crosses_boundary,0.7758453749121854,False
100,HS10,123,17587,3548,123,crosses_boundary,0.7758453749120132,False
100,HS10,123,17588,2930,110,fully_outside,0.0,False
100,HS10,123,17589,2930,110,fully_outside,0.0,False
100,HS10,123,17591,2930,110,fully_outside,0.0,False
100,HS10,123,17592,2930,110,fully_outside,0.0,False
100,HS10,123,17594,2930,110,fully_outside,0.0,False
100,HS10,123,17595,3552,110,fully_outside,0.0,False
100,HS10,123,17596,2930,110,fully_outside,0.0,False
100,HS10,123,17597,3547,110,fully_outside,0.0,False
100,HS10,123,17598,3547,110,fully_outside,0.0,False
100,HS10,123,17600,3554,110,fully_outside,0.0,False
100,HS10,123,17601,3554,110,fully_outside,0.0,False
100,HS10,123,17602,3554,110,fully_outside,0.0,False
100,HS10,123,17604,3554,110,fully_outside,0.0,False
100,HS10,123,17606,2930,110,fully_outside,0.0,False
100,HS10,123,17607,3552,110,fully_outside,0.0,False
100,HS10,123,18231,3713,130,fully_outside,0.0,False
100,HS10,123,18232,3713,130,fully_outside,0.0,False
100,HS10,123,18233,3713,130,fully_outside,0.0,False
100,HS10,123,18234,3713,130,fully_outside,0.0,False
100,HS10,123,18235,3713,130,fully_outside,0.0,False
100,HS10,123,18236,3713,130,fully_outside,0.0,False
100,HS10,123,18237,3713,130,fully_outside,0.0,False
100,HS10,123,18238,3713,130,fully_outside,0.0,False
100,HS10,123,18239,3713,130,fully_outside,0.0,False
100,HS10,123,18240,3713,130,fully_outside,0.0,False
100,HS10,123,18241,3713,130,fully_outside,0.0,False
100,HS10,123,18242,3713,130,fully_outside,0.0,False
100,HS10,123,18243,3713,130,fully_outside,0.0,False
100,HS10,123,18244,3713,130,fully_outside,0.0,False
100,HS10,123,18245,3713,130,fully_outside,0.0,False
100,HS10,123,18246,3713,130,fully_outside,0.0,False
100,HS10,123,18247,3713,130,fully_outside,0.0,False
100,HS10,123,18248,3713,130,fully_outside,0.0,False
100,HS10,123,18249,3713,130,fully_outside,0.0,False
100,HS10,123,18250,3713,130,fully_outside,0.0,False
100,HS10,123,18251,3713,130,fully_outside,0.0,False
100,HS10,123,18252,3713,130,fully_outside,0.0,False
100,HS10,123,18253,3713,130,fully_outside,0.0,False
100,HS10,123,18254,3713,130,fully_outside,0.0,False
100,HS10,123,18255,3713,130,fully_outside,0.0,False
100,HS10,123,18256,3713,130,fully_outside,0.0,False
100,HS10,123,18257,3713,130,fully_outside,0.0,False
100,HS10,123,18258,3713,130,fully_outside,0.0,False
100,HS10,123,18259,3713,130,fully_outside,0.0,False
100,HS10,123,18260,3713,130,fully_outside,0.0,False
100,HS10,123,18261,3713,130,fully_outside,0.0,False
100,HS10,123,18262,3713,130,fully_outside,0.0,False
100,HS10,123,18263,3713,130,fully_outside,0.0,False
100,HS10,123,18264,3713,130,fully_outside,0.0,False
100,HS10,123,18265,3713,130,fully_outside,0.0,False
100,HS10,123,18266,3713,130,fully_outside,0.0,False
100,HS10,123,18267,3713,130,fully_outside,0.0,False
100,HS10,123,18268,3713,130,fully_outside,0.0,False
100,HS10,123,18269,3713,130,fully_outside,0.0,False
100,HS10,123,18270,3713,130,fully_outside,0.0,False
100,HS10,123,18271,3713,130,fully_outside,0.0,False
100,HS10,123,18272,3713,130,fully_outside,0.0,False
100,HS10,123,18273,3713,130,fully_outside,0.0,False
100,HS10,123,18274,3713,130,fully_outside,0.0,False
100,HS10,123,18275,3713,130,fully_outside,0.0,False
100,HS10,123,18276,3713,130,fully_outside,0.0,False
100,HS10,123,18277,3713,130,fully_outside,0.0,False
100,HS10,123,18278,3713,130,fully_outside,0.0,False
100,HS10,123,18279,3713,130,fully_outside,0.0,False
100,HS10,123,18280,3713,130,fully_outside,0.0,False
100,HS10,123,18281,3713,130,fully_outside,0.0,False
100,HS10,123,18282,3713,130,fully_outside,0.0,False
100,HS10,123,18283,3713,130,fully_outside,0.0,False
100,HS10,123,18284,3713,130,fully_outside,0.0,False
100,HS10,123,18285,3713,130,fully_outside,0.0,False
100,HS10,123,18286,3713,130,fully_outside,0.0,False
100,HS10,123,18289,3713,130,fully_outside,0.0,False
100,HS10,123,18290,3713,130,fully_outside,0.0,False
100,HS10,123,18331,3713,130,fully_outside,0.0,False
100,HS10,123,18332,3713,130,fully_outside,0.0,False
100,HS10,123,18334,3713,130,fully_outside,0.0,False
100,HS10,123,18340,3713,130,fully_outside,0.0,False
100,HS10,123,18341,3713,130,fully_outside,0.0,False
100,HS10,123,18382,3731,130,fully_outside,0.0,False
100,HS10,123,18384,3731,130,fully_outside,0.0,False
100,HS10,123,18385,3731,130,fully_outside,0.0,False
100,HS10,123,18386,3731,130,fully_outside,0.0,False
100,HS10,123,18414,3734,130,fully_outside,0.0,False
100,HS10,123,18415,3735,130,fully_outside,0.0,False
100,HS10,123,18416,3736,130,fully_outside,0.0,False
100,HS10,123,18417,3737,130,fully_outside,0.0,False
100,HS10,123,18418,3738,130,fully_outside,0.0,False
100,HS10,123,18419,3739,130,fully_outside,0.0,False
100,HS10,123,18420,3740,130,fully_outside,0.0,False
100,HS10,123,18421,3741,130,fully_outside,0.0,False
100,HS10,123,18422,3742,130,fully_outside,0.0,False
100,HS10,123,18423,3743,130,fully_outside,0.0,False
100,HS10,123,18424,3744,130,fully_outside,0.0,False
100,HS10,123,18425,3745,130,fully_outside,0.0,False
100,HS10,123,18426,3746,130,fully_outside,0.0,False
100,HS10,123,18427,3747,130,fully_outside,0.0,False
100,HS10,123,18428,3748,130,fully_outside,0.0,False
100,HS10,123,18429,3749,130,fully_outside,0.0,False
100,HS10,123,18430,3750,130,fully_outside,0.0,False
100,HS10,123,18431,3751,130,fully_outside,0.0,False
100,HS10,123,18432,3752,130,fully_outside,0.0,False
100,HS10,123,18433,3753,130,fully_outside,0.0,False
100,HS10,123,18434,3754,130,fully_outside,0.0,False
100,HS10,123,18435,3755,130,fully_outside,0.0,False
100,HS10,123,18436,3756,130,fully_outside,0.0,False
100,HS10,123,18437,3756,130,fully_outside,0.0,False
100,HS10,123,18438,3756,130,fully_outside,0.0,False
100,HS10,123,18439,3734,130,fully_outside,0.0,False
100,HS10,123,18440,3757,130,fully_outside,0.0,False
100,HS10,123,18441,3734,130,fully_outside,0.0,False
100,HS10,123,18442,3734,130,fully_outside,0.0,False
100,HS10,123,18443,3736,130,fully_outside,0.0,False
100,HS10,123,18444,3758,130,fully_outside,0.0,False
100,HS10,123,18445,3759,130,fully_outside,0.0,False
100,HS10,123,18446,3742,130,fully_outside,0.0,False
100,HS10,123,18447,3736,130,fully_outside,0.0,False
100,HS10,123,18448,3760,130,fully_outside,0.0,False
100,HS10,123,18449,3739,130,fully_outside,0.0,False
100,HS10,123,18450,3740,130,fully_outside,0.0,False
100,HS10,123,18451,3761,130,fully_outside,0.0,False
100,HS10,123,18452,3762,130,fully_outside,0.0,False
100,HS10,123,18453,3761,130,fully_outside,0.0,False
100,HS10,123,18454,3749,130,fully_outside,0.0,False
100,HS10,123,18455,3743,130,fully_outside,0.0,False
100,HS10,123,18456,3748,130,fully_outside,0.0,False
100,HS10,123,18457,3749,130,fully_outside,0.0,False
100,HS10,123,18458,3763,130,fully_outside,0.0,False
100,HS10,123,18461,3766,130,fully_outside,0.0,False
100,HS10,123,18462,3746,130,fully_outside,0.0,False
100,HS10,123,18463,3767,130,fully_outside,0.0,False
100,HS10,123,18464,3768,130,fully_outside,0.0,False
100,HS10,123,18465,3769,130,fully_outside,0.0,False
100,HS10,123,18466,3770,130,fully_outside,0.0,False
100,HS10,123,18467,3771,130,fully_outside,0.0,False
100,HS10,123,18468,3772,130,fully_outside,0.0,False
100,HS10,123,18469,3773,130,fully_outside,0.0,False
100,HS10,123,18470,3774,130,fully_outside,0.0,False
100,HS10,123,18471,3746,130,fully_outside,0.0,False
100,HS10,123,18472,3752,130,fully_outside,0.0,False
100,HS10,123,18473,3751,130,fully_outside,0.0,False
100,HS10,123,18474,3775,130,fully_outside,0.0,False
100,HS10,123,18475,3776,130,fully_outside,0.0,False
100,HS10,123,18476,3777,130,fully_outside,0.0,False
100,HS10,123,18477,3778,130,fully_outside,0.0,False
100,HS10,123,18479,3780,130,fully_outside,0.0,False
100,HS10,123,18551,3795,130,fully_outside,0.0,False
100,HS10,123,18583,3804,130,fully_outside,0.0,False
100,HS10,123,18611,3811,130,fully_outside,0.0,False
100,HS10,123,18639,3804,130,fully_outside,0.0,False
100,HS10,123,18653,3824,130,fully_outside,0.0,False
100,HS10,123,18655,3826,130,fully_outside,0.0,False
100,HS10,123,18662,3830,130,fully_outside,0.0,False
100,HS10,123,18663,3831,130,fully_outside,0.0,False
100,HS10,123,18664,3832,130,fully_outside,0.0,False
100,HS10,123,18665,3831,130,fully_outside,0.0,False
100,HS10,123,18851,631,123,fully_inside,0.9999999999959164,False
100,HS10,123,18853,631,123,fully_inside,0.9999999999994084,False
100,HS10,123,18857,631,123,fully_inside,1.0,False
100,HS10,123,18858,631,123,fully_inside,0.9999999999994084,False
100,HS10,123,18862,3872,130,crosses_boundary,0.949002533508397,False
100,HS10,123,18865,631,123,fully_inside,1.0,False
100,HS10,123,18866,631,123,fully_inside,1.0,False
100,HS10,123,18867,631,123,fully_inside,1.0,False
100,HS10,123,18868,631,123,fully_inside,1.0,False
100,HS10,123,18973,3899,123,fully_inside,0.9999999999954915,False
100,HS10,123,18984,3905,123,fully_inside,0.9999999999994209,False
100,HS10,123,18986,3907,123,fully_inside,0.9999999999982336,False
100,HS10,123,18987,3713,130,fully_outside,0.0,False
100,HS10,123,18988,3713,130,fully_outside,0.0,False
100,HS10,123,18989,3713,130,fully_outside,0.0,False
100,HS10,123,18990,3713,130,fully_outside,0.0,False
100,HS10,123,18991,3713,130,fully_outside,0.0,False
100,HS10,123,18992,3713,130,fully_outside,0.0,False
100,HS10,123,18993,3713,130,fully_outside,0.0,False
100,HS10,123,18994,3713,130,fully_outside,0.0,False
100,HS10,123,18995,3713,130,fully_outside,0.0,False
100,HS10,123,18996,3713,130,fully_outside,0.0,False
100,HS10,123,18997,3713,130,fully_outside,0.0,False
100,HS10,123,18999,3713,130,fully_outside,0.0,False
100,HS10,123,19000,3713,130,fully_outside,0.0,False
100,HS10,123,19001,3713,130,fully_outside,0.0,False
100,HS10,123,19002,3713,130,fully_outside,0.0,False
100,HS10,123,19003,3713,130,fully_outside,0.0,False
100,HS10,123,19004,3713,130,fully_outside,0.0,False
100,HS10,123,19005,3713,130,fully_outside,0.0,False
100,HS10,123,19006,3713,130,fully_outside,0.0,False
100,HS10,123,19007,3713,130,fully_outside,0.0,False
100,HS10,123,19008,3713,130,fully_outside,0.0,False
100,HS10,123,19009,3713,130,fully_outside,0.0,False
100,HS10,123,19010,3713,130,fully_outside,0.0,False
100,HS10,123,19011,3713,130,fully_outside,0.0,False
100,HS10,123,19012,3713,130,fully_outside,0.0,False
100,HS10,123,19013,3713,130,fully_outside,0.0,False
100,HS10,123,19014,3713,130,fully_outside,0.0,False
100,HS10,123,19015,3713,130,fully_outside,0.0,False
100,HS10,123,19016,3713,130,fully_outside,0.0,False
100,HS10,123,19017,3713,130,fully_outside,0.0,False
100,HS10,123,19018,3713,130,fully_outside,0.0,False
100,HS10,123,19019,3713,130,fully_outside,0.0,False
100,HS10,123,19020,3713,130,fully_outside,0.0,False
100,HS10,123,19021,3713,130,fully_outside,0.0,False
100,HS10,123,19022,3713,130,fully_outside,0.0,False
100,HS10,123,19135,3713,130,fully_outside,0.0,False
100,HS10,123,19136,3713,130,fully_outside,0.0,False
100,HS10,123,19137,3713,130,fully_outside,0.0,False
100,HS10,123,19138,3713,130,fully_outside,0.0,False
100,HS10,123,19139,3713,130,fully_outside,0.0,False
100,HS10,123,19140,3713,130,fully_outside,0.0,False
100,HS10,123,19141,3713,130,fully_outside,0.0,False
100,HS10,123,19142,3713,130,fully_outside,0.0,False
100,HS10,123,19143,3713,130,fully_outside,0.0,False
100,HS10,123,19144,3713,130,fully_outside,0.0,False
100,HS10,123,19145,3713,130,fully_outside,0.0,False
100,HS10,123,19146,3713,130,fully_outside,0.0,False
100,HS10,123,19148,3713,130,fully_outside,0.0,False
100,HS10,123,19149,3713,130,fully_outside,0.0,False
100,HS10,123,19150,3713,130,fully_outside,0.0,False
100,HS10,123,19151,3924,130,fully_outside,0.0,False
100,HS10,123,19152,3924,130,fully_outside,0.0,False
100,HS10,123,19153,3924,130,fully_outside,0.0,False
100,HS10,123,19154,3924,130,fully_outside,0.0,False
100,HS10,123,19155,3924,130,fully_outside,0.0,False
100,HS10,123,19156,631,123,fully_outside,0.0,False
100,HS10,123,19157,631,123,fully_outside,0.0,False
100,HS10,123,19158,631,123,fully_outside,0.0,False
100,HS10,123,19159,631,123,fully_outside,0.0,False
100,HS10,123,19160,3713,130,fully_outside,0.0,False
100,HS10,123,19161,3713,130,fully_outside,0.0,False
100,HS10,123,19162,3713,130,fully_outside,0.0,False
100,HS10,123,19226,3937,123,fully_outside,0.0,False
100,HS10,123,19227,3938,130,fully_outside,0.0,False
100,HS10,123,19228,3938,130,fully_outside,0.0,False
100,HS10,123,19229,3939,130,fully_outside,0.0,False
100,HS10,123,19230,3940,130,fully_outside,0.0,False
100,HS10,123,19231,3941,130,fully_outside,0.0,False
100,HS10,123,19232,3942,130,fully_outside,0.0,False
100,HS10,123,19233,3943,130,fully_outside,0.0,False
100,HS10,123,19234,3944,130,fully_outside,0.0,False
100,HS10,123,19235,3945,130,fully_outside,0.0,False
100,HS10,123,19236,3945,130,fully_outside,0.0,False
100,HS10,123,19237,3946,130,fully_outside,0.0,False
100,HS10,123,19238,3945,130,fully_outside,0.0,False
100,HS10,123,19239,3943,130,fully_outside,0.0,False
100,HS10,123,19240,3947,130,fully_outside,0.0,False
100,HS10,123,19241,3943,130,fully_outside,0.0,False
100,HS10,123,19242,3943,130,fully_outside,0.0,False
100,HS10,123,19243,3948,130,fully_outside,0.0,False
100,HS10,123,19244,3949,130,fully_outside,0.0,False
100,HS10,123,19245,3938,130,fully_outside,0.0,False
100,HS10,123,19246,3950,130,fully_outside,0.0,False
100,HS10,123,19247,3938,130,fully_outside,0.0,False
100,HS10,123,19248,3938,130,fully_outside,0.0,False
100,HS10,123,19249,3951,130,fully_outside,0.0,False
100,HS10,123,19250,3952,130,fully_outside,0.0,False
100,HS10,123,19251,3952,130,fully_outside,0.0,False
100,HS10,123,19252,3952,130,fully_outside,0.0,False
100,HS10,123,19253,3953,130,fully_outside,0.0,False
100,HS10,123,19254,3942,130,fully_outside,0.0,False
100,HS10,123,19255,3942,130,fully_outside,0.0,False
100,HS10,123,19256,3954,130,fully_outside,0.0,False
100,HS10,123,19257,3955,130,fully_outside,0.0,False
100,HS10,123,19258,3956,130,fully_outside,0.0,False
100,HS10,123,19259,3957,130,fully_outside,0.0,False
100,HS10,123,19260,3958,130,fully_outside,0.0,False
100,HS10,123,19261,3959,130,fully_outside,0.0,False
100,HS10,123,19262,3960,130,fully_outside,0.0,False
100,HS10,123,19263,3961,130,fully_outside,0.0,False
100,HS10,123,19264,3960,130,fully_outside,0.0,False
100,HS10,123,19265,3943,130,fully_outside,0.0,False
100,HS10,123,19266,3943,130,fully_outside,0.0,False
100,HS10,123,19267,3945,130,fully_outside,0.0,False
100,HS10,123,19268,3945,130,fully_outside,0.0,False
100,HS10,123,19269,3945,130,fully_outside,0.0,False
100,HS10,123,19270,3945,130,fully_outside,0.0,False
100,HS10,123,19271,3943,130,fully_outside,0.0,False
100,HS10,123,19272,3943,130,fully_outside,0.0,False
100,HS10,123,19273,3945,130,fully_outside,0.0,False
100,HS10,123,19274,3945,130,fully_outside,0.0,False
100,HS10,123,19275,3962,130,fully_outside,0.0,False
100,HS10,123,19276,3945,130,fully_outside,0.0,False
100,HS10,123,19277,3945,130,fully_outside,0.0,False
100,HS10,123,19278,3962,130,fully_outside,0.0,False
100,HS10,123,19279,3962,130,fully_outside,0.0,False
100,HS10,123,19280,3963,130,fully_outside,0.0,False
100,HS10,123,19281,3945,130,fully_outside,0.0,False
100,HS10,123,19282,3964,130,fully_outside,0.0,False
100,HS10,123,19505,3996,123,fully_outside,0.0,False
100,HS10,123,19506,3996,123,fully_outside,0.0,False
100,HS10,123,19507,3997,123,fully_inside,0.9999999999983558,False
100,HS10,123,19508,3996,123,fully_outside,0.0,False
100,HS10,123,19509,3998,130,fully_outside,0.0,False
100,HS10,123,19511,3998,130,fully_outside,0.0,False
100,HS10,123,19512,3997,123,fully_inside,1.0,False
100,HS10,123,19513,3996,123,fully_outside,0.0,False
100,HS10,123,19938,4078,130,fully_outside,0.0,False
100,HS10,123,19941,4081,130,fully_outside,0.0,False
100,HS10,123,19946,4086,130,fully_outside,0.0,False
100,HS10,123,20017,4096,130,fully_outside,0.0,False
100,HS10,123,20093,4078,130,fully_outside,0.0,False
100,HS10,123,20102,4086,130,fully_outside,0.0,False
100,HS10,123,20147,3734,130,fully_outside,0.0,False
100,HS10,123,20148,4111,130,fully_outside,0.0,False
100,HS10,123,20149,4111,130,fully_outside,0.0,False
100,HS10,123,20150,3737,130,fully_outside,0.0,False
100,HS10,123,20151,3742,130,fully_outside,0.0,False
100,HS10,123,20152,3741,130,fully_outside,0.0,False
100,HS10,123,20153,4112,130,fully_outside,0.0,False
100,HS10,123,20154,4112,130,fully_outside,0.0,False
100,HS10,123,20155,3745,130,fully_outside,0.0,False
100,HS10,123,20156,3743,130,fully_outside,0.0,False
100,HS10,123,20157,3747,130,fully_outside,0.0,False
100,HS10,123,20158,3744,130,fully_outside,0.0,False
100,HS10,123,20159,3748,130,fully_outside,0.0,False
100,HS10,123,20160,3749,130,fully_outside,0.0,False
100,HS10,123,20163,3746,130,fully_outside,0.0,False
100,HS10,123,20164,3754,130,fully_outside,0.0,False
100,HS10,123,20165,3750,130,fully_outside,0.0,False
100,HS10,123,20166,3752,130,fully_outside,0.0,False
100,HS10,123,20167,3751,130,fully_outside,0.0,False
100,HS10,123,20168,3753,130,fully_outside,0.0,False
100,HS10,123,20193,3795,130,fully_outside,0.0,False
100,HS10,123,20205,3824,130,fully_outside,0.0,False
100,HS10,123,20206,3826,130,fully_outside,0.0,False
100,HS10,123,20207,4118,130,fully_outside,0.0,False
100,HS10,123,20249,3755,130,fully_outside,0.0,False
100,HS10,123,20250,3756,130,fully_outside,0.0,False
100,HS10,123,20251,3756,130,fully_outside,0.0,False
100,HS10,123,20252,3756,130,fully_outside,0.0,False
100,HS10,123,20253,3778,130,fully_outside,0.0,False
100,HS10,123,20255,3734,130,fully_outside,0.0,False
100,HS10,123,20256,4120,130,fully_outside,0.0,False
100,HS10,123,20257,3741,130,fully_outside,0.0,False
100,HS10,123,20258,3759,130,fully_outside,0.0,False
100,HS10,123,20259,3742,130,fully_outside,0.0,False
100,HS10,123,20260,3762,130,fully_outside,0.0,False
100,HS10,123,20261,3761,130,fully_outside,0.0,False
100,HS10,123,20262,3761,130,fully_outside,0.0,False
100,HS10,123,20263,3749,130,fully_outside,0.0,False
100,HS10,123,20264,3778,130,fully_outside,0.0,False
100,HS10,123,20265,3734,130,fully_outside,0.0,False
100,HS10,123,20266,3736,130,fully_outside,0.0,False
100,HS10,123,20267,3736,130,fully_outside,0.0,False
100,HS10,123,20268,4121,130,fully_outside,0.0,False
100,HS10,123,20269,3740,130,fully_outside,0.0,False
100,HS10,123,20270,4121,130,fully_outside,0.0,False
100,HS10,123,20271,3778,130,fully_outside,0.0,False
100,HS10,123,20272,3778,130,fully_outside,0.0,False
100,HS10,123,20273,3748,130,fully_outside,0.0,False
100,HS10,123,20274,3743,130,fully_outside,0.0,False
100,HS10,123,20275,3749,130,fully_outside,0.0,False
100,HS10,123,20278,3766,130,fully_outside,0.0,False
100,HS10,123,20279,3746,130,fully_outside,0.0,False
100,HS10,123,20280,3763,130,fully_outside,0.0,False
100,HS10,123,20281,3774,130,fully_outside,0.0,False
100,HS10,123,20282,3767,130,fully_outside,0.0,False
100,HS10,123,20283,4122,130,fully_outside,0.0,False
100,HS10,123,20285,3772,130,fully_outside,0.0,False
100,HS10,123,20286,3776,130,fully_outside,0.0,False
100,HS10,123,20287,3769,130,fully_outside,0.0,False
100,HS10,123,20288,3770,130,fully_outside,0.0,False
100,HS10,123,20289,3768,130,fully_outside,0.0,False
100,HS10,123,20290,3771,130,fully_outside,0.0,False
100,HS10,123,20291,3773,130,fully_outside,0.0,False
100,HS10,123,20292,3778,130,fully_outside,0.0,False
100,HS10,123,20293,3777,130,fully_outside,0.0,False
100,HS10,123,20294,3746,130,fully_outside,0.0,False
100,HS10,123,20295,3752,130,fully_outside,0.0,False
100,HS10,123,20296,3751,130,fully_outside,0.0,False
100,HS10,123,20297,3778,130,fully_outside,0.0,False
100,HS10,123,20300,4123,130,fully_outside,0.0,False
100,HS10,123,20302,4125,130,fully_outside,0.0,False
100,HS10,123,20303,4125,130,fully_outside,0.0,False
100,HS10,123,20304,4126,130,fully_outside,0.0,False
100,HS10,123,20305,3780,130,fully_outside,0.0,False
100,HS10,123,20308,3734,130,fully_outside,0.0,False
100,HS10,123,20309,4128,130,fully_outside,0.0,False
100,HS10,123,20310,3736,130,fully_outside,0.0,False
100,HS10,123,20311,4121,130,fully_outside,0.0,False
100,HS10,123,20312,3740,130,fully_outside,0.0,False
100,HS10,123,20313,3736,130,fully_outside,0.0,False
100,HS10,123,20314,4129,130,fully_outside,0.0,False
100,HS10,123,20315,4130,130,fully_outside,0.0,False
100,HS10,123,20316,4131,130,fully_outside,0.0,False
100,HS10,123,20317,3748,130,fully_outside,0.0,False
100,HS10,123,20318,3743,130,fully_outside,0.0,False
100,HS10,123,20319,4132,130,fully_outside,0.0,False
100,HS10,123,20320,3749,130,fully_outside,0.0,False
100,HS10,123,20321,4133,130,fully_outside,0.0,False
100,HS10,123,20322,4134,130,fully_outside,0.0,False
100,HS10,123,20323,3746,130,fully_outside,0.0,False
100,HS10,123,20324,4135,130,fully_outside,0.0,False
100,HS10,123,20325,3752,130,fully_outside,0.0,False
100,HS10,123,20326,3751,130,fully_outside,0.0,False
100,HS10,123,20327,4136,130,fully_outside,0.0,False
100,HS10,123,20328,4137,130,fully_outside,0.0,False
100,HS10,123,20329,4138,130,fully_outside,0.0,False
100,HS10,123,20343,4140,130,fully_outside,0.0,False
100,HS10,123,20366,3824,130,fully_outside,0.0,False
100,HS10,123,20372,3830,130,fully_outside,0.0,False
100,HS10,123,20374,3831,130,fully_outside,0.0,False
100,HS10,123,20377,3826,130,fully_outside,0.0,False
100,HS10,123,20378,3832,130,fully_outside,0.0,False
100,HS10,123,20380,4118,130,fully_outside,0.0,False
100,HS10,123,20381,4118,130,fully_outside,0.0,False
100,HS10,123,20387,4148,130,fully_outside,0.0,False
100,HS10,123,20679,4185,123,fully_inside,1.0,False
100,HS10,123,20680,3905,123,fully_inside,0.9999999999976785,False
100,HS10,123,20684,4188,130,fully_outside,0.0,False
100,HS10,123,20688,3938,130,fully_outside,0.0,False
100,HS10,123,20689,3938,130,fully_outside,0.0,False
100,HS10,123,20690,3942,130,fully_outside,0.0,False
100,HS10,123,20691,3941,130,fully_outside,0.0,False
100,HS10,123,20692,3943,130,fully_outside,0.0,False
100,HS10,123,20693,3948,130,fully_outside,0.0,False
100,HS10,123,20694,3944,130,fully_outside,0.0,False
100,HS10,123,20695,4189,130,fully_outside,0.0,False
100,HS10,123,20696,4189,130,fully_outside,0.0,False
100,HS10,123,20697,3945,130,fully_outside,0.0,False
100,HS10,123,20903,3899,123,fully_inside,1.0,False
100,HS10,123,20904,3996,123,fully_outside,0.0,False
100,HS10,123,21055,3950,130,fully_outside,0.0,False
100,HS10,123,21056,3942,130,fully_outside,0.0,False
100,HS10,123,21057,3938,130,fully_outside,0.0,False
100,HS10,123,21058,3951,130,fully_outside,0.0,False
100,HS10,123,21059,3952,130,fully_outside,0.0,False
100,HS10,123,21060,3952,130,fully_outside,0.0,False
100,HS10,123,21061,3938,130,fully_outside,0.0,False
100,HS10,123,21062,3938,130,fully_outside,0.0,False
100,HS10,123,21063,3952,130,fully_outside,0.0,False
100,HS10,123,21064,4241,130,fully_outside,0.0,False
100,HS10,123,21065,4242,130,fully_outside,0.0,False
100,HS10,123,21066,3954,130,fully_outside,0.0,False
100,HS10,123,21067,3955,130,fully_outside,0.0,False
100,HS10,123,21068,3956,130,fully_outside,0.0,False
100,HS10,123,21069,3942,130,fully_outside,0.0,False
100,HS10,123,21070,3957,130,fully_outside,0.0,False
100,HS10,123,21071,3958,130,fully_outside,0.0,False
100,HS10,123,21072,3953,130,fully_outside,0.0,False
100,HS10,123,21073,3959,130,fully_outside,0.0,False
100,HS10,123,21074,4140,130,fully_outside,0.0,False
100,HS10,123,21076,3960,130,fully_outside,0.0,False
100,HS10,123,21077,3961,130,fully_outside,0.0,False
100,HS10,123,21078,3945,130,fully_outside,0.0,False
100,HS10,123,21079,3962,130,fully_outside,0.0,False
100,HS10,123,21080,3962,130,fully_outside,0.0,False
100,HS10,123,21081,3945,130,fully_outside,0.0,False
100,HS10,123,21082,3945,130,fully_outside,0.0,False
100,HS10,123,21083,3962,130,fully_outside,0.0,False
100,HS10,123,21084,3963,130,fully_outside,0.0,False
100,HS10,123,21085,3945,130,fully_outside,0.0,False
100,HS10,123,21086,3945,130,fully_outside,0.0,False
100,HS10,123,21087,3943,130,fully_outside,0.0,False
100,HS10,123,21088,3943,130,fully_outside,0.0,False
100,HS10,123,21089,3943,130,fully_outside,0.0,False
100,HS10,123,21090,3943,130,fully_outside,0.0,False
100,HS10,123,21091,3945,130,fully_outside,0.0,False
100,HS10,123,21092,3945,130,fully_outside,0.0,False
100,HS10,123,21093,3945,130,fully_outside,0.0,False
100,HS10,123,21094,3945,130,fully_outside,0.0,False
100,HS10,123,21095,3964,130,fully_outside,0.0,False
100,HS10,123,21096,4244,130,fully_outside,0.0,False
100,HS10,123,21097,3938,130,fully_outside,0.0,False
100,HS10,123,21098,3938,130,fully_outside,0.0,False
100,HS10,123,21099,3942,130,fully_outside,0.0,False
100,HS10,123,21100,3943,130,fully_outside,0.0,False
100,HS10,123,21101,3945,130,fully_outside,0.0,False
100,HS10,123,21102,4245,130,fully_outside,0.0,False
100,HS10,123,21103,3945,130,fully_outside,0.0,False
100,HS10,123,21104,3943,130,fully_outside,0.0,False
100,HS10,123,21105,3943,130,fully_outside,0.0,False
100,HS10,123,21106,3943,130,fully_outside,0.0,False
100,HS10,123,21131,4140,130,fully_outside,0.0,False
100,HS10,123,21133,4250,130,fully_outside,0.0,False
100,HS10,123,21134,4250,130,fully_outside,0.0,False
100,HS10,123,21135,4251,130,fully_outside,0.0,False
100,HS10,123,21136,4251,130,fully_outside,0.0,False
100,HS10,123,21137,3997,123,fully_inside,0.9999999999983558,False
100,HS10,123,21138,3996,123,fully_outside,0.0,False
100,HS10,123,21139,3997,123,fully_inside,0.9999999999999368,False
100,HS10,123,21140,3996,123,fully_outside,0.0,False
100,HS10,123,21142,3998,130,fully_outside,0.0,False
100,HS10,123,21143,4252,130,fully_outside,0.0,False
100,HS10,123,21144,3998,130,fully_outside,0.0,False
100,HS10,123,21146,3907,123,fully_inside,1.0,False
100,HS10,123,21149,3996,123,fully_outside,0.0,False
100,HS10,123,21150,4253,130,fully_outside,0.0,False
100,HS10,123,21243,4269,130,fully_outside,0.0,False
100,HS10,123,21244,4269,130,fully_outside,0.0,False
100,HS10,123,21246,4269,130,fully_outside,0.0,False
100,HS10,123,21247,4269,130,fully_outside,0.0,False
100,HS10,123,21248,4269,130,fully_outside,0.0,False
100,HS10,123,21721,4370,130,fully_outside,0.0,False
100,HS10,123,21725,4373,130,fully_outside,0.0,False
100,HS10,123,21726,4374,130,fully_outside,0.0,False
100,HS10,123,21727,4373,130,fully_outside,0.0,False
100,HS10,123,22044,4427,130,fully_outside,0.0,False
100,HS10,123,22045,4428,130,fully_outside,0.0,False
100,HS10,123,22047,4427,130,fully_outside,0.0,False
100,HS10,123,22048,4428,130,fully_outside,0.0,False
100,HS10,123,22049,4428,130,fully_outside,0.0,False
100,HS10,123,22050,4428,130,fully_outside,0.0,False
100,HS10,123,22066,4431,130,fully_outside,0.0,False
100,HS10,123,22067,4431,130,fully_outside,0.0,False
100,HS10,123,22068,4431,130,fully_outside,0.0,False
100,HS10,123,22069,4431,130,fully_outside,0.0,False
100,HS10,123,22070,4431,130,fully_outside,0.0,False
100,HS10,123,22071,4431,130,fully_outside,0.0,False
100,HS10,123,22072,4431,130,fully_outside,0.0,False
100,HS10,123,22073,4432,130,fully_outside,0.0,False
100,HS10,123,22074,4433,130,fully_outside,0.0,False
100,HS10,123,22075,4433,130,fully_outside,0.0,False
100,HS10,123,22076,4433,130,fully_outside,0.0,False
100,HS10,123,22077,4433,130,fully_outside,0.0,False
100,HS10,123,22078,4434,130,fully_outside,0.0,False
100,HS10,123,22079,4433,130,fully_outside,0.0,False
100,HS10,123,22080,4433,130,fully_outside,0.0,False
100,HS10,123,22081,4433,130,fully_outside,0.0,False
100,HS10,123,22082,4432,130,fully_outside,0.0,False
100,HS10,123,22083,4435,123,fully_outside,0.0,False
100,HS10,123,22084,4435,123,fully_outside,0.0,False
100,HS10,123,22085,4435,123,fully_outside,0.0,False
100,HS10,123,22086,4435,123,fully_outside,0.0,False
100,HS10,123,22087,4435,123,fully_outside,0.0,False
100,HS10,123,22088,4435,123,fully_outside,0.0,False
100,HS10,123,22197,4433,130,fully_outside,0.0,False
100,HS10,123,22198,4433,130,fully_outside,0.0,False
100,HS10,123,22199,4433,130,fully_outside,0.0,False
100,HS10,123,22206,4433,130,fully_outside,0.0,False
100,HS10,123,22211,4476,130,fully_outside,0.0,False
100,HS10,123,22212,4477,130,fully_outside,0.0,False
100,HS10,123,22218,4483,130,fully_outside,0.0,False
100,HS10,123,22234,4483,130,fully_outside,0.0,False
100,HS10,123,22299,4502,130,fully_outside,0.0,False
100,HS10,123,22305,4504,130,fully_outside,0.0,False
100,HS10,123,22306,4505,130,fully_outside,0.0,False
100,HS10,123,22340,4505,130,fully_outside,0.0,False
100,HS10,123,22341,4505,130,fully_outside,0.0,False
100,HS10,123,22342,4505,130,fully_outside,0.0,False
100,HS10,123,22344,4516,130,fully_outside,0.0,False
100,HS10,123,22359,4505,130,fully_outside,0.0,False
100,HS10,123,22360,4505,130,fully_outside,0.0,False
100,HS10,123,22361,4505,130,fully_outside,0.0,False
100,HS10,123,22362,4505,130,fully_outside,0.0,False
100,HS10,123,22708,4584,130,fully_outside,0.0,False
100,HS10,123,22709,4585,130,fully_outside,0.0,False
100,HS10,123,22710,4586,130,fully_outside,0.0,False
100,HS10,123,22711,4587,130,fully_outside,0.0,False
100,HS10,123,22712,4587,130,fully_outside,0.0,False
100,HS10,123,22713,4253,130,fully_outside,0.0,False
100,HS10,123,22715,4588,130,fully_outside,0.0,False
100,HS10,123,22717,4590,130,fully_outside,0.0,False
100,HS10,123,22718,4591,130,fully_outside,0.0,False
100,HS10,123,22719,4592,130,fully_outside,0.0,False
100,HS10,123,22720,4592,130,fully_outside,0.0,False
100,HS10,123,22721,4593,130,fully_outside,0.0,False
100,HS10,123,22765,4599,130,fully_outside,0.0,False
100,HS10,123,22766,4600,130,fully_outside,0.0,False
100,HS10,123,22767,4601,130,fully_outside,0.0,False
100,HS10,123,22768,4601,130,fully_outside,0.0,False
100,HS10,123,22769,4602,130,fully_outside,0.0,False
100,HS10,123,22770,4602,130,fully_outside,0.0,False
100,HS10,123,22771,4602,130,fully_outside,0.0,False
100,HS10,123,22772,4603,130,fully_outside,0.0,False
100,HS10,123,22773,4604,130,fully_outside,0.0,False
100,HS10,123,22774,4584,130,fully_outside,0.0,False
100,HS10,123,22775,4605,130,fully_outside,0.0,False
100,HS10,123,22776,4606,130,fully_outside,0.0,False
100,HS10,123,22777,4607,130,fully_outside,0.0,False
100,HS10,123,22778,4586,130,fully_outside,0.0,False
100,HS10,123,22779,4584,130,fully_outside,0.0,False
100,HS10,123,22780,4586,130,fully_outside,0.0,False
100,HS10,123,22945,4483,130,fully_outside,0.0,False
100,HS10,123,22951,4641,123,fully_outside,0.0,False
100,HS10,123,23036,4370,130,fully_outside,0.0,False
100,HS10,123,23351,4373,130,fully_outside,0.0,False
100,HS10,123,23352,4370,130,fully_outside,0.0,False
100,HS10,123,23353,4374,130,fully_outside,0.0,False
100,HS10,123,23434,4505,130,fully_outside,0.0,False
100,HS10,123,23435,4505,130,fully_outside,0.0,False
100,HS10,123,23714,4588,130,fully_outside,0.0,False
100,HS10,123,23715,4591,130,fully_outside,0.0,False
100,HS10,123,23743,4584,130,fully_outside,0.0,False
100,HS10,123,23744,4586,130,fully_outside,0.0,False
100,HS10,123,23745,4587,130,fully_outside,0.0,False
100,HS10,123,23746,4586,130,fully_outside,0.0,False
100,HS10,123,23775,4483,130,fully_outside,0.0,False
100,HS10,123,23882,4588,130,fully_outside,0.0,False
100,HS10,123,23885,4592,130,fully_outside,0.0,False
100,HS10,123,23886,4591,130,fully_outside,0.0,False
100,HS10,123,23887,4593,130,fully_outside,0.0,False
100,HS10,123,23891,4828,130,fully_outside,0.0,False
100,HS10,123,23892,4590,130,fully_outside,0.0,False
100,HS10,123,23893,4599,130,fully_outside,0.0,False
100,HS10,123,23894,4600,130,fully_outside,0.0,False
100,HS10,123,23895,4601,130,fully_outside,0.0,False
100,HS10,123,23896,4602,130,fully_outside,0.0,False
100,HS10,123,23897,4602,130,fully_outside,0.0,False
100,HS10,123,23898,4602,130,fully_outside,0.0,False
100,HS10,123,23899,4829,130,fully_outside,0.0,False
100,HS10,123,23900,4584,130,fully_outside,0.0,False
100,HS10,123,23901,4603,130,fully_outside,0.0,False
100,HS10,123,23902,4604,130,fully_outside,0.0,False
100,HS10,123,23903,4605,130,fully_outside,0.0,False
100,HS10,123,23904,4606,130,fully_outside,0.0,False
100,HS10,123,23905,4607,130,fully_outside,0.0,False
100,HS10,123,23906,4586,130,fully_outside,0.0,False
100,HS10,123,23907,4586,130,fully_outside,0.0,False
100,HS10,123,23908,4584,130,fully_outside,0.0,False
100,HS10,123,23909,4584,130,fully_outside,0.0,False
100,HS10,123,23910,4584,130,fully_outside,0.0,False
100,HS10,123,23911,4586,130,fully_outside,0.0,False
100,HS10,123,23912,4586,130,fully_outside,0.0,False
100,HS10,123,23921,4476,130,fully_outside,0.0,False
100,HS10,123,23922,4476,130,fully_outside,0.0,False
100,HS10,123,23923,4483,130,fully_outside,0.0,False
100,HS10,123,23932,4641,123,fully_outside,0.0,False
100,HS10,123,23950,631,123,fully_inside,0.9999999999999976,False
100,HS10,123,23951,631,123,fully_inside,1.0,False
100,HS10,123,23952,631,123,fully_inside,1.0,False
100,HS10,123,23953,631,123,fully_inside,1.0,False
100,HS10,123,23954,631,123,fully_inside,1.0,False
100,HS10,123,23955,631,123,fully_inside,1.0,False
100,HS10,123,23956,631,123,fully_inside,0.9999999999624614,False
100,HS10,123,23957,631,123,crosses_boundary,0.8344044792366087,False
100,HS10,123,23958,631,123,crosses_boundary,0.6439696303580231,False
100,HS10,123,23959,631,123,fully_inside,0.9999999999999477,False
100,HS10,123,23960,631,123,fully_inside,1.0,False
100,HS10,123,23961,631,123,fully_inside,0.9999999999998826,False
100,HS10,123,23962,631,123,fully_inside,1.0,False
100,HS10,123,23963,631,123,fully_inside,0.9999999999996457,False
100,HS10,123,23964,631,123,crosses_boundary,0.9997129176312619,False
100,HS10,123,23965,631,123,crosses_boundary,0.9565739464822463,False
100,HS10,123,23966,631,123,crosses_boundary,0.8576180209839754,False
100,HS10,123,23967,631,123,fully_inside,0.999999999997373,False
100,HS10,123,23968,631,123,fully_inside,1.0,False
100,HS10,123,23969,631,123,fully_inside,0.9999999999939885,False
100,HS10,123,23970,631,123,fully_inside,0.9999999999987623,False
100,HS10,123,23971,631,123,fully_inside,0.9999999999624462,False
100,HS10,123,23972,631,123,fully_inside,1.0,False
100,HS10,123,23973,631,123,fully_inside,0.999999999962446,False
100,HS10,123,23974,631,123,fully_inside,1.0,False
100,HS10,123,23975,631,123,fully_inside,0.9999999999938364,False
100,HS10,123,23976,631,123,fully_inside,0.9999999999980962,False
100,HS10,123,23977,631,123,fully_inside,1.0,False
100,HS10,123,23986,2655,123,fully_inside,0.9999999999991874,False
100,HS10,123,23987,4838,123,fully_inside,1.0,False
100,HS10,123,23988,4839,123,fully_inside,0.9999999999993572,False
100,HS10,123,23989,4840,123,fully_inside,0.9999999999985383,False
100,HS10,123,23990,3101,123,fully_inside,1.0,False
100,HS10,123,23991,3907,123,fully_inside,0.9999999999999112,False
100,HS10,123,23992,3907,123,fully_inside,0.9999999999949718,False
100,HS10,123,23993,4841,123,fully_inside,0.9999999999834932,False
100,HS10,123,23994,4842,123,fully_inside,0.9999999999984636,False
100,HS10,123,23995,4843,123,fully_inside,1.0,False
100,HS10,123,23996,4844,123,fully_inside,0.9999999999898478,False
100,HS10,123,23997,4841,123,fully_inside,1.0,False
100,HS10,123,23998,4845,123,fully_inside,1.0,False
100,HS10,123,23999,4846,123,fully_inside,0.9999999999992759,False
100,HS10,123,24000,4847,123,fully_inside,1.0,False
100,HS10,123,24001,4846,123,fully_inside,1.0,False
100,HS10,123,24002,4848,123,fully_inside,1.0,False
100,HS10,123,24003,4839,123,fully_inside,0.9999999999999103,False
100,HS10,123,24004,4839,123,fully_inside,1.0,False
100,HS10,123,24005,4849,123,fully_inside,0.9999999999957456,False
100,HS10,123,24006,4849,123,fully_inside,1.0,False
100,HS10,123,24007,4841,123,fully_inside,1.0,False
100,HS10,123,24008,4841,123,fully_inside,0.999999999982418,False
100,HS10,123,24009,4843,123,fully_inside,1.0,False
100,HS10,123,24010,4844,123,fully_inside,0.9999999999998015,False
100,HS10,123,24011,4841,123,fully_inside,1.0,False
100,HS10,123,24012,4841,123,fully_inside,0.9999999999833712,False
100,HS10,123,24013,4850,123,fully_inside,1.0,False
100,HS10,123,24014,4851,123,fully_inside,1.0,False
100,HS10,123,24015,4845,123,fully_inside,0.9999999999951046,False
100,HS10,123,24016,4846,123,fully_inside,1.0,False
100,HS10,123,24017,4846,123,fully_inside,1.0,False
100,HS10,123,24018,4846,123,fully_inside,0.9999999999941199,False
100,HS10,123,24019,4847,123,fully_inside,1.0,False
100,HS10,123,24020,4848,123,fully_inside,1.0,False
100,HS10,123,24033,4857,123,fully_outside,0.0,False
100,HS10,123,24034,4858,123,fully_outside,0.0,False
100,HS10,123,24035,4857,123,fully_outside,0.0,False
100,HS10,123,24036,4859,123,fully_outside,0.0,False
100,HS10,123,24037,4860,123,fully_outside,0.0,False
100,HS10,123,24038,4857,123,fully_outside,0.0,False
100,HS10,123,24039,4857,123,fully_outside,0.0,False
100,HS10,123,24040,631,123,fully_outside,0.0,False
100,HS10,123,24041,631,123,fully_outside,0.0,False
100,HS10,123,24042,631,123,crosses_boundary,0.23172393919346462,False
100,HS10,123,24043,631,123,fully_outside,0.0,False
100,HS10,123,24044,631,123,crosses_boundary,0.0642435629279551,False
100,HS10,123,24045,631,123,fully_outside,0.0,False
100,HS10,123,24046,3937,123,fully_outside,0.0,False
100,HS10,123,24047,3937,123,fully_outside,0.0,False
100,HS10,123,24048,3937,123,fully_outside,0.0,False
100,HS10,123,24049,3937,123,fully_outside,0.0,False
100,HS10,123,24050,3937,123,fully_outside,0.0,False
100,HS10,123,24051,3937,123,fully_outside,0.0,False
100,HS10,123,24052,3937,123,fully_outside,0.0,False
100,HS10,123,24053,631,123,fully_outside,0.0,False
100,HS10,123,24054,3937,123,fully_outside,0.0,False
100,HS10,123,24055,3937,123,fully_outside,0.0,False
100,HS10,123,24056,4858,123,fully_outside,0.0,False
100,HS10,123,24057,4858,123,fully_outside,0.0,False
100,HS10,123,24058,4858,123,fully_outside,0.0,False
100,HS10,123,24059,4860,123,fully_outside,0.0,False
100,HS10,123,24060,631,123,fully_outside,0.0,False
100,HS10,123,24061,631,123,fully_outside,0.0,False
100,HS10,123,24062,631,123,fully_outside,0.0,False
100,HS10,123,24063,631,123,fully_outside,0.0,False
100,HS10,123,24064,631,123,crosses_boundary,0.5385043387575503,False
100,HS10,123,24065,631,123,crosses_boundary,0.3631773447436765,False
100,HS10,123,24066,631,123,fully_outside,0.0,False
100,HS10,123,24070,631,123,fully_outside,0.0,False
100,HS10,123,24071,631,123,fully_outside,0.0,False
100,HS10,123,24072,631,123,fully_outside,0.0,False
100,HS10,123,24073,631,123,fully_outside,0.0,False
100,HS10,123,24074,631,123,fully_outside,0.0,False
100,HS10,123,24075,631,123,fully_outside,0.0,False
100,HS10,123,24076,631,123,fully_outside,0.0,False
100,HS10,123,24077,631,123,fully_outside,0.0,False
100,HS10,123,24079,631,123,fully_outside,0.0,False
100,HS10,123,24080,631,123,fully_outside,0.0,False
100,HS10,123,24081,631,123,fully_outside,0.0,False
100,HS10,123,24084,631,123,fully_outside,0.0,False
100,HS10,123,24085,3937,123,fully_outside,0.0,False
100,HS10,123,24086,4859,123,fully_outside,0.0,False
100,HS10,123,24087,4859,123,fully_outside,0.0,False
100,HS10,123,24088,4859,123,fully_outside,0.0,False
100,HS10,123,24089,631,123,fully_outside,0.0,False
100,HS10,123,24090,631,123,fully_outside,0.0,False
100,HS10,123,24091,4862,123,fully_outside,0.0,False
100,HS10,123,24094,631,123,fully_outside,0.0,False
100,HS10,123,24095,631,123,fully_outside,0.0,False
100,HS10,123,24098,631,123,fully_outside,0.0,False
100,HS10,123,24099,631,123,fully_outside,0.0,False
100,HS10,123,24100,631,123,fully_outside,0.0,False
100,HS10,123,24101,631,123,fully_outside,0.0,False
100,HS10,123,24102,631,123,fully_outside,0.0,False
100,HS10,123,24103,631,123,fully_outside,0.0,False
100,HS10,123,24105,631,123,fully_outside,0.0,False
100,HS10,123,24106,631,123,fully_outside,0.0,False
100,HS10,123,24107,631,123,fully_outside,0.0,False
100,HS10,123,24108,631,123,fully_outside,0.0,False
100,HS10,123,24114,4863,123,fully_outside,0.0,False
100,HS10,123,24115,4864,123,fully_outside,0.0,False
100,HS10,123,24116,4864,123,fully_outside,0.0,False
100,HS10,123,24117,4863,123,fully_outside,0.0,False
100,HS10,123,24121,4865,123,fully_outside,0.0,False
100,HS10,123,24122,4866,123,fully_outside,0.0,False
100,HS10,123,24123,4863,123,fully_outside,0.0,False
100,HS10,123,24124,4863,123,fully_outside,0.0,False
100,HS10,123,24125,3937,123,fully_outside,0.0,False
100,HS10,123,24126,3937,123,fully_outside,0.0,False
100,HS10,123,24127,3937,123,fully_outside,0.0,False
100,HS10,123,24128,3937,123,fully_outside,0.0,False
100,HS10,123,24129,3937,123,fully_outside,0.0,False
100,HS10,123,24130,3937,123,fully_outside,0.0,False
100,HS10,123,24131,3937,123,fully_outside,0.0,False
100,HS10,123,24132,3937,123,fully_outside,0.0,False
100,HS10,123,24133,3937,123,fully_outside,0.0,False
100,HS10,123,24134,3937,123,fully_outside,0.0,False
100,HS10,123,24135,3937,123,fully_outside,0.0,False
100,HS10,123,24136,631,123,fully_outside,0.0,False
100,HS10,123,24137,3937,123,fully_outside,0.0,False
100,HS10,123,24138,4864,123,fully_outside,0.0,False
100,HS10,123,24139,4864,123,fully_outside,0.0,False
100,HS10,123,24140,4865,123,fully_outside,0.0,False
100,HS10,123,24141,3937,123,fully_outside,0.0,False
100,HS10,123,24142,3937,123,fully_outside,0.0,False
100,HS10,123,24143,3937,123,fully_outside,0.0,False
100,HS10,123,24144,3937,123,fully_outside,0.0,False
100,HS10,123,24145,3937,123,fully_outside,0.0,False
100,HS10,123,24146,4867,123,fully_outside,0.0,False
100,HS10,123,24147,3937,123,fully_outside,0.0,False
100,HS10,123,24148,631,123,fully_outside,0.0,False
100,HS10,123,24150,4868,123,fully_outside,0.0,False
100,HS10,123,24151,4868,123,fully_outside,0.0,False
100,HS10,123,24152,3937,123,fully_outside,0.0,False
100,HS10,123,24153,3937,123,fully_outside,0.0,False
100,HS10,123,24154,4866,123,fully_outside,0.0,False
100,HS10,123,24155,4866,123,fully_outside,0.0,False
100,HS10,123,24156,4866,123,fully_outside,0.0,False
100,HS10,123,24157,3937,123,fully_outside,0.0,False
100,HS10,123,24158,3937,123,fully_outside,0.0,False
100,HS10,123,24159,3937,123,fully_outside,0.0,False
100,HS10,123,24160,3937,123,fully_outside,0.0,False
100,HS10,123,24161,3937,123,fully_outside,0.0,False
100,HS10,123,24162,4868,123,fully_outside,0.0,False
100,HS10,123,24163,4868,123,fully_outside,0.0,False
100,HS10,123,24164,4868,123,fully_outside,0.0,False
100,HS10,123,24165,3937,123,fully_outside,0.0,False
100,HS10,123,24166,3937,123,fully_outside,0.0,False
100,HS10,123,24167,4868,123,fully_outside,0.0,False
100,HS10,123,24168,4868,123,fully_outside,0.0,False
100,HS10,123,24169,4868,123,fully_outside,0.0,False
100,HS10,123,24171,4868,123,fully_outside,0.0,False
100,HS10,123,24172,4868,123,fully_outside,0.0,False
100,HS10,123,24173,4868,123,fully_outside,0.0,False
100,HS10,123,24174,4868,123,fully_outside,0.0,False
100,HS10,123,24175,4868,123,fully_outside,0.0,False
100,HS10,123,24176,4868,123,fully_outside,0.0,False
100,HS10,123,24194,4869,123,fully_outside,0.0,False
100,HS10,123,24195,4870,123,fully_outside,0.0,False
100,HS10,123,24196,4871,123,fully_inside,1.0,False
100,HS10,123,24197,4870,123,crosses_boundary,0.8346736142462094,False
100,HS10,123,24198,4870,123,fully_outside,0.0,False
100,HS10,123,24199,4872,123,fully_outside,0.0,False
100,HS10,123,24205,3907,123,fully_inside,1.0,False
100,HS10,123,24206,4878,123,fully_inside,0.9999999999983558,False
100,HS10,123,24207,4878,123,crosses_boundary,0.6103138478160564,False
100,HS10,123,24208,4879,123,fully_outside,0.0,False
100,HS10,123,24209,3996,123,fully_outside,0.0,False
100,HS10,123,24210,4870,123,fully_outside,0.0,False
100,HS10,123,24211,4870,123,fully_outside,0.0,False
100,HS10,123,24212,4872,123,fully_outside,0.0,False
100,HS10,123,24213,4871,123,fully_inside,1.0,False
100,HS10,123,24214,4870,123,crosses_boundary,0.9925358584291367,False
100,HS10,123,24224,4882,123,fully_outside,0.0,False
100,HS10,123,24225,4882,123,fully_outside,0.0,False
100,HS10,123,24226,4883,123,fully_outside,0.0,False
100,HS10,123,24227,4883,123,fully_outside,0.0,False
100,HS10,123,24236,4887,123,fully_outside,0.0,False
100,HS10,123,24237,4888,123,fully_outside,0.0,False
100,HS10,123,24238,4889,123,fully_outside,0.0,False
100,HS10,123,24239,4890,123,fully_outside,0.0,False
100,HS10,123,24240,4889,123,fully_outside,0.0,False
100,HS10,123,24241,4891,123,fully_outside,0.0,False
100,HS10,123,24242,4891,123,fully_outside,0.0,False
100,HS10,123,24243,4892,123,fully_outside,0.0,False
100,HS10,123,24244,4893,123,fully_outside,0.0,False
100,HS10,123,24245,4894,123,fully_outside,0.0,False
100,HS10,123,24246,4895,123,fully_outside,0.0,False
100,HS10,123,24247,4896,123,fully_outside,0.0,False
100,HS10,123,24248,4896,123,fully_outside,0.0,False
100,HS10,123,24249,4891,123,fully_outside,0.0,False
100,HS10,123,24250,4897,123,fully_outside,0.0,False
100,HS10,123,24251,4897,123,fully_outside,0.0,False
100,HS10,123,24252,4898,123,fully_outside,0.0,False
100,HS10,123,24253,4893,123,fully_outside,0.0,False
100,HS10,123,24254,4864,123,fully_outside,0.0,False
100,HS10,123,24255,4864,123,fully_outside,0.0,False
100,HS10,123,24256,4864,123,fully_outside,0.0,False
100,HS10,123,24257,4864,123,fully_outside,0.0,False
100,HS10,123,24258,4864,123,fully_outside,0.0,False
100,HS10,123,24259,4899,123,fully_outside,0.0,False
100,HS10,123,24260,4900,123,fully_outside,0.0,False
100,HS10,123,24261,4901,123,fully_outside,0.0,False
100,HS10,123,24262,4901,123,fully_outside,0.0,False
100,HS10,123,24263,4902,123,fully_outside,0.0,False
100,HS10,123,24264,4903,123,fully_outside,0.0,False
100,HS10,123,24265,4903,123,fully_outside,0.0,False
100,HS10,123,24266,4904,123,fully_outside,0.0,False
100,HS10,123,24267,4900,123,fully_outside,0.0,False
100,HS10,123,24268,4905,123,fully_outside,0.0,False
100,HS10,123,24269,4906,123,fully_outside,0.0,False
100,HS10,123,24270,4907,123,fully_outside,0.0,False
100,HS10,123,24271,4906,123,fully_outside,0.0,False
100,HS10,123,24272,4906,123,fully_outside,0.0,False
100,HS10,123,24273,4906,123,fully_outside,0.0,False
100,HS10,123,24274,4908,123,fully_outside,0.0,False
100,HS10,123,24275,4864,123,fully_outside,0.0,False
100,HS10,123,24276,4864,123,fully_outside,0.0,False
100,HS10,123,24277,4891,123,fully_outside,0.0,False
100,HS10,123,24278,4909,123,fully_outside,0.0,False
100,HS10,123,24279,4891,123,fully_outside,0.0,False
100,HS10,123,24280,4891,123,fully_outside,0.0,False
100,HS10,123,24281,4893,123,fully_outside,0.0,False
100,HS10,123,24282,4893,123,fully_outside,0.0,False
100,HS10,123,24283,4897,123,fully_outside,0.0,False
100,HS10,123,24284,4897,123,fully_outside,0.0,False
100,HS10,123,24285,4894,123,fully_outside,0.0,False
100,HS10,123,24286,4910,123,fully_outside,0.0,False
100,HS10,123,24287,4894,123,fully_outside,0.0,False
100,HS10,123,24288,4911,123,fully_outside,0.0,False
100,HS10,123,24289,4896,123,fully_outside,0.0,False
100,HS10,123,24290,4912,123,fully_outside,0.0,False
100,HS10,123,24291,4897,123,fully_outside,0.0,False
100,HS10,123,24292,4891,123,fully_outside,0.0,False
100,HS10,123,24293,4891,123,fully_outside,0.0,False
100,HS10,123,24294,4893,123,fully_outside,0.0,False
100,HS10,123,24295,4893,123,fully_outside,0.0,False
100,HS10,123,24296,4913,123,fully_outside,0.0,False
100,HS10,123,24297,4864,123,fully_outside,0.0,False
100,HS10,123,24298,4864,123,fully_outside,0.0,False
100,HS10,123,24299,4864,123,fully_outside,0.0,False
100,HS10,123,24300,4864,123,fully_outside,0.0,False
100,HS10,123,24301,4914,123,fully_outside,0.0,False
100,HS10,123,24302,4893,123,fully_outside,0.0,False
100,HS10,123,24303,4893,123,fully_outside,0.0,False
100,HS10,123,24304,4893,123,fully_outside,0.0,False
100,HS10,123,24306,4864,123,fully_outside,0.0,False
100,HS10,123,24307,4916,123,fully_outside,0.0,False
100,HS10,123,24308,4917,123,fully_outside,0.0,False
100,HS10,123,24309,4901,123,fully_outside,0.0,False
100,HS10,123,24310,4901,123,fully_outside,0.0,False
100,HS10,123,24311,4900,123,fully_outside,0.0,False
100,HS10,123,24312,4900,123,fully_outside,0.0,False
100,HS10,123,24313,4901,123,fully_outside,0.0,False
100,HS10,123,24314,4902,123,fully_outside,0.0,False
100,HS10,123,24315,4903,123,fully_outside,0.0,False
100,HS10,123,24316,4903,123,fully_outside,0.0,False
100,HS10,123,24317,4918,123,fully_outside,0.0,False
100,HS10,123,24318,4904,123,fully_outside,0.0,False
100,HS10,123,24319,4903,123,fully_outside,0.0,False
100,HS10,123,24320,4919,123,fully_outside,0.0,False
100,HS10,123,24321,4920,123,fully_outside,0.0,False
100,HS10,123,24322,4920,123,fully_outside,0.0,False
100,HS10,123,24324,4900,123,fully_outside,0.0,False
100,HS10,123,24325,4905,123,fully_outside,0.0,False
100,HS10,123,24326,4908,123,fully_outside,0.0,False
100,HS10,123,24327,4900,123,fully_outside,0.0,False
100,HS10,123,24328,4905,123,fully_outside,0.0,False
100,HS10,123,24329,4902,123,fully_outside,0.0,False
100,HS10,123,24330,4907,123,fully_outside,0.0,False
100,HS10,123,24331,4906,123,fully_outside,0.0,False
100,HS10,123,24332,4906,123,fully_outside,0.0,False
100,HS10,123,24333,4906,123,fully_outside,0.0,False
100,HS10,123,24334,4900,123,fully_outside,0.0,False
100,HS10,123,24335,4900,123,fully_outside,0.0,False
100,HS10,123,24336,4908,123,fully_outside,0.0,False
100,HS10,123,24337,4908,123,fully_outside,0.0,False
100,HS10,123,24338,4901,123,fully_outside,0.0,False
100,HS10,123,24339,4901,123,fully_outside,0.0,False
100,HS10,123,24340,4901,123,fully_outside,0.0,False
100,HS10,123,24418,2655,123,fully_inside,1.0,False
100,HS10,123,24419,4839,123,fully_inside,0.9999999999990489,False
100,HS10,123,24420,4839,123,fully_inside,0.9999999999994803,False
100,HS10,123,24421,4838,123,fully_inside,1.0,False
100,HS10,123,24422,3101,123,fully_inside,1.0,False
100,HS10,123,24423,4840,123,fully_inside,1.0,False
100,HS10,123,24424,4840,123,fully_inside,1.0,False
100,HS10,123,24425,3101,123,fully_inside,1.0,False
100,HS10,123,24426,4947,123,fully_inside,0.9999999999624004,False
100,HS10,123,24427,4947,123,fully_inside,1.0,False
100,HS10,123,24428,4947,123,fully_inside,0.9999999998795513,False
100,HS10,123,24429,4851,123,fully_inside,0.9999999999970367,False
100,HS10,123,24430,4841,123,fully_inside,0.9999999999625224,False
100,HS10,123,24431,4947,123,fully_inside,1.0,False
100,HS10,123,24432,4947,123,fully_inside,1.0,False
100,HS10,123,24433,4947,123,fully_inside,0.9999999995283612,False
100,HS10,123,24434,4947,123,fully_inside,0.9999999999110178,False
100,HS10,123,24435,4947,123,fully_inside,1.0,False
100,HS10,123,24436,4947,123,fully_inside,0.9999999999108957,False
100,HS10,123,24437,4947,123,fully_inside,0.9999999999625224,False
100,HS10,123,24438,4948,123,fully_inside,0.9999999999605796,False
100,HS10,123,24439,4947,123,fully_inside,1.0,False
100,HS10,123,24440,4947,123,fully_inside,0.9999999999624004,False
100,HS10,123,24441,4948,123,fully_inside,1.0,False
100,HS10,123,24442,4949,123,fully_inside,1.0,False
100,HS10,123,24443,4947,123,fully_inside,1.0,False
100,HS10,123,24444,4950,123,fully_inside,1.0,False
100,HS10,123,24445,4947,123,fully_inside,1.0,False
100,HS10,123,24446,4947,123,fully_inside,1.0,False
100,HS10,123,24447,4841,123,fully_inside,0.9999999998596353,False
100,HS10,123,24448,4951,123,fully_inside,0.9999999999668057,False
100,HS10,123,24449,4947,123,fully_inside,1.0,False
100,HS10,123,24450,4951,123,fully_inside,0.9999999999668057,False
100,HS10,123,24451,4947,123,fully_inside,0.99999999999225,False
100,HS10,123,24452,4947,123,fully_inside,0.9999999999624413,False
100,HS10,123,24453,4947,123,fully_inside,0.999999999528239,False
100,HS10,123,24454,4947,123,fully_inside,1.0,False
100,HS10,123,24455,4947,123,fully_inside,0.9999999999006193,False
100,HS10,123,24456,4947,123,fully_inside,1.0,False
100,HS10,123,24457,4947,123,fully_inside,0.9999999999244172,False
100,HS10,123,24458,4947,123,fully_inside,1.0,False
100,HS10,123,24459,4947,123,fully_inside,1.0,False
100,HS10,123,24460,4947,123,fully_inside,1.0,False
100,HS10,123,24461,4952,123,fully_inside,1.0,False
100,HS10,123,24462,4952,123,fully_inside,1.0,False
100,HS10,123,24463,4952,123,fully_inside,0.9999999999995232,False
100,HS10,123,24464,4953,123,fully_inside,1.0,False
100,HS10,123,24465,4846,123,fully_inside,0.9999999998467963,False
100,HS10,123,24466,4954,123,fully_inside,0.9999999998760367,False
100,HS10,123,24467,4955,123,fully_inside,0.9999999995283612,False
100,HS10,123,24468,4956,123,fully_inside,0.9999999999605796,False
100,HS10,123,24469,4955,123,fully_inside,0.9999999999110178,False
100,HS10,123,24470,4955,123,fully_inside,1.0,False
100,HS10,123,24471,4957,123,fully_inside,1.0,False
100,HS10,123,24472,4955,123,fully_inside,0.9999999999110178,False
100,HS10,123,24473,4955,123,fully_inside,1.0,False
100,HS10,123,24474,4955,123,fully_inside,0.9999999999622783,False
100,HS10,123,24475,4955,123,fully_inside,1.0,False
100,HS10,123,24476,4955,123,fully_inside,0.9999999998595132,False
100,HS10,123,24477,4955,123,fully_inside,0.9999999998595132,False
100,HS10,123,24478,3551,123,fully_inside,0.9999999999933481,False
100,HS10,123,24479,4955,123,fully_inside,0.9999999999966555,False
100,HS10,123,24480,4955,123,fully_inside,1.0,False
100,HS10,123,24481,4955,123,fully_inside,1.0,False
100,HS10,123,24482,4958,123,fully_inside,1.0,False
100,HS10,123,24483,4955,123,fully_inside,0.9999999998595132,False
100,HS10,123,24484,4955,123,fully_inside,0.9999999997453197,False
100,HS10,123,24485,4955,123,fully_inside,0.9999999999868858,False
100,HS10,123,24486,4846,123,fully_inside,1.0,False
100,HS10,123,24487,4955,123,fully_inside,1.0,False
100,HS10,123,24488,4954,123,fully_inside,1.0,False
100,HS10,123,24489,4959,123,fully_inside,1.0,False
100,HS10,123,24490,4955,123,fully_inside,1.0,False
100,HS10,123,24491,3551,123,fully_inside,0.9999999999628583,False
100,HS10,123,24492,4955,123,fully_inside,1.0,False
100,HS10,123,24493,4955,123,fully_inside,1.0,False
100,HS10,123,24494,4955,123,fully_inside,1.0,False
100,HS10,123,24495,4955,123,fully_inside,1.0,False
100,HS10,123,24496,4955,123,fully_inside,0.9999999999110175,False
100,HS10,123,24497,4955,123,fully_inside,0.9999999998520571,False
100,HS10,123,24498,4955,123,fully_inside,1.0,False
100,HS10,123,24499,4955,123,fully_inside,0.9999999999467282,False
100,HS10,123,24500,4955,123,fully_inside,1.0,False
100,HS10,123,24501,4955,123,fully_inside,0.9999999997453197,False
100,HS10,123,24502,4955,123,fully_inside,1.0,False
100,HS10,123,24503,4955,123,fully_inside,1.0,False
100,HS10,123,24504,4956,123,fully_inside,0.9999999999605796,False
100,HS10,123,24505,4955,123,fully_inside,0.9999999999281861,False
100,HS10,123,24506,4955,123,fully_inside,0.9999999998937681,False
100,HS10,123,24507,4955,123,fully_inside,1.0,False
100,HS10,123,24508,4955,123,fully_inside,1.0,False
100,HS10,123,24509,3551,123,fully_inside,1.0,False
100,HS10,123,24510,3551,123,fully_inside,1.0,False
100,HS10,123,24511,3551,123,fully_inside,0.9999999999969538,False
100,HS10,123,24512,4839,123,fully_inside,1.0,False
100,HS10,123,24513,4839,123,fully_inside,1.0,False
100,HS10,123,24514,4839,123,fully_inside,0.9999999999992544,False
100,HS10,123,24515,4849,123,fully_inside,1.0,False
100,HS10,123,24516,4851,123,fully_inside,0.9999999999937442,False
100,HS10,123,24517,4851,123,fully_inside,1.0,False
100,HS10,123,24518,4851,123,fully_inside,1.0,False
100,HS10,123,24519,4850,123,fully_inside,0.9999999999993027,False
100,HS10,123,24520,4850,123,fully_inside,1.0,False
100,HS10,123,24521,3551,123,fully_inside,1.0,False
100,HS10,123,24524,3100,123,fully_inside,0.9999999999997523,False
100,HS10,123,24525,3101,123,fully_inside,1.0,False
100,HS10,123,24526,3099,123,fully_inside,1.0,False
100,HS10,123,24527,4960,123,fully_inside,1.0,False
100,HS10,123,24528,4961,123,fully_inside,1.0,False
100,HS10,123,24529,4961,123,fully_inside,0.9999999999416466,False
100,HS10,123,24530,4961,123,fully_inside,1.0,False
100,HS10,123,24531,4961,123,fully_inside,1.0,False
100,HS10,123,24532,4850,123,fully_inside,0.9999999999649671,False
100,HS10,123,24533,4850,123,fully_inside,1.0,False
100,HS10,123,24534,4850,123,fully_inside,0.9999999999979223,False
100,HS10,123,24535,4961,123,fully_inside,1.0,False
100,HS10,123,24536,4851,123,fully_inside,1.0,False
100,HS10,123,24537,4851,123,fully_inside,1.0,False
100,HS10,123,24538,4961,123,fully_inside,0.999999999998626,False
100,HS10,123,24539,4850,123,fully_inside,0.9999999999993123,False
100,HS10,123,24540,4961,123,fully_inside,1.0,False
100,HS10,123,24541,4961,123,fully_inside,0.999999999998626,False
100,HS10,123,24542,4850,123,fully_inside,0.9999999999998108,False
100,HS10,123,24543,3099,123,fully_inside,0.9999999999963324,False
100,HS10,123,24544,3099,123,fully_inside,1.0,False
100,HS10,123,24545,4961,123,fully_inside,1.0,False
100,HS10,123,24546,4961,123,fully_inside,1.0,False
100,HS10,123,24547,4962,123,fully_inside,1.0,False
100,HS10,123,24548,4961,123,fully_inside,1.0,False
100,HS10,123,24549,4961,123,fully_inside,0.9999999999971437,False
100,HS10,123,24550,4961,123,fully_inside,0.9999999999923924,False
100,HS10,123,24551,4961,123,fully_inside,0.9999999999900167,False
100,HS10,123,24552,4850,123,fully_inside,0.9999999999656395,False
100,HS10,123,24553,4850,123,fully_inside,1.0,False
100,HS10,123,24554,4850,123,fully_inside,1.0,False
100,HS10,123,24555,3099,123,fully_inside,1.0,False
100,HS10,123,24556,3099,123,fully_inside,1.0,False
100,HS10,123,24557,4851,123,fully_inside,0.9999999999943295,False
100,HS10,123,24558,4883,123,fully_outside,0.0,False
100,HS10,123,24560,4870,123,fully_outside,0.0,False
100,HS10,123,24561,4955,123,fully_inside,1.0,False
100,HS10,123,24562,4872,123,fully_outside,0.0,False
100,HS10,123,24563,4870,123,fully_outside,0.0,False
100,HS10,123,24564,4964,123,fully_inside,0.9999999998264227,False
100,HS10,123,24565,4955,123,fully_inside,1.0,False
100,HS10,123,24566,4872,123,fully_outside,0.0,False
100,HS10,123,24567,4955,123,fully_inside,0.9999999999189843,False
100,HS10,123,24568,4955,123,crosses_boundary,0.9962679291130161,False
100,HS10,123,24569,4955,123,crosses_boundary,0.9981339646890895,False
100,HS10,123,24570,4955,123,crosses_boundary,0.834673614321638,False
100,HS10,123,24571,4955,123,fully_outside,0.0,False
100,HS10,123,24572,4955,123,crosses_boundary,0.9981339644648631,False
100,HS10,123,24573,4955,123,fully_outside,0.0,False
100,HS10,123,24581,4888,123,fully_outside,0.0,False
100,HS10,123,24582,4888,123,fully_outside,0.0,False
100,HS10,123,24593,3907,123,fully_inside,0.9999999999956075,False
100,HS10,123,24594,4869,123,fully_outside,0.0,False
100,HS10,123,24604,4912,123,fully_outside,0.0,False
100,HS10,123,24605,4864,123,fully_outside,0.0,False
100,HS10,123,24606,4864,123,fully_outside,0.0,False
100,HS10,123,24607,4864,123,fully_outside,0.0,False
100,HS10,123,24608,4975,123,fully_outside,0.0,False
100,HS10,123,24609,4898,123,fully_outside,0.0,False
100,HS10,123,24610,4975,123,fully_outside,0.0,False
100,HS10,123,24611,4975,123,fully_outside,0.0,False
100,HS10,123,24612,4975,123,fully_outside,0.0,False
100,HS10,123,24613,4975,123,fully_outside,0.0,False
100,HS10,123,24614,4975,123,fully_outside,0.0,False
100,HS10,123,24615,4975,123,fully_outside,0.0,False
100,HS10,123,24616,4976,123,fully_outside,0.0,False
100,HS10,123,24617,4977,123,fully_outside,0.0,False
100,HS10,123,24618,4978,123,fully_outside,0.0,False
100,HS10,123,24619,4975,123,fully_outside,0.0,False
100,HS10,123,24620,4975,123,fully_outside,0.0,False
100,HS10,123,24621,4975,123,fully_outside,0.0,False
100,HS10,123,24622,4975,123,fully_outside,0.0,False
100,HS10,123,24623,4975,123,fully_outside,0.0,False
100,HS10,123,24624,4975,123,fully_outside,0.0,False
100,HS10,123,24625,4975,123,fully_outside,0.0,False
100,HS10,123,24626,4975,123,fully_outside,0.0,False
100,HS10,123,24627,4975,123,fully_outside,0.0,False
100,HS10,123,24628,4975,123,fully_outside,0.0,False
100,HS10,123,24629,4978,123,fully_outside,0.0,False
100,HS10,123,24630,4978,123,fully_outside,0.0,False
100,HS10,123,24631,4979,123,fully_outside,0.0,False
100,HS10,123,24632,4980,123,fully_outside,0.0,False
100,HS10,123,24633,4978,123,fully_outside,0.0,False
100,HS10,123,24634,4981,123,fully_outside,0.0,False
100,HS10,123,24635,4864,123,fully_outside,0.0,False
100,HS10,123,24636,4920,123,fully_outside,0.0,False
100,HS10,123,24637,4906,123,fully_outside,0.0,False
100,HS10,123,24638,4982,123,fully_outside,0.0,False
100,HS10,123,24639,4983,123,fully_outside,0.0,False
100,HS10,123,24640,4984,123,fully_outside,0.0,False
100,HS10,123,24641,4902,123,fully_outside,0.0,False
100,HS10,123,24642,4984,123,fully_outside,0.0,False
100,HS10,123,24643,4985,123,fully_outside,0.0,False
100,HS10,123,24644,4904,123,fully_outside,0.0,False
100,HS10,123,24645,4982,123,fully_outside,0.0,False
100,HS10,123,24646,4982,123,fully_outside,0.0,False
100,HS10,123,24647,4982,123,fully_outside,0.0,False
100,HS10,123,24648,4982,123,fully_outside,0.0,False
100,HS10,123,24649,4982,123,fully_outside,0.0,False
100,HS10,123,24650,4982,123,fully_outside,0.0,False
100,HS10,123,24651,4982,123,fully_outside,0.0,False
100,HS10,123,24652,4982,123,fully_outside,0.0,False
100,HS10,123,24653,4982,123,fully_outside,0.0,False
100,HS10,123,24654,4982,123,fully_outside,0.0,False
100,HS10,123,24655,4982,123,fully_outside,0.0,False
100,HS10,123,24656,4982,123,fully_outside,0.0,False
100,HS10,123,24657,4982,123,fully_outside,0.0,False
100,HS10,123,24658,4982,123,fully_outside,0.0,False
100,HS10,123,24659,4982,123,fully_outside,0.0,False
100,HS10,123,24660,4982,123,fully_outside,0.0,False
100,HS10,123,24661,4983,123,fully_outside,0.0,False
100,HS10,123,24662,4986,123,fully_outside,0.0,False
100,HS10,123,24663,4977,123,fully_outside,0.0,False
100,HS10,123,24664,4891,123,fully_outside,0.0,False
100,HS10,123,24665,4977,123,fully_outside,0.0,False
100,HS10,123,24666,4987,123,fully_outside,0.0,False
100,HS10,123,24667,4988,123,fully_outside,0.0,False
100,HS10,123,24668,4988,123,fully_outside,0.0,False
100,HS10,123,24669,4988,123,fully_outside,0.0,False
100,HS10,123,24670,4988,123,fully_outside,0.0,False
100,HS10,123,24671,4977,123,fully_outside,0.0,False
100,HS10,123,24672,4891,123,fully_outside,0.0,False
100,HS10,123,24673,4893,123,fully_outside,0.0,False
100,HS10,123,24674,4978,123,fully_outside,0.0,False
100,HS10,123,24675,4989,123,fully_outside,0.0,False
100,HS10,123,24676,4977,123,fully_outside,0.0,False
100,HS10,123,24677,4897,123,fully_outside,0.0,False
100,HS10,123,24678,4988,123,fully_outside,0.0,False
100,HS10,123,24679,4988,123,fully_outside,0.0,False
100,HS10,123,24680,4988,123,fully_outside,0.0,False
100,HS10,123,24681,4990,123,fully_outside,0.0,False
100,HS10,123,24682,4991,123,fully_outside,0.0,False
100,HS10,123,24683,4981,123,fully_outside,0.0,False
100,HS10,123,24684,4989,123,fully_outside,0.0,False
100,HS10,123,24685,4978,123,fully_outside,0.0,False
100,HS10,123,24686,4893,123,fully_outside,0.0,False
100,HS10,123,24687,4992,123,fully_outside,0.0,False
100,HS10,123,24688,4990,123,fully_outside,0.0,False
100,HS10,123,24689,4864,123,fully_outside,0.0,False
100,HS10,123,24690,4993,123,fully_outside,0.0,False
100,HS10,123,24691,4899,123,fully_outside,0.0,False
100,HS10,123,24692,4983,123,fully_outside,0.0,False
100,HS10,123,24693,4986,123,fully_outside,0.0,False
100,HS10,123,24694,4994,123,fully_outside,0.0,False
100,HS10,123,24695,4901,123,fully_outside,0.0,False
100,HS10,123,24696,4995,123,fully_outside,0.0,False
100,HS10,123,24697,4995,123,fully_outside,0.0,False
100,HS10,123,24698,4986,123,fully_outside,0.0,False
100,HS10,123,24699,4986,123,fully_outside,0.0,False
100,HS10,123,24700,4986,123,fully_outside,0.0,False
100,HS10,123,24701,4996,123,fully_outside,0.0,False
100,HS10,123,24702,4983,123,fully_outside,0.0,False
100,HS10,123,24703,4994,123,fully_outside,0.0,False
100,HS10,123,24704,4994,123,fully_outside,0.0,False
100,HS10,123,24705,4986,123,fully_outside,0.0,False
100,HS10,123,24706,4908,123,fully_outside,0.0,False
100,HS10,123,24707,4986,123,fully_outside,0.0,False
100,HS10,123,24708,4995,123,fully_outside,0.0,False
100,HS10,123,24709,4995,123,fully_outside,0.0,False
100,HS10,123,24710,4995,123,fully_outside,0.0,False
100,HS10,123,24711,4995,123,fully_outside,0.0,False
100,HS10,123,24712,4995,123,fully_outside,0.0,False
100,HS10,123,24713,4995,123,fully_outside,0.0,False
100,HS10,123,24714,4995,123,fully_outside,0.0,False
100,HS10,123,24715,4901,123,fully_outside,0.0,False
100,HS10,123,24716,4997,123,fully_outside,0.0,False
100,HS10,123,24717,4998,123,fully_outside,0.0,False
100,HS10,123,24718,4983,123,fully_outside,0.0,False
100,HS10,123,24719,4900,123,fully_outside,0.0,False
100,HS10,123,24720,4999,123,fully_outside,0.0,False
100,HS10,123,24721,5000,123,fully_outside,0.0,False
100,HS10,123,24722,5001,123,fully_outside,0.0,False
100,HS10,123,24824,4879,123,fully_outside,0.0,False
100,HS10,123,24825,3907,123,fully_inside,1.0,False
100,HS10,123,24826,4878,123,crosses_boundary,0.9981339646068389,False
100,HS10,123,24827,3996,123,fully_outside,0.0,False
100,HS10,123,24828,3551,123,fully_outside,0.0,False
100,HS10,123,24829,4883,123,fully_outside,0.0,False
100,HS10,123,24831,3551,123,fully_outside,0.0,False
100,HS10,123,24832,5024,123,fully_outside,0.0,False
100,HS10,123,24833,4882,123,fully_outside,0.0,False
100,HS10,123,24834,4883,123,fully_outside,0.0,False
100,HS10,123,24835,4883,123,fully_outside,0.0,False
100,HS10,123,24839,4889,123,fully_outside,0.0,False
100,HS10,123,24840,4991,123,fully_outside,0.0,False
100,HS10,123,24841,4887,123,fully_outside,0.0,False
100,HS10,123,24842,4888,123,fully_outside,0.0,False
100,HS10,123,24843,4890,123,fully_outside,0.0,False
100,HS10,123,24844,4888,123,fully_outside,0.0,False
100,HS10,123,24845,5027,123,fully_outside,0.0,False
100,HS10,123,24849,3907,123,fully_inside,1.0,False
100,HS10,123,24850,3551,123,fully_outside,0.0,False
100,HS10,123,24861,4891,123,fully_outside,0.0,False
100,HS10,123,24862,4909,123,fully_outside,0.0,False
100,HS10,123,24863,4987,123,fully_outside,0.0,False
100,HS10,123,24864,4891,123,fully_outside,0.0,False
100,HS10,123,24865,5029,123,fully_outside,0.0,False
100,HS10,123,24866,4864,123,fully_outside,0.0,False
100,HS10,123,24867,4864,123,fully_outside,0.0,False
100,HS10,123,24868,4864,123,fully_outside,0.0,False
100,HS10,123,24869,4864,123,fully_outside,0.0,False
100,HS10,123,24870,5030,123,fully_outside,0.0,False
100,HS10,123,24872,4978,123,fully_outside,0.0,False
100,HS10,123,24873,4893,123,fully_outside,0.0,False
100,HS10,123,24874,4990,123,fully_outside,0.0,False
100,HS10,123,24875,4901,123,fully_outside,0.0,False
100,HS10,123,24876,4986,123,fully_outside,0.0,False
100,HS10,123,24877,4916,123,fully_outside,0.0,False
100,HS10,123,24878,4917,123,fully_outside,0.0,False
100,HS10,123,24879,4901,123,fully_outside,0.0,False
100,HS10,123,24880,4998,123,fully_outside,0.0,False
100,HS10,123,24881,4919,123,fully_outside,0.0,False
100,HS10,123,24882,4920,123,fully_outside,0.0,False
100,HS10,123,24883,4920,123,fully_outside,0.0,False
100,HS10,123,24884,4920,123,fully_outside,0.0,False
100,HS10,123,24887,4900,123,fully_outside,0.0,False
100,HS10,123,24888,4983,123,fully_outside,0.0,False
100,HS10,123,24889,4901,123,fully_outside,0.0,False
100,HS10,123,24890,4998,123,fully_outside,0.0,False
100,HS10,123,24891,4900,123,fully_outside,0.0,False
100,HS10,123,24892,5000,123,fully_outside,0.0,False
100,HS10,123,24893,4987,123,fully_outside,0.0,False
100,HS10,123,24894,4891,123,fully_outside,0.0,False
100,HS10,123,24895,4891,123,fully_outside,0.0,False
100,HS10,123,24896,4893,123,fully_outside,0.0,False
100,HS10,123,24897,4893,123,fully_outside,0.0,False
100,HS10,123,24898,4993,123,fully_outside,0.0,False
100,HS10,123,24899,4993,123,fully_outside,0.0,False
100,HS10,123,24900,4990,123,fully_outside,0.0,False
100,HS10,123,24901,4900,123,fully_outside,0.0,False
100,HS10,123,24902,4901,123,fully_outside,0.0,False
100,HS10,123,24903,4904,123,fully_outside,0.0,False
100,HS10,123,24904,5001,123,fully_outside,0.0,False
100,HS10,123,24905,4998,123,fully_outside,0.0,False
100,HS10,123,24906,4901,123,fully_outside,0.0,False
100,HS10,123,24907,5000,123,fully_outside,0.0,False
100,HS10,123,24939,3937,123,fully_outside,0.0,False
100,HS10,123,24940,3937,123,fully_outside,0.0,False
100,HS10,123,24941,3937,123,fully_outside,0.0,False
100,HS10,123,24942,3937,123,fully_outside,0.0,False
100,HS10,123,24943,3937,123,fully_outside,0.0,False
100,HS10,123,24944,3937,123,fully_outside,0.0,False
100,HS10,123,24945,3937,123,fully_outside,0.0,False
100,HS10,123,24946,3937,123,fully_outside,0.0,False
100,HS10,123,24947,3937,123,fully_outside,0.0,False
100,HS10,123,24948,3937,123,fully_outside,0.0,False
100,HS10,123,24949,5035,123,fully_outside,0.0,False
100,HS10,123,24950,3937,123,fully_outside,0.0,False
100,HS10,123,24951,5035,123,fully_outside,0.0,False
100,HS10,123,24952,5035,123,fully_outside,0.0,False
100,HS10,123,24953,5035,123,fully_outside,0.0,False
100,HS10,123,25010,4435,123,fully_outside,0.0,False
100,HS10,123,25063,5072,123,fully_outside,0.0,False
100,HS10,123,25067,5072,123,fully_outside,0.0,False
100,HS10,123,25072,5075,123,fully_outside,0.0,False
100,HS10,123,25215,5072,123,fully_outside,0.0,False
100,HS10,123,25216,5072,123,fully_outside,0.0,False
100,HS10,123,25237,5121,123,fully_outside,0.0,False
100,HS10,123,25413,5148,123,fully_outside,0.0,False
100,HS10,123,25414,5149,123,fully_outside,0.0,False
100,HS10,123,25419,5150,123,fully_outside,0.0,False
100,HS10,123,25420,5072,123,fully_outside,0.0,False
100,HS10,123,25431,5121,123,fully_outside,0.0,False
100,HS10,123,25433,5075,123,fully_outside,0.0,False
100,HS10,123,25434,5075,123,fully_outside,0.0,False
100,HS10,123,25435,5075,123,fully_outside,0.0,False
100,HS10,123,25563,5168,130,fully_outside,0.0,False
100,HS10,123,25589,4096,130,fully_outside,0.0,False
100,HS10,123,25598,5170,130,fully_outside,0.0,False
100,HS10,123,25599,5170,130,fully_outside,0.0,False
100,HS10,123,25600,5170,130,fully_outside,0.0,False
100,HS10,123,25601,5170,130,fully_outside,0.0,False
100,HS10,123,25602,3778,130,fully_outside,0.0,False
100,HS10,123,25603,3778,130,fully_outside,0.0,False
100,HS10,123,25604,5170,130,fully_outside,0.0,False
100,HS10,123,25605,5170,130,fully_outside,0.0,False
100,HS10,123,25606,5170,130,fully_outside,0.0,False
100,HS10,123,25607,5170,130,fully_outside,0.0,False
100,HS10,123,25608,5170,130,fully_outside,0.0,False
100,HS10,123,25609,5170,130,fully_outside,0.0,False
100,HS10,123,25610,5170,130,fully_outside,0.0,False
100,HS10,123,25611,5170,130,fully_outside,0.0,False
100,HS10,123,25612,5170,130,fully_outside,0.0,False
100,HS10,123,25613,5170,130,fully_outside,0.0,False
100,HS10,123,25614,5170,130,fully_outside,0.0,False
100,HS10,123,25615,5171,130,fully_outside,0.0,False
100,HS10,123,25616,5171,130,fully_outside,0.0,False
100,HS10,123,25617,5171,130,fully_outside,0.0,False
100,HS10,123,25618,5171,130,fully_outside,0.0,False
100,HS10,123,25619,5171,130,fully_outside,0.0,False
100,HS10,123,25620,5171,130,fully_outside,0.0,False
100,HS10,123,25621,5171,130,fully_outside,0.0,False
100,HS10,123,25622,5171,130,fully_outside,0.0,False
100,HS10,123,25623,5171,130,fully_outside,0.0,False
100,HS10,123,25624,5171,130,fully_outside,0.0,False
100,HS10,123,25625,5171,130,fully_outside,0.0,False
100,HS10,123,25626,5171,130,fully_outside,0.0,False
100,HS10,123,25629,5171,130,fully_outside,0.0,False
100,HS10,123,25630,5171,130,fully_outside,0.0,False
100,HS10,123,25631,5171,130,fully_outside,0.0,False
100,HS10,123,25632,5171,130,fully_outside,0.0,False
100,HS10,123,25633,5171,130,fully_outside,0.0,False
100,HS10,123,25634,5171,130,fully_outside,0.0,False
100,HS10,123,25635,5171,130,fully_outside,0.0,False
100,HS10,123,25636,5171,130,fully_outside,0.0,False
100,HS10,123,25637,5171,130,fully_outside,0.0,False
100,HS10,123,25638,5171,130,fully_outside,0.0,False
100,HS10,123,25639,5171,130,fully_outside,0.0,False
100,HS10,123,25640,5171,130,fully_outside,0.0,False
100,HS10,123,25641,5171,130,fully_outside,0.0,False
100,HS10,123,25642,5171,130,fully_outside,0.0,False
100,HS10,123,25643,5171,130,fully_outside,0.0,False
100,HS10,123,25644,5171,130,fully_outside,0.0,False
100,HS10,123,25645,5171,130,fully_outside,0.0,False
100,HS10,123,25646,5171,130,fully_outside,0.0,False
100,HS10,123,25647,5171,130,fully_outside,0.0,False
100,HS10,123,25648,5171,130,fully_outside,0.0,False
100,HS10,123,25649,5171,130,fully_outside,0.0,False
100,HS10,123,25650,5171,130,fully_outside,0.0,False
100,HS10,123,25651,5171,130,fully_outside,0.0,False
100,HS10,123,25652,3778,130,fully_outside,0.0,False
100,HS10,123,25653,3778,130,fully_outside,0.0,False
100,HS10,123,25654,3780,130,fully_outside,0.0,False
100,HS10,123,25655,5172,130,fully_outside,0.0,False
100,HS10,123,25669,5174,130,fully_outside,0.0,False
100,HS10,123,25679,4118,130,fully_outside,0.0,False
100,HS10,123,25693,3778,130,fully_outside,0.0,False
100,HS10,123,25694,3778,130,fully_outside,0.0,False
100,HS10,123,25695,4096,130,fully_outside,0.0,False
100,HS10,123,25696,3778,130,fully_outside,0.0,False
100,HS10,123,25697,3778,130,fully_outside,0.0,False
100,HS10,123,25698,3778,130,fully_outside,0.0,False
100,HS10,123,25699,3778,130,fully_outside,0.0,False
100,HS10,123,25700,3778,130,fully_outside,0.0,False
100,HS10,123,25701,4123,130,fully_outside,0.0,False
100,HS10,123,25703,5168,130,fully_outside,0.0,False
100,HS10,123,25706,4125,130,fully_outside,0.0,False
100,HS10,123,25707,4126,130,fully_outside,0.0,False
100,HS10,123,25708,5178,130,fully_outside,0.0,False
100,HS10,123,25716,4241,130,fully_outside,0.0,False
100,HS10,123,25722,4140,130,fully_outside,0.0,False
100,HS10,123,25726,3824,130,fully_outside,0.0,False
100,HS10,123,25729,3826,130,fully_outside,0.0,False
100,HS10,123,25733,4118,130,fully_outside,0.0,False
100,HS10,123,25745,4188,130,fully_outside,0.0,False
100,HS10,123,25757,5182,123,fully_inside,0.9999999999986439,False
100,HS10,123,25760,1019,123,fully_inside,1.0,False
100,HS10,123,25768,5185,130,fully_outside,0.0,False
100,HS10,123,25769,5185,130,fully_outside,0.0,False
100,HS10,123,25770,5185,130,fully_outside,0.0,False
100,HS10,123,25771,5185,130,fully_outside,0.0,False
100,HS10,123,25772,5185,130,fully_outside,0.0,False
100,HS10,123,25773,5185,130,fully_outside,0.0,False
100,HS10,123,25774,5185,130,fully_outside,0.0,False
100,HS10,123,25775,5185,130,fully_outside,0.0,False
100,HS10,123,25776,5185,130,fully_outside,0.0,False
100,HS10,123,25777,5185,130,fully_outside,0.0,False
100,HS10,123,25778,5185,130,fully_outside,0.0,False
100,HS10,123,25779,5185,130,fully_outside,0.0,False
100,HS10,123,25780,5185,130,fully_outside,0.0,False
100,HS10,123,25781,5185,130,fully_outside,0.0,False
100,HS10,123,25782,5185,130,fully_outside,0.0,False
100,HS10,123,25783,5185,130,fully_outside,0.0,False
100,HS10,123,25784,5185,130,fully_outside,0.0,False
100,HS10,123,25785,5185,130,fully_outside,0.0,False
100,HS10,123,25786,4140,130,fully_outside,0.0,False
100,HS10,123,25787,4140,130,fully_outside,0.0,False
100,HS10,123,25788,5186,130,fully_outside,0.0,False
100,HS10,123,25789,5186,130,fully_outside,0.0,False
100,HS10,123,25790,5186,130,fully_outside,0.0,False
100,HS10,123,25791,5186,130,fully_outside,0.0,False
100,HS10,123,25792,5186,130,fully_outside,0.0,False
100,HS10,123,25793,5186,130,fully_outside,0.0,False
100,HS10,123,25794,5186,130,fully_outside,0.0,False
100,HS10,123,25795,5186,130,fully_outside,0.0,False
100,HS10,123,25796,5186,130,fully_outside,0.0,False
100,HS10,123,25797,5186,130,fully_outside,0.0,False
100,HS10,123,25798,5186,130,fully_outside,0.0,False
100,HS10,123,25799,5186,130,fully_outside,0.0,False
100,HS10,123,25800,5186,130,fully_outside,0.0,False
100,HS10,123,25801,5186,130,fully_outside,0.0,False
100,HS10,123,25802,5186,130,fully_outside,0.0,False
100,HS10,123,25803,5186,130,fully_outside,0.0,False
100,HS10,123,25804,5186,130,fully_outside,0.0,False
100,HS10,123,25805,5186,130,fully_outside,0.0,False
100,HS10,123,25806,4140,130,fully_outside,0.0,False
100,HS10,123,25807,4140,130,fully_outside,0.0,False
100,HS10,123,25818,5187,123,crosses_boundary,0.9981339642833527,False
100,HS10,123,25819,5187,123,crosses_boundary,0.9154707717113597,False
100,HS10,123,25820,5188,130,crosses_boundary,0.9981339642342631,False
100,HS10,123,25821,3998,130,fully_outside,0.0,False
100,HS10,123,25822,5188,130,crosses_boundary,0.9154707715621022,False
100,HS10,123,25823,5187,123,crosses_boundary,0.998133964914837,False
100,HS10,123,25824,5187,123,crosses_boundary,0.9154707717108136,False
100,HS10,123,25825,5187,123,crosses_boundary,0.9154707717302626,False
100,HS10,123,25826,5187,123,crosses_boundary,0.9981339646022467,False
100,HS10,123,25827,5187,123,crosses_boundary,0.9154707717378783,False
100,HS10,123,25828,5187,123,crosses_boundary,0.9154707717110872,False
100,HS10,123,25836,4140,130,fully_outside,0.0,False
100,HS10,123,25837,4140,130,fully_outside,0.0,False
100,HS10,123,25839,4140,130,fully_outside,0.0,False
100,HS10,123,25857,4140,130,fully_outside,0.0,False
100,HS10,123,25858,4250,130,fully_outside,0.0,False
100,HS10,123,25859,4251,130,fully_outside,0.0,False
100,HS10,123,25860,4251,130,fully_outside,0.0,False
100,HS10,123,25863,5189,130,crosses_boundary,0.8961390319738636,False
100,HS10,123,25864,4252,130,fully_outside,0.0,False
100,HS10,123,25866,4253,130,fully_outside,0.0,False
100,HS10,123,25898,3778,130,fully_outside,0.0,False
100,HS10,123,25899,3778,130,fully_outside,0.0,False
100,HS10,123,25900,5178,130,fully_outside,0.0,False
100,HS10,123,25906,3824,130,fully_outside,0.0,False
100,HS10,123,25907,3826,130,fully_outside,0.0,False
100,HS10,123,25908,4118,130,fully_outside,0.0,False
100,HS10,123,25909,4118,130,fully_outside,0.0,False
100,HS10,123,25917,5191,130,fully_outside,0.0,False
100,HS10,123,25923,5192,130,fully_outside,0.0,False
100,HS10,123,25924,5192,130,fully_outside,0.0,False
100,HS10,123,25925,5191,130,fully_outside,0.0,False
100,HS10,123,25926,5191,130,fully_outside,0.0,False
100,HS10,123,25927,5191,130,fully_outside,0.0,False
100,HS10,123,25928,5192,130,fully_outside,0.0,False
100,HS10,123,25929,5193,130,fully_outside,0.0,False
100,HS10,123,25930,5193,130,fully_outside,0.0,False
100,HS10,123,25934,5193,130,fully_outside,0.0,False
100,HS10,123,25935,5193,130,fully_outside,0.0,False
100,HS10,123,25936,5193,130,fully_outside,0.0,False
100,HS10,123,25937,5193,130,fully_outside,0.0,False
100,HS10,123,25938,5193,130,fully_outside,0.0,False
100,HS10,123,25939,5193,130,fully_outside,0.0,False
100,HS10,123,25940,5193,130,fully_outside,0.0,False
100,HS10,123,25941,5191,130,fully_outside,0.0,False
100,HS10,123,25942,5191,130,fully_outside,0.0,False
100,HS10,123,25943,5193,130,fully_outside,0.0,False
100,HS10,123,25944,5193,130,fully_outside,0.0,False
100,HS10,123,25945,5193,130,fully_outside,0.0,False
100,HS10,123,25946,5193,130,fully_outside,0.0,False
100,HS10,123,25947,5193,130,fully_outside,0.0,False
100,HS10,123,25948,5193,130,fully_outside,0.0,False
100,HS10,123,25949,5193,130,fully_outside,0.0,False
100,HS10,123,25950,5193,130,fully_outside,0.0,False
100,HS10,123,25951,5193,130,fully_outside,0.0,False
100,HS10,123,25952,5193,130,fully_outside,0.0,False
100,HS10,123,25953,5193,130,fully_outside,0.0,False
100,HS10,123,25954,5193,130,fully_outside,0.0,False
100,HS10,123,25955,5193,130,fully_outside,0.0,False
100,HS10,123,25956,5193,130,fully_outside,0.0,False
100,HS10,123,25957,5193,130,fully_outside,0.0,False
100,HS10,123,25958,5193,130,fully_outside,0.0,False
100,HS10,123,25959,5193,130,fully_outside,0.0,False
100,HS10,123,25960,5193,130,fully_outside,0.0,False
100,HS10,123,25961,5193,130,fully_outside,0.0,False
100,HS10,123,25976,4140,130,fully_outside,0.0,False
100,HS10,123,25977,4140,130,fully_outside,0.0,False
100,HS10,123,25984,5189,130,crosses_boundary,0.4063245432959176,False
100,HS10,123,25985,5193,130,fully_outside,0.0,False
100,HS10,123,25986,5193,130,fully_outside,0.0,False
100,HS10,123,25987,5193,130,fully_outside,0.0,False
100,HS10,123,25988,5193,130,fully_outside,0.0,False
100,HS10,123,25989,5193,130,fully_outside,0.0,False
100,HS10,123,25990,5193,130,fully_outside,0.0,False
100,HS10,123,25991,5193,130,fully_outside,0.0,False
100,HS10,123,25992,5191,130,fully_outside,0.0,False
100,HS10,123,25993,5191,130,fully_outside,0.0,False
100,HS10,123,25994,5193,130,fully_outside,0.0,False
100,HS10,123,25995,5193,130,fully_outside,0.0,False
100,HS10,123,25996,5193,130,fully_outside,0.0,False
100,HS10,123,25997,5193,130,fully_outside,0.0,False
100,HS10,123,25998,5193,130,fully_outside,0.0,False
100,HS10,123,25999,5193,130,fully_outside,0.0,False
100,HS10,123,26000,5193,130,fully_outside,0.0,False
100,HS10,123,26001,5193,130,fully_outside,0.0,False
100,HS10,123,26002,5193,130,fully_outside,0.0,False
100,HS10,123,26003,5193,130,fully_outside,0.0,False
100,HS10,123,26004,5193,130,fully_outside,0.0,False
100,HS10,123,26005,5193,130,fully_outside,0.0,False
100,HS10,123,26006,5193,130,fully_outside,0.0,False
100,HS10,123,26007,5193,130,fully_outside,0.0,False
100,HS10,123,26008,5193,130,fully_outside,0.0,False
100,HS10,123,26009,5193,130,fully_outside,0.0,False
100,HS10,123,26010,5193,130,fully_outside,0.0,False
100,HS10,123,26011,5193,130,fully_outside,0.0,False
100,HS10,123,26012,5193,130,fully_outside,0.0,False
100,HS10,123,26013,5193,130,fully_outside,0.0,False
100,HS10,123,26014,5193,130,fully_outside,0.0,False
100,HS10,123,26015,5193,130,fully_outside,0.0,False
100,HS10,123,26016,5193,130,fully_outside,0.0,False
100,HS10,123,26017,5193,130,fully_outside,0.0,False
100,HS10,123,26018,5193,130,fully_outside,0.0,False
100,HS10,123,26019,5191,130,fully_outside,0.0,False
100,HS10,123,26020,5193,130,fully_outside,0.0,False
100,HS10,123,26021,5193,130,fully_outside,0.0,False
100,HS10,123,26022,5193,130,fully_outside,0.0,False
100,HS10,123,26023,5193,130,fully_outside,0.0,False
100,HS10,123,26030,5194,130,fully_outside,0.0,False
100,HS10,123,26158,4370,130,fully_outside,0.0,False
100,HS10,123,26260,4253,130,fully_outside,0.0,False
100,HS10,123,26261,5239,130,fully_outside,0.0,False
100,HS10,123,26262,5239,130,fully_outside,0.0,False
100,HS10,123,26263,5239,130,fully_outside,0.0,False
100,HS10,123,26264,5240,130,fully_outside,0.0,False
100,HS10,123,26265,5239,130,fully_outside,0.0,False
100,HS10,123,26266,5239,130,fully_outside,0.0,False
100,HS10,123,26267,5239,130,fully_outside,0.0,False
100,HS10,123,26268,4828,130,fully_outside,0.0,False
100,HS10,123,26270,5239,130,fully_outside,0.0,False
100,HS10,123,26271,5239,130,fully_outside,0.0,False
100,HS10,123,26272,5239,130,fully_outside,0.0,False
100,HS10,123,26273,5239,130,fully_outside,0.0,False
100,HS10,123,26274,5239,130,fully_outside,0.0,False
100,HS10,123,26275,5239,130,fully_outside,0.0,False
100,HS10,123,26276,5239,130,fully_outside,0.0,False
100,HS10,123,26277,5239,130,fully_outside,0.0,False
100,HS10,123,26278,5239,130,fully_outside,0.0,False
100,HS10,123,26279,5239,130,fully_outside,0.0,False
100,HS10,123,26280,5239,130,fully_outside,0.0,False
100,HS10,123,26281,5239,130,fully_outside,0.0,False
100,HS10,123,26282,5239,130,fully_outside,0.0,False
100,HS10,123,26283,5239,130,fully_outside,0.0,False
100,HS10,123,26284,5239,130,fully_outside,0.0,False
100,HS10,123,26285,5239,130,fully_outside,0.0,False
100,HS10,123,26286,5239,130,fully_outside,0.0,False
100,HS10,123,26287,5239,130,fully_outside,0.0,False
100,HS10,123,26306,5247,130,fully_outside,0.0,False
100,HS10,123,26307,4641,123,fully_outside,0.0,False
100,HS10,123,26430,4588,130,fully_outside,0.0,False
100,HS10,123,26433,4828,130,fully_outside,0.0,False
100,HS10,123,26434,5280,130,fully_outside,0.0,False
100,HS10,123,26435,5281,130,fully_outside,0.0,False
100,HS10,123,26440,4828,130,fully_outside,0.0,False
100,HS10,123,26443,4828,130,fully_outside,0.0,False
100,HS10,123,26444,4476,130,fully_outside,0.0,False
100,HS10,123,26460,4370,130,fully_outside,0.0,False
100,HS10,123,26495,5284,130,fully_outside,0.0,False
100,HS10,123,26496,5284,130,fully_outside,0.0,False
100,HS10,123,26497,5284,130,fully_outside,0.0,False
100,HS10,123,26498,5284,130,fully_outside,0.0,False
100,HS10,123,26505,5284,130,fully_outside,0.0,False
100,HS10,123,26506,5284,130,fully_outside,0.0,False
100,HS10,123,26510,5284,130,fully_outside,0.0,False
100,HS10,123,26540,4588,130,fully_outside,0.0,False
100,HS10,123,26541,5281,130,fully_outside,0.0,False
100,HS10,123,26545,5193,130,fully_outside,0.0,False
100,HS10,123,26546,5193,130,fully_outside,0.0,False
100,HS10,123,26547,5193,130,fully_outside,0.0,False
100,HS10,123,26548,5193,130,fully_outside,0.0,False
100,HS10,123,26549,5193,130,fully_outside,0.0,False
100,HS10,123,26550,5193,130,fully_outside,0.0,False
100,HS10,123,26551,5193,130,fully_outside,0.0,False
100,HS10,123,26552,5193,130,fully_outside,0.0,False
100,HS10,123,26553,5193,130,fully_outside,0.0,False
100,HS10,123,26554,5193,130,fully_outside,0.0,False
100,HS10,123,26555,5193,130,fully_outside,0.0,False
100,HS10,123,26556,5193,130,fully_outside,0.0,False
100,HS10,123,26566,5193,130,fully_outside,0.0,False
100,HS10,123,26567,5193,130,fully_outside,0.0,False
100,HS10,123,26568,5193,130,fully_outside,0.0,False
100,HS10,123,26569,5193,130,fully_outside,0.0,False
100,HS10,123,26570,5193,130,fully_outside,0.0,False
100,HS10,123,26571,5287,130,fully_outside,0.0,False
100,HS10,123,26572,5287,130,fully_outside,0.0,False
100,HS10,123,26576,5287,130,fully_outside,0.0,False
100,HS10,123,26581,3551,123,fully_inside,0.9999999999997481,False
100,HS10,123,26582,3551,123,fully_inside,0.9999999999994353,False
100,HS10,123,26583,3551,123,fully_inside,1.0,False
100,HS10,123,26584,3551,123,fully_inside,1.0,False
100,HS10,123,26585,3551,123,fully_inside,1.0,False
100,HS10,123,26586,3551,123,fully_inside,0.9999999999997495,False
100,HS10,123,26587,3551,123,fully_inside,1.0,False
100,HS10,123,26588,3551,123,fully_inside,0.999999999999206,False
100,HS10,123,26589,3551,123,fully_inside,1.0,False
100,HS10,123,26590,3551,123,fully_inside,1.0,False
100,HS10,123,26591,3551,123,fully_inside,0.9999999999995822,False
100,HS10,123,26592,3551,123,fully_inside,1.0,False
100,HS10,123,26593,4851,123,fully_inside,0.9999999999985586,False
100,HS10,123,26594,3551,123,fully_inside,0.9999999999997904,False
100,HS10,123,26595,3517,123,fully_inside,1.0,False
100,HS10,123,26597,3522,123,fully_inside,0.9999999999998193,False
100,HS10,123,26598,3551,123,fully_inside,1.0,False
100,HS10,123,26599,5187,123,crosses_boundary,0.9981339646164853,False
100,HS10,123,26600,5187,123,crosses_boundary,0.9981339646463737,False
100,HS10,123,26601,3551,123,crosses_boundary,0.9016454442570648,False
100,HS10,123,26602,3551,123,crosses_boundary,0.6103138478163547,False
100,HS10,123,26603,3551,123,fully_outside,0.0,False
100,HS10,123,26604,3551,123,fully_outside,0.0,False
100,HS10,123,26617,5291,123,fully_outside,0.0,False
100,HS10,123,26618,5024,123,fully_outside,0.0,False
100,HS10,123,26619,5292,123,fully_outside,0.0,False
100,HS10,123,26620,5292,123,fully_outside,0.0,False
100,HS10,123,26621,5292,123,fully_outside,0.0,False
100,HS10,123,26622,5292,123,fully_outside,0.0,False
100,HS10,123,26624,5292,123,fully_outside,0.0,False
100,HS10,123,26633,5295,123,fully_outside,0.0,False
100,HS10,123,26635,5297,123,fully_outside,0.0,False
100,HS10,123,26637,5298,123,fully_outside,0.0,False
100,HS10,123,26638,5298,123,fully_outside,0.0,False
100,HS10,123,26639,5298,123,fully_outside,0.0,False
100,HS10,123,26640,5298,123,fully_outside,0.0,False
100,HS10,123,26641,5027,123,fully_outside,0.0,False
100,HS10,123,26647,4987,123,fully_outside,0.0,False
100,HS10,123,26650,5302,123,fully_outside,0.0,False
100,HS10,123,26651,5302,123,fully_outside,0.0,False
100,HS10,123,26652,5302,123,fully_outside,0.0,False
100,HS10,123,26653,4893,123,fully_outside,0.0,False
100,HS10,123,26654,4893,123,fully_outside,0.0,False
100,HS10,123,26661,5304,123,fully_outside,0.0,False
100,HS10,123,26662,5305,123,fully_outside,0.0,False
100,HS10,123,26663,4991,123,fully_outside,0.0,False
100,HS10,123,26664,5306,123,fully_outside,0.0,False
100,HS10,123,26665,5305,123,fully_outside,0.0,False
100,HS10,123,26666,5307,123,fully_outside,0.0,False
100,HS10,123,26667,5305,123,fully_outside,0.0,False
100,HS10,123,26668,5308,123,fully_outside,0.0,False
100,HS10,123,26669,5309,123,fully_outside,0.0,False
100,HS10,123,26670,5309,123,fully_outside,0.0,False
100,HS10,123,26671,5309,123,fully_outside,0.0,False
100,HS10,123,26672,4991,123,fully_outside,0.0,False
100,HS10,123,26673,5310,123,fully_outside,0.0,False
100,HS10,123,26674,5310,123,fully_outside,0.0,False
100,HS10,123,26675,5310,123,fully_outside,0.0,False
100,HS10,123,26676,5310,123,fully_outside,0.0,False
100,HS10,123,26677,5310,123,fully_outside,0.0,False
100,HS10,123,26678,5310,123,fully_outside,0.0,False
100,HS10,123,26679,5310,123,fully_outside,0.0,False
100,HS10,123,26680,5310,123,fully_outside,0.0,False
100,HS10,123,26681,5310,123,fully_outside,0.0,False
100,HS10,123,26682,5310,123,fully_outside,0.0,False
100,HS10,123,26683,5310,123,fully_outside,0.0,False
100,HS10,123,26684,5310,123,fully_outside,0.0,False
100,HS10,123,26690,5313,123,fully_outside,0.0,False
100,HS10,123,26691,5313,123,fully_outside,0.0,False
100,HS10,123,26692,4900,123,fully_outside,0.0,False
100,HS10,123,26693,5313,123,fully_outside,0.0,False
100,HS10,123,26694,4901,123,fully_outside,0.0,False
100,HS10,123,26695,4900,123,fully_outside,0.0,False
100,HS10,123,26696,5313,123,fully_outside,0.0,False
100,HS10,123,26697,5313,123,fully_outside,0.0,False
100,HS10,123,26699,4904,123,fully_outside,0.0,False
100,HS10,123,26700,5148,123,fully_outside,0.0,False
100,HS10,123,26701,4904,123,fully_outside,0.0,False
100,HS10,123,26702,5148,123,fully_outside,0.0,False
100,HS10,123,26707,5148,123,fully_outside,0.0,False
100,HS10,123,26708,5315,123,fully_outside,0.0,False
100,HS10,123,26709,5148,123,fully_outside,0.0,False
100,HS10,123,26710,5148,123,fully_outside,0.0,False
100,HS10,123,26711,5148,123,fully_outside,0.0,False
100,HS10,123,26712,5316,123,fully_outside,0.0,False
100,HS10,123,26713,5316,123,fully_outside,0.0,False
100,HS10,123,26714,5316,123,fully_outside,0.0,False
100,HS10,123,26715,5316,123,fully_outside,0.0,False
100,HS10,123,26716,5316,123,fully_outside,0.0,False
100,HS10,123,26717,5317,123,fully_outside,0.0,False
100,HS10,123,26718,5317,123,fully_outside,0.0,False
100,HS10,123,26719,5317,123,fully_outside,0.0,False
100,HS10,123,26720,5317,123,fully_outside,0.0,False
100,HS10,123,26721,5317,123,fully_outside,0.0,False
100,HS10,123,26722,5317,123,fully_outside,0.0,False
100,HS10,123,26723,5317,123,fully_outside,0.0,False
100,HS10,123,26724,5317,123,fully_outside,0.0,False
100,HS10,123,26762,3551,123,fully_outside,0.0,False
100,HS10,123,26763,5024,123,fully_outside,0.0,False
100,HS10,123,26764,5024,123,fully_outside,0.0,False
100,HS10,123,26765,5024,123,fully_outside,0.0,False
100,HS10,123,26766,5024,123,fully_outside,0.0,False
100,HS10,123,26767,5027,123,fully_outside,0.0,False
100,HS10,123,26768,5027,123,fully_outside,0.0,False
100,HS10,123,26769,5027,123,fully_outside,0.0,False
100,HS10,123,26770,5027,123,fully_outside,0.0,False
100,HS10,123,26771,4991,123,fully_outside,0.0,False
100,HS10,123,26772,5148,123,fully_outside,0.0,False
100,HS10,123,26773,5148,123,fully_outside,0.0,False
100,HS10,123,26774,4991,123,fully_outside,0.0,False
100,HS10,123,26776,5324,123,fully_outside,0.0,False
100,HS10,123,26777,5324,123,fully_outside,0.0,False
100,HS10,123,26778,5324,123,fully_outside,0.0,False
100,HS10,123,26779,5324,123,fully_outside,0.0,False
100,HS10,123,26780,5324,123,fully_outside,0.0,False
100,HS10,123,26781,5030,123,fully_outside,0.0,False
100,HS10,123,26782,5148,123,fully_outside,0.0,False
100,HS10,123,26783,5325,123,fully_outside,0.0,False
100,HS10,123,26784,5325,123,fully_outside,0.0,False
100,HS10,123,26785,5325,123,fully_outside,0.0,False
100,HS10,123,26786,3551,123,fully_inside,0.9999999999994353,False
100,HS10,123,26787,3551,123,fully_inside,0.9999999999996391,False
100,HS10,123,26788,3551,123,fully_inside,0.9999999999998893,False
100,HS10,123,26789,3551,123,fully_inside,0.9999999999997601,False
100,HS10,123,26790,3551,123,fully_inside,1.0,False
100,HS10,123,26791,3551,123,fully_inside,1.0,False
100,HS10,123,26792,3551,123,fully_inside,1.0,False
100,HS10,123,26793,3548,123,crosses_boundary,0.775845374916233,False
100,HS10,123,26794,3548,123,crosses_boundary,0.7758453749109202,False
100,HS10,123,26795,3548,123,crosses_boundary,0.7758453749123453,False
100,HS10,123,26796,3548,123,crosses_boundary,0.7758453749126911,False
100,HS10,123,26797,3548,123,crosses_boundary,0.7758453749124712,False
100,HS10,123,26798,3548,123,crosses_boundary,0.7758453749115194,False
100,HS10,123,26799,3548,123,crosses_boundary,0.775228731929149,False
100,HS10,123,26800,3548,123,crosses_boundary,0.7628575535122937,False
100,HS10,123,26801,3548,123,crosses_boundary,0.25682129814151117,False
100,HS10,123,26802,3551,123,crosses_boundary,0.9508227221277997,False
100,HS10,123,26803,3551,123,fully_outside,0.0,False
100,HS10,123,26805,5024,123,fully_outside,0.0,False
100,HS10,123,26806,5027,123,fully_outside,0.0,False
100,HS10,123,26807,5027,123,fully_outside,0.0,False
100,HS10,123,26808,5324,123,fully_outside,0.0,False
100,HS10,123,26809,5324,123,fully_outside,0.0,False
100,HS10,123,26810,5148,123,fully_outside,0.0,False
100,HS10,123,26811,5325,123,fully_outside,0.0,False
100,HS10,123,26812,3548,123,fully_outside,0.0,False
100,HS10,123,26813,3548,123,fully_outside,0.0,False
100,HS10,123,26814,3548,123,fully_outside,0.0,False
100,HS10,123,26815,5326,123,fully_outside,0.0,False
100,HS10,123,26816,5326,123,fully_outside,0.0,False
100,HS10,123,26817,5326,123,fully_outside,0.0,False
100,HS10,123,26818,5326,123,fully_outside,0.0,False
100,HS10,123,26819,5326,123,fully_outside,0.0,False
100,HS10,123,26820,5326,123,fully_outside,0.0,False
100,HS10,123,26821,5327,123,fully_outside,0.0,False
100,HS10,123,26823,5150,123,fully_outside,0.0,False
100,HS10,123,26851,5121,123,fully_outside,0.0,False
100,HS10,123,26874,5148,123,fully_outside,0.0,False
100,HS10,123,26876,5149,123,fully_outside,0.0,False
100,HS10,123,26883,5075,123,fully_outside,0.0,False
100,HS10,123,26899,5327,123,fully_outside,0.0,False
100,HS10,123,39165,2374,110,fully_outside,0.0,False
100,HS10,123,39166,2750,110,fully_outside,0.0,False
100,HS10,123,39167,2750,110,fully_outside,0.0,False
100,HS10,123,39168,2750,110,fully_outside,0.0,False
100,HS10,123,39169,2750,110,fully_outside,0.0,False
100,HS10,123,39170,2750,110,fully_outside,0.0,False
100,HS10,123,39171,2750,110,fully_outside,0.0,False
100,HS10,123,39172,2750,110,fully_outside,0.0,False
100,HS10,123,39173,2750,110,fully_outside,0.0,False
100,HS10,123,39174,2750,110,fully_outside,0.0,False
100,HS10,123,39175,2750,110,fully_outside,0.0,False
100,HS10,123,39176,2750,110,fully_outside,0.0,False
100,HS10,123,39177,2750,110,fully_outside,0.0,False
100,HS10,123,39178,2750,110,fully_outside,0.0,False
100,HS10,123,39179,2750,110,fully_outside,0.0,False
100,HS10,123,39180,2750,110,fully_outside,0.0,False
100,HS10,123,39181,2750,110,fully_outside,0.0,False
100,HS10,123,39182,2750,110,fully_outside,0.0,False
100,HS10,123,41469,7558,110,fully_outside,0.0,False
100,HS10,123,41477,2932,110,fully_outside,0.0,False
100,HS10,123,41480,7558,110,fully_outside,0.0,False
100,HS10,123,57995,7558,110,fully_outside,0.0,False
100,HS10,123,57998,3543,110,fully_outside,0.0,False
100,HS10,123,57999,3543,110,fully_outside,0.0,False
100,HS10,123,58001,3543,110,fully_outside,0.0,False
250,HS06,106,10131,2521,110,fully_outside,0.0,False
250,HS06,106,10280,2521,110,fully_outside,0.0,False
250,HS06,106,10281,2521,110,fully_outside,0.0,False
250,HS06,106,10282,2521,110,fully_outside,0.0,False
250,HS06,106,10283,2521,110,fully_outside,0.0,False
250,HS06,106,10284,2521,110,fully_outside,0.0,False
250,HS06,106,10290,2521,110,fully_outside,0.0,False
250,HS06,106,10291,2521,110,fully_outside,0.0,False
250,HS06,106,10292,2521,110,fully_outside,0.0,False
250,HS06,106,10293,2521,110,fully_outside,0.0,False
250,HS06,106,10294,2521,110,fully_outside,0.0,False
250,HS06,106,10295,2521,110,fully_outside,0.0,False
250,HS06,106,10296,2521,110,fully_outside,0.0,False
250,HS06,106,10300,2537,110,fully_outside,0.0,False
250,HS06,106,10307,2521,110,fully_outside,0.0,False
250,HS06,106,10309,2521,110,fully_outside,0.0,False
250,HS06,106,11200,2791,110,fully_outside,0.0,False
250,HS06,106,11205,2537,110,fully_outside,0.0,False
250,HS06,106,11225,2805,110,fully_outside,0.0,False
250,HS06,106,11382,2521,110,fully_outside,0.0,False
250,HS06,106,11383,2521,110,fully_outside,0.0,False
250,HS06,106,11445,2521,110,fully_outside,0.0,False
250,HS06,106,11446,2521,110,fully_outside,0.0,False
250,HS06,106,11447,2521,110,fully_outside,0.0,False
250,HS06,106,11462,2521,110,fully_outside,0.0,False
250,HS06,106,11463,2521,110,fully_outside,0.0,False
250,HS06,106,11464,2521,110,fully_outside,0.0,False
250,HS06,106,11465,2521,110,fully_outside,0.0,False
250,HS06,106,11466,2521,110,fully_outside,0.0,False
250,HS06,106,11467,2521,110,fully_outside,0.0,False
250,HS06,106,11468,2521,110,fully_outside,0.0,False
250,HS06,106,11469,2521,110,fully_outside,0.0,False
250,HS06,106,11470,2521,110,fully_outside,0.0,False
250,HS06,106,11471,2521,110,fully_outside,0.0,False
250,HS06,106,11472,2521,110,fully_outside,0.0,False
250,HS06,106,11473,2521,110,fully_outside,0.0,False
250,HS06,106,11500,2521,110,fully_outside,0.0,False
250,HS06,106,11504,2521,110,fully_outside,0.0,False
250,HS06,106,11505,2521,110,fully_outside,0.0,False
250,HS06,106,11555,2521,110,fully_outside,0.0,False
250,HS06,106,11556,2521,110,fully_outside,0.0,False
250,HS06,106,11557,2521,110,fully_outside,0.0,False
250,HS06,106,11558,2521,110,fully_outside,0.0,False
250,HS06,106,11559,2521,110,fully_outside,0.0,False
250,HS06,106,11560,2521,110,fully_outside,0.0,False
250,HS06,106,11561,2521,110,fully_outside,0.0,False
250,HS06,106,11562,2521,110,fully_outside,0.0,False
250,HS06,106,11563,2521,110,fully_outside,0.0,False
250,HS06,106,11564,2521,110,fully_outside,0.0,False
250,HS06,106,11565,2521,110,fully_outside,0.0,False
250,HS06,106,11566,2521,110,fully_outside,0.0,False
250,HS06,106,11567,2521,110,fully_outside,0.0,False
250,HS06,106,11568,2521,110,fully_outside,0.0,False
250,HS06,106,11569,2521,110,fully_outside,0.0,False
250,HS06,106,11570,2521,110,fully_outside,0.0,False
250,HS06,106,11571,2521,110,fully_outside,0.0,False
250,HS06,106,11572,2521,110,fully_outside,0.0,False
250,HS06,106,11573,2521,110,fully_outside,0.0,False
250,HS06,106,11574,2842,110,fully_outside,0.0,False
250,HS06,106,11575,2842,110,fully_outside,0.0,False
250,HS06,106,11576,2521,110,fully_outside,0.0,False
250,HS06,106,11577,2521,110,fully_outside,0.0,False
250,HS06,106,11578,2521,110,fully_outside,0.0,False
250,HS06,106,11582,2521,110,crosses_boundary,0.0022331535611792397,False
250,HS06,106,11848,2951,110,fully_outside,0.0,False
250,HS06,106,11849,2951,110,fully_outside,0.0,False
250,HS06,106,11855,2952,110,fully_outside,0.0,False
250,HS06,106,11856,2953,110,fully_outside,0.0,False
250,HS06,106,11857,2953,110,fully_outside,0.0,False
250,HS06,106,12012,3001,110,fully_outside,0.0,False
250,HS06,106,12013,3002,110,fully_outside,0.0,False
250,HS06,106,12014,3002,110,fully_outside,0.0,False
250,HS06,106,12019,3003,110,fully_outside,0.0,False
250,HS06,106,12020,3004,110,fully_outside,0.0,False
250,HS06,106,12021,3004,110,fully_outside,0.0,False
250,HS06,106,12022,3005,110,fully_outside,0.0,False
250,HS06,106,12023,3006,110,fully_outside,0.0,False
250,HS06,106,12024,3007,110,fully_outside,0.0,False
250,HS06,106,12025,3008,110,fully_outside,0.0,False
250,HS06,106,12056,3031,110,fully_outside,0.0,False
250,HS06,106,12175,3067,110,fully_outside,0.0,False
250,HS06,106,12176,3031,110,fully_outside,0.0,False
250,HS06,106,12177,3031,110,fully_outside,0.0,False
250,HS06,106,12178,3068,110,fully_outside,0.0,False
250,HS06,106,12180,3069,110,fully_outside,0.0,False
250,HS06,106,12256,3093,110,fully_outside,0.0,False
250,HS06,106,12257,3094,110,fully_outside,0.0,False
250,HS06,106,12258,3095,110,fully_outside,0.0,False
250,HS06,106,12259,3096,110,fully_outside,0.0,False
250,HS06,106,12260,3097,110,fully_outside,0.0,False
250,HS06,106,12261,3098,110,fully_outside,0.0,False
250,HS06,106,12262,3068,110,fully_outside,0.0,False
250,HS06,106,12263,3099,110,fully_outside,0.0,False
250,HS06,106,12264,3100,110,fully_outside,0.0,False
250,HS06,106,12265,3101,110,fully_outside,0.0,False
250,HS06,106,12266,3102,110,fully_outside,0.0,False
250,HS06,106,12267,3103,110,fully_outside,0.0,False
250,HS06,106,12268,3104,110,fully_outside,0.0,False
250,HS06,106,12269,3105,110,fully_outside,0.0,False
250,HS06,106,12270,3106,110,fully_outside,0.0,False
250,HS06,106,12271,3107,110,fully_outside,0.0,False
250,HS06,106,12272,3108,110,fully_outside,0.0,False
250,HS06,106,12273,3109,110,fully_outside,0.0,False
250,HS06,106,12274,3110,110,fully_outside,0.0,False
250,HS06,106,12275,3103,110,fully_outside,0.0,False
250,HS06,106,12276,3111,110,fully_outside,0.0,False
250,HS06,106,12277,3112,110,fully_outside,0.0,False
250,HS06,106,12278,3113,110,fully_outside,0.0,False
250,HS06,106,12279,3114,110,fully_outside,0.0,False
250,HS06,106,12280,3115,110,fully_outside,0.0,False
250,HS06,106,12281,3116,110,fully_outside,0.0,False
250,HS06,106,12282,3117,110,fully_outside,0.0,False
250,HS06,106,12283,3118,110,fully_outside,0.0,False
250,HS06,106,12284,3119,110,fully_outside,0.0,False
250,HS06,106,12285,3120,110,fully_outside,0.0,False
250,HS06,106,12286,3121,110,crosses_boundary,0.00011658662659615682,False
250,HS06,106,12288,3094,110,fully_outside,0.0,False
250,HS06,106,12289,3095,110,fully_outside,0.0,False
250,HS06,106,12290,3106,110,fully_outside,0.0,False
250,HS06,106,12291,3107,110,fully_outside,0.0,False
250,HS06,106,12292,3094,110,fully_outside,0.0,False
250,HS06,106,12293,3096,110,fully_outside,0.0,False
250,HS06,106,12294,3104,110,fully_outside,0.0,False
250,HS06,106,12295,3097,110,fully_outside,0.0,False
250,HS06,106,12296,3098,110,fully_outside,0.0,False
250,HS06,106,12297,3099,110,fully_outside,0.0,False
250,HS06,106,12298,3100,110,fully_outside,0.0,False
250,HS06,106,12299,3093,110,fully_outside,0.0,False
250,HS06,106,12300,3101,110,fully_outside,0.0,False
250,HS06,106,12301,3120,110,fully_outside,0.0,False
250,HS06,106,12302,3102,110,fully_outside,0.0,False
250,HS06,106,12303,3103,110,fully_outside,0.0,False
250,HS06,106,12304,3114,110,fully_outside,0.0,False
250,HS06,106,12305,3109,110,fully_outside,0.0,False
250,HS06,106,12306,3112,110,fully_outside,0.0,False
250,HS06,106,12307,3113,110,fully_outside,0.0,False
250,HS06,106,12308,3109,110,fully_outside,0.0,False
250,HS06,106,12309,3121,110,fully_outside,0.0,False
250,HS06,106,12310,3118,110,fully_outside,0.0,False
250,HS06,106,12311,3121,110,fully_outside,0.0,False
250,HS06,106,12312,3119,110,fully_outside,0.0,False
250,HS06,106,12313,3117,110,fully_outside,0.0,False
250,HS06,106,12440,3135,110,fully_outside,0.0,False
250,HS06,106,12645,2805,110,fully_outside,0.0,False
250,HS06,106,12864,2805,110,fully_outside,0.0,False
250,HS06,106,12865,2791,110,fully_outside,0.0,False
250,HS06,106,12866,2805,110,fully_outside,0.0,False
250,HS06,106,12867,2805,110,fully_outside,0.0,False
250,HS06,106,12868,2537,110,fully_outside,0.0,False
250,HS06,106,12871,2537,110,fully_outside,0.0,False
250,HS06,106,12876,3209,110,fully_outside,0.0,False
250,HS06,106,13197,2805,110,fully_outside,0.0,False
250,HS06,106,13239,3031,110,fully_outside,0.0,False
250,HS06,106,13240,2805,110,fully_outside,0.0,False
250,HS06,106,13244,2805,110,fully_outside,0.0,False
250,HS06,106,13245,2805,110,fully_outside,0.0,False
250,HS06,106,13246,2805,110,fully_outside,0.0,False
250,HS06,106,13250,2805,110,fully_outside,0.0,False
250,HS06,106,13251,2805,110,fully_outside,0.0,False
250,HS06,106,13252,2805,110,fully_outside,0.0,False
250,HS06,106,13256,3284,110,fully_outside,0.0,False
250,HS06,106,13257,3284,110,fully_outside,0.0,False
250,HS06,106,13258,3285,110,fully_outside,0.0,False
250,HS06,106,13261,3288,110,fully_outside,0.0,False
250,HS06,106,13263,2537,110,fully_outside,0.0,False
250,HS06,106,13268,3209,110,fully_outside,0.0,False
250,HS06,106,13628,2951,110,fully_outside,0.0,False
250,HS06,106,13629,3005,110,fully_outside,0.0,False
250,HS06,106,13630,2952,110,fully_outside,0.0,False
250,HS06,106,13828,3423,110,fully_outside,0.0,False
250,HS06,106,13829,3423,110,fully_outside,0.0,False
250,HS06,106,13830,3423,110,fully_outside,0.0,False
250,HS06,106,13831,3423,110,fully_outside,0.0,False
250,HS06,106,13832,3423,110,fully_outside,0.0,False
250,HS06,106,13833,3423,110,fully_outside,0.0,False
250,HS06,106,13845,3106,110,fully_outside,0.0,False
250,HS06,106,13846,3107,110,fully_outside,0.0,False
250,HS06,106,13847,3104,110,fully_outside,0.0,False
250,HS06,106,13848,3105,110,fully_outside,0.0,False
250,HS06,106,13849,3103,110,fully_outside,0.0,False
250,HS06,106,13850,3105,110,fully_outside,0.0,False
250,HS06,106,13851,3110,110,fully_outside,0.0,False
250,HS06,106,13852,3110,110,fully_outside,0.0,False
250,HS06,106,13853,3425,110,fully_outside,0.0,False
250,HS06,106,13854,3426,110,fully_outside,0.0,False
250,HS06,106,13855,3427,110,fully_outside,0.0,False
250,HS06,106,13856,3114,110,fully_outside,0.0,False
250,HS06,106,13857,3112,110,fully_outside,0.0,False
250,HS06,106,13858,3113,110,fully_outside,0.0,False
250,HS06,106,13859,3103,110,fully_outside,0.0,False
250,HS06,106,13860,3116,110,fully_outside,0.0,False
250,HS06,106,13861,3428,110,fully_outside,0.0,False
250,HS06,106,13862,3429,110,fully_outside,0.0,False
250,HS06,106,13863,3110,110,fully_outside,0.0,False
250,HS06,106,13864,3423,110,fully_outside,0.0,False
250,HS06,106,13865,3423,110,fully_outside,0.0,False
250,HS06,106,13866,3423,110,fully_outside,0.0,False
250,HS06,106,13867,3423,110,fully_outside,0.0,False
250,HS06,106,13868,3423,110,fully_outside,0.0,False
250,HS06,106,13869,3430,110,fully_outside,0.0,False
250,HS06,106,13870,3423,110,fully_outside,0.0,False
250,HS06,106,13871,3423,110,fully_outside,0.0,False
250,HS06,106,13872,3423,110,fully_outside,0.0,False
250,HS06,106,13873,3423,110,fully_outside,0.0,False
250,HS06,106,13874,3423,110,fully_outside,0.0,False
250,HS06,106,13875,3423,110,fully_outside,0.0,False
250,HS06,106,13876,3423,110,fully_outside,0.0,False
250,HS06,106,13877,3423,110,fully_outside,0.0,False
250,HS06,106,13878,3423,110,fully_outside,0.0,False
250,HS06,106,13879,3423,110,fully_outside,0.0,False
250,HS06,106,13880,3423,110,fully_outside,0.0,False
250,HS06,106,13881,3423,110,fully_outside,0.0,False
250,HS06,106,13882,3423,110,fully_outside,0.0,False
250,HS06,106,13883,3423,110,fully_outside,0.0,False
250,HS06,106,13884,3423,110,fully_outside,0.0,False
250,HS06,106,13885,3423,110,fully_outside,0.0,False
250,HS06,106,13886,3431,110,fully_outside,0.0,False
250,HS06,106,13887,3430,110,fully_outside,0.0,False
250,HS06,106,13888,3423,110,fully_outside,0.0,False
250,HS06,106,13889,3423,110,fully_outside,0.0,False
250,HS06,106,13890,3423,110,fully_outside,0.0,False
250,HS06,106,13891,3423,110,fully_outside,0.0,False
250,HS06,106,13892,3423,110,fully_outside,0.0,False
250,HS06,106,13893,3423,110,fully_outside,0.0,False
250,HS06,106,13894,3423,110,fully_outside,0.0,False
250,HS06,106,13895,3432,110,fully_outside,0.0,False
250,HS06,106,13896,3433,110,fully_outside,0.0,False
250,HS06,106,13897,3109,110,fully_outside,0.0,False
250,HS06,106,13898,3434,110,fully_outside,0.0,False
250,HS06,106,13899,3432,110,fully_outside,0.0,False
250,HS06,106,13900,3423,110,fully_outside,0.0,False
250,HS06,106,13901,3423,110,fully_outside,0.0,False
250,HS06,106,13902,3423,110,fully_outside,0.0,False
250,HS06,106,13903,3106,110,fully_outside,0.0,False
250,HS06,106,13904,3107,110,fully_outside,0.0,False
250,HS06,106,13905,3431,110,fully_outside,0.0,False
250,HS06,106,13906,3431,110,fully_outside,0.0,False
250,HS06,106,13907,3104,110,fully_outside,0.0,False
250,HS06,106,13908,3430,110,fully_outside,0.0,False
250,HS06,106,13909,3105,110,fully_outside,0.0,False
250,HS06,106,13910,3103,110,fully_outside,0.0,False
250,HS06,106,13911,3435,110,fully_outside,0.0,False
250,HS06,106,13912,3436,110,fully_outside,0.0,False
250,HS06,106,13913,3110,110,fully_outside,0.0,False
250,HS06,106,13914,3432,110,fully_outside,0.0,False
250,HS06,106,13915,3437,110,fully_outside,0.0,False
250,HS06,106,13916,3438,110,fully_outside,0.0,False
250,HS06,106,13917,3111,110,fully_outside,0.0,False
250,HS06,106,13918,3115,110,fully_outside,0.0,False
250,HS06,106,13919,3114,110,fully_outside,0.0,False
250,HS06,106,13920,3439,110,fully_outside,0.0,False
250,HS06,106,13921,3440,110,fully_outside,0.0,False
250,HS06,106,13922,3441,110,fully_outside,0.0,False
250,HS06,106,13923,3112,110,fully_outside,0.0,False
250,HS06,106,13924,3113,110,fully_outside,0.0,False
250,HS06,106,13925,3434,110,fully_outside,0.0,False
250,HS06,106,13926,3116,110,fully_outside,0.0,False
250,HS06,106,13927,3430,110,fully_outside,0.0,False
250,HS06,106,13928,3430,110,fully_outside,0.0,False
250,HS06,106,13929,3104,110,fully_outside,0.0,False
250,HS06,106,13930,3442,110,fully_outside,0.0,False
250,HS06,106,13931,3433,110,fully_outside,0.0,False
250,HS06,106,13932,3443,110,fully_outside,0.0,False
250,HS06,106,13933,3114,110,fully_outside,0.0,False
250,HS06,106,13934,3430,110,fully_outside,0.0,False
250,HS06,106,13935,3105,110,fully_outside,0.0,False
250,HS06,106,13936,3444,110,fully_outside,0.0,False
250,HS06,106,13937,3121,110,crosses_boundary,0.00011780772159078179,False
250,HS06,106,13950,2953,110,fully_outside,0.0,False
250,HS06,106,13951,3031,110,fully_outside,0.0,False
250,HS06,106,13959,3006,110,fully_outside,0.0,False
250,HS06,106,13960,3001,110,fully_outside,0.0,False
250,HS06,106,13961,3002,110,fully_outside,0.0,False
250,HS06,106,13962,3031,110,fully_outside,0.0,False
250,HS06,106,13964,3007,110,fully_outside,0.0,False
250,HS06,106,13965,3003,110,fully_outside,0.0,False
250,HS06,106,13966,3004,110,fully_outside,0.0,False
250,HS06,106,13967,3031,110,fully_outside,0.0,False
250,HS06,106,13981,3454,110,fully_outside,0.0,False
250,HS06,106,13982,3008,110,fully_outside,0.0,False
250,HS06,106,13983,3067,110,fully_outside,0.0,False
250,HS06,106,13984,3455,110,fully_outside,0.0,False
250,HS06,106,13985,3456,110,fully_outside,0.0,False
250,HS06,106,13986,3031,110,fully_outside,0.0,False
250,HS06,106,13999,3455,110,fully_outside,0.0,False
250,HS06,106,14000,3456,110,fully_outside,0.0,False
250,HS06,106,14001,3461,110,fully_outside,0.0,False
250,HS06,106,14004,3031,110,fully_outside,0.0,False
250,HS06,106,14017,3462,110,fully_outside,0.0,False
250,HS06,106,14018,3461,110,fully_outside,0.0,False
250,HS06,106,14019,3462,110,fully_outside,0.0,False
250,HS06,106,14020,3110,110,fully_outside,0.0,False
250,HS06,106,14021,3110,110,fully_outside,0.0,False
250,HS06,106,14022,3425,110,fully_outside,0.0,False
250,HS06,106,14023,3426,110,fully_outside,0.0,False
250,HS06,106,14024,3427,110,fully_outside,0.0,False
250,HS06,106,14025,3462,110,fully_outside,0.0,False
250,HS06,106,14026,3116,110,fully_outside,0.0,False
250,HS06,106,14027,3428,110,fully_outside,0.0,False
250,HS06,106,14028,3110,110,fully_outside,0.0,False
250,HS06,106,14029,3114,110,fully_outside,0.0,False
250,HS06,106,14030,3462,110,fully_outside,0.0,False
250,HS06,106,14031,3454,110,crosses_boundary,0.0009836509732681416,False
250,HS06,106,14032,3121,110,crosses_boundary,0.00011683519852193983,False
250,HS06,106,14033,3110,110,fully_outside,0.0,False
250,HS06,106,14034,3114,110,fully_outside,0.0,False
250,HS06,106,14035,3462,110,fully_outside,0.0,False
250,HS06,106,14036,3463,110,fully_outside,0.0,False
250,HS06,106,14037,3464,110,fully_outside,0.0,False
250,HS06,106,14038,3465,110,fully_outside,0.0,False
250,HS06,106,17896,3031,110,fully_outside,0.0,False
250,HS06,106,17940,3031,110,fully_outside,0.0,False
250,HS06,106,17941,4151,110,fully_outside,0.0,False
250,HS06,106,17942,4151,110,fully_outside,0.0,False
250,HS06,106,17971,4157,110,fully_outside,0.0,False
250,HS06,106,17998,3209,110,fully_outside,0.0,False
250,HS06,106,18026,4171,110,fully_outside,0.0,False
250,HS06,106,18027,4171,110,fully_outside,0.0,False
250,HS06,106,18065,4171,110,fully_outside,0.0,False
250,HS06,106,18066,4171,110,fully_outside,0.0,False
250,HS06,106,18067,4177,110,fully_outside,0.0,False
250,HS06,106,18068,4178,110,fully_outside,0.0,False
250,HS06,106,18069,4178,110,fully_outside,0.0,False
250,HS06,106,18070,4179,110,fully_outside,0.0,False
250,HS06,106,18071,4179,110,fully_outside,0.0,False
250,HS06,106,18075,3031,110,fully_outside,0.0,False
250,HS06,106,18076,4177,110,fully_outside,0.0,False
250,HS06,106,18077,4180,110,fully_outside,0.0,False
250,HS06,106,18078,4180,110,fully_outside,0.0,False
250,HS06,106,18079,4180,110,fully_outside,0.0,False
250,HS06,106,18080,4180,110,fully_outside,0.0,False
250,HS06,106,18082,3031,110,fully_outside,0.0,False
250,HS06,106,18083,3031,110,fully_outside,0.0,False
250,HS06,106,18087,3285,110,fully_outside,0.0,False
250,HS06,106,18173,4198,110,fully_outside,0.0,False
250,HS06,106,18182,4198,110,fully_outside,0.0,False
250,HS06,106,18183,4200,110,fully_outside,0.0,False
250,HS06,106,18226,3031,110,fully_outside,0.0,False
250,HS06,106,18230,3031,110,fully_outside,0.0,False
250,HS06,106,18231,3031,110,fully_outside,0.0,False
250,HS06,106,18236,4200,110,fully_outside,0.0,False
250,HS06,106,18237,4210,110,fully_outside,0.0,False
250,HS06,106,18238,4210,110,fully_outside,0.0,False
250,HS06,106,18239,4211,110,fully_outside,0.0,False
250,HS06,106,18240,3031,110,fully_outside,0.0,False
250,HS06,106,18241,3031,110,fully_outside,0.0,False
250,HS06,106,18242,3031,110,fully_outside,0.0,False
250,HS06,106,18243,3031,110,fully_outside,0.0,False
250,HS06,106,18244,4211,110,fully_outside,0.0,False
250,HS06,106,18254,3031,110,fully_outside,0.0,False
250,HS06,106,18264,3031,110,fully_outside,0.0,False
250,HS06,106,18265,4217,110,fully_outside,0.0,False
250,HS06,106,18267,3031,110,fully_outside,0.0,False
250,HS06,106,18272,3110,110,fully_outside,0.0,False
250,HS06,106,18282,4220,110,fully_outside,0.0,False
250,HS06,106,18283,4221,110,fully_outside,0.0,False
250,HS06,106,18284,4222,110,fully_outside,0.0,False
250,HS06,106,18285,4223,110,fully_outside,0.0,False
250,HS06,106,18286,4224,110,fully_outside,0.0,False
250,HS06,106,18287,4222,110,fully_outside,0.0,False
250,HS06,106,18288,4223,110,fully_outside,0.0,False
250,HS06,106,18289,4221,110,fully_outside,0.0,False
250,HS06,106,18290,4225,110,fully_outside,0.0,False
250,HS06,106,18291,4226,110,fully_outside,0.0,False
250,HS06,106,18292,3110,110,fully_outside,0.0,False
250,HS06,106,18293,3110,110,fully_outside,0.0,False
250,HS06,106,18294,4227,110,fully_outside,0.0,False
250,HS06,106,18295,3114,110,fully_outside,0.0,False
250,HS06,106,18296,3114,110,fully_outside,0.0,False
250,HS06,106,18297,4224,110,fully_outside,0.0,False
250,HS06,106,18298,4227,110,fully_outside,0.0,False
250,HS06,106,18299,3114,110,fully_outside,0.0,False
250,HS06,106,18300,4225,110,fully_outside,0.0,False
250,HS06,106,18301,4225,110,fully_outside,0.0,False
250,HS06,106,18302,4225,110,fully_outside,0.0,False
250,HS06,106,18303,4225,110,fully_outside,0.0,False
250,HS06,106,18304,4225,110,fully_outside,0.0,False
250,HS06,106,18305,4225,110,fully_outside,0.0,False
250,HS06,106,18306,4225,110,fully_outside,0.0,False
250,HS06,106,18307,4225,110,fully_outside,0.0,False
250,HS06,106,18308,4225,110,fully_outside,0.0,False
250,HS06,106,18309,4225,110,fully_outside,0.0,False
250,HS06,106,18310,4225,110,fully_outside,0.0,False
250,HS06,106,18311,4225,110,fully_outside,0.0,False
250,HS06,106,18312,4225,110,fully_outside,0.0,False
250,HS06,106,18313,4225,110,fully_outside,0.0,False
250,HS06,106,18315,3121,110,fully_outside,0.0,False
250,HS06,106,18316,3121,110,fully_outside,0.0,False
250,HS06,106,18317,3031,110,fully_outside,0.0,False
250,HS06,106,18322,3031,110,fully_outside,0.0,False
250,HS06,106,18323,3031,110,fully_outside,0.0,False
250,HS06,106,18325,3031,110,fully_outside,0.0,False
250,HS06,106,18326,3031,110,fully_outside,0.0,False
250,HS06,106,18327,3031,110,fully_outside,0.0,False
250,HS06,106,18331,4217,110,fully_outside,0.0,False
250,HS06,106,18333,3031,110,fully_outside,0.0,False
250,HS06,106,18335,3031,110,fully_outside,0.0,False
250,HS06,106,18336,3031,110,fully_outside,0.0,False
250,HS06,106,18337,3031,110,fully_outside,0.0,False
250,HS06,106,18339,4233,110,fully_outside,0.0,False
250,HS06,106,18345,4233,110,fully_outside,0.0,False
250,HS06,106,18346,4233,110,fully_outside,0.0,False
250,HS06,106,18352,4233,110,crosses_boundary,9.87131238360506e-07,False
250,HS06,106,18353,3031,110,fully_outside,0.0,False
250,HS06,106,18354,3031,110,fully_outside,0.0,False
250,HS06,106,18355,3454,110,crosses_boundary,0.035907783064235026,False
250,HS06,106,18361,3031,110,fully_outside,0.0,False
250,HS06,106,18377,3031,110,fully_outside,0.0,False
250,HS06,106,18378,3031,110,fully_outside,0.0,False
250,HS06,106,18379,3031,110,fully_outside,0.0,False
250,HS06,106,18380,3031,110,fully_outside,0.0,False
250,HS06,106,18381,3031,110,fully_outside,0.0,False
250,HS06,106,18382,3031,110,fully_outside,0.0,False
250,HS06,106,18383,3031,110,fully_outside,0.0,False
250,HS06,106,18390,3031,110,fully_outside,0.0,False
250,HS06,106,18436,3031,110,fully_outside,0.0,False
250,HS06,106,18437,3031,110,fully_outside,0.0,False
250,HS06,106,18438,3031,110,fully_outside,0.0,False
250,HS06,106,18440,4245,110,fully_outside,0.0,False
250,HS06,106,18441,4245,110,fully_outside,0.0,False
250,HS06,106,18442,4245,110,fully_outside,0.0,False
250,HS06,106,18443,4245,110,fully_outside,0.0,False
250,HS06,106,18444,4245,110,fully_outside,0.0,False
250,HS06,106,18445,4245,110,fully_outside,0.0,False
250,HS06,106,18457,3031,110,fully_outside,0.0,False
250,HS06,106,18458,3031,110,fully_outside,0.0,False
250,HS06,106,18460,3031,110,fully_outside,0.0,False
250,HS06,106,18461,3031,110,fully_outside,0.0,False
250,HS06,106,18464,3031,110,fully_outside,0.0,False
250,HS06,106,18466,4249,110,fully_outside,0.0,False
250,HS06,106,18467,3031,110,fully_outside,0.0,False
250,HS06,106,18468,4245,110,fully_outside,0.0,False
250,HS06,106,18469,4245,110,fully_outside,0.0,False
250,HS06,106,18470,4245,110,fully_outside,0.0,False
250,HS06,106,18471,4245,110,fully_outside,0.0,False
250,HS06,106,18472,4245,110,fully_outside,0.0,False
250,HS06,106,18474,4245,110,fully_outside,0.0,False
250,HS06,106,18475,4245,110,fully_outside,0.0,False
250,HS06,106,18476,4245,110,fully_outside,0.0,False
250,HS06,106,18477,4245,110,fully_outside,0.0,False
250,HS06,106,18479,4245,110,fully_outside,0.0,False
250,HS06,106,18481,3031,110,fully_outside,0.0,False
250,HS06,106,18482,4249,110,fully_outside,0.0,False
250,HS06,106,28876,6407,106,fully_inside,1.0,False
250,HS06,106,28900,6407,106,fully_inside,0.999999999998328,False
250,HS06,106,28901,6407,106,fully_inside,1.0,False
250,HS06,106,28902,6407,106,fully_inside,0.999999999995583,False
250,HS06,106,28907,6407,106,crosses_boundary,0.7282130129557308,False
250,HS06,106,28908,6407,106,fully_inside,1.0,False
250,HS06,106,28991,6417,106,fully_outside,0.0,False
250,HS06,106,28993,6417,106,fully_outside,0.0,False
250,HS06,106,28994,6407,106,crosses_boundary,0.7499786208345101,False
250,HS06,106,28995,6407,106,fully_inside,0.9999999999998168,False
250,HS06,106,29008,6417,106,fully_outside,0.0,False
250,HS06,106,29011,6417,106,fully_outside,0.0,False
250,HS06,106,29013,6417,106,fully_outside,0.0,False
250,HS06,106,29015,6417,106,fully_outside,0.0,False
250,HS06,106,29019,6417,106,fully_outside,0.0,False
250,HS06,106,29020,6407,106,crosses_boundary,0.7478146604667434,False
250,HS06,106,29287,6526,106,fully_inside,1.0,False
250,HS06,106,29288,6526,106,fully_inside,0.9999999999988424,False
250,HS06,106,29289,6527,106,fully_inside,1.0,False
250,HS06,106,29290,6527,106,fully_inside,1.0,False
250,HS06,106,29291,6527,106,fully_inside,0.9999999999998672,False
250,HS06,106,29292,6527,106,fully_inside,0.9999999999997427,False
250,HS06,106,29313,6417,106,fully_outside,0.0,False
250,HS06,106,29317,6417,106,fully_outside,0.0,False
250,HS06,106,29319,6417,106,fully_outside,0.0,False
250,HS06,106,29320,6417,106,fully_outside,0.0,False
250,HS06,106,29354,6526,106,fully_inside,1.0,False
250,HS06,106,29355,6526,106,fully_inside,1.0,False
250,HS06,106,29356,6540,106,fully_inside,0.999999999987538,False
250,HS06,106,29357,6540,106,fully_inside,0.9999999999486802,False
250,HS06,106,29358,6526,106,fully_inside,0.9999999999988424,False
250,HS06,106,29359,6541,106,fully_inside,0.9999999999958967,False
250,HS06,106,29574,6417,106,fully_outside,0.0,False
250,HS06,106,29577,6417,106,fully_outside,0.0,False
250,HS06,106,29579,6417,106,fully_outside,0.0,False
250,HS06,106,29591,6417,106,fully_outside,0.0,False
250,HS06,106,29595,6417,106,fully_outside,0.0,False
250,HS06,106,29598,6417,106,fully_outside,0.0,False
250,HS06,106,29600,6417,106,fully_outside,0.0,False
250,HS06,106,30948,6417,106,fully_outside,0.0,False
250,HS06,106,30949,6417,106,fully_outside,0.0,False
250,HS06,106,30951,6417,106,fully_outside,0.0,False
250,HS06,106,30953,6407,106,crosses_boundary,0.7422109714466902,False
250,HS06,106,30954,6407,106,crosses_boundary,0.7221737651772139,False
250,HS06,106,30955,6407,106,fully_inside,0.9999999999999878,False
250,HS06,106,30956,6407,106,fully_inside,0.9999999999962397,False
250,HS06,106,30957,6407,106,fully_inside,0.999999999999929,False
250,HS06,106,30958,6407,106,fully_inside,0.999999999999347,False
250,HS06,106,30960,6417,106,fully_outside,0.0,False
250,HS06,106,30962,6417,106,fully_outside,0.0,False
250,HS06,106,30964,6417,106,fully_outside,0.0,False
250,HS06,106,31007,6417,106,fully_outside,0.0,False
250,HS06,106,31008,6407,106,fully_inside,0.9999999997156409,False
250,HS06,106,31009,6407,106,fully_inside,1.0,False
250,HS06,106,31010,6407,106,fully_inside,0.9999999999968536,False
250,HS06,106,31011,6407,106,fully_inside,1.0,False
250,HS06,106,31012,6407,106,fully_inside,1.0,False
250,HS06,106,31095,6407,106,fully_inside,0.9999999999920707,False
250,HS06,106,31096,6407,106,fully_inside,1.0,False
250,HS06,106,31097,6407,106,fully_inside,1.0,False
250,HS06,106,31098,6407,106,fully_inside,0.9999999999853553,False
250,HS06,106,31099,6407,106,fully_inside,1.0,False
250,HS06,106,31100,6407,106,fully_inside,0.9999999999960507,False
250,HS06,106,31101,6407,106,fully_inside,1.0,False
250,HS06,106,31102,6407,106,fully_inside,0.9999999999841309,False
250,HS06,106,31103,6407,106,fully_inside,0.9999999999493802,False
250,HS06,106,31104,6889,106,fully_inside,0.999999999996625,False
250,HS06,106,31105,6890,106,fully_inside,0.9999999999819552,False
250,HS06,106,31106,6407,106,crosses_boundary,0.17461543908698504,False
250,HS06,106,31107,6407,106,crosses_boundary,0.6674455079965984,False
250,HS06,106,31108,6407,106,crosses_boundary,0.6408411486395742,False
250,HS06,106,31119,6407,106,fully_outside,0.0,False
250,HS06,106,31120,6407,106,fully_outside,0.0,False
250,HS06,106,31121,6407,106,fully_outside,0.0,False
250,HS06,106,31122,6407,106,fully_outside,0.0,False
250,HS06,106,31123,6407,106,fully_outside,0.0,False
250,HS06,106,31124,6407,106,fully_outside,0.0,False
250,HS06,106,31125,6407,106,fully_outside,0.0,False
250,HS06,106,31126,6407,106,fully_outside,0.0,False
250,HS06,106,31127,6407,106,fully_outside,0.0,False
250,HS06,106,31128,6407,106,crosses_boundary,0.012228651279627243,False
250,HS06,106,31129,6407,106,crosses_boundary,0.14653498998769005,False
250,HS06,106,31130,6407,106,crosses_boundary,0.2566595076933078,False
250,HS06,106,31131,6407,106,crosses_boundary,0.34676138526112904,False
250,HS06,106,31132,6407,106,crosses_boundary,0.404400086910286,False
250,HS06,106,31133,6407,106,crosses_boundary,0.45403341283085846,False
250,HS06,106,31134,6407,106,crosses_boundary,0.5115035797504511,False
250,HS06,106,31135,6407,106,crosses_boundary,0.5490802277474515,False
250,HS06,106,31136,6407,106,crosses_boundary,0.7216730101191164,False
250,HS06,106,31137,6407,106,crosses_boundary,0.5820743572169238,False
250,HS06,106,31138,6407,106,crosses_boundary,0.6119261886981623,False
250,HS06,106,31139,6407,106,crosses_boundary,0.6383857670292984,False
250,HS06,106,31140,6407,106,crosses_boundary,0.6698304827488285,False
250,HS06,106,31141,6407,106,crosses_boundary,0.6909051330428689,False
250,HS06,106,31142,6407,106,crosses_boundary,0.7098293084464916,False
250,HS06,106,31143,6891,106,fully_inside,1.0,False
250,HS06,106,31144,6891,106,fully_inside,0.9999999999999916,False
250,HS06,106,31145,6891,106,fully_inside,1.0,False
250,HS06,106,31146,6891,106,fully_inside,0.9999999999944579,False
250,HS06,106,31147,6891,106,fully_inside,1.0,False
250,HS06,106,31148,6891,106,fully_inside,0.9999999999772455,False
250,HS06,106,31149,6891,106,fully_inside,0.9999999999979279,False
250,HS06,106,31750,6417,106,fully_outside,0.0,False
250,HS06,106,31754,6417,106,fully_outside,0.0,False
250,HS06,106,31757,6417,106,fully_outside,0.0,False
250,HS06,106,31759,6417,106,fully_outside,0.0,False
250,HS06,106,31813,6417,106,fully_outside,0.0,False
250,HS06,106,31816,6417,106,fully_outside,0.0,False
250,HS06,106,31818,6417,106,fully_outside,0.0,False
250,HS06,106,31820,6417,106,fully_outside,0.0,False
250,HS06,106,31821,7080,106,fully_inside,0.9999999999996054,False
250,HS06,106,31822,7081,106,fully_inside,1.0,False
250,HS06,106,31823,7082,106,fully_inside,0.9999999999999077,False
250,HS06,106,31824,7083,106,fully_inside,0.9999999999884532,False
250,HS06,106,31825,7083,106,fully_inside,1.0,False
250,HS06,106,31826,7084,106,fully_inside,1.0,False
250,HS06,106,31827,7084,106,fully_inside,0.9999999999755743,False
250,HS06,106,31828,7084,106,fully_inside,0.9999999999997224,False
250,HS06,106,31980,7100,106,fully_inside,0.9999999999919151,False
250,HS06,106,31981,7080,106,fully_inside,0.9999999999867376,False
250,HS06,106,31982,7100,106,fully_inside,1.0,False
250,HS06,106,31983,7080,106,fully_inside,1.0,False
250,HS06,106,31984,7080,106,fully_inside,1.0,False
250,HS06,106,31985,7081,106,fully_inside,1.0,False
250,HS06,106,31986,7082,106,fully_inside,1.0,False
250,HS06,106,31987,7082,106,fully_inside,1.0,False
250,HS06,106,31988,7083,106,fully_inside,1.0,False
250,HS06,106,31989,7083,106,fully_inside,0.9999999999720066,False
250,HS06,106,31990,7100,106,fully_inside,0.9999999999875382,False
250,HS06,106,31991,7100,106,fully_inside,0.9999999999961245,False
250,HS06,106,31992,7083,106,fully_inside,1.0,False
250,HS06,106,31993,7101,106,fully_inside,1.0,False
250,HS06,106,32026,6889,106,fully_inside,1.0,False
250,HS06,106,32027,6891,106,fully_outside,0.0,False
250,HS06,106,32028,6891,106,fully_outside,0.0,False
250,HS06,106,32032,6891,106,fully_outside,0.0,False
250,HS06,106,32033,6891,106,crosses_boundary,0.5292751728582187,False
250,HS06,106,32034,6891,106,fully_outside,0.0,False
250,HS06,106,32035,6891,106,fully_outside,0.0,False
250,HS06,106,32036,6891,106,fully_outside,0.0,False
250,HS06,106,32037,6891,106,fully_outside,0.0,False
250,HS06,106,32038,6891,106,fully_inside,1.0,False
250,HS06,106,32039,6891,106,fully_inside,1.0,False
250,HS06,106,32040,6891,106,fully_inside,0.9999999999987067,False
250,HS06,106,32041,6891,106,fully_inside,0.9999999999978781,False
250,HS06,106,32042,6891,106,fully_inside,0.9999999999973925,False
250,HS06,106,32043,6891,106,fully_inside,0.999999999999424,False
250,HS06,106,32044,6891,106,fully_inside,0.9999999999991751,False
250,HS06,106,32045,6891,106,fully_inside,0.9999999999838758,False
250,HS06,106,32046,7114,106,fully_inside,1.0,False
250,HS06,106,32047,6891,106,fully_inside,1.0,False
250,HS06,106,32048,6891,106,fully_inside,0.9999999999969222,False
250,HS06,106,32049,6891,106,fully_inside,1.0,False
250,HS06,106,32050,6891,106,fully_inside,0.9999999999907666,False
250,HS06,106,32051,7115,106,fully_inside,1.0,False
250,HS06,106,32052,7115,106,fully_inside,1.0,False
250,HS06,106,32053,7115,106,fully_inside,0.9999999998540082,False
250,HS06,106,32054,7116,106,fully_inside,0.9999999999858127,False
250,HS06,106,32055,7116,106,fully_inside,0.9999999999943222,False
250,HS06,106,32056,7116,106,fully_inside,0.9999999999960738,False
250,HS06,106,32057,6891,106,fully_outside,0.0,False
250,HS06,106,32058,6891,106,fully_outside,0.0,False
250,HS06,106,32059,6891,106,fully_outside,0.0,False
250,HS06,106,32060,6891,106,crosses_boundary,0.11527082750399037,False
250,HS06,106,32061,6891,106,fully_outside,0.0,False
250,HS06,106,32062,6891,106,fully_inside,0.9999999999981389,False
250,HS06,106,32063,6891,106,fully_inside,1.0,False
250,HS06,106,32064,6891,106,fully_inside,1.0,False
250,HS06,106,32065,7115,106,fully_inside,0.9999999999946245,False
250,HS06,106,32066,7115,106,fully_inside,0.9999999998395092,False
250,HS06,106,32067,7115,106,fully_inside,0.9999999999953139,False
250,HS06,106,32068,7115,106,fully_inside,0.9999999999704055,False
250,HS06,106,32069,7117,106,fully_inside,1.0,False
250,HS06,106,32070,7118,106,fully_inside,1.0,False
250,HS06,106,32071,7119,106,fully_inside,1.0,False
250,HS06,106,32072,7117,106,fully_inside,1.0,False
250,HS06,106,32073,7117,106,fully_inside,1.0,False
250,HS06,106,32074,7117,106,fully_inside,0.9999999999982241,False
250,HS06,106,32075,7116,106,fully_inside,0.9999999999250709,False
250,HS06,106,32076,7120,106,fully_inside,0.9999999998146308,False
250,HS06,106,32077,7120,106,fully_inside,0.9999999999454701,False
250,HS06,106,32078,7120,106,fully_inside,1.0,False
250,HS06,106,32079,7120,106,fully_inside,1.0,False
250,HS06,106,32080,7120,106,fully_inside,1.0,False
250,HS06,106,32081,7120,106,fully_inside,0.9999999985644604,False
250,HS06,106,32082,7120,106,fully_inside,1.0,False
250,HS06,106,32083,7120,106,fully_inside,0.9999999999535225,False
250,HS06,106,32084,7119,106,fully_inside,1.0,False
250,HS06,106,32085,7118,106,fully_inside,1.0,False
250,HS06,106,32086,7116,106,fully_inside,1.0,False
250,HS06,106,32087,7120,106,fully_inside,0.9999999999378735,False
250,HS06,106,32088,7116,106,fully_inside,0.9999999993555839,False
250,HS06,106,32089,7120,106,fully_inside,0.9999999998421331,False
250,HS06,106,32090,7121,106,fully_inside,1.0,False
250,HS06,106,32091,7116,106,fully_inside,1.0,False
250,HS06,106,32092,7120,106,fully_inside,1.0,False
250,HS06,106,32093,7120,106,fully_inside,1.0,False
250,HS06,106,32094,7116,106,fully_inside,0.9999999998996333,False
250,HS06,106,32095,7120,106,fully_inside,1.0,False
250,HS06,106,32096,7121,106,fully_inside,1.0,False
250,HS06,106,32097,7116,106,fully_inside,0.999999998626674,False
250,HS06,106,32098,7120,106,fully_inside,1.0,False
250,HS06,106,32113,6891,106,fully_outside,0.0,False
250,HS06,106,32114,6891,106,fully_outside,0.0,False
250,HS06,106,32115,6891,106,fully_outside,0.0,False
250,HS06,106,32116,6891,106,fully_outside,0.0,False
250,HS06,106,32117,6891,106,fully_outside,0.0,False
250,HS06,106,32118,6891,106,fully_outside,0.0,False
250,HS06,106,32119,6891,106,fully_outside,0.0,False
250,HS06,106,32120,6891,106,fully_outside,0.0,False
250,HS06,106,32121,7115,106,crosses_boundary,0.7274302687967283,False
250,HS06,106,32122,7115,106,fully_inside,0.999999999920204,False
250,HS06,106,32123,7115,106,fully_inside,1.0,False
250,HS06,106,32124,7115,106,fully_inside,0.999999999993263,False
250,HS06,106,32125,7122,106,fully_inside,1.0,False
250,HS06,106,32126,7123,106,fully_inside,1.0,False
250,HS06,106,32127,7124,106,fully_inside,0.9999999999985848,False
250,HS06,106,32128,7124,106,fully_inside,0.9999999999952018,False
250,HS06,106,32129,7124,106,fully_inside,1.0,False
250,HS06,106,32130,7120,106,fully_inside,1.0,False
250,HS06,106,32131,7120,106,fully_inside,0.9999999998675352,False
250,HS06,106,32132,7120,106,fully_inside,0.9999999999784778,False
250,HS06,106,32133,7120,106,fully_inside,0.9999999999201235,False
250,HS06,106,32134,7120,106,fully_inside,1.0,False
250,HS06,106,32135,7120,106,fully_inside,1.0,False
250,HS06,106,32136,7122,106,fully_inside,1.0,False
250,HS06,106,32137,7123,106,fully_inside,1.0,False
250,HS06,106,32138,7116,106,fully_inside,0.9999999966361344,False
250,HS06,106,32139,7120,106,fully_inside,1.0,False
250,HS06,106,32140,7120,106,fully_inside,1.0,False
250,HS06,106,32141,7124,106,fully_inside,0.9999999999927485,False
250,HS06,106,32142,7124,106,fully_inside,1.0,False
250,HS06,106,32143,7116,106,fully_inside,0.9999999999669229,False
250,HS06,106,32144,7116,106,fully_inside,0.999999999879378,False
250,HS06,106,32145,7116,106,fully_inside,0.9999999999990582,False
250,HS06,106,32146,7116,106,fully_inside,0.9999999999104655,False
250,HS06,106,32147,7116,106,fully_inside,1.0,False
250,HS06,106,32148,7120,106,fully_inside,0.9999999999873916,False
250,HS06,106,32149,7120,106,fully_inside,1.0,False
250,HS06,106,32150,7120,106,fully_inside,0.99999999988573,False
250,HS06,106,32151,7120,106,fully_inside,0.9999999982939458,False
250,HS06,106,32152,7120,106,fully_inside,0.9999999993733175,False
250,HS06,106,32153,7120,106,fully_inside,1.0,False
250,HS06,106,32154,7116,106,fully_inside,1.0,False
250,HS06,106,32155,7125,106,fully_inside,1.0,False
250,HS06,106,32156,7116,106,fully_inside,0.9999999999855556,False
250,HS06,106,32157,7120,106,fully_inside,0.9999999996417847,False
250,HS06,106,32158,7116,106,fully_inside,1.0,False
250,HS06,106,32159,7120,106,fully_inside,1.0,False
250,HS06,106,32160,7120,106,fully_inside,0.9999999998351299,False
250,HS06,106,32161,7125,106,fully_inside,1.0,False
250,HS06,106,32162,7116,106,fully_inside,0.9999999992139972,False
250,HS06,106,32163,7120,106,fully_inside,1.0,False
250,HS06,106,32164,6891,106,fully_outside,0.0,False
250,HS06,106,32165,7115,106,crosses_boundary,0.38532265360717244,False
250,HS06,106,32166,7115,106,crosses_boundary,0.011132507559993081,False
250,HS06,106,32167,7115,106,crosses_boundary,0.0013915633125262856,False
250,HS06,106,32168,7114,106,crosses_boundary,0.4507647367152419,False
250,HS06,106,32169,7114,106,crosses_boundary,0.41800171786200224,False
250,HS06,106,32170,7114,106,crosses_boundary,0.3936232533792156,False
250,HS06,106,32171,7115,106,crosses_boundary,0.2517330015869419,False
250,HS06,106,32172,7115,106,fully_outside,0.0,False
250,HS06,106,32173,7126,106,crosses_boundary,0.27616430470979325,False
250,HS06,106,32174,7127,106,fully_outside,0.0,False
250,HS06,106,32175,7120,106,crosses_boundary,0.27616430439794626,False
250,HS06,106,32176,7126,106,crosses_boundary,0.022265014665994568,False
250,HS06,106,32177,7127,106,fully_outside,0.0,False
250,HS06,106,32178,7120,106,fully_outside,0.0,False
250,HS06,106,32179,7120,106,crosses_boundary,0.02226501468987962,False
250,HS06,106,32180,7128,106,fully_outside,0.0,False
250,HS06,106,32181,7120,106,fully_outside,0.0,False
250,HS06,106,32182,7116,106,crosses_boundary,0.011132507543190517,False
250,HS06,106,32183,7120,106,fully_outside,0.0,False
250,HS06,106,32184,7128,106,fully_outside,0.0,False
250,HS06,106,32185,7116,106,crosses_boundary,0.001391563388354557,False
250,HS06,106,32186,7120,106,fully_outside,0.0,False
250,HS06,106,32187,7129,106,fully_inside,1.0,False
250,HS06,106,32188,7129,106,fully_inside,1.0,False
250,HS06,106,32189,7129,106,fully_inside,1.0,False
250,HS06,106,32190,7129,106,fully_inside,0.9999999999982241,False
250,HS06,106,32191,7116,106,fully_inside,0.9999999999945083,False
250,HS06,106,32192,7116,106,fully_inside,0.9999999999975917,False
250,HS06,106,32193,7116,106,fully_inside,1.0,False
250,HS06,106,32194,7120,106,fully_inside,1.0,False
250,HS06,106,32195,7120,106,fully_inside,0.9999999999571171,False
250,HS06,106,32196,7120,106,fully_inside,0.9999999999303004,False
250,HS06,106,32197,7120,106,fully_inside,0.999999998564051,False
250,HS06,106,32198,7120,106,fully_inside,1.0,False
250,HS06,106,32199,7120,106,fully_inside,1.0,False
250,HS06,106,32200,7120,106,fully_inside,1.0,False
250,HS06,106,32201,7120,106,fully_inside,0.9999999990947942,False
250,HS06,106,32202,7120,106,fully_inside,0.9999999997576949,False
250,HS06,106,32203,7116,106,fully_inside,1.0,False
250,HS06,106,32204,7116,106,fully_inside,1.0,False
250,HS06,106,32205,7116,106,fully_inside,0.9999999989643154,False
250,HS06,106,34026,6541,106,fully_inside,0.9999999997706484,False
250,HS06,106,34027,6527,106,fully_inside,1.0,False
250,HS06,106,34028,6527,106,fully_inside,0.9999999999983793,False
250,HS06,106,34029,6527,106,fully_inside,1.0,False
250,HS06,106,34134,7470,106,crosses_boundary,0.6472817936179054,False
250,HS06,106,34135,7470,106,fully_inside,0.9999999999589005,False
250,HS06,106,34136,7470,106,fully_inside,1.0,False
250,HS06,106,34137,7470,106,fully_inside,0.9999999999771859,False
250,HS06,106,34138,7470,106,fully_inside,0.999999999577212,False
250,HS06,106,34139,7470,106,crosses_boundary,0.9565115453692439,False
250,HS06,106,34140,7470,106,crosses_boundary,0.950497813153068,False
250,HS06,106,34141,7470,106,crosses_boundary,0.9565115450669155,False
250,HS06,106,34142,7470,106,crosses_boundary,0.9617947037774008,False
250,HS06,106,34143,7471,106,fully_inside,1.0,False
250,HS06,106,34144,6541,106,fully_inside,0.9999999983534621,False
250,HS06,106,34145,7471,106,fully_inside,0.9999999998777837,False
250,HS06,106,34146,7471,106,fully_inside,0.9999999999996861,False
250,HS06,106,34147,7472,106,fully_inside,1.0,False
250,HS06,106,34148,7473,106,fully_inside,1.0,False
250,HS06,106,34149,7473,106,fully_inside,1.0,False
250,HS06,106,34150,7471,106,fully_inside,1.0,False
250,HS06,106,34151,7471,106,fully_inside,0.9999999999980358,False
250,HS06,106,34152,6527,106,fully_inside,1.0,False
250,HS06,106,34153,7471,106,fully_inside,1.0,False
250,HS06,106,34154,6527,106,fully_inside,1.0,False
250,HS06,106,34158,7474,106,fully_inside,0.9999999999744307,False
250,HS06,106,34159,7474,106,fully_inside,0.9999999999744307,False
250,HS06,106,34160,6527,106,fully_inside,0.999999994377375,False
250,HS06,106,34161,6527,106,fully_inside,0.9999999999994774,False
250,HS06,106,34162,6527,106,fully_inside,0.9999999999413892,False
250,HS06,106,34163,7471,106,fully_inside,1.0,False
250,HS06,106,34867,7626,106,fully_outside,0.0,False
250,HS06,106,34868,7627,106,crosses_boundary,0.647281793618846,False
250,HS06,106,34869,7628,106,crosses_boundary,0.9617947037783267,False
250,HS06,106,34870,7629,106,fully_inside,1.0,False
250,HS06,106,34871,7627,106,crosses_boundary,0.9617947037763731,False
250,HS06,106,34874,6540,106,fully_inside,0.9999999999998369,False
250,HS06,106,34886,7628,106,crosses_boundary,0.647281793618846,False
250,HS06,106,34887,7626,106,fully_outside,0.0,False
250,HS06,106,34888,7629,106,fully_inside,1.0,False
250,HS06,106,34889,7627,106,crosses_boundary,0.9568545497209419,False
250,HS06,106,34896,6540,106,fully_inside,1.0,False
250,HS06,106,36832,7082,106,fully_inside,0.9999999999938529,False
250,HS06,106,36833,7101,106,fully_inside,0.9999999999897958,False
250,HS06,106,36834,7084,106,fully_inside,0.9999999999755743,False
250,HS06,106,36835,7084,106,fully_inside,1.0,False
250,HS06,106,36836,7084,106,fully_inside,1.0,False
250,HS06,106,36837,7084,106,fully_inside,0.9999999999993442,False
250,HS06,106,36870,7991,106,fully_inside,0.9999999999818205,False
250,HS06,106,36871,7991,106,fully_inside,0.999999999985657,False
250,HS06,106,36872,7991,106,fully_inside,0.9999999999964053,False
250,HS06,106,36873,7991,106,fully_inside,1.0,False
250,HS06,106,36874,7991,106,fully_inside,0.9999999999902474,False
250,HS06,106,36875,7991,106,fully_inside,1.0,False
250,HS06,106,36876,7991,106,fully_inside,0.9999999997559579,False
250,HS06,106,36877,7991,106,fully_inside,0.9999999999771647,False
250,HS06,106,36878,7991,106,fully_inside,0.999999999838187,False
250,HS06,106,36879,7991,106,fully_inside,1.0,False
250,HS06,106,36880,7991,106,fully_inside,0.9999999999621352,False
250,HS06,106,36881,7991,106,fully_inside,1.0,False
250,HS06,106,36882,7991,106,fully_inside,0.9999999999974015,False
250,HS06,106,36883,7991,106,fully_inside,1.0,False
250,HS06,106,36884,7991,106,fully_inside,1.0,False
250,HS06,106,36885,7991,106,fully_inside,1.0,False
250,HS06,106,36886,7991,106,fully_inside,1.0,False
250,HS06,106,36887,7992,106,fully_inside,1.0,False
250,HS06,106,36888,7993,106,fully_inside,0.9999999999933739,False
250,HS06,106,36889,7101,106,fully_inside,0.999999999565316,False
250,HS06,106,36890,7992,106,fully_inside,0.9999999996983712,False
250,HS06,106,36891,7992,106,fully_inside,1.0,False
250,HS06,106,36892,7101,106,fully_inside,1.0,False
250,HS06,106,36893,7994,106,fully_inside,1.0,False
250,HS06,106,36894,7992,106,fully_inside,0.9999999999951064,False
250,HS06,106,36895,7992,106,fully_inside,0.9999999999543161,False
250,HS06,106,36896,7994,106,fully_inside,1.0,False
250,HS06,106,36897,7995,106,fully_inside,1.0,False
250,HS06,106,36898,7992,106,fully_inside,1.0,False
250,HS06,106,36899,7996,106,fully_inside,0.9999999999417094,False
250,HS06,106,36900,7997,106,fully_inside,1.0,False
250,HS06,106,36901,7997,106,fully_inside,0.9999999997128021,False
250,HS06,106,36902,7998,106,fully_inside,1.0,False
250,HS06,106,36903,7084,106,fully_inside,1.0,False
250,HS06,106,36904,7084,106,fully_inside,0.9999999999723693,False
250,HS06,106,36905,7992,106,fully_inside,0.9999999999982163,False
250,HS06,106,36999,8018,106,crosses_boundary,0.2449971557041943,False
250,HS06,106,37000,8018,106,crosses_boundary,0.22292456006939312,False
250,HS06,106,37001,8018,106,crosses_boundary,0.187658786940915,False
250,HS06,106,37002,8018,106,crosses_boundary,0.13602808382746975,False
250,HS06,106,37003,8018,106,crosses_boundary,0.16143241019580987,False
250,HS06,106,37004,7115,106,crosses_boundary,0.10454322566543879,False
250,HS06,106,37005,7115,106,fully_outside,0.0,False
250,HS06,106,37006,7115,106,crosses_boundary,0.1878982383126947,False
250,HS06,106,37007,7115,106,fully_outside,0.0,False
250,HS06,106,37008,7115,106,fully_outside,0.0,False
250,HS06,106,37009,7115,106,fully_outside,0.0,False
250,HS06,106,37010,7115,106,fully_outside,0.0,False
250,HS06,106,37011,8019,106,fully_outside,0.0,False
250,HS06,106,37012,8020,106,fully_outside,0.0,False
250,HS06,106,37013,8021,106,fully_outside,0.0,False
250,HS06,106,37014,8019,106,fully_outside,0.0,False
250,HS06,106,37015,7120,106,fully_outside,0.0,False
250,HS06,106,37016,8020,106,fully_outside,0.0,False
250,HS06,106,37017,8020,106,fully_outside,0.0,False
250,HS06,106,37018,8020,106,fully_outside,0.0,False
250,HS06,106,37019,7116,106,fully_outside,0.0,False
250,HS06,106,37020,7116,106,fully_outside,0.0,False
250,HS06,106,37021,7120,106,fully_outside,0.0,False
250,HS06,106,37022,7120,106,fully_outside,0.0,False
250,HS06,106,37023,7120,106,fully_outside,0.0,False
250,HS06,106,37024,7120,106,fully_outside,0.0,False
250,HS06,106,37025,7120,106,fully_outside,0.0,False
250,HS06,106,37026,7120,106,fully_outside,0.0,False
250,HS06,106,37027,7116,106,fully_outside,0.0,False
250,HS06,106,37028,7116,106,fully_outside,0.0,False
250,HS06,106,37029,7116,106,fully_outside,0.0,False
250,HS06,106,37030,7120,106,fully_outside,0.0,False
250,HS06,106,37031,7120,106,fully_outside,0.0,False
250,HS06,106,37032,7120,106,fully_outside,0.0,False
250,HS06,106,37033,7120,106,fully_outside,0.0,False
250,HS06,106,37034,8021,106,fully_outside,0.0,False
250,HS06,106,37035,7120,106,fully_outside,0.0,False
250,HS06,106,37036,7116,106,fully_outside,0.0,False
250,HS06,106,37037,7120,106,fully_outside,0.0,False
250,HS06,106,37038,7116,106,fully_outside,0.0,False
250,HS06,106,37039,8022,106,fully_outside,0.0,False
250,HS06,106,37040,7116,106,crosses_boundary,0.2640226833545373,False
250,HS06,106,37041,7120,106,fully_outside,0.0,False
250,HS06,106,37042,7120,106,fully_outside,0.0,False
250,HS06,106,37043,8022,106,fully_outside,0.0,False
250,HS06,106,37044,8023,106,fully_outside,0.0,False
250,HS06,106,37045,8023,106,fully_outside,0.0,False
250,HS06,106,37046,7115,106,crosses_boundary,0.13717116321630698,False
250,HS06,106,37047,8018,106,crosses_boundary,0.26740742004245016,False
250,HS06,106,37048,7115,106,fully_outside,0.0,False
250,HS06,106,37049,8024,106,fully_outside,0.0,False
250,HS06,106,37050,8025,106,fully_outside,0.0,False
250,HS06,106,37051,8026,106,fully_outside,0.0,False
250,HS06,106,37052,8025,106,fully_outside,0.0,False
250,HS06,106,37053,8025,106,fully_outside,0.0,False
250,HS06,106,37054,7120,106,fully_outside,0.0,False
250,HS06,106,37055,8023,106,fully_outside,0.0,False
250,HS06,106,37056,8023,106,fully_outside,0.0,False
250,HS06,106,37057,8023,106,fully_outside,0.0,False
250,HS06,106,37058,7120,106,fully_outside,0.0,False
250,HS06,106,37059,8023,106,fully_outside,0.0,False
250,HS06,106,37060,8023,106,fully_outside,0.0,False
250,HS06,106,37061,7120,106,fully_outside,0.0,False
250,HS06,106,37062,7120,106,fully_outside,0.0,False
250,HS06,106,37063,7120,106,fully_outside,0.0,False
250,HS06,106,37064,7120,106,fully_outside,0.0,False
250,HS06,106,37065,7120,106,fully_outside,0.0,False
250,HS06,106,37066,7120,106,fully_outside,0.0,False
250,HS06,106,37067,7120,106,fully_outside,0.0,False
250,HS06,106,37068,8024,106,fully_outside,0.0,False
250,HS06,106,37069,8026,106,fully_outside,0.0,False
250,HS06,106,37070,7120,106,fully_outside,0.0,False
250,HS06,106,37071,7120,106,fully_outside,0.0,False
250,HS06,106,37072,7120,106,fully_outside,0.0,False
250,HS06,106,37073,8023,106,fully_outside,0.0,False
250,HS06,106,37074,8023,106,fully_outside,0.0,False
250,HS06,106,37075,8027,106,fully_outside,0.0,False
250,HS06,106,37076,7120,106,fully_outside,0.0,False
250,HS06,106,37077,8023,106,fully_outside,0.0,False
250,HS06,106,37078,8023,106,fully_outside,0.0,False
250,HS06,106,37079,7120,106,fully_outside,0.0,False
250,HS06,106,37080,7120,106,fully_outside,0.0,False
250,HS06,106,37081,8023,106,fully_outside,0.0,False
250,HS06,106,37082,7120,106,fully_outside,0.0,False
250,HS06,106,37083,8027,106,fully_outside,0.0,False
250,HS06,106,37097,8018,106,crosses_boundary,0.09406535246346859,False
250,HS06,106,37098,8018,106,crosses_boundary,0.05235298712526922,False
250,HS06,106,37099,7115,106,fully_outside,0.0,False
250,HS06,106,37100,7115,106,crosses_boundary,0.08176704451722414,False
250,HS06,106,37101,8018,106,crosses_boundary,0.005786353484896086,False
250,HS06,106,37104,7115,106,fully_outside,0.0,False
250,HS06,106,37105,7115,106,fully_outside,0.0,False
250,HS06,106,37106,8037,106,fully_outside,0.0,False
250,HS06,106,37107,8038,106,fully_outside,0.0,False
250,HS06,106,37108,8039,106,fully_outside,0.0,False
250,HS06,106,37109,8037,106,fully_outside,0.0,False
250,HS06,106,37110,8037,106,fully_outside,0.0,False
250,HS06,106,37111,7116,106,crosses_boundary,4.830112587024774e-05,False
250,HS06,106,37112,8040,106,fully_outside,0.0,False
250,HS06,106,37113,8040,106,fully_outside,0.0,False
250,HS06,106,37114,7120,106,fully_outside,0.0,False
250,HS06,106,37115,7120,106,fully_outside,0.0,False
250,HS06,106,37116,7120,106,fully_outside,0.0,False
250,HS06,106,37117,7120,106,fully_outside,0.0,False
250,HS06,106,37118,7120,106,fully_outside,0.0,False
250,HS06,106,37119,7120,106,fully_outside,0.0,False
250,HS06,106,37120,8039,106,fully_outside,0.0,False
250,HS06,106,37121,8038,106,fully_outside,0.0,False
250,HS06,106,37122,8040,106,fully_outside,0.0,False
250,HS06,106,37123,7120,106,fully_outside,0.0,False
250,HS06,106,37124,7120,106,fully_outside,0.0,False
250,HS06,106,37125,8040,106,fully_outside,0.0,False
250,HS06,106,37126,7120,106,fully_outside,0.0,False
250,HS06,106,37127,8041,106,fully_outside,0.0,False
250,HS06,106,37128,8040,106,fully_outside,0.0,False
250,HS06,106,37129,7120,106,fully_outside,0.0,False
250,HS06,106,37130,7120,106,fully_outside,0.0,False
250,HS06,106,37131,8041,106,fully_outside,0.0,False
250,HS06,106,37133,8040,106,fully_outside,0.0,False
250,HS06,106,37161,8053,106,fully_outside,0.0,False
250,HS06,106,37162,8053,106,fully_outside,0.0,False
250,HS06,106,37163,7120,106,fully_outside,0.0,False
250,HS06,106,37164,8053,106,fully_outside,0.0,False
250,HS06,106,37165,7120,106,fully_outside,0.0,False
250,HS06,106,37168,7120,106,fully_outside,0.0,False
250,HS06,106,37169,7120,106,fully_outside,0.0,False
250,HS06,106,37170,7120,106,fully_outside,0.0,False
250,HS06,106,37171,8053,106,fully_outside,0.0,False
250,HS06,106,37190,6891,106,fully_inside,1.0,False
250,HS06,106,37191,7120,106,fully_outside,0.0,False
250,HS06,106,37192,8040,106,fully_outside,0.0,False
250,HS06,106,37196,6891,106,fully_inside,1.0,False
250,HS06,106,37197,6891,106,fully_inside,0.999999999969336,False
250,HS06,106,37198,8057,106,fully_inside,0.9999999999863312,False
250,HS06,106,37201,6891,106,fully_inside,0.999999999994953,False
250,HS06,106,37202,6891,106,fully_inside,1.0,False
250,HS06,106,37203,8057,106,fully_inside,1.0,False
250,HS06,106,37204,8057,106,fully_inside,0.9999999999711666,False
250,HS06,106,37205,8057,106,fully_inside,1.0,False
250,HS06,106,37206,8057,106,fully_inside,1.0,False
250,HS06,106,37211,6891,106,fully_inside,1.0,False
250,HS06,106,37212,6891,106,fully_inside,1.0,False
250,HS06,106,37213,6891,106,fully_inside,0.9999999999862786,False
250,HS06,106,37214,6891,106,fully_inside,0.9999999999948436,False
250,HS06,106,37215,8058,106,fully_inside,0.9999999999901459,False
250,HS06,106,37216,8059,106,fully_inside,1.0,False
250,HS06,106,37217,8059,106,fully_inside,1.0,False
250,HS06,106,37218,8057,106,fully_inside,0.9999999999939645,False
250,HS06,106,37219,8057,106,fully_inside,1.0,False
250,HS06,106,37220,8057,106,fully_inside,1.0,False
250,HS06,106,37221,6891,106,fully_inside,1.0,False
250,HS06,106,37222,6891,106,fully_inside,0.9999999999884376,False
250,HS06,106,37223,6891,106,fully_inside,0.9999999999971905,False
250,HS06,106,37224,6891,106,fully_inside,1.0,False
250,HS06,106,37225,8060,106,fully_inside,0.9999999999901459,False
250,HS06,106,37226,8060,106,fully_inside,0.9999999999901459,False
250,HS06,106,37227,8057,106,fully_inside,0.9999999999762194,False
250,HS06,106,37228,8057,106,fully_inside,0.9999999998521673,False
250,HS06,106,37229,8057,106,fully_inside,1.0,False
250,HS06,106,37230,8061,106,crosses_boundary,0.6571362054699401,False
250,HS06,106,37231,7100,106,fully_inside,1.0,False
250,HS06,106,37232,7100,106,fully_inside,1.0,False
250,HS06,106,37233,8062,106,fully_inside,1.0,False
250,HS06,106,37234,8063,106,fully_inside,1.0,False
250,HS06,106,37235,8064,106,fully_inside,1.0,False
250,HS06,106,37236,7993,106,fully_inside,0.9999999999979227,False
250,HS06,106,37237,7993,106,fully_inside,1.0,False
250,HS06,106,37240,8062,106,fully_inside,0.9999999999860836,False
250,HS06,106,37241,8063,106,fully_inside,1.0,False
250,HS06,106,37242,8064,106,fully_inside,0.9999999999860836,False
250,HS06,106,37243,7100,106,fully_inside,0.9999999999996771,False
250,HS06,106,37244,7993,106,fully_inside,0.9999999999992695,False
250,HS06,106,37306,7100,106,fully_inside,0.9999999999999776,False
250,HS06,106,37307,8073,106,crosses_boundary,0.6674455079964683,False
250,HS06,106,37308,8074,106,fully_inside,0.999999999996699,False
250,HS06,106,37309,8075,106,fully_inside,1.0,False
250,HS06,106,37310,6889,106,fully_inside,1.0,False
250,HS06,106,37311,8074,106,fully_inside,0.999999999999702,False
250,HS06,106,37312,6889,106,fully_inside,1.0,False
250,HS06,106,37412,6891,106,fully_inside,1.0,False
250,HS06,106,37414,6891,106,fully_inside,0.9999999999974121,False
250,HS06,106,37415,6891,106,fully_inside,0.9999999999765405,False
250,HS06,106,37416,8057,106,fully_inside,0.9999999999950856,False
250,HS06,106,37417,8057,106,fully_inside,1.0,False
250,HS06,106,37418,6891,106,fully_inside,0.9999999999660107,False
250,HS06,106,37419,6891,106,fully_inside,1.0,False
250,HS06,106,37420,8086,106,fully_inside,1.0,False
250,HS06,106,37421,8087,106,fully_inside,0.9999999999839041,False
250,HS06,106,37422,8087,106,fully_inside,0.9999999999780075,False
250,HS06,106,37423,8087,106,fully_inside,0.9999999999809558,False
250,HS06,106,37424,8057,106,fully_inside,1.0,False
250,HS06,106,37425,8086,106,fully_inside,1.0,False
250,HS06,106,37426,8088,106,fully_inside,1.0,False
250,HS06,106,37427,8088,106,fully_inside,0.9999999999839041,False
250,HS06,106,37428,8088,106,fully_inside,1.0,False
250,HS06,106,37429,8088,106,fully_inside,0.9999999999839041,False
250,HS06,106,37430,8057,106,fully_inside,0.9999999999863587,False
250,HS06,106,37431,8089,106,crosses_boundary,0.7158745311603176,False
250,HS06,106,37432,8090,106,crosses_boundary,0.7039918420243391,False
250,HS06,106,37433,6891,106,fully_inside,0.999999999996867,False
250,HS06,106,37435,6891,106,fully_inside,1.0,False
250,HS06,106,37436,6891,106,fully_inside,0.9999999999925278,False
250,HS06,106,37437,6891,106,fully_inside,0.9999999999912397,False
250,HS06,106,37438,8057,106,fully_inside,1.0,False
250,HS06,106,37439,8057,106,fully_inside,1.0,False
250,HS06,106,37440,8057,106,fully_inside,0.9999999998420367,False
250,HS06,106,37441,6891,106,fully_inside,1.0,False
250,HS06,106,37442,6891,106,fully_inside,1.0,False
250,HS06,106,37443,8091,106,fully_inside,1.0,False
250,HS06,106,37444,8091,106,fully_inside,1.0,False
250,HS06,106,37445,8057,106,fully_inside,1.0,False
250,HS06,106,37446,8057,106,fully_inside,0.9999999999157969,False
250,HS06,106,37447,8092,106,fully_inside,1.0,False
250,HS06,106,37448,8092,106,fully_inside,1.0,False
250,HS06,106,37449,8093,106,fully_inside,1.0,False
250,HS06,106,37450,8093,106,fully_inside,1.0,False
250,HS06,106,37452,8057,106,crosses_boundary,0.14674381490256572,False
250,HS06,106,37454,6891,106,fully_outside,0.0,False
250,HS06,106,37455,6891,106,fully_outside,0.0,False
250,HS06,106,37456,6891,106,crosses_boundary,0.5936511471786523,False
250,HS06,106,37457,8057,106,fully_outside,0.0,False
250,HS06,106,37458,8057,106,fully_outside,0.0,False
250,HS06,106,37459,8057,106,crosses_boundary,0.6380821525491375,False
250,HS06,106,37462,6891,106,crosses_boundary,0.32275191192075553,False
250,HS06,106,37463,6891,106,crosses_boundary,0.0074216715674432195,False
250,HS06,106,37464,8057,106,crosses_boundary,0.22011572226074327,False
250,HS06,106,37465,6891,106,fully_inside,0.999999999976737,False
250,HS06,106,37466,6891,106,crosses_boundary,0.667148971023756,False
250,HS06,106,37467,6891,106,fully_inside,1.0,False
250,HS06,106,37468,8094,106,fully_inside,0.9999999999839041,False
250,HS06,106,37469,8094,106,fully_inside,1.0,False
250,HS06,106,37470,8094,106,fully_inside,1.0,False
250,HS06,106,37471,8095,106,fully_inside,1.0,False
250,HS06,106,37472,8057,106,fully_inside,0.999999999966541,False
250,HS06,106,37473,6891,106,fully_inside,1.0,False
250,HS06,106,37474,6891,106,fully_inside,0.9999999999926621,False
250,HS06,106,37475,8095,106,fully_inside,1.0,False
250,HS06,106,37476,8096,106,fully_inside,0.9999999999902595,False
250,HS06,106,37477,8096,106,fully_inside,0.9999999999902595,False
250,HS06,106,37478,8057,106,fully_inside,1.0,False
250,HS06,106,37479,8097,106,fully_inside,0.9999999999818415,False
250,HS06,106,37480,8097,106,fully_inside,0.9999999999818415,False
250,HS06,106,37481,8057,106,fully_inside,1.0,False
250,HS06,106,37482,8057,106,fully_inside,0.999999999891535,False
250,HS06,106,37483,8098,106,fully_inside,1.0,False
250,HS06,106,37484,8099,106,fully_inside,0.9999999999902595,False
250,HS06,106,37485,8098,106,fully_inside,1.0,False
250,HS06,106,37486,8098,106,fully_inside,0.9999999999780075,False
250,HS06,106,37487,8099,106,fully_inside,0.9999999999902595,False
250,HS06,106,37493,7100,106,fully_inside,1.0,False
250,HS06,106,37532,8057,106,fully_outside,0.0,False
250,HS06,106,37535,6891,106,fully_outside,0.0,False
250,HS06,106,37536,8057,106,fully_outside,0.0,False
250,HS06,106,37539,6891,106,fully_outside,0.0,False
250,HS06,106,37540,8100,106,crosses_boundary,0.2761643046294762,False
250,HS06,106,37541,8057,106,fully_outside,0.0,False
250,HS06,106,37542,8057,106,fully_outside,0.0,False
250,HS06,106,37543,8057,106,fully_outside,0.0,False
250,HS06,106,37544,6891,106,fully_outside,0.0,False
250,HS06,106,37545,6891,106,fully_outside,0.0,False
250,HS06,106,37546,6891,106,fully_outside,0.0,False
250,HS06,106,37547,6891,106,fully_outside,0.0,False
250,HS06,106,37548,8100,106,crosses_boundary,0.022265014737524947,False
250,HS06,106,37549,8101,106,fully_outside,0.0,False
250,HS06,106,37550,8101,106,fully_outside,0.0,False
250,HS06,106,37551,8101,106,fully_outside,0.0,False
250,HS06,106,37552,8057,106,fully_outside,0.0,False
250,HS06,106,37553,8057,106,fully_outside,0.0,False
250,HS06,106,37554,8057,106,fully_outside,0.0,False
250,HS06,106,37556,6891,106,fully_outside,0.0,False
250,HS06,106,37557,8057,106,fully_outside,0.0,False
250,HS06,106,37558,8057,106,fully_outside,0.0,False
250,HS06,106,37561,6891,106,fully_outside,0.0,False
250,HS06,106,37562,6891,106,fully_outside,0.0,False
250,HS06,106,37563,8057,106,fully_outside,0.0,False
250,HS06,106,37564,8057,106,fully_outside,0.0,False
250,HS06,106,37565,8102,106,fully_outside,0.0,False
250,HS06,106,37566,8102,106,fully_outside,0.0,False
250,HS06,106,37567,8057,106,fully_outside,0.0,False
250,HS06,106,37568,8057,106,fully_outside,0.0,False
250,HS06,106,37569,6891,106,fully_outside,0.0,False
250,HS06,106,37570,8103,106,fully_outside,0.0,False
250,HS06,106,37571,8104,106,fully_outside,0.0,False
250,HS06,106,37572,8104,106,fully_outside,0.0,False
250,HS06,106,37573,8103,106,fully_outside,0.0,False
250,HS06,106,37574,8057,106,fully_outside,0.0,False
250,HS06,106,37575,8057,106,fully_outside,0.0,False
250,HS06,106,37576,8105,106,fully_inside,0.9999999999818415,False
250,HS06,106,37577,8105,106,fully_inside,0.9999999999818415,False
250,HS06,106,37579,6891,106,fully_outside,0.0,False
250,HS06,106,37580,8057,106,fully_outside,0.0,False
250,HS06,106,37581,8057,106,fully_outside,0.0,False
250,HS06,106,37582,6891,106,fully_outside,0.0,False
250,HS06,106,37583,6891,106,fully_outside,0.0,False
250,HS06,106,37584,6891,106,fully_outside,0.0,False
250,HS06,106,37585,8106,106,fully_outside,0.0,False
250,HS06,106,37586,8106,106,fully_outside,0.0,False
250,HS06,106,37587,8106,106,fully_outside,0.0,False
250,HS06,106,37588,8057,106,fully_outside,0.0,False
250,HS06,106,37589,8057,106,fully_outside,0.0,False
250,HS06,106,37590,8057,106,fully_outside,0.0,False
250,HS06,106,37591,8107,106,fully_outside,0.0,False
250,HS06,106,37592,8107,106,fully_outside,0.0,False
250,HS06,106,37593,8107,106,fully_outside,0.0,False
250,HS06,106,37594,8108,106,fully_outside,0.0,False
250,HS06,106,37595,8108,106,fully_outside,0.0,False
250,HS06,106,37596,6891,106,fully_outside,0.0,False
250,HS06,106,37597,6891,106,fully_outside,0.0,False
250,HS06,106,37598,6891,106,fully_outside,0.0,False
250,HS06,106,37599,8109,106,fully_outside,0.0,False
250,HS06,106,37600,8109,106,fully_outside,0.0,False
250,HS06,106,37601,8057,106,fully_outside,0.0,False
250,HS06,106,37602,8057,106,fully_outside,0.0,False
250,HS06,106,37603,8110,106,fully_outside,0.0,False
250,HS06,106,37604,8110,106,fully_outside,0.0,False
250,HS06,106,37605,8111,106,fully_outside,0.0,False
250,HS06,106,37606,8111,106,fully_outside,0.0,False
250,HS06,106,37607,8057,106,fully_outside,0.0,False
250,HS06,106,37635,8119,110,fully_inside,0.9999999996423453,False
250,HS06,106,37636,2521,110,crosses_boundary,0.07208065263091183,False
250,HS06,106,37637,2842,110,crosses_boundary,0.5430250862343117,False
250,HS06,106,37638,2842,110,crosses_boundary,0.5401481371954645,False
250,HS06,106,37639,2842,110,crosses_boundary,0.5387191738802064,False
250,HS06,106,37640,2842,110,crosses_boundary,0.5372939908695723,False
250,HS06,106,37641,2842,110,crosses_boundary,0.5415847013764872,False
250,HS06,106,37642,2842,110,crosses_boundary,0.5330559268961069,False
250,HS06,106,37643,2842,110,crosses_boundary,0.5302577330614431,False
250,HS06,106,37644,2842,110,crosses_boundary,0.5288659804733719,False
250,HS06,106,37645,2842,110,crosses_boundary,0.535876328615386,False
250,HS06,106,37646,2842,110,crosses_boundary,0.5344624069138589,False
250,HS06,106,37647,2842,110,crosses_boundary,0.5344624069134141,False
250,HS06,106,37648,2842,110,crosses_boundary,0.5247270418944097,False
250,HS06,106,37649,2842,110,crosses_boundary,0.5219940885521882,False
250,HS06,106,37650,2842,110,crosses_boundary,0.5274815145553453,False
250,HS06,106,37651,6407,106,crosses_boundary,0.7397314130639314,False
250,HS06,106,37652,8120,106,crosses_boundary,0.7317733136507057,False
250,HS06,106,37653,6407,106,fully_inside,0.9999999999999223,False
250,HS06,106,37654,6407,106,fully_inside,1.0,False
250,HS06,106,37655,6407,106,fully_inside,1.0,False
250,HS06,106,37656,6407,106,fully_inside,0.9999999999998106,False
250,HS06,106,37657,6407,106,fully_inside,1.0,False
250,HS06,106,37658,6407,106,fully_inside,0.9999999999997596,False
250,HS06,106,37659,6407,106,fully_inside,1.0,False
250,HS06,106,37660,6407,106,fully_inside,1.0,False
250,HS06,106,37661,6407,106,fully_inside,1.0,False
250,HS06,106,37662,8121,106,fully_inside,0.9999999999944984,False
250,HS06,106,37718,6407,106,fully_inside,1.0,False
250,HS06,106,37719,6407,106,fully_inside,1.0,False
250,HS06,106,37720,6407,106,fully_inside,0.9999999999999328,False
250,HS06,106,37721,6407,106,fully_inside,0.9999999999994464,False
250,HS06,106,37722,6407,106,fully_inside,0.999999999999252,False
250,HS06,106,37723,6407,106,fully_inside,1.0,False
250,HS06,106,37724,6407,106,fully_inside,0.9999999999967273,False
250,HS06,106,37725,6407,106,fully_inside,1.0,False
250,HS06,106,37726,6407,106,fully_inside,0.999999999988727,False
250,HS06,106,37727,6407,106,fully_inside,1.0,False
250,HS06,106,37728,6407,106,fully_inside,1.0,False
250,HS06,106,37729,6407,106,fully_inside,1.0,False
250,HS06,106,37730,6407,106,fully_inside,1.0,False
250,HS06,106,37731,6407,106,fully_inside,0.999999999998789,False
250,HS06,106,37732,6407,106,fully_inside,0.9999999999961303,False
250,HS06,106,37733,6407,106,fully_inside,1.0,False
250,HS06,106,37734,6891,106,fully_inside,0.9999999999932038,False
250,HS06,106,37735,6891,106,fully_inside,0.9999999995773649,False
250,HS06,106,37736,6407,106,fully_inside,1.0,False
250,HS06,106,37737,8135,106,fully_inside,1.0,False
250,HS06,106,37738,6407,106,fully_inside,1.0,False
250,HS06,106,37739,6407,106,fully_inside,0.9999999999899496,False
250,HS06,106,37741,6407,106,fully_inside,0.9999999999999383,False
250,HS06,106,37742,6407,106,fully_inside,0.999999999999998,False
250,HS06,106,37743,6407,106,fully_inside,1.0,False
250,HS06,106,37744,6407,106,fully_inside,1.0,False
250,HS06,106,37745,6407,106,fully_inside,0.9999999999984395,False
250,HS06,106,37746,6407,106,fully_inside,0.9999999999972561,False
250,HS06,106,37747,6407,106,fully_inside,1.0,False
250,HS06,106,37748,6407,106,fully_inside,1.0,False
250,HS06,106,37749,6407,106,fully_inside,0.9999999999991577,False
250,HS06,106,37750,6407,106,fully_inside,1.0,False
250,HS06,106,37751,6407,106,fully_inside,0.9999999999966864,False
250,HS06,106,37752,6407,106,fully_inside,0.999999999990651,False
250,HS06,106,37753,6407,106,fully_inside,0.9999999999990423,False
250,HS06,106,37754,6407,106,fully_inside,1.0,False
250,HS06,106,37755,6407,106,fully_inside,1.0,False
250,HS06,106,37757,6407,106,fully_inside,0.9999999999824983,False
250,HS06,106,37758,6407,106,fully_inside,0.999999999999032,False
250,HS06,106,37761,6407,106,fully_inside,0.9999999999655711,False
250,HS06,106,37762,6407,106,fully_inside,1.0,False
250,HS06,106,37763,6407,106,fully_inside,1.0,False
250,HS06,106,37764,6407,106,fully_inside,0.9999999998058404,False
250,HS06,106,37765,8138,106,fully_inside,0.9999999999591848,False
250,HS06,106,37766,8139,106,fully_inside,1.0,False
250,HS06,106,37767,8140,106,fully_inside,1.0,False
250,HS06,106,37768,8139,106,fully_inside,0.9999999999737692,False
250,HS06,106,37769,8139,106,fully_inside,0.9999999999939364,False
250,HS06,106,37775,6407,106,fully_inside,1.0,False
250,HS06,106,37776,6407,106,fully_inside,1.0,False
250,HS06,106,37777,6407,106,fully_inside,1.0,False
250,HS06,106,37795,6407,106,fully_inside,1.0,False
250,HS06,106,37796,6407,106,fully_inside,0.9999999999978427,False
250,HS06,106,37797,6407,106,fully_inside,1.0,False
250,HS06,106,37798,6407,106,crosses_boundary,0.9472805489175278,False
250,HS06,106,37799,6407,106,crosses_boundary,0.8578172379897132,False
250,HS06,106,37800,6407,106,fully_inside,0.9999999999946358,False
250,HS06,106,37803,6407,106,fully_inside,1.0,False
250,HS06,106,37804,6407,106,fully_inside,0.9999999999720313,False
250,HS06,106,37805,6407,106,fully_inside,1.0,False
250,HS06,106,37806,6407,106,fully_inside,0.9999999998058403,False
250,HS06,106,37807,6407,106,fully_inside,1.0,False
250,HS06,106,37811,7082,106,fully_inside,0.9999999999965098,False
250,HS06,106,37812,7082,106,fully_inside,0.9999999999995576,False
250,HS06,106,37813,7084,106,fully_inside,0.9999999999997427,False
250,HS06,106,37814,8143,106,fully_inside,0.9999999999989614,False
250,HS06,106,37815,7114,106,fully_inside,0.9999999998532705,False
250,HS06,106,37816,8144,106,fully_inside,1.0,False
250,HS06,106,37817,8144,106,fully_inside,0.9999999997959057,False
250,HS06,106,37818,8145,106,fully_inside,0.9999999996008216,False
250,HS06,106,37819,8135,106,fully_inside,1.0,False
250,HS06,106,37820,8146,106,fully_inside,1.0,False
250,HS06,106,37821,8146,106,fully_inside,1.0,False
250,HS06,106,37822,8146,106,fully_inside,1.0,False
250,HS06,106,37823,8145,106,fully_inside,1.0,False
250,HS06,106,37824,8145,106,fully_inside,1.0,False
250,HS06,106,37825,8145,106,fully_inside,0.9999999999984277,False
250,HS06,106,37826,7120,106,fully_inside,1.0,False
250,HS06,106,37827,7116,106,fully_inside,1.0,False
250,HS06,106,37828,6891,106,fully_inside,0.9999999999998773,False
250,HS06,106,37829,6891,106,fully_inside,1.0,False
250,HS06,106,37830,8147,106,fully_inside,1.0,False
250,HS06,106,37831,7120,106,fully_inside,0.9999999995079777,False
250,HS06,106,37832,7120,106,fully_inside,0.9999999990335706,False
250,HS06,106,37833,7120,106,fully_inside,1.0,False
250,HS06,106,37834,7116,106,fully_inside,1.0,False
250,HS06,106,37835,7116,106,fully_inside,0.999999963856379,False
250,HS06,106,37836,8057,106,fully_inside,0.9999999999800976,False
250,HS06,106,37837,6891,106,fully_inside,0.9999999999994876,False
250,HS06,106,37838,8144,106,fully_inside,1.0,False
250,HS06,106,37839,8057,106,fully_inside,1.0,False
250,HS06,106,37840,8057,106,fully_inside,1.0,False
250,HS06,106,37841,8144,106,fully_inside,0.9999999999988927,False
250,HS06,106,37842,8057,106,fully_inside,0.999999999986174,False
250,HS06,106,37843,7120,106,fully_inside,1.0,False
250,HS06,106,37844,7120,106,fully_inside,0.9999999999967168,False
250,HS06,106,37845,6891,106,fully_inside,1.0,False
250,HS06,106,37846,7120,106,fully_inside,1.0,False
250,HS06,106,37847,8148,106,fully_inside,1.0,False
250,HS06,106,37848,8139,106,fully_inside,1.0,False
250,HS06,106,37849,8139,106,fully_inside,0.999999999999218,False
250,HS06,106,37852,8150,106,fully_inside,1.0,False
250,HS06,106,37853,8151,106,fully_inside,1.0,False
250,HS06,106,37867,8161,106,fully_inside,1.0,False
250,HS06,106,37868,8139,106,fully_inside,1.0,False
250,HS06,106,37869,8139,106,fully_inside,0.9999999999932847,False
250,HS06,106,37870,8139,106,fully_inside,1.0,False
250,HS06,106,37871,8139,106,fully_inside,0.999999999999218,False
250,HS06,106,37872,8162,106,fully_inside,0.9999999999998671,False
250,HS06,106,37874,8163,106,fully_inside,0.9999999999970784,False
250,HS06,106,37875,8164,106,fully_inside,1.0,False
250,HS06,106,37876,8150,106,fully_inside,1.0,False
250,HS06,106,37877,8148,106,fully_inside,0.9999999999989668,False
250,HS06,106,37895,8168,106,fully_inside,1.0,False
250,HS06,106,37896,8169,106,fully_inside,0.9999999999984425,False
250,HS06,106,37897,8169,106,fully_inside,1.0,False
250,HS06,106,37898,8170,106,fully_inside,0.9999999999480302,False
250,HS06,106,37899,8171,106,fully_inside,0.9999999999870115,False
250,HS06,106,37900,8169,106,fully_inside,1.0,False
250,HS06,106,37901,8172,106,fully_inside,1.0,False
250,HS06,106,37902,8173,106,fully_inside,1.0,False
250,HS06,106,37907,8177,106,fully_inside,1.0,False
250,HS06,106,37910,8179,106,fully_inside,0.9999999999997354,False
250,HS06,106,37911,8180,106,fully_inside,0.9999999999977193,False
250,HS06,106,37912,8181,106,fully_inside,0.9999999999996675,False
250,HS06,106,37913,8182,106,fully_inside,0.9999999999999821,False
250,HS06,106,37914,8183,106,fully_inside,0.99999999999797,False
250,HS06,106,37915,8184,106,fully_inside,0.9999999999991416,False
250,HS06,106,37916,8184,106,fully_inside,1.0,False
250,HS06,106,37917,8184,106,fully_inside,0.9999999999995945,False
250,HS06,106,37918,8151,106,fully_inside,0.9999999999929473,False
250,HS06,106,37925,8169,106,fully_inside,1.0,False
250,HS06,106,37926,8170,106,fully_inside,1.0,False
250,HS06,106,37927,8171,106,fully_inside,0.9999999999870068,False
250,HS06,106,37928,8189,106,fully_inside,1.0,False
250,HS06,106,37929,8168,106,fully_inside,1.0,False
250,HS06,106,37930,8169,106,fully_inside,1.0,False
250,HS06,106,37931,8169,106,fully_inside,1.0,False
250,HS06,106,37932,8173,106,fully_inside,0.9999999999810725,False
250,HS06,106,37938,8190,106,fully_inside,0.9999999999963447,False
250,HS06,106,37945,8173,106,fully_inside,1.0,False
250,HS06,106,37946,8177,106,fully_inside,1.0,False
250,HS06,106,37948,8139,106,fully_inside,1.0,False
250,HS06,106,37949,8139,106,fully_inside,0.9999999999999079,False
250,HS06,106,37955,8201,106,fully_inside,1.0,False
250,HS06,106,37956,8202,106,fully_inside,1.0,False
250,HS06,106,37991,8202,106,fully_inside,0.9999999999885907,False
250,HS06,106,37992,8207,106,fully_inside,1.0,False
250,HS06,106,37993,8207,106,fully_inside,1.0,False
250,HS06,106,38004,8139,106,fully_inside,1.0,False
250,HS06,106,38006,8161,106,fully_inside,1.0,False
250,HS06,106,38007,8163,106,fully_inside,1.0,False
250,HS06,106,38008,8164,106,fully_inside,1.0,False
250,HS06,106,38009,8162,106,fully_inside,0.9999999999983732,False
250,HS06,106,38011,8217,106,fully_inside,1.0,False
250,HS06,106,38014,8217,106,fully_inside,1.0,False
250,HS06,106,38023,8180,106,fully_inside,0.9999999999950062,False
250,HS06,106,38024,8179,106,fully_inside,1.0,False
250,HS06,106,38025,8179,106,fully_inside,1.0,False
250,HS06,106,38026,8221,106,fully_inside,1.0,False
250,HS06,106,38028,8184,106,fully_inside,0.9999999999984958,False
250,HS06,106,38030,8222,106,fully_inside,0.9999999996232595,False
250,HS06,106,38031,8222,106,fully_inside,1.0,False
250,HS06,106,38032,8222,106,fully_inside,1.0,False
250,HS06,106,38033,8222,106,fully_inside,1.0,False
250,HS06,106,38034,8222,106,fully_inside,0.9999999999016681,False
250,HS06,106,38035,8222,106,fully_inside,1.0,False
250,HS06,106,38046,8222,106,fully_inside,1.0,False
250,HS06,106,38047,8224,106,fully_inside,0.9999999999715844,False
250,HS06,106,38048,8224,106,fully_inside,1.0,False
250,HS06,106,38049,8225,106,fully_inside,0.9999999999974167,False
250,HS06,106,38062,8233,106,fully_inside,0.9999999999999079,False
250,HS06,106,38063,8225,106,fully_inside,0.9999999999885907,False
250,HS06,106,38064,8224,106,fully_inside,0.999999999955762,False
250,HS06,106,38065,8234,106,fully_inside,0.9999999999799213,False
250,HS06,106,38066,8234,106,fully_inside,1.0,False
250,HS06,106,38067,8234,106,fully_inside,0.9999999999753434,False
250,HS06,106,38070,8234,106,fully_inside,1.0,False
250,HS06,106,38075,8239,106,fully_inside,0.9999999999591848,False
250,HS06,106,38083,8181,106,fully_inside,0.9999999999996675,False
250,HS06,106,38084,8182,106,fully_inside,0.9999999999998742,False
250,HS06,106,38085,8184,106,fully_inside,0.9999999999999551,False
250,HS06,106,38092,8244,106,fully_inside,0.9999999999125802,False
250,HS06,106,38093,8233,106,fully_inside,0.9999999999954924,False
250,HS06,106,38113,8233,106,fully_inside,0.9999999999974849,False
250,HS06,106,39204,8508,106,fully_inside,1.0,False
250,HS06,106,39205,8509,106,fully_inside,0.9999999999976364,False
250,HS06,106,39206,6527,106,fully_inside,0.9999999999993442,False
250,HS06,106,39208,8510,106,fully_inside,0.9999999999999997,False
250,HS06,106,39280,8121,106,fully_inside,0.9999999999949858,False
250,HS06,106,39295,8521,110,fully_inside,1.0,False
250,HS06,106,39296,8522,110,fully_inside,1.0,False
250,HS06,106,39297,8523,110,fully_inside,0.9999999999979751,False
250,HS06,106,39298,8524,106,fully_inside,1.0,False
250,HS06,106,39299,8508,106,fully_inside,0.9999999999995439,False
250,HS06,106,39300,8509,106,fully_inside,1.0,False
250,HS06,106,39301,6527,106,fully_inside,0.9999999999985518,False
250,HS06,106,39302,8508,106,fully_inside,0.9999999999997583,False
250,HS06,106,39303,6527,106,fully_inside,1.0,False
250,HS06,106,39305,8510,106,fully_inside,0.9999999999999994,False
250,HS06,106,39307,8521,110,fully_inside,1.0,False
250,HS06,106,39308,3121,110,crosses_boundary,0.011505164768102018,False
250,HS06,106,39309,8522,110,fully_inside,1.0,False
250,HS06,106,39310,8523,110,fully_inside,1.0,False
250,HS06,106,39311,8525,106,fully_inside,0.9999999999964291,False
250,HS06,106,39312,7082,106,fully_inside,0.9999999999985877,False
250,HS06,106,39313,8525,106,fully_inside,1.0,False
250,HS06,106,39314,8526,106,fully_inside,0.9999999999931642,False
250,HS06,106,39315,7082,106,fully_inside,0.9999999999995576,False
250,HS06,106,39316,7082,106,fully_inside,1.0,False
250,HS06,106,39317,8143,106,fully_inside,0.9999999999996637,False
250,HS06,106,39318,8144,106,fully_inside,0.9999999999969226,False
250,HS06,106,39319,8057,106,fully_inside,0.9999999998953134,False
250,HS06,106,39320,6891,106,fully_inside,0.9999999999985264,False
250,HS06,106,39321,8147,106,fully_inside,1.0,False
250,HS06,106,39322,6891,106,fully_inside,1.0,False
250,HS06,106,39323,8057,106,fully_inside,1.0,False
250,HS06,106,39324,8057,106,fully_inside,0.9999999999816385,False
250,HS06,106,39325,8057,106,fully_inside,1.0,False
250,HS06,106,39326,6891,106,fully_inside,0.9999999999923614,False
250,HS06,106,39327,8144,106,fully_inside,1.0,False
250,HS06,106,39330,6891,106,fully_inside,1.0,False
250,HS06,106,39331,8527,106,fully_inside,1.0,False
250,HS06,106,39332,8527,106,fully_inside,1.0,False
250,HS06,106,39333,8057,106,fully_inside,0.9999999993253211,False
250,HS06,106,39334,8057,106,fully_inside,0.9999999999513082,False
250,HS06,106,39335,8528,106,fully_inside,0.9999999999991815,False
250,HS06,106,39336,8057,106,fully_inside,1.0,False
250,HS06,106,39337,6891,106,fully_inside,1.0,False
250,HS06,106,39338,8528,106,fully_inside,0.9999999999991815,False
250,HS06,106,39339,8529,106,fully_inside,1.0,False
250,HS06,106,39340,8529,106,fully_inside,1.0,False
250,HS06,106,39341,8058,106,fully_inside,0.9999999999901459,False
250,HS06,106,39343,8217,106,fully_inside,0.9999999999850654,False
250,HS06,106,39345,8217,106,fully_inside,0.9999999999850654,False
250,HS06,106,39349,8530,106,fully_inside,0.9999999999963576,False
250,HS06,106,39353,8532,106,fully_inside,1.0,False
250,HS06,106,39354,8532,106,fully_inside,1.0,False
250,HS06,106,39355,8533,106,fully_inside,1.0,False
250,HS06,106,39356,8533,106,fully_inside,1.0,False
250,HS06,106,39357,8533,106,fully_inside,1.0,False
250,HS06,106,39358,8533,106,fully_inside,0.9999999998580897,False
250,HS06,106,39360,8533,106,fully_inside,0.9999999998587356,False
250,HS06,106,39363,8533,106,fully_inside,1.0,False
250,HS06,106,39364,8533,106,fully_inside,0.999999999996877,False
250,HS06,106,39365,8533,106,fully_inside,1.0,False
250,HS06,106,39368,8179,106,fully_inside,0.999999999994913,False
250,HS06,106,39369,8179,106,fully_inside,1.0,False
250,HS06,106,39372,8244,106,fully_inside,0.9999999999256658,False
250,HS06,106,39386,8233,106,fully_inside,1.0,False
250,HS06,106,39394,8233,106,fully_inside,1.0,False
250,HS06,106,39395,8536,106,fully_inside,0.9999999999857861,False
250,HS06,106,39396,8536,106,fully_inside,1.0,False
250,HS06,106,39397,8537,106,crosses_boundary,0.9919104135126581,False
250,HS06,106,39398,8537,106,crosses_boundary,0.9514624810466953,False
250,HS06,106,39399,8537,106,fully_inside,0.9999999999996776,False
250,HS06,106,39400,8537,106,fully_inside,0.9999999999998276,False
250,HS06,106,39403,8537,106,crosses_boundary,0.9514624810441613,False
250,HS06,106,39420,8536,106,crosses_boundary,0.9043964063648798,False
250,HS06,106,39451,7082,106,fully_inside,1.0,False
250,HS06,106,39452,7082,106,fully_inside,1.0,False
250,HS06,106,39453,8525,106,fully_inside,0.9999999999983544,False
250,HS06,106,39454,8526,106,fully_inside,1.0,False
250,HS06,106,39455,7084,106,fully_inside,0.9999999999985518,False
250,HS06,106,39456,7082,106,fully_inside,1.0,False
250,HS06,106,39457,7082,106,fully_inside,0.9999999999995576,False
250,HS06,106,39458,7084,106,fully_inside,1.0,False
250,HS06,106,39459,8524,106,fully_inside,0.9999999999999993,False
250,HS06,106,39460,8075,106,fully_inside,1.0,False
250,HS06,106,39461,8548,106,fully_inside,1.0,False
250,HS06,106,39462,8075,106,fully_inside,0.9999999999988326,False
250,HS06,106,39463,8090,106,fully_inside,0.9999999999999538,False
250,HS06,106,39464,8549,106,fully_inside,0.999999999999561,False
250,HS06,106,39465,8090,106,fully_inside,1.0,False
250,HS06,106,39466,8550,106,fully_inside,1.0,False
250,HS06,106,39467,8551,106,fully_inside,0.9999999999997946,False
250,HS06,106,39468,8552,106,fully_inside,0.9999999999979631,False
250,HS06,106,39469,8553,106,fully_inside,0.9999999999996618,False
250,HS06,106,39470,8554,106,fully_inside,0.9999999999979917,False
250,HS06,106,39472,8556,106,fully_inside,1.0,False
250,HS06,106,39475,8550,106,fully_inside,0.9999999999979637,False
250,HS06,106,39476,8559,106,fully_inside,0.999999999999985,False
250,HS06,106,39477,8552,106,fully_inside,1.0,False
250,HS06,106,39478,8532,106,fully_inside,1.0,False
250,HS06,106,40236,6407,106,fully_outside,0.0,False
250,HS06,106,40237,6407,106,fully_outside,0.0,False
250,HS06,106,40238,8675,106,fully_inside,0.9999999999973269,False
250,HS06,106,40239,8675,106,fully_inside,1.0,False
250,HS06,106,40240,8675,106,fully_inside,1.0,False
250,HS06,106,40241,8675,106,fully_inside,0.9999999999943366,False
250,HS06,106,40242,8675,106,fully_inside,1.0,False
250,HS06,106,40243,6407,106,fully_outside,0.0,False
250,HS06,106,40244,6407,106,fully_inside,0.9999999999999417,False
250,HS06,106,40245,6407,106,fully_inside,1.0,False
250,HS06,106,40246,6407,106,fully_inside,1.0,False
250,HS06,106,40247,6407,106,fully_inside,0.9999999999980889,False
250,HS06,106,40256,6407,106,fully_outside,0.0,False
250,HS06,106,40257,6407,106,fully_outside,0.0,False
250,HS06,106,40258,6407,106,fully_outside,0.0,False
250,HS06,106,40259,6407,106,fully_outside,0.0,False
250,HS06,106,40260,6407,106,fully_outside,0.0,False
250,HS06,106,40261,6407,106,fully_outside,0.0,False
250,HS06,106,40273,6407,106,fully_outside,0.0,False
250,HS06,106,40274,6407,106,fully_outside,0.0,False
250,HS06,106,40275,6407,106,fully_outside,0.0,False
250,HS06,106,40276,6407,106,fully_outside,0.0,False
250,HS06,106,40277,6407,106,fully_inside,1.0,False
250,HS06,106,40278,6407,106,fully_inside,1.0,False
250,HS06,106,40279,6407,106,fully_inside,0.9999999999944956,False
250,HS06,106,40280,6407,106,fully_inside,1.0,False
250,HS06,106,40281,6407,106,fully_inside,1.0,False
250,HS06,106,40282,6407,106,fully_inside,0.9999999999992559,False
250,HS06,106,40283,6407,106,crosses_boundary,0.22507643411185868,False
250,HS06,106,40284,6407,106,crosses_boundary,0.5245598736328413,False
250,HS06,106,40285,6407,106,fully_outside,0.0,False
250,HS06,106,40286,8681,106,fully_outside,0.0,False
250,HS06,106,40287,8682,106,fully_outside,0.0,False
250,HS06,106,40288,8682,106,fully_outside,0.0,False
250,HS06,106,40289,8681,106,fully_outside,0.0,False
250,HS06,106,40290,8683,106,fully_outside,0.0,False
250,HS06,106,40291,8684,106,fully_outside,0.0,False
250,HS06,106,40292,8683,106,fully_outside,0.0,False
250,HS06,106,40293,8685,106,fully_outside,0.0,False
250,HS06,106,40294,6407,106,fully_inside,1.0,False
250,HS06,106,40333,6407,106,fully_outside,0.0,False
250,HS06,106,40334,6407,106,fully_outside,0.0,False
250,HS06,106,40335,6407,106,fully_outside,0.0,False
250,HS06,106,40336,6407,106,fully_outside,0.0,False
250,HS06,106,40337,6407,106,fully_outside,0.0,False
250,HS06,106,40338,6407,106,fully_outside,0.0,False
250,HS06,106,40339,6407,106,fully_outside,0.0,False
250,HS06,106,40340,6407,106,fully_outside,0.0,False
250,HS06,106,40347,6407,106,fully_outside,0.0,False
250,HS06,106,40348,6407,106,fully_outside,0.0,False
250,HS06,106,40349,6407,106,fully_outside,0.0,False
250,HS06,106,40350,6407,106,fully_outside,0.0,False
250,HS06,106,40351,6407,106,fully_outside,0.0,False
250,HS06,106,40352,6407,106,fully_outside,0.0,False
250,HS06,106,40353,6407,106,fully_outside,0.0,False
250,HS06,106,40354,6407,106,fully_outside,0.0,False
250,HS06,106,40355,6407,106,fully_outside,0.0,False
250,HS06,106,40356,6407,106,fully_outside,0.0,False
250,HS06,106,40357,6407,106,fully_outside,0.0,False
250,HS06,106,40358,8686,106,fully_outside,0.0,False
250,HS06,106,40359,8686,106,fully_outside,0.0,False
250,HS06,106,40360,8687,106,fully_outside,0.0,False
250,HS06,106,40361,6407,106,fully_inside,0.9999999999994085,False
250,HS06,106,40362,6407,106,fully_inside,0.9999999999800193,False
250,HS06,106,40363,6407,106,fully_outside,0.0,False
250,HS06,106,40364,6407,106,fully_outside,0.0,False
250,HS06,106,40365,6407,106,fully_outside,0.0,False
250,HS06,106,40366,6407,106,fully_outside,0.0,False
250,HS06,106,40367,6407,106,fully_outside,0.0,False
250,HS06,106,40368,6407,106,crosses_boundary,0.0027831268325066243,False
250,HS06,106,40369,6407,106,crosses_boundary,0.14396068805766848,False
250,HS06,106,40370,6407,106,crosses_boundary,0.5108346788914855,False
250,HS06,106,40371,6407,106,fully_inside,1.0,False
250,HS06,106,40372,6407,106,fully_inside,1.0,False
250,HS06,106,40373,6407,106,fully_inside,1.0,False
250,HS06,106,40374,6407,106,fully_outside,0.0,False
250,HS06,106,40375,6407,106,fully_outside,0.0,False
250,HS06,106,40376,6407,106,fully_outside,0.0,False
250,HS06,106,40377,6407,106,fully_outside,0.0,False
250,HS06,106,40381,6407,106,fully_outside,0.0,False
250,HS06,106,40382,6407,106,fully_outside,0.0,False
250,HS06,106,40383,6407,106,fully_outside,0.0,False
250,HS06,106,40384,6407,106,fully_outside,0.0,False
250,HS06,106,40385,6407,106,fully_outside,0.0,False
250,HS06,106,40386,6407,106,fully_outside,0.0,False
250,HS06,106,40387,6407,106,fully_outside,0.0,False
250,HS06,106,40388,6407,106,fully_outside,0.0,False
250,HS06,106,40389,6407,106,fully_outside,0.0,False
250,HS06,106,40390,6407,106,fully_outside,0.0,False
250,HS06,106,40391,6407,106,fully_outside,0.0,False
250,HS06,106,40392,6407,106,fully_inside,0.9999999999801094,False
250,HS06,106,40474,8675,106,fully_outside,0.0,False
250,HS06,106,40476,8675,106,fully_outside,0.0,False
250,HS06,106,40477,8675,106,fully_outside,0.0,False
250,HS06,106,40478,8675,106,fully_outside,0.0,False
250,HS06,106,40479,8675,106,crosses_boundary,0.0006184726270050512,False
250,HS06,106,40480,8675,106,fully_inside,0.9999999999925481,False
250,HS06,106,40481,8675,106,fully_inside,1.0,False
250,HS06,106,40482,8675,106,fully_inside,0.9999999999709751,False
250,HS06,106,40483,8675,106,fully_inside,1.0,False
250,HS06,106,40484,8722,106,fully_inside,0.9999999999547743,False
250,HS06,106,40485,8675,106,crosses_boundary,0.961874187710365,False
250,HS06,106,40486,8675,106,fully_inside,0.9999999999969037,False
250,HS06,106,40487,8675,106,fully_inside,0.9999999999840196,False
250,HS06,106,40488,8722,106,fully_inside,0.9999999999966187,False
250,HS06,106,40489,8722,106,fully_inside,1.0,False
250,HS06,106,40490,8675,106,fully_outside,0.0,False
250,HS06,106,40491,8675,106,crosses_boundary,0.011729602760086714,False
250,HS06,106,40492,8675,106,fully_inside,1.0,False
250,HS06,106,40493,8675,106,fully_inside,0.9999999999961743,False
250,HS06,106,40494,8722,106,fully_inside,1.0,False
250,HS06,106,40495,8722,106,fully_inside,0.9999999999629929,False
250,HS06,106,40496,8675,106,crosses_boundary,0.9947928445456121,False
250,HS06,106,40497,8722,106,fully_inside,1.0,False
250,HS06,106,40498,8722,106,crosses_boundary,0.9994139695719221,False
250,HS06,106,40504,8681,106,fully_outside,0.0,False
250,HS06,106,40505,8681,106,fully_outside,0.0,False
250,HS06,106,40506,8681,106,fully_outside,0.0,False
250,HS06,106,40513,8725,106,fully_outside,0.0,False
250,HS06,106,40514,8681,106,fully_outside,0.0,False
250,HS06,106,40517,8727,106,fully_outside,0.0,False
250,HS06,106,40518,8685,106,fully_outside,0.0,False
250,HS06,106,40520,8681,106,fully_outside,0.0,False
250,HS06,106,40523,8685,106,fully_outside,0.0,False
250,HS06,106,40524,8681,106,fully_outside,0.0,False
250,HS06,106,40525,8681,106,fully_outside,0.0,False
250,HS06,106,40526,8728,106,fully_outside,0.0,False
250,HS06,106,40527,8685,106,fully_outside,0.0,False
250,HS06,106,40528,8681,106,fully_outside,0.0,False
250,HS06,106,40529,8685,106,fully_outside,0.0,False
250,HS06,106,40530,8681,106,fully_outside,0.0,False
250,HS06,106,40531,8685,106,fully_outside,0.0,False
250,HS06,106,40532,8682,106,fully_outside,0.0,False
250,HS06,106,40533,8682,106,fully_outside,0.0,False
250,HS06,106,40534,8682,106,fully_outside,0.0,False
250,HS06,106,40535,8682,106,fully_outside,0.0,False
250,HS06,106,40536,8729,106,fully_outside,0.0,False
250,HS06,106,40541,8675,106,fully_outside,0.0,False
250,HS06,106,40542,8675,106,fully_outside,0.0,False
250,HS06,106,40543,8675,106,fully_outside,0.0,False
250,HS06,106,40544,8675,106,fully_outside,0.0,False
250,HS06,106,40545,8722,106,crosses_boundary,0.40121467375915854,False
250,HS06,106,40546,8722,106,crosses_boundary,0.7709333693626388,False
250,HS06,106,40547,8722,106,crosses_boundary,0.5539674347538873,False
250,HS06,106,40548,8675,106,fully_outside,0.0,False
250,HS06,106,40549,8722,106,crosses_boundary,0.2969240834013027,False
250,HS06,106,40550,8722,106,crosses_boundary,0.24326184169455534,False
250,HS06,106,40554,8681,106,fully_outside,0.0,False
250,HS06,106,40555,8681,106,fully_outside,0.0,False
250,HS06,106,40559,8732,106,fully_outside,0.0,False
250,HS06,106,40560,8681,106,fully_outside,0.0,False
250,HS06,106,40561,8681,106,fully_outside,0.0,False
250,HS06,106,40562,8681,106,fully_outside,0.0,False
250,HS06,106,40565,8733,106,fully_outside,0.0,False
250,HS06,106,40566,8727,106,fully_outside,0.0,False
250,HS06,106,40567,8685,106,fully_outside,0.0,False
250,HS06,106,40568,8685,106,fully_outside,0.0,False
250,HS06,106,40569,8685,106,fully_outside,0.0,False
250,HS06,106,40589,8685,106,fully_outside,0.0,False
250,HS06,106,40591,8681,106,fully_outside,0.0,False
250,HS06,106,40592,8683,106,fully_outside,0.0,False
250,HS06,106,40593,8685,106,fully_outside,0.0,False
250,HS06,106,40594,8681,106,fully_outside,0.0,False
250,HS06,106,40595,8685,106,fully_outside,0.0,False
250,HS06,106,40596,8681,106,fully_outside,0.0,False
250,HS06,106,40597,8682,106,fully_outside,0.0,False
250,HS06,106,40746,8686,106,fully_outside,0.0,False
250,HS06,106,40747,8686,106,fully_outside,0.0,False
250,HS06,106,40748,8686,106,fully_outside,0.0,False
250,HS06,106,40750,8780,106,fully_outside,0.0,False
250,HS06,106,40751,8780,106,fully_outside,0.0,False
250,HS06,106,40755,8782,106,fully_outside,0.0,False
250,HS06,106,40758,8686,106,fully_outside,0.0,False
250,HS06,106,40760,8784,106,fully_outside,0.0,False
250,HS06,106,40764,8780,106,fully_outside,0.0,False
250,HS06,106,40765,8686,106,fully_outside,0.0,False
250,HS06,106,40766,8780,106,fully_outside,0.0,False
250,HS06,106,40770,8686,106,fully_outside,0.0,False
250,HS06,106,40771,8786,106,fully_outside,0.0,False
250,HS06,106,40772,8780,106,fully_outside,0.0,False
250,HS06,106,40773,8780,106,fully_outside,0.0,False
250,HS06,106,40774,8686,106,fully_outside,0.0,False
250,HS06,106,40775,8686,106,fully_outside,0.0,False
250,HS06,106,40776,8780,106,fully_outside,0.0,False
250,HS06,106,40777,8787,106,fully_outside,0.0,False
250,HS06,106,40778,8788,106,fully_outside,0.0,False
250,HS06,106,40779,8788,106,fully_outside,0.0,False
250,HS06,106,40780,8789,106,fully_outside,0.0,False
250,HS06,106,40781,8790,106,fully_outside,0.0,False
250,HS06,106,40782,8791,106,fully_outside,0.0,False
250,HS06,106,40783,8792,106,fully_outside,0.0,False
250,HS06,106,40789,8686,106,fully_outside,0.0,False
250,HS06,106,40790,8686,106,fully_outside,0.0,False
250,HS06,106,40792,8780,106,fully_outside,0.0,False
250,HS06,106,40793,8780,106,fully_outside,0.0,False
250,HS06,106,40797,8686,106,fully_outside,0.0,False
250,HS06,106,40798,8686,106,fully_outside,0.0,False
250,HS06,106,40799,8686,106,fully_outside,0.0,False
250,HS06,106,40800,8686,106,fully_outside,0.0,False
250,HS06,106,40803,8784,106,fully_outside,0.0,False
250,HS06,106,40805,8780,106,fully_outside,0.0,False
250,HS06,106,40806,8780,106,fully_outside,0.0,False
250,HS06,106,40825,8687,106,fully_outside,0.0,False
250,HS06,106,40826,8780,106,fully_outside,0.0,False
250,HS06,106,40827,8686,106,fully_outside,0.0,False
250,HS06,106,40828,8686,106,fully_outside,0.0,False
250,HS06,106,40829,8780,106,fully_outside,0.0,False
250,HS06,106,40830,8788,106,fully_outside,0.0,False
250,HS06,106,41569,8960,106,fully_outside,0.0,False
250,HS06,106,41570,8961,106,crosses_boundary,0.2761643048206326,False
250,HS06,106,41573,8964,106,crosses_boundary,0.016304868321662554,False
250,HS06,106,41574,6407,106,fully_inside,1.0,False
250,HS06,106,41575,6407,106,fully_inside,1.0,False
250,HS06,106,41576,6407,106,fully_inside,1.0,False
250,HS06,106,41577,8961,106,fully_inside,0.9999999999204623,False
250,HS06,106,41578,8965,106,fully_inside,1.0,False
250,HS06,106,41581,6407,106,crosses_boundary,0.3141329309524545,False
250,HS06,106,41609,6407,106,crosses_boundary,0.09670803307141203,False
250,HS06,106,41614,6407,106,crosses_boundary,0.13901779753596805,False
250,HS06,106,41615,6407,106,crosses_boundary,0.8281296992192206,False
250,HS06,106,41623,6407,106,fully_inside,1.0,False
250,HS06,106,41682,6407,106,fully_outside,0.0,False
250,HS06,106,41683,6407,106,fully_outside,0.0,False
250,HS06,106,41693,6407,106,crosses_boundary,0.599905258215968,False
250,HS06,106,41960,8964,106,crosses_boundary,0.018342976791903193,False
250,HS06,106,41961,8964,106,crosses_boundary,0.16190607537621493,False
250,HS06,106,41962,9041,106,fully_outside,0.0,False
250,HS06,106,41963,8965,106,fully_inside,1.0,False
250,HS06,106,42014,9071,106,fully_outside,0.0,False
250,HS06,106,42016,9071,106,fully_outside,0.0,False
250,HS06,106,42024,9071,106,fully_outside,0.0,False
250,HS06,106,42025,9071,106,fully_outside,0.0,False
250,HS06,106,42026,9071,106,fully_outside,0.0,False
250,HS06,106,42146,9071,106,fully_outside,0.0,False
250,HS06,106,42155,9071,106,fully_outside,0.0,False
250,HS06,106,42156,9071,106,fully_outside,0.0,False
250,HS06,106,42721,8722,106,crosses_boundary,0.12024808645395971,False
250,HS06,106,42722,8722,106,crosses_boundary,0.09857987227826699,False
250,HS06,106,42723,8722,106,crosses_boundary,0.20140948082801025,False
250,HS06,106,42724,8722,106,crosses_boundary,0.17058088465497762,False
250,HS06,106,42725,8722,106,crosses_boundary,0.14555590493188544,False
250,HS06,106,42733,9208,106,fully_outside,0.0,False
250,HS06,106,42734,9208,106,fully_outside,0.0,False
250,HS06,106,42735,9208,106,fully_outside,0.0,False
250,HS06,106,42736,9208,106,fully_outside,0.0,False
250,HS06,106,42737,8681,106,fully_outside,0.0,False
250,HS06,106,42741,9211,106,fully_outside,0.0,False
250,HS06,106,42743,9212,106,fully_outside,0.0,False
250,HS06,106,42744,9213,106,fully_outside,0.0,False
250,HS06,106,42745,9213,106,fully_outside,0.0,False
250,HS06,106,42746,8685,106,fully_outside,0.0,False
250,HS06,106,42747,9213,106,fully_outside,0.0,False
250,HS06,106,42753,8681,106,fully_outside,0.0,False
250,HS06,106,42757,8681,106,fully_outside,0.0,False
250,HS06,106,42760,9215,106,fully_outside,0.0,False
250,HS06,106,42761,8681,106,fully_outside,0.0,False
250,HS06,106,42762,8681,106,fully_outside,0.0,False
250,HS06,106,42763,8681,106,fully_outside,0.0,False
250,HS06,106,42764,8681,106,fully_outside,0.0,False
250,HS06,106,42771,8685,106,fully_outside,0.0,False
250,HS06,106,42772,8685,106,fully_outside,0.0,False
250,HS06,106,42775,8685,106,fully_outside,0.0,False
250,HS06,106,42776,8685,106,fully_outside,0.0,False
250,HS06,106,42781,9218,106,fully_outside,0.0,False
250,HS06,106,42782,8681,106,fully_outside,0.0,False
250,HS06,106,42783,9219,106,fully_outside,0.0,False
250,HS06,106,42784,8681,106,fully_outside,0.0,False
250,HS06,106,42785,9219,106,fully_outside,0.0,False
250,HS06,106,42791,8685,106,fully_outside,0.0,False
250,HS06,106,42792,8685,106,fully_outside,0.0,False
250,HS06,106,42793,9222,106,fully_outside,0.0,False
250,HS06,106,42794,9223,106,fully_outside,0.0,False
250,HS06,106,42795,8685,106,fully_outside,0.0,False
250,HS06,106,42796,9219,106,fully_outside,0.0,False
250,HS06,106,42797,8681,106,fully_outside,0.0,False
250,HS06,106,42798,9218,106,fully_outside,0.0,False
250,HS06,106,42799,9218,106,fully_outside,0.0,False
250,HS06,106,42800,8681,106,fully_outside,0.0,False
250,HS06,106,42801,8681,106,fully_outside,0.0,False
250,HS06,106,42802,9224,106,fully_outside,0.0,False
250,HS06,106,42803,8681,106,fully_outside,0.0,False
250,HS06,106,42804,9218,106,fully_outside,0.0,False
250,HS06,106,42805,9219,106,fully_outside,0.0,False
250,HS06,106,42806,9219,106,fully_outside,0.0,False
250,HS06,106,42807,9225,106,fully_outside,0.0,False
250,HS06,106,42808,9226,106,fully_outside,0.0,False
250,HS06,106,42809,9226,106,fully_outside,0.0,False
250,HS06,106,42810,9219,106,fully_outside,0.0,False
250,HS06,106,42811,8685,106,fully_outside,0.0,False
250,HS06,106,42812,9219,106,fully_outside,0.0,False
250,HS06,106,42813,9226,106,fully_outside,0.0,False
250,HS06,106,42814,9227,106,fully_outside,0.0,False
250,HS06,106,42815,9226,106,fully_outside,0.0,False
250,HS06,106,42816,8685,106,fully_outside,0.0,False
250,HS06,106,42817,8682,106,fully_outside,0.0,False
250,HS06,106,42818,8682,106,fully_outside,0.0,False
250,HS06,106,42819,8682,106,fully_outside,0.0,False
250,HS06,106,42820,8729,106,fully_outside,0.0,False
250,HS06,106,42821,8681,106,fully_outside,0.0,False
250,HS06,106,42822,8683,106,fully_outside,0.0,False
250,HS06,106,42823,8685,106,fully_outside,0.0,False
250,HS06,106,42824,8681,106,fully_outside,0.0,False
250,HS06,106,42825,8681,106,fully_outside,0.0,False
250,HS06,106,42826,8685,106,fully_outside,0.0,False
250,HS06,106,42829,8722,106,crosses_boundary,0.08177625545897432,False
250,HS06,106,42837,8675,106,fully_inside,1.0,False
250,HS06,106,42840,8675,106,fully_inside,1.0,False
250,HS06,106,42841,7120,106,fully_inside,0.9999999999242418,False
250,HS06,106,42844,7120,106,fully_inside,1.0,False
250,HS06,106,42845,7120,106,fully_inside,1.0,False
250,HS06,106,42846,7120,106,fully_inside,1.0,False
250,HS06,106,42849,7120,106,fully_inside,1.0,False
250,HS06,106,42850,8675,106,fully_inside,0.9999999999888307,False
250,HS06,106,42851,8675,106,fully_inside,0.9999999999953314,False
250,HS06,106,42852,8675,106,fully_inside,0.9999999999863531,False
250,HS06,106,42857,7120,106,fully_inside,0.9999999999922433,False
250,HS06,106,42858,8675,106,fully_inside,1.0,False
250,HS06,106,42859,7120,106,fully_inside,0.9999999999990956,False
250,HS06,106,42860,7120,106,fully_inside,1.0,False
250,HS06,106,42861,8675,106,fully_inside,0.999999999997165,False
250,HS06,106,42862,7120,106,fully_inside,1.0,False
250,HS06,106,42863,9229,106,fully_inside,0.9999999999921696,False
250,HS06,106,42864,8675,106,fully_inside,1.0,False
250,HS06,106,42865,9230,106,fully_inside,0.9999999999921696,False
250,HS06,106,42866,9229,106,fully_inside,0.9999999999921696,False
250,HS06,106,42867,7120,106,fully_inside,1.0,False
250,HS06,106,42868,7120,106,fully_inside,1.0,False
250,HS06,106,42869,7120,106,fully_inside,0.9999999999794171,False
250,HS06,106,42870,8675,106,fully_inside,1.0,False
250,HS06,106,42871,8675,106,fully_inside,1.0,False
250,HS06,106,42872,9231,106,fully_inside,0.9999999999921696,False
250,HS06,106,42873,9231,106,fully_inside,0.9999999999921696,False
250,HS06,106,42874,9219,106,fully_outside,0.0,False
250,HS06,106,42875,9219,106,fully_outside,0.0,False
250,HS06,106,42876,8681,106,fully_outside,0.0,False
250,HS06,106,42877,9224,106,fully_outside,0.0,False
250,HS06,106,42878,9219,106,fully_outside,0.0,False
250,HS06,106,42879,9219,106,fully_outside,0.0,False
250,HS06,106,42880,9219,106,fully_outside,0.0,False
250,HS06,106,42881,9227,106,fully_outside,0.0,False
250,HS06,106,42882,9232,106,fully_outside,0.0,False
250,HS06,106,42883,8681,106,fully_outside,0.0,False
250,HS06,106,42884,9224,106,fully_outside,0.0,False
250,HS06,106,42885,9233,106,fully_outside,0.0,False
250,HS06,106,42886,9233,106,fully_outside,0.0,False
250,HS06,106,42887,9219,106,fully_outside,0.0,False
250,HS06,106,42888,9233,106,fully_outside,0.0,False
250,HS06,106,42889,9233,106,fully_outside,0.0,False
250,HS06,106,42890,9233,106,fully_outside,0.0,False
250,HS06,106,42891,9233,106,fully_outside,0.0,False
250,HS06,106,42892,9233,106,fully_outside,0.0,False
250,HS06,106,42893,9227,106,fully_outside,0.0,False
250,HS06,106,42894,9232,106,fully_outside,0.0,False
250,HS06,106,42895,9233,106,fully_outside,0.0,False
250,HS06,106,42896,8682,106,fully_outside,0.0,False
250,HS06,106,42897,8681,106,fully_outside,0.0,False
250,HS06,106,42898,9233,106,fully_outside,0.0,False
250,HS06,106,42899,9233,106,fully_outside,0.0,False
250,HS06,106,42900,9233,106,fully_outside,0.0,False
250,HS06,106,42901,9233,106,fully_outside,0.0,False
250,HS06,106,42902,9233,106,fully_outside,0.0,False
250,HS06,106,42903,9234,106,fully_outside,0.0,False
250,HS06,106,42904,8682,106,fully_outside,0.0,False
250,HS06,106,42905,9233,106,fully_outside,0.0,False
250,HS06,106,42906,9233,106,fully_outside,0.0,False
250,HS06,106,42907,9233,106,fully_outside,0.0,False
250,HS06,106,43023,9254,106,fully_outside,0.0,False
250,HS06,106,43024,9254,106,fully_outside,0.0,False
250,HS06,106,43025,9254,106,fully_outside,0.0,False
250,HS06,106,43026,9254,106,fully_outside,0.0,False
250,HS06,106,43027,9254,106,fully_outside,0.0,False
250,HS06,106,43028,8686,106,fully_outside,0.0,False
250,HS06,106,43033,9257,106,fully_outside,0.0,False
250,HS06,106,43035,8780,106,fully_outside,0.0,False
250,HS06,106,43038,9260,106,fully_outside,0.0,False
250,HS06,106,43039,9261,106,fully_outside,0.0,False
250,HS06,106,43043,9263,106,fully_outside,0.0,False
250,HS06,106,43047,9264,106,fully_outside,0.0,False
250,HS06,106,43048,8686,106,fully_outside,0.0,False
250,HS06,106,43049,8686,106,fully_outside,0.0,False
250,HS06,106,43050,8686,106,fully_outside,0.0,False
250,HS06,106,43053,8686,106,fully_outside,0.0,False
250,HS06,106,43060,8780,106,fully_outside,0.0,False
250,HS06,106,43061,8780,106,fully_outside,0.0,False
250,HS06,106,43062,9266,106,fully_outside,0.0,False
250,HS06,106,43063,8780,106,fully_outside,0.0,False
250,HS06,106,43064,9267,106,fully_outside,0.0,False
250,HS06,106,43066,9266,106,fully_outside,0.0,False
250,HS06,106,43068,8780,106,fully_outside,0.0,False
250,HS06,106,43069,8780,106,fully_outside,0.0,False
250,HS06,106,43073,9264,106,fully_outside,0.0,False
250,HS06,106,43074,8686,106,fully_outside,0.0,False
250,HS06,106,43075,9263,106,fully_outside,0.0,False
250,HS06,106,43076,8686,106,fully_outside,0.0,False
250,HS06,106,43077,9269,106,fully_outside,0.0,False
250,HS06,106,43078,9269,106,fully_outside,0.0,False
250,HS06,106,43084,8780,106,fully_outside,0.0,False
250,HS06,106,43085,9272,106,fully_outside,0.0,False
250,HS06,106,43086,9266,106,fully_outside,0.0,False
250,HS06,106,43087,8780,106,fully_outside,0.0,False
250,HS06,106,43088,9266,106,fully_outside,0.0,False
250,HS06,106,43089,8780,106,fully_outside,0.0,False
250,HS06,106,43090,9269,106,fully_outside,0.0,False
250,HS06,106,43091,9273,106,fully_outside,0.0,False
250,HS06,106,43092,9274,106,fully_outside,0.0,False
250,HS06,106,43093,8686,106,fully_outside,0.0,False
250,HS06,106,43094,9275,106,fully_outside,0.0,False
250,HS06,106,43095,9275,106,fully_outside,0.0,False
250,HS06,106,43096,8686,106,fully_outside,0.0,False
250,HS06,106,43097,9269,106,fully_outside,0.0,False
250,HS06,106,43098,9269,106,fully_outside,0.0,False
250,HS06,106,43099,9269,106,fully_outside,0.0,False
250,HS06,106,43100,9276,106,fully_outside,0.0,False
250,HS06,106,43101,9276,106,fully_outside,0.0,False
250,HS06,106,43102,9269,106,fully_outside,0.0,False
250,HS06,106,43103,8780,106,fully_outside,0.0,False
250,HS06,106,43104,9269,106,fully_outside,0.0,False
250,HS06,106,43105,9276,106,fully_outside,0.0,False
250,HS06,106,43106,9277,106,fully_outside,0.0,False
250,HS06,106,43107,8787,106,fully_outside,0.0,False
250,HS06,106,43108,8788,106,fully_outside,0.0,False
250,HS06,106,43109,8790,106,fully_outside,0.0,False
250,HS06,106,43110,8789,106,fully_outside,0.0,False
250,HS06,106,43111,8788,106,fully_outside,0.0,False
250,HS06,106,43112,8791,106,fully_outside,0.0,False
250,HS06,106,43113,8792,106,fully_outside,0.0,False
250,HS06,106,43114,8780,106,fully_outside,0.0,False
250,HS06,106,43115,8686,106,fully_outside,0.0,False
250,HS06,106,43116,8686,106,fully_outside,0.0,False
250,HS06,106,43117,9269,106,fully_outside,0.0,False
250,HS06,106,43118,9269,106,fully_outside,0.0,False
250,HS06,106,43119,9274,106,fully_outside,0.0,False
250,HS06,106,43120,9273,106,fully_outside,0.0,False
250,HS06,106,43121,8686,106,fully_outside,0.0,False
250,HS06,106,43122,9269,106,fully_outside,0.0,False
250,HS06,106,43123,9269,106,fully_outside,0.0,False
250,HS06,106,43124,9269,106,fully_outside,0.0,False
250,HS06,106,43125,9269,106,fully_outside,0.0,False
250,HS06,106,43126,9269,106,fully_outside,0.0,False
250,HS06,106,43127,9277,106,fully_outside,0.0,False
250,HS06,106,43128,8780,106,fully_outside,0.0,False
250,HS06,106,43129,8780,106,fully_outside,0.0,False
250,HS06,106,43130,8780,106,fully_outside,0.0,False
250,HS06,106,43131,9274,106,fully_outside,0.0,False
250,HS06,106,43132,9278,106,fully_outside,0.0,False
250,HS06,106,43133,9273,106,fully_outside,0.0,False
250,HS06,106,43134,8686,106,fully_outside,0.0,False
250,HS06,106,43135,9279,106,fully_outside,0.0,False
250,HS06,106,43136,9279,106,fully_outside,0.0,False
250,HS06,106,43137,9269,106,fully_outside,0.0,False
250,HS06,106,43138,9279,106,fully_outside,0.0,False
250,HS06,106,43139,9279,106,fully_outside,0.0,False
250,HS06,106,43140,9279,106,fully_outside,0.0,False
250,HS06,106,43141,9279,106,fully_outside,0.0,False
250,HS06,106,43142,9279,106,fully_outside,0.0,False
250,HS06,106,43143,9280,106,fully_outside,0.0,False
250,HS06,106,43144,8780,106,fully_outside,0.0,False
250,HS06,106,43145,8788,106,fully_outside,0.0,False
250,HS06,106,43146,9279,106,fully_outside,0.0,False
250,HS06,106,43147,9279,106,fully_outside,0.0,False
250,HS06,106,43148,9279,106,fully_outside,0.0,False
250,HS06,106,43149,9279,106,fully_outside,0.0,False
250,HS06,106,43150,9281,106,fully_outside,0.0,False
250,HS06,106,43151,8788,106,fully_outside,0.0,False
250,HS06,106,43152,9279,106,fully_outside,0.0,False
250,HS06,106,43153,9279,106,fully_outside,0.0,False
250,HS06,106,43154,9279,106,fully_outside,0.0,False
250,HS06,106,43155,9279,106,fully_outside,0.0,False
250,HS06,106,43170,7120,106,fully_inside,0.9999999999967092,False
250,HS06,106,43171,8675,106,fully_inside,0.9999999999969377,False
250,HS06,106,43174,7120,106,fully_inside,1.0,False
250,HS06,106,43175,8675,106,fully_inside,1.0,False
250,HS06,106,43176,7120,106,fully_inside,1.0,False
250,HS06,106,43177,7120,106,fully_inside,1.0,False
250,HS06,106,43178,8675,106,fully_inside,1.0,False
250,HS06,106,43179,9284,106,fully_inside,0.9999999999921696,False
250,HS06,106,43180,9285,106,fully_inside,0.9999999999809558,False
250,HS06,106,43181,9285,106,fully_inside,0.9999999999809558,False
250,HS06,106,43182,7120,106,fully_inside,1.0,False
250,HS06,106,43183,9284,106,fully_inside,0.9999999999921696,False
250,HS06,106,43184,8675,106,fully_inside,0.9999999999767092,False
250,HS06,106,43185,9286,106,fully_inside,1.0,False
250,HS06,106,43186,9286,106,fully_inside,0.9999999998899881,False
250,HS06,106,43187,8675,106,fully_inside,0.999999999889165,False
250,HS06,106,43188,9286,106,fully_inside,1.0,False
250,HS06,106,43189,9286,106,fully_inside,0.9999999998899881,False
250,HS06,106,43190,7120,106,fully_inside,0.9999999999931761,False
250,HS06,106,43192,7120,106,fully_inside,0.999999999991705,False
250,HS06,106,43193,7120,106,fully_inside,0.9999999999937796,False
250,HS06,106,43194,8675,106,fully_inside,1.0,False
250,HS06,106,43195,8675,106,fully_inside,0.9999999999611515,False
250,HS06,106,43196,8675,106,fully_inside,1.0,False
250,HS06,106,43197,7120,106,fully_inside,1.0,False
250,HS06,106,43198,7120,106,fully_inside,1.0,False
250,HS06,106,43199,8675,106,fully_inside,1.0,False
250,HS06,106,43200,9287,106,fully_inside,0.9999999999921696,False
250,HS06,106,43201,9287,106,fully_inside,0.9999999999921696,False
250,HS06,106,43202,8675,106,fully_inside,1.0,False
250,HS06,106,43203,9288,106,fully_inside,0.9999999999921696,False
250,HS06,106,43204,9288,106,fully_inside,0.9999999999921696,False
250,HS06,106,43205,9289,106,fully_inside,0.9999999999921696,False
250,HS06,106,43206,9289,106,fully_inside,0.9999999999921696,False
250,HS06,106,43211,7120,106,fully_outside,0.0,False
250,HS06,106,43212,7120,106,fully_outside,0.0,False
250,HS06,106,43213,7120,106,crosses_boundary,0.4290989373455536,False
250,HS06,106,43215,7120,106,fully_outside,0.0,False
250,HS06,106,43216,7120,106,crosses_boundary,0.011132507334213034,False
250,HS06,106,43217,8675,106,fully_outside,0.0,False
250,HS06,106,43218,8675,106,crosses_boundary,0.025822874089980057,False
250,HS06,106,43219,7120,106,fully_outside,0.0,False
250,HS06,106,43220,8675,106,fully_outside,0.0,False
250,HS06,106,43221,7120,106,crosses_boundary,0.7758400338190382,False
250,HS06,106,43222,7120,106,fully_inside,1.0,False
250,HS06,106,43223,8675,106,fully_inside,0.999999999961188,False
250,HS06,106,43224,7120,106,fully_inside,1.0,False
250,HS06,106,43225,8675,106,crosses_boundary,0.794001142134126,False
250,HS06,106,43226,8675,106,fully_inside,1.0,False
250,HS06,106,43227,9290,106,fully_inside,0.9999999999809558,False
250,HS06,106,43228,9290,106,fully_inside,0.9999999999839041,False
250,HS06,106,43229,9290,106,fully_inside,0.9999999999780075,False
250,HS06,106,43230,9291,106,fully_inside,0.9999999999921696,False
250,HS06,106,43231,7120,106,fully_inside,0.9999999999995116,False
250,HS06,106,43232,7120,106,fully_inside,1.0,False
250,HS06,106,43233,8675,106,fully_inside,0.9999999999804136,False
250,HS06,106,43234,9291,106,fully_inside,0.9999999999921696,False
250,HS06,106,43235,9292,106,fully_inside,0.9999999999921696,False
250,HS06,106,43236,9292,106,fully_inside,0.9999999999921696,False
250,HS06,106,43237,9293,106,fully_inside,0.9999999999921696,False
250,HS06,106,43238,8675,106,fully_inside,1.0,False
250,HS06,106,43239,7120,106,crosses_boundary,0.7145494686796476,False
250,HS06,106,43240,9293,106,fully_inside,0.9999999999921696,False
250,HS06,106,43241,9294,106,fully_inside,1.0,False
250,HS06,106,43242,9294,106,fully_inside,0.9999999999780075,False
250,HS06,106,43243,9294,106,fully_inside,1.0,False
250,HS06,106,43244,9295,106,fully_inside,0.9999999999921696,False
250,HS06,106,43245,9295,106,fully_inside,0.9999999999921696,False
250,HS06,106,43246,9296,106,fully_inside,0.9999999999999593,False
250,HS06,106,43247,9297,106,fully_inside,0.9999999999999604,False
250,HS06,106,43248,9296,106,fully_inside,1.0,False
250,HS06,106,43249,9298,106,fully_inside,0.9999999999996537,False
250,HS06,106,43250,9299,106,fully_inside,1.0,False
250,HS06,106,43251,9299,106,fully_inside,0.999999999999769,False
250,HS06,106,43257,7120,106,fully_outside,0.0,False
250,HS06,106,43261,8675,106,fully_outside,0.0,False
250,HS06,106,43262,7120,106,fully_outside,0.0,False
250,HS06,106,43263,8675,106,fully_outside,0.0,False
250,HS06,106,43264,7120,106,fully_outside,0.0,False
250,HS06,106,43265,8675,106,fully_outside,0.0,False
250,HS06,106,43266,9300,106,crosses_boundary,0.27616430474545794,False
250,HS06,106,43267,7120,106,fully_outside,0.0,False
250,HS06,106,43268,7120,106,fully_outside,0.0,False
250,HS06,106,43269,8675,106,fully_outside,0.0,False
250,HS06,106,43270,9300,106,crosses_boundary,0.022265014672232818,False
250,HS06,106,43271,9301,106,fully_outside,0.0,False
250,HS06,106,43272,9301,106,fully_outside,0.0,False
250,HS06,106,43273,9301,106,fully_outside,0.0,False
250,HS06,106,43275,7120,106,fully_outside,0.0,False
250,HS06,106,43276,7120,106,fully_outside,0.0,False
250,HS06,106,43279,7120,106,fully_outside,0.0,False
250,HS06,106,43280,7120,106,fully_outside,0.0,False
250,HS06,106,43281,8675,106,fully_outside,0.0,False
250,HS06,106,43282,8675,106,fully_outside,0.0,False
250,HS06,106,43283,7120,106,fully_outside,0.0,False
250,HS06,106,43284,8675,106,fully_outside,0.0,False
250,HS06,106,43285,7120,106,fully_outside,0.0,False
250,HS06,106,43286,9302,106,fully_outside,0.0,False
250,HS06,106,43287,9302,106,fully_outside,0.0,False
250,HS06,106,43288,7120,106,fully_outside,0.0,False
250,HS06,106,43289,8675,106,fully_outside,0.0,False
250,HS06,106,43290,9303,106,fully_outside,0.0,False
250,HS06,106,43291,7120,106,fully_outside,0.0,False
250,HS06,106,43292,9304,106,fully_outside,0.0,False
250,HS06,106,43293,9304,106,fully_outside,0.0,False
250,HS06,106,43294,9303,106,fully_outside,0.0,False
250,HS06,106,43295,9305,106,fully_inside,0.9999999999921696,False
250,HS06,106,43296,9305,106,fully_inside,0.9999999999921696,False
250,HS06,106,43298,7120,106,fully_outside,0.0,False
250,HS06,106,43299,8675,106,fully_outside,0.0,False
250,HS06,106,43300,7120,106,fully_outside,0.0,False
250,HS06,106,43301,8675,106,fully_outside,0.0,False
250,HS06,106,43302,7120,106,fully_outside,0.0,False
250,HS06,106,43303,8675,106,fully_outside,0.0,False
250,HS06,106,43304,7120,106,fully_outside,0.0,False
250,HS06,106,43305,9306,106,fully_outside,0.0,False
250,HS06,106,43306,9306,106,fully_outside,0.0,False
250,HS06,106,43307,9306,106,fully_outside,0.0,False
250,HS06,106,43308,9307,106,fully_outside,0.0,False
250,HS06,106,43309,9307,106,fully_outside,0.0,False
250,HS06,106,43310,9307,106,fully_outside,0.0,False
250,HS06,106,43311,9308,106,fully_outside,0.0,False
250,HS06,106,43312,9308,106,fully_outside,0.0,False
250,HS06,106,43313,8675,106,fully_outside,0.0,False
250,HS06,106,43314,7120,106,fully_outside,0.0,False
250,HS06,106,43315,7120,106,fully_outside,0.0,False
250,HS06,106,43316,8675,106,fully_outside,0.0,False
250,HS06,106,43317,7120,106,fully_outside,0.0,False
250,HS06,106,43318,9309,106,fully_outside,0.0,False
250,HS06,106,43319,9309,106,fully_outside,0.0,False
250,HS06,106,43320,7120,106,fully_outside,0.0,False
250,HS06,106,43321,8675,106,fully_outside,0.0,False
250,HS06,106,43322,7120,106,fully_outside,0.0,False
250,HS06,106,43323,8675,106,fully_outside,0.0,False
250,HS06,106,43324,9310,106,fully_outside,0.0,False
250,HS06,106,43325,9310,106,fully_outside,0.0,False
250,HS06,106,43326,9311,106,fully_outside,0.0,False
250,HS06,106,43327,9311,106,fully_outside,0.0,False
250,HS06,106,43328,9312,106,fully_inside,1.0,False
250,HS06,106,43329,9312,106,fully_inside,1.0,False
250,HS06,106,43330,9313,106,fully_inside,0.9999999999996532,False
250,HS06,106,43331,9314,106,fully_inside,1.0,False
250,HS06,106,43332,9315,106,fully_inside,0.9999999999993228,False
250,HS06,106,43333,9314,106,fully_inside,1.0,False
250,HS06,106,44049,8961,106,fully_outside,0.0,False
250,HS06,106,44051,8961,106,crosses_boundary,0.02226501466402059,False
250,HS06,106,44054,8965,106,crosses_boundary,0.27616430470635756,False
250,HS06,106,44056,8964,106,crosses_boundary,0.00318071638053815,False
250,HS06,106,44061,9440,106,fully_outside,0.0,False
250,HS06,106,44081,6407,106,fully_inside,1.0,False
250,HS06,106,44082,8675,106,fully_inside,0.9999999999886495,False
250,HS06,106,44083,6407,106,fully_inside,0.9999999999956392,False
250,HS06,106,44084,6407,106,fully_inside,0.9999999999981039,False
250,HS06,106,44085,6407,106,fully_inside,0.9999999999998939,False
250,HS06,106,44086,6407,106,fully_inside,1.0,False
250,HS06,106,44087,6407,106,fully_inside,0.9999999999994595,False
250,HS06,106,44088,6407,106,fully_inside,0.9999999999978494,False
250,HS06,106,44089,6407,106,fully_inside,0.9999999999956525,False
250,HS06,106,44090,6407,106,fully_inside,1.0,False
250,HS06,106,44091,6407,106,fully_inside,1.0,False
250,HS06,106,44092,6407,106,fully_inside,0.9999999999999944,False
250,HS06,106,44093,6407,106,fully_inside,0.9999999999994484,False
250,HS06,106,44094,6407,106,fully_inside,1.0,False
250,HS06,106,44095,6407,106,fully_inside,1.0,False
250,HS06,106,44096,6407,106,crosses_boundary,0.948109449014422,False
250,HS06,106,44097,6407,106,crosses_boundary,0.9078796960056821,False
250,HS06,106,44098,6407,106,crosses_boundary,0.9016693384313855,False
250,HS06,106,44099,6407,106,fully_inside,1.0,False
250,HS06,106,44100,6407,106,fully_inside,0.9999999999966387,False
250,HS06,106,44101,6407,106,fully_inside,1.0,False
250,HS06,106,44102,6407,106,crosses_boundary,0.8453435599246191,False
250,HS06,106,44106,6407,106,crosses_boundary,0.5783948032550413,False
250,HS06,106,44108,6407,106,fully_inside,1.0,False
250,HS06,106,44109,6407,106,fully_inside,0.9999999999997694,False
250,HS06,106,44110,6407,106,fully_inside,0.9999999999888066,False
250,HS06,106,44111,6407,106,fully_inside,1.0,False
250,HS06,106,44112,6407,106,fully_inside,0.9999999999956833,False
250,HS06,106,44113,6407,106,fully_inside,1.0,False
250,HS06,106,44114,6407,106,fully_inside,1.0,False
250,HS06,106,44115,6407,106,fully_inside,0.9999999996238247,False
250,HS06,106,44116,6407,106,fully_inside,0.9999999999493802,False
250,HS06,106,44131,6407,106,fully_inside,0.999999999999627,False
250,HS06,106,44132,6407,106,fully_inside,0.9999999999993087,False
250,HS06,106,44133,6407,106,fully_inside,1.0,False
250,HS06,106,44134,6407,106,fully_inside,1.0,False
250,HS06,106,44135,6407,106,fully_inside,0.9999999999989433,False
250,HS06,106,44136,6407,106,fully_inside,1.0,False
250,HS06,106,44137,6407,106,fully_inside,0.9999999999999923,False
250,HS06,106,44138,6407,106,fully_inside,1.0,False
250,HS06,106,44139,6407,106,fully_inside,0.9999999999995731,False
250,HS06,106,44140,6407,106,fully_inside,1.0,False
250,HS06,106,44141,6407,106,fully_inside,0.999999999998942,False
250,HS06,106,44142,6407,106,fully_inside,0.9999999999999682,False
250,HS06,106,44143,6407,106,fully_inside,1.0,False
250,HS06,106,44144,6407,106,fully_inside,1.0,False
250,HS06,106,44145,6407,106,fully_inside,0.9999999999998695,False
250,HS06,106,44146,6407,106,fully_inside,0.9999999999922463,False
250,HS06,106,44147,6407,106,fully_inside,1.0,False
250,HS06,106,44148,6407,106,crosses_boundary,0.9755647000926512,False
250,HS06,106,44149,6407,106,fully_inside,1.0,False
250,HS06,106,44150,6407,106,fully_inside,1.0,False
250,HS06,106,44151,6407,106,fully_inside,0.9999999999495954,False
250,HS06,106,44152,6407,106,fully_inside,1.0,False
250,HS06,106,44162,6407,106,crosses_boundary,0.8472793755791895,False
250,HS06,106,44169,6407,106,fully_inside,0.9999999999951138,False
250,HS06,106,44170,6407,106,fully_inside,0.9999999999978421,False
250,HS06,106,44171,6407,106,fully_inside,0.9999999999985724,False
250,HS06,106,44172,6407,106,fully_inside,1.0,False
250,HS06,106,44173,6407,106,fully_inside,0.9999999999990091,False
250,HS06,106,44174,6407,106,crosses_boundary,0.9455441887781553,False
250,HS06,106,44175,6407,106,fully_inside,0.9999999999841055,False
250,HS06,106,44176,6407,106,fully_inside,1.0,False
250,HS06,106,44177,6407,106,fully_inside,0.9999999999997061,False
250,HS06,106,44178,6407,106,fully_inside,0.9999999999412132,False
250,HS06,106,44179,6407,106,fully_inside,0.9999999999975228,False
250,HS06,106,44180,6407,106,fully_inside,0.9999999999972268,False
250,HS06,106,44181,6407,106,fully_inside,0.9999999999492994,False
250,HS06,106,44182,6407,106,fully_inside,1.0,False
250,HS06,106,44183,6407,106,fully_inside,0.9999999999975229,False
250,HS06,106,44184,6407,106,fully_inside,0.9999999999109039,False
250,HS06,106,44185,6407,106,fully_inside,0.9999999999802068,False
250,HS06,106,44186,6407,106,fully_inside,1.0,False
250,HS06,106,44187,6407,106,fully_inside,1.0,False
250,HS06,106,44188,6407,106,fully_inside,1.0,False
250,HS06,106,44189,6407,106,fully_inside,0.9999999996232595,False
250,HS06,106,44190,9448,106,fully_inside,0.9999999997510612,False
250,HS06,106,44191,9448,106,fully_inside,0.999999999980657,False
250,HS06,106,44192,9448,106,fully_inside,0.9999999998879907,False
250,HS06,106,44193,9448,106,fully_inside,0.9999999998090162,False
250,HS06,106,44194,9448,106,fully_inside,1.0,False
250,HS06,106,44195,9449,106,fully_inside,1.0,False
250,HS06,106,44196,9450,106,crosses_boundary,0.9848255010059364,False
250,HS06,106,44197,9448,106,crosses_boundary,0.837000805567604,False
250,HS06,106,44198,9448,106,crosses_boundary,0.8188897838811917,False
250,HS06,106,44199,9448,106,crosses_boundary,0.7979924513272599,False
250,HS06,106,44200,9448,106,crosses_boundary,0.762860703681385,False
250,HS06,106,44201,9450,106,crosses_boundary,0.9699018201699058,False
250,HS06,106,44207,9450,106,crosses_boundary,0.9814189807886812,False
250,HS06,106,44208,9450,106,crosses_boundary,0.9799896715919081,False
250,HS06,106,44209,9450,106,crosses_boundary,0.9784504156113208,False
250,HS06,106,44210,9450,106,crosses_boundary,0.9745323093388832,False
250,HS06,106,44211,9450,106,crosses_boundary,0.9699018201101379,False
250,HS06,106,44212,9450,106,crosses_boundary,0.9826577153914584,False
250,HS06,106,44216,8722,106,fully_inside,1.0,False
250,HS06,106,44217,9453,106,fully_inside,1.0,False
250,HS06,106,44218,9453,106,fully_inside,1.0,False
250,HS06,106,44219,8135,106,fully_inside,1.0,False
250,HS06,106,44220,8675,106,fully_inside,0.9999999999969592,False
250,HS06,106,44221,8675,106,fully_inside,1.0,False
250,HS06,106,44222,8135,106,fully_inside,0.9999999999986274,False
250,HS06,106,44223,9453,106,fully_inside,1.0,False
250,HS06,106,44224,9454,106,fully_inside,0.9999999999428263,False
250,HS06,106,44225,9455,106,fully_inside,0.9999999999941317,False
250,HS06,106,44226,9456,106,fully_inside,1.0,False
250,HS06,106,44227,9457,106,fully_inside,0.9999999999779451,False
250,HS06,106,44228,9458,106,fully_inside,1.0,False
250,HS06,106,44243,9470,106,fully_inside,1.0,False
250,HS06,106,44244,9471,106,fully_inside,1.0,False
250,HS06,106,44245,9471,106,fully_inside,0.9999999999874802,False
250,HS06,106,44246,9455,106,fully_inside,0.9999999999988809,False
250,HS06,106,44248,9454,106,fully_inside,1.0,False
250,HS06,106,44249,9457,106,fully_inside,0.9999999999779452,False
250,HS06,106,44250,9458,106,fully_inside,1.0,False
250,HS06,106,44251,9456,106,fully_inside,0.9999999999779452,False
250,HS06,106,44266,9470,106,fully_inside,1.0,False
250,HS06,106,44267,9455,106,fully_inside,1.0,False
250,HS06,106,44268,9470,106,fully_inside,0.999999999971399,False
250,HS06,106,44269,9471,106,fully_inside,0.9999999999872241,False
250,HS06,106,44284,9471,106,fully_inside,0.9999999999875608,False
250,HS06,106,44288,9470,106,fully_inside,1.0,False
250,HS06,106,44289,9476,106,fully_inside,1.0,False
250,HS06,106,44290,9477,106,fully_inside,1.0,False
250,HS06,106,44292,9477,106,fully_inside,0.9999999999869693,False
250,HS06,106,44293,9477,106,fully_inside,0.9999999999810725,False
250,HS06,106,44307,9470,106,fully_inside,0.9999999999964432,False
250,HS06,106,44308,9490,106,fully_inside,1.0,False
250,HS06,106,44309,9490,106,fully_inside,0.9999999999992617,False
250,HS06,106,44310,9490,106,fully_inside,0.9999999999998769,False
250,HS06,106,44311,9476,106,fully_inside,1.0,False
250,HS06,106,44315,9477,106,fully_inside,1.0,False
250,HS06,106,44316,9477,106,fully_inside,0.9999999999869693,False
250,HS06,106,44317,9477,106,fully_inside,0.9999999999810725,False
250,HS06,106,44329,9492,106,fully_inside,0.9999999999906622,False
250,HS06,106,44330,9493,106,fully_inside,0.9999999999969954,False
250,HS06,106,44331,9494,106,fully_inside,0.9999999999632324,False
250,HS06,106,44332,9492,106,fully_inside,1.0,False
250,HS06,106,44333,9492,106,fully_inside,0.9999999999871085,False
250,HS06,106,44334,9495,106,fully_inside,0.9999999999841224,False
250,HS06,106,44335,9492,106,fully_inside,0.9999999999983024,False
250,HS06,106,44336,9492,106,fully_inside,1.0,False
250,HS06,106,44337,9492,106,fully_inside,0.9999999999983669,False
250,HS06,106,44338,9496,106,fully_inside,1.0,False
250,HS06,106,44339,9497,106,fully_inside,0.9999999999944884,False
250,HS06,106,44340,9498,106,fully_inside,0.9999999999982832,False
250,HS06,106,44341,9499,106,fully_inside,0.9999999999983824,False
250,HS06,106,44342,9493,106,fully_inside,0.9999999999820397,False
250,HS06,106,44343,9492,106,fully_inside,0.9999999999600602,False
250,HS06,106,44344,9492,106,fully_inside,0.9999999999798781,False
250,HS06,106,44345,9492,106,fully_inside,1.0,False
250,HS06,106,44346,9492,106,fully_inside,1.0,False
250,HS06,106,44347,9492,106,fully_inside,0.9999999999996038,False
250,HS06,106,44348,9492,106,fully_inside,0.999999999997187,False
250,HS06,106,44349,9492,106,fully_inside,1.0,False
250,HS06,106,44350,9495,106,fully_inside,1.0,False
250,HS06,106,44351,9500,106,fully_inside,0.9999999999957129,False
250,HS06,106,44352,9501,106,fully_inside,0.9999999999963447,False
250,HS06,106,44353,9502,106,fully_inside,1.0,False
250,HS06,106,44354,9503,106,fully_inside,1.0,False
250,HS06,106,44364,9499,106,fully_inside,1.0,False
250,HS06,106,44365,9513,106,fully_inside,0.999999999994273,False
250,HS06,106,44366,9514,106,fully_inside,1.0,False
250,HS06,106,44367,9514,106,fully_inside,1.0,False
250,HS06,106,44368,9515,106,fully_inside,0.9999999999884575,False
250,HS06,106,44369,9516,106,fully_inside,1.0,False
250,HS06,106,44370,9516,106,fully_inside,0.9999999999921726,False
250,HS06,106,44371,9516,106,fully_inside,1.0,False
250,HS06,106,44372,9517,106,fully_inside,0.9999999999990455,False
250,HS06,106,44373,9518,106,fully_inside,0.9999999999917929,False
250,HS06,106,44374,9519,106,fully_inside,0.9999999999959441,False
250,HS06,106,44375,9518,106,fully_inside,0.9999999999958225,False
250,HS06,106,44376,9518,106,fully_inside,1.0,False
250,HS06,106,44377,9519,106,fully_inside,1.0,False
250,HS06,106,44378,9520,106,fully_inside,1.0,False
250,HS06,106,44379,9521,106,fully_inside,0.9999999999884268,False
250,HS06,106,44380,9520,106,fully_inside,0.9999999999895064,False
250,HS06,106,44381,9522,106,fully_inside,1.0,False
250,HS06,106,44382,9523,106,fully_inside,1.0,False
250,HS06,106,44383,9524,106,fully_inside,1.0,False
250,HS06,106,44384,9500,106,fully_inside,1.0,False
250,HS06,106,44385,9525,106,fully_inside,1.0,False
250,HS06,106,44386,9500,106,fully_inside,1.0,False
250,HS06,106,44387,9519,106,fully_inside,1.0,False
250,HS06,106,44388,9526,106,fully_inside,0.9999999999995761,False
250,HS06,106,44389,9490,106,fully_inside,1.0,False
250,HS06,106,44390,9470,106,fully_inside,0.9999999999881772,False
250,HS06,106,44391,9490,106,fully_inside,0.9999999999996394,False
250,HS06,106,44396,9528,106,fully_inside,1.0,False
250,HS06,106,44397,9528,106,fully_inside,1.0,False
250,HS06,106,44398,9528,106,fully_inside,0.9999999999928165,False
250,HS06,106,44399,9528,106,fully_inside,0.9999999999928344,False
250,HS06,106,44410,9490,106,fully_inside,0.9999999999998769,False
250,HS06,106,44411,9490,106,crosses_boundary,0.9020810022289731,False
250,HS06,106,44414,9494,106,fully_inside,0.9999999999925475,False
250,HS06,106,44415,9492,106,fully_inside,0.9999999999957533,False
250,HS06,106,44416,9492,106,fully_inside,1.0,False
250,HS06,106,44417,9493,106,fully_inside,0.9999999999553227,False
250,HS06,106,44418,9530,106,fully_inside,0.9999999999970939,False
250,HS06,106,44419,9530,106,fully_inside,1.0,False
250,HS06,106,44420,9530,106,fully_inside,0.9999999999974167,False
250,HS06,106,44421,9492,106,fully_inside,1.0,False
250,HS06,106,44422,9497,106,fully_inside,1.0,False
250,HS06,106,44423,9496,106,fully_inside,1.0,False
250,HS06,106,44424,9499,106,fully_inside,1.0,False
250,HS06,106,44425,9498,106,fully_inside,1.0,False
250,HS06,106,44426,9498,106,fully_inside,0.999999999985081,False
250,HS06,106,44427,9492,106,fully_inside,1.0,False
250,HS06,106,44428,9492,106,fully_inside,0.9999999999628,False
250,HS06,106,44429,9531,106,fully_inside,0.9999999997499747,False
250,HS06,106,44430,9493,106,fully_inside,1.0,False
250,HS06,106,44431,9492,106,fully_inside,0.9999999999264882,False
250,HS06,106,44432,9492,106,fully_inside,1.0,False
250,HS06,106,44433,9531,106,fully_inside,1.0,False
250,HS06,106,44434,9492,106,fully_inside,0.9999999999628,False
250,HS06,106,44435,9492,106,fully_inside,0.999999999986837,False
250,HS06,106,44436,9532,106,fully_inside,1.0,False
250,HS06,106,44437,9533,106,fully_inside,0.9999999999733152,False
250,HS06,106,44438,9534,106,fully_inside,1.0,False
250,HS06,106,44439,9492,106,fully_inside,1.0,False
250,HS06,106,44440,9492,106,fully_inside,0.9999999999810725,False
250,HS06,106,44441,9535,106,fully_inside,0.999999999982516,False
250,HS06,106,44442,9536,106,fully_inside,1.0,False
250,HS06,106,44443,9531,106,fully_inside,1.0,False
250,HS06,106,44444,9492,106,fully_inside,1.0,False
250,HS06,106,44445,9492,106,fully_inside,0.9999999999868749,False
250,HS06,106,44446,9492,106,fully_inside,1.0,False
250,HS06,106,44447,9492,106,fully_inside,1.0,False
250,HS06,106,44448,9492,106,fully_inside,0.9999999999434546,False
250,HS06,106,44449,9535,106,fully_inside,0.9999999999871685,False
250,HS06,106,44450,9537,106,fully_inside,0.9999999999434546,False
250,HS06,106,44451,9538,106,fully_inside,0.9999999997145096,False
250,HS06,106,44452,9538,106,fully_inside,0.9999999988659548,False
250,HS06,106,44453,9538,106,fully_inside,1.0,False
250,HS06,106,44454,9538,106,fully_inside,0.9999999998900687,False
250,HS06,106,44455,9500,106,fully_inside,0.9999999999998962,False
250,HS06,106,44456,9520,106,fully_inside,0.9999999999750654,False
250,HS06,106,44465,9499,106,fully_inside,0.9999999999965478,False
250,HS06,106,44466,9499,106,fully_inside,1.0,False
250,HS06,106,44467,9513,106,fully_inside,0.9999999999782252,False
250,HS06,106,44468,9499,106,fully_inside,1.0,False
250,HS06,106,44469,9514,106,fully_inside,1.0,False
250,HS06,106,44470,9515,106,fully_inside,0.9999999999884575,False
250,HS06,106,44471,9516,106,fully_inside,0.9999999999921726,False
250,HS06,106,44472,9517,106,fully_inside,0.9999999999990455,False
250,HS06,106,44473,9516,106,fully_inside,1.0,False
250,HS06,106,44474,9516,106,fully_inside,0.9999999999993638,False
250,HS06,106,44475,9518,106,fully_inside,1.0,False
250,HS06,106,44476,9519,106,fully_inside,0.9999999999913655,False
250,HS06,106,44477,9537,106,fully_inside,0.9999999999205915,False
250,HS06,106,44478,9539,106,fully_inside,0.9999999999794182,False
250,HS06,106,44479,9520,106,fully_inside,1.0,False
250,HS06,106,44480,9503,106,fully_inside,0.9999999999951312,False
250,HS06,106,44481,9502,106,fully_inside,1.0,False
250,HS06,106,44482,9523,106,fully_inside,1.0,False
250,HS06,106,44483,9523,106,fully_inside,0.9999999999779999,False
250,HS06,106,44484,9522,106,fully_inside,0.9999999999732843,False
250,HS06,106,44485,9518,106,fully_inside,0.9999999999942693,False
250,HS06,106,44486,9518,106,fully_inside,1.0,False
250,HS06,106,44487,9518,106,fully_inside,0.9999999999978045,False
250,HS06,106,44488,9539,106,fully_inside,1.0,False
250,HS06,106,44489,9500,106,fully_inside,0.9999999999988521,False
250,HS06,106,44490,9500,106,fully_inside,1.0,False
250,HS06,106,44491,9500,106,fully_inside,1.0,False
250,HS06,106,44492,9523,106,fully_inside,1.0,False
250,HS06,106,44493,9521,106,fully_inside,1.0,False
250,HS06,106,44494,9524,106,fully_inside,0.9999999999923588,False
250,HS06,106,44495,9500,106,fully_inside,0.9999999999958225,False
250,HS06,106,44496,9519,106,fully_inside,0.9999999999993266,False
250,HS06,106,46705,6407,106,fully_inside,1.0,False
250,HS06,106,46706,6407,106,fully_inside,1.0,False
250,HS06,106,46707,6407,106,fully_inside,0.9999999999909628,False
250,HS06,106,46708,6407,106,fully_inside,1.0,False
250,HS06,106,46709,6407,106,fully_inside,0.9999999999999415,False
250,HS06,106,46710,6407,106,fully_inside,1.0,False
250,HS06,106,46712,6407,106,fully_inside,1.0,False
250,HS06,106,46713,10005,106,fully_inside,0.9999999999921696,False
250,HS06,106,46714,10006,106,fully_inside,0.9999999999939364,False
250,HS06,106,46715,10007,106,fully_inside,0.9999999999780881,False
250,HS06,106,46716,10007,106,fully_inside,0.9999999999780075,False
250,HS06,106,46717,6407,106,fully_inside,1.0,False
250,HS06,106,46718,6407,106,fully_inside,0.99999999994937,False
250,HS06,106,46719,6407,106,fully_inside,1.0,False
250,HS06,106,46720,6407,106,fully_inside,0.9999999999321684,False
250,HS06,106,46721,6407,106,fully_inside,0.9999999999971306,False
250,HS06,106,46723,6407,106,fully_inside,0.9999999999961418,False
250,HS06,106,46724,10009,106,fully_inside,0.9999999999971191,False
250,HS06,106,46726,10011,106,fully_inside,0.9999999999731233,False
250,HS06,106,46727,10011,106,fully_inside,1.0,False
250,HS06,106,46728,10012,106,fully_inside,0.999999999997742,False
250,HS06,106,46729,6407,106,fully_inside,1.0,False
250,HS06,106,46730,6407,106,fully_inside,0.9999999999987014,False
250,HS06,106,46731,10013,106,fully_inside,1.0,False
250,HS06,106,46844,6407,106,fully_inside,0.9999999998352844,False
250,HS06,106,46845,6407,106,fully_inside,0.9999999996808405,False
250,HS06,106,46846,6407,106,fully_inside,1.0,False
250,HS06,106,46853,6407,106,fully_inside,0.9999999999757672,False
250,HS06,106,46854,10033,106,fully_inside,1.0,False
250,HS06,106,46870,6407,106,fully_inside,1.0,False
250,HS06,106,46871,6407,106,fully_inside,0.999999999966837,False
250,HS06,106,46872,6407,106,fully_inside,0.9999999999995182,False
250,HS06,106,46875,6407,106,fully_inside,1.0,False
250,HS06,106,46993,6407,106,fully_inside,0.9999999999911744,False
250,HS06,106,46994,6407,106,fully_inside,1.0,False
250,HS06,106,47000,6407,106,fully_inside,0.9999999994506658,False
250,HS06,106,47001,6407,106,fully_inside,0.9999999994106405,False
250,HS06,106,47002,6407,106,fully_inside,0.9999999995106507,False
250,HS06,106,47003,6407,106,fully_inside,1.0,False
250,HS06,106,47070,10006,106,fully_inside,1.0,False
250,HS06,106,47071,10006,106,fully_inside,0.99999999999797,False
250,HS06,106,47072,10006,106,fully_inside,0.9999999999268111,False
250,HS06,106,47073,10007,106,fully_inside,0.9999999999780075,False
250,HS06,106,47074,10084,106,fully_inside,1.0,False
250,HS06,106,47076,9492,106,fully_inside,1.0,False
250,HS06,106,47077,10086,106,fully_inside,1.0,False
250,HS06,106,47078,10087,106,fully_inside,1.0,False
250,HS06,106,47079,10087,106,fully_inside,0.999999999993001,False
250,HS06,106,47080,10087,106,fully_inside,0.9999999999993618,False
250,HS06,106,47081,10088,106,fully_inside,1.0,False
250,HS06,106,47082,10089,106,fully_inside,1.0,False
250,HS06,106,47083,10090,106,fully_inside,1.0,False
250,HS06,106,47084,10091,106,fully_inside,1.0,False
250,HS06,106,47085,10091,106,fully_inside,0.9999999999923772,False
250,HS06,106,47086,10091,106,fully_inside,1.0,False
250,HS06,106,47087,10092,106,fully_inside,1.0,False
250,HS06,106,47088,10090,106,fully_inside,1.0,False
250,HS06,106,47089,10092,106,fully_inside,1.0,False
250,HS06,106,47090,9525,106,fully_inside,1.0,False
250,HS06,106,47091,9525,106,fully_inside,1.0,False
250,HS06,106,47103,10101,106,fully_inside,0.9999999999990324,False
250,HS06,106,47104,10091,106,fully_inside,0.9999999999908991,False
250,HS06,106,47105,10090,106,fully_inside,0.9999999999783289,False
250,HS06,106,47106,9525,106,fully_inside,0.9999999999908148,False
250,HS06,106,47107,10091,106,fully_inside,0.9999999999600746,False
250,HS06,106,47108,10092,106,fully_inside,0.9999999999763203,False
250,HS06,106,47109,10092,106,fully_inside,0.9999999999448145,False
250,HS06,106,47110,10091,106,fully_inside,0.9999999999661898,False
250,HS06,106,47111,10092,106,fully_inside,0.9999999999374818,False
250,HS06,106,47112,10090,106,fully_inside,0.9999999999640697,False
250,HS06,106,47160,10089,106,fully_inside,1.0,False
250,HS06,106,47161,9492,106,fully_inside,1.0,False
250,HS06,106,47162,9492,106,fully_inside,0.9999999999965222,False
250,HS06,106,47163,9492,106,fully_inside,0.9999999999935738,False
250,HS06,106,47164,9492,106,fully_inside,0.9999999999966854,False
250,HS06,106,47165,10126,106,fully_inside,1.0,False
250,HS06,106,47166,10087,106,fully_inside,1.0,False
250,HS06,106,47167,10087,106,fully_inside,0.9999999999990457,False
250,HS06,106,47168,9492,106,fully_inside,0.999999999920414,False
250,HS06,106,47169,10091,106,fully_inside,0.9999999999992757,False
250,HS06,106,47170,10127,106,fully_inside,1.0,False
250,HS06,106,47171,10128,106,fully_inside,0.9999999999991389,False
250,HS06,106,47172,10129,106,fully_inside,0.9999999999991389,False
250,HS06,106,47173,10130,106,fully_inside,0.999999999978473,False
250,HS06,106,47174,10130,106,fully_inside,1.0,False
250,HS06,106,47175,9538,106,fully_inside,1.0,False
250,HS06,106,47176,9538,106,fully_inside,0.9999999999975228,False
250,HS06,106,47177,9538,106,fully_inside,0.999999999980207,False
250,HS06,106,47178,10127,106,fully_inside,0.9999999998917729,False
250,HS06,106,47179,10131,106,fully_inside,1.0,False
250,HS06,106,47180,9538,106,fully_inside,1.0,False
250,HS06,106,47181,9538,106,fully_inside,0.9999999999491379,False
250,HS06,106,47182,9538,106,fully_inside,1.0,False
250,HS06,106,47183,9538,106,fully_inside,1.0,False
250,HS06,106,47194,10101,106,fully_inside,0.9999999999987098,False
250,HS06,106,47195,10133,106,fully_inside,1.0,False
250,HS06,106,47291,10033,106,fully_inside,0.9999999999920602,False
250,HS06,106,47292,10149,106,fully_inside,1.0,False
250,HS06,106,47310,10033,106,fully_inside,0.9999999998959387,False
250,HS06,106,47312,10033,106,fully_inside,1.0,False
250,HS06,106,47326,10033,106,fully_inside,0.9999999999978125,False
250,HS06,106,47328,10033,106,fully_inside,1.0,False
250,HS06,106,47331,10033,106,fully_inside,0.9999999999999831,False
250,HS06,106,47341,10161,106,fully_inside,1.0,False
250,HS06,106,47343,10161,106,fully_inside,1.0,False
250,HS06,106,47364,10161,106,fully_inside,0.9999999999935566,False
250,HS06,106,47452,10033,106,fully_inside,0.999999999994902,False
250,HS06,106,47496,10218,106,fully_inside,1.0,False
250,HS06,106,47505,10223,106,fully_inside,1.0,False
250,HS06,106,47516,10229,106,fully_inside,1.0,False
250,HS06,106,47770,9453,106,fully_inside,0.9999999999958636,False
250,HS06,106,47771,8675,106,fully_inside,0.9999999999240733,False
250,HS06,106,47772,8135,106,fully_inside,1.0,False
250,HS06,106,47773,8675,106,fully_inside,1.0,False
250,HS06,106,47774,7120,106,fully_inside,0.9999999999966258,False
250,HS06,106,47775,8675,106,fully_inside,0.9999999999985466,False
250,HS06,106,47776,8675,106,fully_inside,0.9999999999945117,False
250,HS06,106,47777,7120,106,fully_inside,0.9999999999989453,False
250,HS06,106,47778,7120,106,fully_inside,0.9999999999888766,False
250,HS06,106,47780,7120,106,fully_inside,1.0,False
250,HS06,106,47781,10297,106,fully_inside,0.9999999999921696,False
250,HS06,106,47782,10297,106,fully_inside,0.9999999999921696,False
250,HS06,106,47783,10298,106,fully_inside,0.9999999999991815,False
250,HS06,106,47784,7120,106,fully_inside,1.0,False
250,HS06,106,47785,8675,106,fully_inside,1.0,False
250,HS06,106,47786,10298,106,fully_inside,0.9999999999991815,False
250,HS06,106,47787,10299,106,fully_inside,1.0,False
250,HS06,106,47788,10299,106,fully_inside,1.0,False
250,HS06,106,47789,9230,106,fully_inside,0.9999999999921696,False
250,HS06,106,47790,10300,106,fully_inside,0.9999999999591848,False
250,HS06,106,47791,10301,106,fully_inside,1.0,False
250,HS06,106,47793,10302,106,fully_inside,1.0,False
250,HS06,106,47794,10302,106,fully_inside,1.0,False
250,HS06,106,47795,10302,106,fully_inside,0.999999999988762,False
250,HS06,106,47796,10302,106,fully_inside,0.9999999999927277,False
250,HS06,106,47797,10302,106,fully_inside,0.999999999738317,False
250,HS06,106,47798,10302,106,fully_inside,0.9999999999991047,False
250,HS06,106,47804,10302,106,fully_inside,0.9999999999976089,False
250,HS06,106,47814,9490,106,fully_inside,1.0,False
250,HS06,106,47816,10309,106,fully_inside,1.0,False
250,HS06,106,47817,10302,106,fully_inside,1.0,False
250,HS06,106,47818,10302,106,fully_inside,0.999999999623744,False
250,HS06,106,47819,10302,106,fully_inside,1.0,False
250,HS06,106,47820,10310,106,fully_inside,1.0,False
250,HS06,106,47821,10311,106,fully_inside,1.0,False
250,HS06,106,47822,10309,106,fully_inside,0.9999999999560647,False
250,HS06,106,47823,10311,106,fully_inside,0.9999999999974167,False
250,HS06,106,47827,10302,106,fully_inside,1.0,False
250,HS06,106,47828,10314,106,fully_inside,1.0,False
250,HS06,106,47832,10315,106,fully_inside,1.0,False
250,HS06,106,47833,10315,106,fully_inside,1.0,False
250,HS06,106,47834,10315,106,fully_inside,0.9999999999937285,False
250,HS06,106,47835,10314,106,fully_inside,1.0,False
250,HS06,106,47839,9492,106,fully_inside,1.0,False
250,HS06,106,47840,9493,106,fully_inside,1.0,False
250,HS06,106,47841,9492,106,fully_inside,1.0,False
250,HS06,106,47842,9492,106,fully_inside,0.9999999999232817,False
250,HS06,106,47843,9532,106,fully_inside,0.9999999999256663,False
250,HS06,106,47844,10316,106,fully_inside,1.0,False
250,HS06,106,47845,10317,106,fully_inside,0.9999999999921849,False
250,HS06,106,47846,9535,106,fully_inside,0.9999999999715774,False
250,HS06,106,47847,9537,106,fully_inside,1.0,False
250,HS06,106,47848,9492,106,fully_inside,0.9999999999890129,False
250,HS06,106,47849,9492,106,fully_inside,1.0,False
250,HS06,106,47850,9533,106,fully_inside,0.9999999999733152,False
250,HS06,106,47851,9492,106,fully_inside,0.9999999999493155,False
250,HS06,106,47852,9492,106,fully_inside,1.0,False
250,HS06,106,47853,9492,106,fully_inside,0.9999999999750336,False
250,HS06,106,47854,9492,106,fully_inside,0.9999999999869693,False
250,HS06,106,47855,9492,106,fully_inside,1.0,False
250,HS06,106,47856,9492,106,fully_inside,1.0,False
250,HS06,106,47857,9492,106,fully_inside,1.0,False
250,HS06,106,47858,9492,106,fully_inside,0.9999999999992623,False
250,HS06,106,47859,9535,106,fully_inside,1.0,False
250,HS06,106,47860,10317,106,fully_inside,0.9999999999880258,False
250,HS06,106,47861,10318,106,fully_inside,1.0,False
250,HS06,106,47862,9535,106,fully_inside,1.0,False
250,HS06,106,47863,10318,106,fully_inside,0.9999999999780075,False
250,HS06,106,47864,9537,106,fully_inside,0.9999999999651861,False
250,HS06,106,47865,9539,106,fully_inside,1.0,False
250,HS06,106,47866,9537,106,fully_inside,1.0,False
250,HS06,106,47867,9492,106,fully_inside,0.9999999999435578,False
250,HS06,106,47868,9492,106,fully_inside,1.0,False
250,HS06,106,47869,9492,106,fully_inside,0.9999999999870209,False
250,HS06,106,47870,10319,106,fully_inside,1.0,False
250,HS06,106,47871,10320,106,fully_inside,1.0,False
250,HS06,106,47872,10320,106,fully_inside,1.0,False
250,HS06,106,47873,10321,106,fully_inside,1.0,False
250,HS06,106,47874,10321,106,fully_inside,0.9999999999405855,False
250,HS06,106,47875,10322,106,fully_inside,0.9999999995945784,False
250,HS06,106,47876,10321,106,fully_inside,1.0,False
250,HS06,106,47877,10322,106,fully_inside,0.9999999999702287,False
250,HS06,106,47878,10323,106,fully_inside,1.0,False
250,HS06,106,47879,10323,106,fully_inside,1.0,False
250,HS06,106,47880,10323,106,fully_inside,0.9999999999795413,False
250,HS06,106,47881,10323,106,fully_inside,0.9999999998051542,False
250,HS06,106,47882,10324,106,fully_inside,1.0,False
250,HS06,106,47883,9492,106,fully_inside,1.0,False
250,HS06,106,47884,10325,106,fully_inside,0.9999999997566239,False
250,HS06,106,47885,10326,106,fully_inside,1.0,False
250,HS06,106,47886,10327,106,fully_inside,0.999999999949582,False
250,HS06,106,47887,10327,106,fully_inside,1.0,False
250,HS06,106,47888,10327,106,fully_inside,1.0,False
250,HS06,106,47889,10327,106,fully_inside,0.9999999999870922,False
250,HS06,106,47890,10327,106,fully_inside,0.9999999999490573,False
250,HS06,106,47891,10318,106,fully_inside,0.9999999998111397,False
250,HS06,106,47892,10328,106,fully_inside,1.0,False
250,HS06,106,47893,10329,106,fully_inside,1.0,False
250,HS06,106,47894,10325,106,fully_inside,0.9999999996597595,False
250,HS06,106,47895,10325,106,fully_inside,0.9999999998534883,False
250,HS06,106,47896,9492,106,fully_inside,0.999999999983116,False
250,HS06,106,47897,10330,106,fully_inside,0.9999999999776238,False
250,HS06,106,47898,10318,106,fully_inside,0.9999999999021276,False
250,HS06,106,47899,10328,106,fully_inside,1.0,False
250,HS06,106,47900,10330,106,fully_inside,1.0,False
250,HS06,106,47901,10330,106,fully_inside,1.0,False
250,HS06,106,47902,10330,106,fully_inside,0.9999999995695901,False
250,HS06,106,47903,10331,106,fully_inside,0.9999999999268274,False
250,HS06,106,47904,10332,106,fully_inside,0.9999999998917729,False
250,HS06,106,47905,10333,106,fully_inside,1.0,False
250,HS06,106,47906,10334,106,fully_inside,1.0,False
250,HS06,106,47907,10322,106,fully_inside,0.999999999767457,False
250,HS06,106,47908,10335,106,fully_inside,1.0,False
250,HS06,106,47909,10322,106,fully_inside,0.9999999999705061,False
250,HS06,106,47910,10322,106,fully_inside,0.9999999997668193,False
250,HS06,106,47911,10333,106,fully_inside,1.0,False
250,HS06,106,47912,10335,106,fully_inside,1.0,False
250,HS06,106,47913,10334,106,fully_inside,1.0,False
250,HS06,106,47914,10336,106,fully_inside,0.9999999999996336,False
250,HS06,106,47915,10332,106,fully_inside,1.0,False
250,HS06,106,47916,10337,106,fully_inside,0.9999999998579283,False
250,HS06,106,47917,10337,106,fully_inside,0.9999999999489362,False
250,HS06,106,47918,10337,106,fully_inside,1.0,False
250,HS06,106,47919,10337,106,fully_inside,1.0,False
250,HS06,106,47920,10338,106,fully_inside,0.9999999998917729,False
250,HS06,106,47921,10336,106,fully_inside,1.0,False
250,HS06,106,47922,10336,106,fully_inside,0.9999999998496054,False
250,HS06,106,47923,10339,106,fully_inside,1.0,False
250,HS06,106,47924,10338,106,fully_inside,1.0,False
250,HS06,106,47925,10336,106,fully_inside,0.9999999999444639,False
250,HS06,106,47926,9492,106,fully_inside,0.9999999999870209,False
250,HS06,106,47927,10340,106,fully_inside,1.0,False
250,HS06,106,47928,10325,106,fully_inside,1.0,False
250,HS06,106,47929,10341,106,fully_inside,1.0,False
250,HS06,106,47930,10325,106,fully_inside,1.0,False
250,HS06,106,47931,10340,106,fully_inside,0.999999999996905,False
250,HS06,106,47932,10342,106,fully_inside,1.0,False
250,HS06,106,47933,10341,106,fully_inside,1.0,False
250,HS06,106,47934,10340,106,fully_inside,0.9999999999910687,False
250,HS06,106,47935,10343,106,fully_inside,0.9999999998917729,False
250,HS06,106,47936,10344,106,fully_inside,0.999999999955762,False
250,HS06,106,47937,10344,106,fully_inside,0.9999999999560849,False
250,HS06,106,47938,10343,106,fully_inside,1.0,False
250,HS06,106,47939,9500,106,fully_inside,1.0,False
250,HS06,106,47940,10345,106,fully_inside,0.9999999999905886,False
250,HS06,106,47941,9519,106,fully_inside,1.0,False
250,HS06,106,47942,9526,106,fully_inside,1.0,False
250,HS06,106,47943,9539,106,fully_inside,0.9999999999539351,False
250,HS06,106,47944,9500,106,fully_inside,1.0,False
250,HS06,106,47945,10345,106,fully_inside,1.0,False
250,HS06,106,47946,9500,106,fully_inside,1.0,False
250,HS06,106,47947,10331,106,fully_inside,0.9999999999235156,False
250,HS06,106,47948,10331,106,fully_inside,1.0,False
250,HS06,106,47949,10346,106,fully_inside,0.9999999999754846,False
250,HS06,106,47950,10346,106,fully_inside,1.0,False
250,HS06,106,47951,10346,106,fully_inside,1.0,False
250,HS06,106,47952,10346,106,fully_inside,1.0,False
250,HS06,106,47953,10346,106,fully_inside,1.0,False
250,HS06,106,47954,10346,106,fully_inside,1.0,False
250,HS06,106,47955,10346,106,fully_inside,1.0,False
250,HS06,106,47956,10346,106,fully_inside,1.0,False
250,HS06,106,47957,10347,106,fully_inside,1.0,False
250,HS06,106,47958,10347,106,fully_inside,1.0,False
250,HS06,106,47959,10348,106,fully_inside,1.0,False
250,HS06,106,47960,10348,106,fully_inside,1.0,False
250,HS06,106,47961,10346,106,fully_inside,1.0,False
250,HS06,106,47962,9518,106,fully_inside,1.0,False
250,HS06,106,47963,10345,106,fully_inside,0.9999999999205054,False
250,HS06,106,47964,9500,106,fully_inside,1.0,False
250,HS06,106,47965,9500,106,fully_inside,0.9999999999811129,False
250,HS06,106,47966,9500,106,fully_inside,0.9999999999995827,False
250,HS06,106,47967,10331,106,fully_inside,0.9999999998058242,False
250,HS06,106,47968,10349,106,fully_inside,0.9999999999050395,False
250,HS06,106,47969,10350,106,fully_inside,1.0,False
250,HS06,106,47970,10350,106,fully_inside,1.0,False
250,HS06,106,47971,10331,106,fully_inside,0.9999999997727065,False
250,HS06,106,47972,10331,106,fully_inside,1.0,False
250,HS06,106,47973,10351,106,fully_inside,1.0,False
250,HS06,106,47974,10349,106,fully_inside,1.0,False
250,HS06,106,47975,10352,106,fully_inside,1.0,False
250,HS06,106,47976,10353,106,fully_inside,0.999999999992724,False
250,HS06,106,47977,10351,106,fully_inside,0.9999999999715844,False
250,HS06,106,47978,10353,106,fully_inside,0.999999999992724,False
250,HS06,106,47979,10349,106,fully_inside,0.9999999999731233,False
250,HS06,106,47980,10354,106,fully_inside,1.0,False
250,HS06,106,47981,10354,106,fully_inside,1.0,False
250,HS06,106,47982,10355,106,fully_inside,1.0,False
250,HS06,106,47983,10356,106,fully_inside,1.0,False
250,HS06,106,47984,10322,106,fully_inside,1.0,False
250,HS06,106,47985,10322,106,fully_inside,0.9999999998670642,False
250,HS06,106,47986,10331,106,fully_inside,0.9999999999750419,False
250,HS06,106,47987,10322,106,fully_inside,1.0,False
250,HS06,106,47988,10349,106,fully_inside,0.9999999999966023,False
250,HS06,106,47989,9518,106,fully_inside,1.0,False
250,HS06,106,47990,9518,106,fully_inside,1.0,False
250,HS06,106,47991,9518,106,fully_inside,1.0,False
250,HS06,106,47992,9518,106,fully_inside,1.0,False
250,HS06,106,47993,9519,106,fully_inside,1.0,False
250,HS06,106,47994,9518,106,fully_inside,0.9999999999734462,False
250,HS06,106,47995,9518,106,fully_inside,0.9999999998476319,False
250,HS06,106,47996,10357,106,fully_inside,1.0,False
250,HS06,106,47997,10358,106,fully_inside,1.0,False
250,HS06,106,47998,10359,106,fully_inside,0.9999999999781721,False
250,HS06,106,47999,10358,106,fully_inside,1.0,False
250,HS06,106,48000,10342,106,fully_inside,0.9999999999492994,False
250,HS06,106,48001,10342,106,fully_inside,0.999999999984657,False
250,HS06,106,48002,10342,106,fully_inside,0.9999999999489766,False
250,HS06,106,48003,10342,106,fully_inside,0.9999999999757672,False
250,HS06,106,48004,10342,106,fully_inside,0.9999999999588121,False
250,HS06,106,48005,10342,106,fully_inside,1.0,False
250,HS06,106,48006,10342,106,fully_inside,1.0,False
250,HS06,106,48007,10360,106,fully_inside,0.9999999999715844,False
250,HS06,106,48008,10360,106,fully_inside,1.0,False
250,HS06,106,48009,10342,106,fully_inside,1.0,False
250,HS06,106,48010,10342,106,fully_inside,1.0,False
250,HS06,106,48011,10342,106,fully_inside,0.9999999999115499,False
250,HS06,106,48012,10361,106,fully_inside,1.0,False
250,HS06,106,48013,10362,106,fully_inside,1.0,False
250,HS06,106,48014,10362,106,fully_inside,1.0,False
250,HS06,106,48015,10361,106,fully_inside,0.9999999998734213,False
250,HS06,106,48016,9520,106,fully_inside,0.9999999999794797,False
250,HS06,106,48017,10363,106,fully_inside,1.0,False
250,HS06,106,48018,10364,106,fully_inside,0.9999999999313982,False
250,HS06,106,48019,10363,106,fully_inside,0.9999999999952182,False
250,HS06,106,48020,10365,106,fully_inside,0.9999999999781721,False
250,HS06,106,48021,10364,106,fully_inside,0.9999999999783797,False
250,HS06,106,48022,10366,106,fully_inside,0.9999999999988333,False
250,HS06,106,48023,10363,106,fully_inside,0.9999999999268272,False
250,HS06,106,48024,10363,106,fully_inside,0.9999999998533751,False
250,HS06,106,48025,10363,106,fully_inside,1.0,False
250,HS06,106,48026,10367,106,fully_inside,1.0,False
250,HS06,106,48027,10367,106,fully_inside,0.9999999999493397,False
250,HS06,106,48028,10367,106,fully_inside,1.0,False
250,HS06,106,48029,10367,106,fully_inside,1.0,False
250,HS06,106,48030,10367,106,fully_inside,1.0,False
250,HS06,106,48031,10367,106,fully_inside,0.999999999910904,False
250,HS06,106,48032,10367,106,fully_inside,1.0,False
250,HS06,106,48033,10367,106,fully_inside,1.0,False
250,HS06,106,48034,10367,106,fully_inside,0.9999999999845359,False
250,HS06,106,48035,10349,106,fully_inside,1.0,False
250,HS06,106,48036,10368,106,fully_inside,1.0,False
250,HS06,106,48037,10369,106,fully_inside,0.9999999999645126,False
250,HS06,106,48038,10349,106,fully_inside,0.9999999999912706,False
250,HS06,106,48039,10370,106,fully_inside,0.9999999999991389,False
250,HS06,106,48040,9518,106,fully_inside,0.9999999999647655,False
250,HS06,106,48041,10368,106,fully_inside,0.9999999999850224,False
250,HS06,106,48042,10349,106,fully_inside,1.0,False
250,HS06,106,48043,10368,106,fully_inside,1.0,False
250,HS06,106,48044,9518,106,fully_inside,0.9999999999734462,False
250,HS06,106,48045,10370,106,fully_inside,0.9999999999991389,False
250,HS06,106,48046,9518,106,fully_inside,1.0,False
250,HS06,106,48047,10369,106,fully_inside,1.0,False
250,HS06,106,48048,9518,106,fully_inside,0.9999999999931426,False
250,HS06,106,48049,9518,106,fully_inside,1.0,False
250,HS06,106,48050,10371,106,fully_inside,1.0,False
250,HS06,106,48051,10371,106,fully_inside,1.0,False
250,HS06,106,48052,10372,106,fully_inside,1.0,False
250,HS06,106,48053,9518,106,fully_inside,0.9999999999264478,False
250,HS06,106,48054,9518,106,fully_inside,1.0,False
250,HS06,106,48055,10373,106,fully_inside,0.9999999999205915,False
250,HS06,106,48056,10372,106,fully_inside,1.0,False
250,HS06,106,48057,10372,106,fully_inside,0.9999999999264882,False
250,HS06,106,48058,10367,106,fully_inside,1.0,False
250,HS06,106,48059,10369,106,fully_inside,1.0,False
250,HS06,106,48060,10369,106,fully_inside,1.0,False
250,HS06,106,48061,10374,106,fully_inside,0.9999999999931628,False
250,HS06,106,48062,10375,106,fully_inside,1.0,False
250,HS06,106,48063,10376,106,fully_inside,1.0,False
250,HS06,106,48064,10377,106,fully_inside,1.0,False
250,HS06,106,48065,10378,106,fully_inside,0.9999999999974167,False
250,HS06,106,48066,10374,106,fully_inside,0.9999999999930551,False
250,HS06,106,48067,10379,106,fully_inside,1.0,False
250,HS06,106,48068,10375,106,fully_inside,0.9999999999947669,False
250,HS06,106,48069,10369,106,fully_inside,0.9999999999585352,False
250,HS06,106,48070,10380,106,fully_inside,1.0,False
250,HS06,106,48071,10376,106,fully_inside,0.9999999999771786,False
250,HS06,106,48072,10377,106,fully_inside,0.9999999999973773,False
250,HS06,106,48073,10381,106,fully_inside,0.9999999999703122,False
250,HS06,106,48074,9520,106,fully_inside,0.9999999999993421,False
250,HS06,106,48075,9520,106,fully_inside,1.0,False
250,HS06,106,48076,10382,106,fully_inside,1.0,False
250,HS06,106,48077,10378,106,fully_inside,0.9999999999974167,False
250,HS06,106,48078,10383,106,fully_inside,1.0,False
250,HS06,106,48079,9520,106,fully_inside,0.9999999999323153,False
250,HS06,106,48080,10349,106,fully_inside,0.9999999999939364,False
250,HS06,106,48081,10368,106,fully_inside,0.9999999999939525,False
250,HS06,106,48082,10384,106,fully_inside,1.0,False
250,HS06,106,48083,10384,106,fully_inside,0.9999999999492994,False
250,HS06,106,48084,10384,106,fully_inside,0.9999999998957585,False
250,HS06,106,48085,10384,106,fully_inside,1.0,False
250,HS06,106,48086,10384,106,fully_inside,0.9999999999969039,False
250,HS06,106,48087,10384,106,fully_inside,1.0,False
250,HS06,106,48088,10384,106,fully_inside,1.0,False
250,HS06,106,48089,9518,106,fully_inside,1.0,False
250,HS06,106,48090,9518,106,fully_inside,0.9999999999264478,False
250,HS06,106,48091,10373,106,fully_inside,1.0,False
250,HS06,106,48092,10384,106,fully_inside,0.9999999996239861,False
250,HS06,106,48093,10384,106,fully_inside,1.0,False
250,HS06,106,48094,10384,106,fully_inside,1.0,False
250,HS06,106,48095,10384,106,fully_inside,1.0,False
250,HS06,106,48096,10384,106,fully_inside,0.9999999999754039,False
250,HS06,106,48097,10379,106,fully_inside,0.9999999999094531,False
250,HS06,106,48098,10385,106,fully_inside,0.9999999999971192,False
250,HS06,106,48099,10385,106,fully_inside,0.9999999999930054,False
250,HS06,106,48100,10385,106,fully_inside,1.0,False
250,HS06,106,48101,10383,106,fully_inside,0.9999999999961052,False
250,HS06,106,48102,10385,106,fully_inside,0.999999999875829,False
250,HS06,106,48103,10381,106,fully_inside,0.9999999999991815,False
250,HS06,106,48104,10385,106,fully_inside,1.0,False
250,HS06,106,48105,10385,106,fully_inside,1.0,False
250,HS06,106,48106,10386,106,fully_inside,0.9999999999936239,False
250,HS06,106,48107,10387,106,fully_inside,0.9999999999781721,False
250,HS06,106,48108,10386,106,fully_inside,0.9999999999971784,False
250,HS06,106,48109,10388,106,fully_inside,0.9999999999781721,False
250,HS06,106,48110,10389,106,fully_inside,1.0,False
250,HS06,106,48111,10386,106,fully_inside,0.9999999999971784,False
250,HS06,106,48112,9520,106,fully_inside,0.9999999999838717,False
250,HS06,106,48113,9520,106,fully_inside,1.0,False
250,HS06,106,48114,10372,106,fully_inside,1.0,False
250,HS06,106,48115,10390,106,fully_inside,0.9999999999795413,False
250,HS06,106,48116,10390,106,fully_inside,1.0,False
250,HS06,106,48117,10390,106,fully_inside,0.9999999999754039,False
250,HS06,106,48118,10391,106,fully_inside,0.9999999998734213,False
250,HS06,106,48119,9520,106,fully_inside,1.0,False
250,HS06,106,48120,10392,106,fully_inside,0.9999999999704736,False
250,HS06,106,48121,10391,106,fully_inside,0.9999999999715844,False
250,HS06,106,48122,9520,106,fully_inside,1.0,False
250,HS06,106,48123,10393,106,fully_inside,1.0,False
250,HS06,106,48124,10394,106,fully_inside,0.9999999998734213,False
250,HS06,106,48125,10394,106,fully_inside,0.9999999998734213,False
250,HS06,106,48126,10395,106,fully_inside,1.0,False
250,HS06,106,48127,10396,106,fully_inside,0.9999999999591848,False
250,HS06,106,48128,10386,106,fully_inside,1.0,False
250,HS06,106,48129,10386,106,fully_inside,1.0,False
250,HS06,106,48130,10392,106,fully_inside,1.0,False
250,HS06,106,48131,10397,106,fully_inside,1.0,False
250,HS06,106,48132,10397,106,fully_inside,1.0,False
250,HS06,106,48133,10397,106,fully_inside,0.9999999999709386,False
250,HS06,106,48134,10392,106,fully_inside,0.9999999999850223,False
250,HS06,106,48135,10398,106,fully_inside,1.0,False
250,HS06,106,48136,10398,106,fully_inside,1.0,False
250,HS06,106,48137,10399,106,fully_inside,1.0,False
250,HS06,106,48138,10399,106,fully_inside,1.0,False
250,HS06,106,48139,10399,106,fully_inside,1.0,False
250,HS06,106,48140,10400,106,fully_inside,1.0,False
250,HS06,106,48141,10401,106,fully_inside,0.9999999999999845,False
250,HS06,106,48142,10402,106,fully_inside,0.9999999999995884,False
250,HS06,106,48143,10400,106,fully_inside,0.9999999999951228,False
250,HS06,106,48144,10403,106,fully_inside,1.0,False
250,HS06,106,48145,10402,106,fully_inside,1.0,False
250,HS06,106,48146,10404,106,fully_inside,0.9999999999999355,False
250,HS06,106,48147,10405,106,fully_inside,1.0,False
250,HS06,106,48148,10406,106,fully_inside,1.0,False
250,HS06,106,48149,10404,106,fully_inside,0.9999999999995884,False
250,HS06,106,48150,10407,106,fully_inside,0.9999999999993642,False
250,HS06,106,48151,10406,106,fully_inside,0.9999999999995494,False
250,HS06,106,49372,10089,106,fully_inside,0.9999999999998522,False
250,HS06,106,49373,9492,106,fully_inside,0.99999999992623,False
250,HS06,106,49374,10316,106,fully_inside,1.0,False
250,HS06,106,49375,9492,106,fully_inside,0.999999999923322,False
250,HS06,106,49376,9492,106,fully_inside,1.0,False
250,HS06,106,49378,9492,106,fully_inside,1.0,False
250,HS06,106,49380,10327,106,fully_inside,1.0,False
250,HS06,106,49381,10327,106,fully_inside,0.9999999999860348,False
250,HS06,106,49382,10133,106,fully_inside,1.0,False
250,HS06,106,49383,10327,106,fully_inside,1.0,False
250,HS06,106,49384,10327,106,fully_inside,0.9999999999492993,False
250,HS06,106,49385,10089,106,fully_inside,1.0,False
250,HS06,106,49445,10553,106,fully_inside,0.9999999999884714,False
250,HS06,106,49446,10553,106,fully_inside,0.9999999999997432,False
250,HS06,106,49450,10033,106,fully_inside,0.9999999999993213,False
250,HS06,106,49451,10033,106,fully_inside,1.0,False
250,HS06,106,49463,10033,106,fully_inside,1.0,False
250,HS06,106,49479,10558,106,fully_inside,0.9999999999969171,False
250,HS06,106,49480,10161,106,fully_inside,0.9999999999979686,False
250,HS06,106,49585,10011,106,fully_inside,0.9999999999998487,False
250,HS06,106,49586,10006,106,fully_inside,1.0,False
250,HS06,106,49587,10006,106,fully_inside,0.9999999999976419,False
250,HS06,106,49588,10006,106,fully_inside,1.0,False
250,HS06,106,49589,10566,106,fully_inside,1.0,False
250,HS06,106,49590,10011,106,fully_inside,0.9999999999986939,False
250,HS06,106,49591,10567,106,fully_inside,0.9999999999999761,False
250,HS06,106,49593,10566,106,fully_inside,1.0,False
250,HS06,106,49595,10033,106,fully_inside,0.9999999999986361,False
250,HS06,106,49596,10033,106,fully_inside,0.9999999999996602,False
250,HS06,106,49620,10033,106,fully_inside,1.0,False
250,HS06,106,49668,10161,106,fully_inside,1.0,False
250,HS06,106,49741,10033,106,fully_inside,0.9999999999995127,False
250,HS06,106,50754,6540,106,fully_inside,0.9999999997471286,False
250,HS06,106,50755,6540,106,fully_inside,0.9999999999925024,False
250,HS06,106,50756,10823,106,fully_inside,1.0,False
250,HS06,106,50757,10823,106,fully_inside,0.9999999998192655,False
250,HS06,106,50758,6540,106,fully_inside,0.9999999999839362,False
250,HS06,106,50759,6540,106,fully_inside,0.9999999999925024,False
250,HS06,106,50760,10824,106,fully_inside,0.9999999999922872,False
250,HS06,106,50761,10825,106,fully_inside,0.9999999999947182,False
250,HS06,106,50762,6527,106,fully_inside,1.0,False
250,HS06,106,50763,6527,106,fully_inside,0.9999999998662576,False
250,HS06,106,50764,10824,106,fully_inside,0.9999999999922872,False
250,HS06,106,50765,6527,106,fully_inside,0.9999999999095363,False
250,HS06,106,50766,10826,106,fully_inside,0.9999999999802068,False
250,HS06,106,50768,10825,106,fully_inside,0.9999999999999408,False
250,HS06,106,50769,10825,106,fully_inside,1.0,False
250,HS06,106,50770,10825,106,fully_inside,0.9999999999995715,False
250,HS06,106,50771,6540,106,fully_inside,1.0,False
250,HS06,106,50772,10825,106,fully_inside,1.0,False
250,HS06,106,50773,10825,106,fully_inside,0.9999999999999963,False
250,HS06,106,50775,6540,106,fully_inside,0.9999999999993505,False
250,HS06,106,50795,10825,106,fully_inside,1.0,False
250,HS06,106,50796,10825,106,fully_inside,0.9999999999998479,False
250,HS06,106,50797,10825,106,fully_inside,1.0,False
250,HS06,106,50804,10828,106,crosses_boundary,0.5883865943271831,False
250,HS06,106,50805,10828,106,crosses_boundary,0.5883865942666637,False
250,HS06,106,50806,10828,106,crosses_boundary,0.5883865942666631,False
250,HS06,106,50807,6540,106,fully_inside,0.9999999999842301,False
250,HS06,106,50809,10829,106,crosses_boundary,0.7271858073048952,False
250,HS06,106,50810,6540,106,fully_inside,1.0,False
250,HS06,106,50816,6540,106,fully_inside,1.0,False
250,HS06,106,50817,6540,106,fully_inside,0.9999999999998801,False
250,HS06,106,50818,6540,106,fully_inside,0.9999999999889357,False
250,HS06,106,51008,10875,106,fully_inside,1.0,False
250,HS06,106,51009,7100,106,fully_inside,1.0,False
250,HS06,106,51010,7082,106,fully_inside,1.0,False
250,HS06,106,51011,7100,106,fully_inside,1.0,False
250,HS06,106,51012,10876,106,fully_inside,1.0,False
250,HS06,106,51013,10876,106,fully_inside,0.9999999998192655,False
250,HS06,106,51014,7100,106,fully_inside,1.0,False
250,HS06,106,51015,7100,106,fully_inside,1.0,False
250,HS06,106,51016,10877,106,fully_inside,1.0,False
250,HS06,106,51017,7084,106,fully_inside,0.9999999992770714,False
250,HS06,106,51018,7084,106,fully_inside,1.0,False
250,HS06,106,51019,10877,106,fully_inside,1.0,False
250,HS06,106,51020,7084,106,fully_inside,1.0,False
250,HS06,106,51021,10878,106,fully_inside,1.0,False
250,HS06,106,51022,7100,106,fully_inside,0.9999999999997702,False
250,HS06,106,51124,6891,106,fully_outside,0.0,False
250,HS06,106,51127,6891,106,fully_outside,0.0,False
250,HS06,106,51128,6891,106,fully_outside,0.0,False
250,HS06,106,51129,8057,106,fully_outside,0.0,False
250,HS06,106,51130,8057,106,fully_outside,0.0,False
250,HS06,106,51136,6891,106,fully_outside,0.0,False
250,HS06,106,51137,6891,106,fully_outside,0.0,False
250,HS06,106,51138,8057,106,fully_outside,0.0,False
250,HS06,106,51139,8057,106,fully_outside,0.0,False
250,HS06,106,51140,8057,106,fully_outside,0.0,False
250,HS06,106,51141,8057,106,fully_outside,0.0,False
250,HS06,106,51142,8057,106,fully_outside,0.0,False
250,HS06,106,51143,6891,106,fully_outside,0.0,False
250,HS06,106,51144,6891,106,fully_outside,0.0,False
250,HS06,106,51145,6891,106,fully_outside,0.0,False
250,HS06,106,51146,10884,106,fully_outside,0.0,False
250,HS06,106,51147,10884,106,fully_outside,0.0,False
250,HS06,106,51148,10884,106,fully_outside,0.0,False
250,HS06,106,51149,10885,106,fully_outside,0.0,False
250,HS06,106,51150,8057,106,fully_outside,0.0,False
250,HS06,106,51158,6891,106,fully_outside,0.0,False
250,HS06,106,51159,10885,106,fully_outside,0.0,False
250,HS06,106,51160,10888,106,fully_outside,0.0,False
250,HS06,106,51161,10888,106,fully_outside,0.0,False
250,HS06,106,51162,10889,106,fully_outside,0.0,False
250,HS06,106,51163,8057,106,fully_outside,0.0,False
250,HS06,106,51164,8057,106,fully_outside,0.0,False
250,HS06,106,51165,6891,106,fully_outside,0.0,False
250,HS06,106,51167,10891,106,fully_outside,0.0,False
250,HS06,106,51168,10891,106,fully_outside,0.0,False
250,HS06,106,51169,10891,106,fully_outside,0.0,False
250,HS06,106,51170,10889,106,fully_outside,0.0,False
250,HS06,106,51171,8057,106,fully_outside,0.0,False
250,HS06,106,51186,10892,106,fully_outside,0.0,False
250,HS06,106,51187,10892,106,fully_outside,0.0,False
250,HS06,106,51188,10893,106,fully_outside,0.0,False
250,HS06,106,51190,10895,106,fully_outside,0.0,False
250,HS06,106,51191,6891,106,fully_outside,0.0,False
250,HS06,106,51192,10896,106,fully_outside,0.0,False
250,HS06,106,51193,10896,106,fully_outside,0.0,False
250,HS06,106,51194,6891,106,fully_outside,0.0,False
250,HS06,106,51195,10897,106,fully_outside,0.0,False
250,HS06,106,51196,8057,106,fully_outside,0.0,False
250,HS06,106,51197,8057,106,fully_outside,0.0,False
250,HS06,106,51198,10897,106,fully_outside,0.0,False
250,HS06,106,51199,10898,106,fully_outside,0.0,False
250,HS06,106,51200,10898,106,fully_outside,0.0,False
250,HS06,106,51201,10899,106,fully_outside,0.0,False
250,HS06,106,51202,10899,106,fully_outside,0.0,False
250,HS06,106,51207,7100,106,fully_inside,0.9999999999999846,False
250,HS06,106,51226,10895,106,fully_outside,0.0,False
250,HS06,106,51280,8090,106,crosses_boundary,0.08021145325721761,False
250,HS06,106,51284,7100,106,fully_inside,1.0,False
250,HS06,106,51286,7100,106,fully_inside,1.0,False
250,HS06,106,51287,7100,106,fully_inside,0.9999999999982367,False
250,HS06,106,51289,7100,106,fully_inside,0.9999999999998344,False
250,HS06,106,51291,7100,106,fully_inside,0.999999999997608,False
250,HS06,106,51292,7100,106,fully_inside,1.0,False
250,HS06,106,51293,7100,106,fully_inside,0.9999999999994448,False
250,HS06,106,51488,8073,106,crosses_boundary,0.09831044749397486,False
250,HS06,106,51489,8074,106,fully_inside,1.0,False
250,HS06,106,51490,8074,106,fully_inside,1.0,False
250,HS06,106,51491,8075,106,fully_inside,1.0,False
250,HS06,106,51539,8089,106,crosses_boundary,0.126516814893876,False
250,HS06,106,51544,8073,106,crosses_boundary,0.6546549506115851,False
250,HS06,106,51545,8073,106,crosses_boundary,0.594358066183978,False
250,HS06,106,51546,6889,106,fully_inside,1.0,False
250,HS06,106,51547,6889,106,fully_inside,0.999999999998425,False
250,HS06,106,51548,8074,106,fully_inside,0.9999999999980806,False
250,HS06,106,51551,8089,106,crosses_boundary,0.7037840856757657,False
250,HS06,106,51552,8090,106,crosses_boundary,0.6650930699153191,False
250,HS06,106,51553,8089,106,crosses_boundary,0.6456198464135546,False
250,HS06,106,51607,6540,106,fully_inside,0.9999999999991529,False
250,HS06,106,51608,6540,106,fully_inside,1.0,False
250,HS06,106,51621,6540,106,crosses_boundary,0.588386594320626,False
250,HS06,106,51626,10961,106,crosses_boundary,0.0,False
250,HS06,106,51628,10963,106,crosses_boundary,0.0,False
250,HS06,106,51631,10966,106,crosses_boundary,0.8235942545919251,False
250,HS06,106,51632,10966,106,crosses_boundary,0.9864303272719052,False
250,HS06,106,51643,10969,106,crosses_boundary,0.49206393407473625,False
250,HS06,106,51646,10971,106,crosses_boundary,0.5936511474444098,False
250,HS06,106,51649,10969,106,fully_inside,0.9999999996880973,False
250,HS06,106,51650,6540,106,fully_inside,0.9999999999648016,False
250,HS06,106,51651,6540,106,fully_inside,0.9999999998435737,False
250,HS06,106,51652,10969,106,fully_inside,0.9999999999712614,False
250,HS06,106,51653,10971,106,crosses_boundary,0.6749209177129656,False
250,HS06,106,51654,6540,106,fully_inside,0.9999999999610099,False
250,HS06,106,51660,10975,106,crosses_boundary,0.2886952283810036,False
250,HS06,106,51663,10975,106,crosses_boundary,0.7859121015018367,False
250,HS06,106,51664,10977,106,fully_inside,1.0,False
250,HS06,106,51665,10977,106,fully_inside,1.0,False
250,HS06,106,51666,10978,106,crosses_boundary,0.7859121015401807,False
250,HS06,106,51669,10966,106,crosses_boundary,0.5912155648877031,False
250,HS06,106,51670,10980,106,crosses_boundary,0.6749209177479943,False
250,HS06,106,51676,10982,106,crosses_boundary,0.49206393407473625,False
250,HS06,106,51679,10977,106,fully_inside,0.9999999999681486,False
250,HS06,106,51680,10982,106,fully_inside,0.9999999996880973,False
250,HS06,106,51681,10982,106,fully_inside,0.9999999999712614,False
250,HS06,106,51682,10978,106,crosses_boundary,0.7145494686134243,False
250,HS06,106,51689,10986,106,crosses_boundary,0.28869522833967176,False
250,HS06,106,51693,10988,106,crosses_boundary,0.49206393407473625,False
250,HS06,106,51699,10986,106,crosses_boundary,0.7859121014605048,False
250,HS06,106,51700,10990,106,fully_inside,1.0,False
250,HS06,106,51701,10990,106,fully_inside,1.0,False
250,HS06,106,51702,10990,106,fully_inside,0.9999999999681486,False
250,HS06,106,51703,10988,106,fully_inside,0.9999999996880973,False
250,HS06,106,51704,10988,106,fully_inside,0.9999999999712614,False
250,HS06,106,51705,10991,106,crosses_boundary,0.7145494686717979,False
250,HS06,106,51706,10991,106,fully_inside,0.9999999998840915,False
250,HS06,106,51710,10994,106,crosses_boundary,0.2886952283810036,False
250,HS06,106,51717,10997,106,crosses_boundary,0.49206393415739996,False
250,HS06,106,51722,10994,106,crosses_boundary,0.7859121015018367,False
250,HS06,106,51723,10999,106,fully_inside,0.9999999937538374,False
250,HS06,106,51724,10999,106,fully_inside,1.0,False
250,HS06,106,51726,10999,106,fully_inside,1.0,False
250,HS06,106,51727,10997,106,fully_inside,0.9999999996880973,False
250,HS06,106,51728,10997,106,fully_inside,0.9999999999712614,False
250,HS06,106,51729,11000,106,crosses_boundary,0.7145494686667347,False
250,HS06,106,51730,11000,106,fully_inside,0.9999999999883639,False
250,HS06,106,51733,11002,106,crosses_boundary,0.28869522833967176,False
250,HS06,106,51741,11006,106,crosses_boundary,0.49206393407473625,False
250,HS06,106,51744,11002,106,crosses_boundary,0.7859121014605048,False
250,HS06,106,51745,11008,106,fully_inside,1.0,False
250,HS06,106,51749,11008,106,fully_inside,0.9999999999681486,False
250,HS06,106,51750,11008,106,fully_inside,1.0,False
250,HS06,106,51751,11006,106,fully_inside,0.9999999996880973,False
250,HS06,106,51752,11006,106,fully_inside,0.9999999999712614,False
250,HS06,106,51753,11009,106,crosses_boundary,0.7145494686717979,False
250,HS06,106,51754,11009,106,fully_inside,0.9999999999780075,False
250,HS06,106,51861,7100,106,fully_inside,1.0,False
250,HS06,106,51862,7100,106,fully_inside,0.9999999999999591,False
250,HS06,106,51863,7100,106,fully_inside,0.9999999999990972,False
250,HS06,106,52127,11102,106,crosses_boundary,0.07421385451571766,False
250,HS06,106,52132,11105,106,crosses_boundary,0.28869522833967176,False
250,HS06,106,52138,11108,106,crosses_boundary,0.49206393407473625,False
250,HS06,106,52144,11105,106,crosses_boundary,0.7859121014605048,False
250,HS06,106,52145,11110,106,fully_inside,1.0,False
250,HS06,106,52146,11110,106,fully_inside,0.9999999999681486,False
250,HS06,106,52147,11110,106,fully_inside,1.0,False
250,HS06,106,52148,11108,106,fully_inside,0.9999999996880973,False
250,HS06,106,52149,11108,106,fully_inside,0.9999999999712614,False
250,HS06,106,52150,11111,106,crosses_boundary,0.7145494686952769,False
250,HS06,106,52151,11111,106,fully_inside,1.0,False
250,HS06,106,52154,11113,106,crosses_boundary,0.28869522833967176,False
250,HS06,106,52162,11117,106,crosses_boundary,0.49206393407473625,False
250,HS06,106,52165,11113,106,crosses_boundary,0.7859121015431685,False
250,HS06,106,52166,11119,106,fully_inside,1.0,False
250,HS06,106,52170,11119,106,fully_inside,0.9999999999681486,False
250,HS06,106,52171,11119,106,fully_inside,1.0,False
250,HS06,106,52172,11117,106,fully_inside,0.9999999996880973,False
250,HS06,106,52173,11117,106,fully_inside,0.9999999999712614,False
250,HS06,106,52174,11120,106,crosses_boundary,0.7145494687187559,False
250,HS06,106,52175,11120,106,fully_inside,1.0,False
250,HS06,106,52181,11123,106,crosses_boundary,0.28869522833967176,False
250,HS06,106,52189,11123,106,crosses_boundary,0.7859121014605048,False
250,HS06,106,52190,7100,106,fully_inside,0.9999999840692687,False
250,HS06,106,52191,7100,106,fully_inside,1.0,False
250,HS06,106,52192,7100,106,fully_inside,1.0,False
250,HS06,106,52193,7100,106,fully_inside,0.9999999999784744,False
250,HS06,106,52194,7100,106,fully_inside,0.9999999998438965,False
250,HS06,106,52195,11125,106,crosses_boundary,0.7859121014833113,False
250,HS06,106,52196,11125,106,crosses_boundary,0.7859121015126441,False
250,HS06,106,52197,7100,106,fully_inside,0.9999999999441928,False
250,HS06,106,52199,11127,106,crosses_boundary,0.6749209177306986,False
250,HS06,106,52201,11129,106,crosses_boundary,0.674920917778511,False
250,HS06,106,52202,11129,106,crosses_boundary,0.6749209177369218,False
250,HS06,106,52203,11129,106,crosses_boundary,0.6749209177222985,False
250,HS06,106,52367,11153,106,crosses_boundary,0.0448192311943128,False
250,HS06,106,52368,11153,106,crosses_boundary,0.3349899148973696,False
250,HS06,106,52452,11170,106,crosses_boundary,1.7269535945554084e-05,False
250,HS06,106,52453,11129,106,crosses_boundary,4.130800535524568e-05,False
250,HS06,106,52454,11171,106,crosses_boundary,0.018386723675233002,False
250,HS06,106,52455,8074,106,fully_inside,0.9999999999792016,False
250,HS06,106,52456,11170,106,crosses_boundary,0.009467987910148563,False
250,HS06,106,52457,11170,106,crosses_boundary,0.01294050546890325,False
250,HS06,106,52458,11129,106,crosses_boundary,0.0006746974174137378,False
250,HS06,106,52459,11129,106,crosses_boundary,0.3227519118745772,False
250,HS06,106,52460,11129,106,crosses_boundary,0.5936511470759667,False
250,HS06,106,52461,11153,106,fully_inside,0.9999999999999772,False
250,HS06,106,52462,8075,106,fully_inside,0.9999999999857448,False
250,HS06,106,52463,11129,106,crosses_boundary,0.6749209177410922,False
250,HS06,106,52464,11153,106,fully_inside,1.0,False
250,HS06,106,52465,11153,106,fully_inside,0.9999999999810123,False
250,HS06,106,52466,11153,106,fully_inside,0.9999999999984858,False
250,HS06,106,52524,11102,106,crosses_boundary,0.5848672301709511,False
250,HS06,106,52525,11102,106,fully_inside,0.9999999999936979,False
250,HS06,106,52526,11102,106,fully_inside,1.0,False
250,HS06,106,52527,11102,106,fully_inside,1.0,False
250,HS06,106,52528,10826,106,fully_inside,0.9999999999819386,False
250,HS06,106,52529,10826,106,fully_inside,0.9999999999845359,False
250,HS06,106,52531,8523,110,fully_inside,0.9999999999967899,False
250,HS06,106,52532,10825,106,fully_inside,1.0,False
250,HS06,106,52534,10828,106,crosses_boundary,0.382579891479098,False
250,HS06,106,52535,10828,106,fully_inside,1.0,False
250,HS06,106,52536,4233,110,crosses_boundary,1.8793480550256057e-06,False
250,HS06,106,52537,4233,110,crosses_boundary,7.785868347285443e-06,False
250,HS06,106,52539,10828,106,fully_inside,1.0,False
250,HS06,106,52540,4233,110,crosses_boundary,8.097303136572555e-05,False
250,HS06,106,52541,4233,110,crosses_boundary,0.0015203684510834404,False
250,HS06,106,52542,11184,106,fully_inside,0.9999999999994986,False
250,HS06,106,52544,7082,106,fully_inside,0.999999999972832,False
250,HS06,106,52545,10878,106,fully_inside,0.9999999999937751,False
250,HS06,106,52546,10878,106,fully_inside,0.9999999999939364,False
250,HS06,106,52547,10878,106,fully_inside,1.0,False
250,HS06,106,52549,8553,106,fully_inside,1.0,False
250,HS06,106,52550,11184,106,fully_inside,0.9999999999994986,False
250,HS06,106,52551,8548,106,fully_inside,1.0,False
250,HS06,106,52552,8549,106,fully_inside,0.9999999999998725,False
250,HS06,106,52553,8551,106,fully_inside,1.0,False
250,HS06,106,52554,8075,106,fully_inside,0.9999999999976908,False
250,HS06,106,52555,8075,106,fully_inside,0.9999999999997369,False
250,HS06,106,52556,8090,106,fully_inside,0.9999999999996279,False
250,HS06,106,52557,8090,106,fully_inside,0.9999999999995097,False
250,HS06,106,52558,8550,106,fully_inside,0.9999999999997372,False
250,HS06,106,52559,8559,106,fully_inside,0.9999999999999355,False
250,HS06,106,52560,8552,106,fully_inside,1.0,False
250,HS06,106,52561,8553,106,fully_inside,0.9999999999996618,False
250,HS06,106,52568,8553,106,fully_inside,1.0,False
250,HS06,106,52572,8553,106,fully_inside,1.0,False
250,HS06,106,52574,8548,106,fully_inside,0.9999999999767466,False
250,HS06,106,52575,8548,106,fully_inside,0.9999999999767466,False
250,HS06,106,52576,8549,106,fully_inside,0.9999999999760844,False
250,HS06,106,52577,8549,106,fully_inside,0.9999999999760844,False
250,HS06,106,52582,11188,106,fully_inside,1.0,False
250,HS06,106,52583,11188,106,fully_inside,1.0,False
250,HS06,106,53018,8675,106,fully_outside,0.0,False
250,HS06,106,53019,7120,106,fully_outside,0.0,False
250,HS06,106,53023,8675,106,fully_outside,0.0,False
250,HS06,106,53024,7120,106,fully_outside,0.0,False
250,HS06,106,53025,8675,106,fully_outside,0.0,False
250,HS06,106,53032,7120,106,fully_outside,0.0,False
250,HS06,106,53033,8675,106,fully_outside,0.0,False
250,HS06,106,53034,7120,106,fully_outside,0.0,False
250,HS06,106,53035,8675,106,fully_outside,0.0,False
250,HS06,106,53036,7120,106,fully_outside,0.0,False
250,HS06,106,53038,7120,106,fully_outside,0.0,False
250,HS06,106,53039,7120,106,fully_outside,0.0,False
250,HS06,106,53040,8675,106,fully_outside,0.0,False
250,HS06,106,53041,7120,106,fully_outside,0.0,False
250,HS06,106,53042,11281,106,fully_outside,0.0,False
250,HS06,106,53043,8675,106,fully_outside,0.0,False
250,HS06,106,53044,11281,106,fully_outside,0.0,False
250,HS06,106,53045,11282,106,fully_outside,0.0,False
250,HS06,106,53055,7120,106,fully_outside,0.0,False
250,HS06,106,53056,7120,106,fully_outside,0.0,False
250,HS06,106,53057,8675,106,fully_outside,0.0,False
250,HS06,106,53058,11284,106,fully_outside,0.0,False
250,HS06,106,53059,11282,106,fully_outside,0.0,False
250,HS06,106,53060,11284,106,fully_outside,0.0,False
250,HS06,106,53061,11285,106,fully_outside,0.0,False
250,HS06,106,53062,8675,106,fully_outside,0.0,False
250,HS06,106,53064,11286,106,fully_outside,0.0,False
250,HS06,106,53065,11286,106,fully_outside,0.0,False
250,HS06,106,53067,11286,106,fully_outside,0.0,False
250,HS06,106,53068,11285,106,fully_outside,0.0,False
250,HS06,106,53084,11288,106,fully_outside,0.0,False
250,HS06,106,53085,11288,106,fully_outside,0.0,False
250,HS06,106,53086,11289,106,fully_outside,0.0,False
250,HS06,106,53088,11291,106,fully_outside,0.0,False
250,HS06,106,53089,7120,106,fully_outside,0.0,False
250,HS06,106,53090,11292,106,fully_outside,0.0,False
250,HS06,106,53091,11292,106,fully_outside,0.0,False
250,HS06,106,53092,11292,106,fully_outside,0.0,False
250,HS06,106,53093,7120,106,fully_outside,0.0,False
250,HS06,106,53094,11293,106,fully_outside,0.0,False
250,HS06,106,53095,8675,106,fully_outside,0.0,False
250,HS06,106,53096,11293,106,fully_outside,0.0,False
250,HS06,106,53097,11294,106,fully_outside,0.0,False
250,HS06,106,53098,11294,106,fully_outside,0.0,False
250,HS06,106,53099,11295,106,fully_outside,0.0,False
250,HS06,106,53100,11295,106,fully_outside,0.0,False
250,HS06,106,53119,11291,106,fully_outside,0.0,False
250,HS06,106,53323,9297,106,fully_inside,1.0,False
250,HS06,106,53324,9296,106,fully_inside,0.9999999999999355,False
250,HS06,106,53325,9298,106,fully_inside,0.999999999999549,False
250,HS06,106,53326,9299,106,fully_inside,0.9999999999996073,False
250,HS06,106,53327,9313,106,fully_inside,0.9999999999995484,False
250,HS06,106,53328,9312,106,fully_inside,0.9999999999999355,False
250,HS06,106,53329,9314,106,fully_inside,0.999999999999935,False
250,HS06,106,53330,9315,106,fully_inside,0.9999999999995491,False
250,HS06,106,53538,8961,106,fully_outside,0.0,False
250,HS06,106,53541,8965,106,crosses_boundary,0.022265014664048125,False
250,HS06,106,53542,8964,106,fully_outside,0.0,False
250,HS06,106,53551,9440,106,fully_outside,0.0,False
250,HS06,106,53901,11476,106,fully_inside,1.0,False
250,HS06,106,53902,11476,106,fully_inside,1.0,False
250,HS06,106,53903,11477,106,fully_inside,1.0,False
250,HS06,106,53904,11477,106,fully_inside,1.0,False
250,HS06,106,54491,11650,106,fully_outside,0.0,False
250,HS06,106,54492,11650,106,fully_outside,0.0,False
250,HS06,106,54493,11650,106,fully_outside,0.0,False
250,HS06,106,54696,10401,106,fully_inside,1.0,False
250,HS06,106,54697,10400,106,fully_inside,0.999999999999679,False
250,HS06,106,54698,10403,106,fully_inside,0.9999999999998005,False
250,HS06,106,54699,10402,106,fully_inside,0.9999999999999688,False
250,HS06,106,54700,10405,106,fully_inside,0.999999999999935,False
250,HS06,106,54701,10404,106,fully_inside,0.9999999999997369,False
250,HS06,106,54702,10407,106,fully_inside,0.9999999999998002,False
250,HS06,106,54703,10406,106,fully_inside,0.9999999999988097,False
250,HS06,106,54704,10566,106,fully_inside,1.0,False
250,HS06,106,54904,10006,106,fully_inside,0.9999999999976419,False
250,HS06,106,54905,10006,106,fully_inside,1.0,False
250,HS06,106,54906,10011,106,fully_inside,1.0,False
250,HS06,106,54955,11770,106,fully_inside,0.999999999997742,False
250,HS06,106,54956,11770,106,fully_inside,0.999999999997742,False
250,HS06,106,54957,11771,106,fully_inside,1.0,False
250,HS06,106,54958,11771,106,fully_inside,1.0,False
250,HS06,106,54959,10566,106,fully_inside,0.9999999999992965,False
250,HS06,106,54960,11772,106,fully_inside,0.9999999999883639,False
250,HS06,106,54961,11772,106,fully_inside,0.9999999999994399,False
250,HS06,106,54962,11772,106,fully_inside,1.0,False
250,HS10,123,2469,613,123,fully_outside,0.0,False
250,HS10,123,2470,613,123,fully_outside,0.0,False
250,HS10,123,2471,613,123,fully_outside,0.0,False
250,HS10,123,2472,613,123,fully_outside,0.0,False
250,HS10,123,2473,613,123,fully_outside,0.0,False
250,HS10,123,2474,613,123,fully_outside,0.0,False
250,HS10,123,2475,613,123,fully_outside,0.0,False
250,HS10,123,2476,613,123,fully_outside,0.0,False
250,HS10,123,2477,613,123,fully_outside,0.0,False
250,HS10,123,2479,615,123,fully_outside,0.0,False
250,HS10,123,2480,613,123,fully_outside,0.0,False
250,HS10,123,2481,613,123,fully_outside,0.0,False
250,HS10,123,2482,613,123,fully_outside,0.0,False
250,HS10,123,2483,613,123,fully_outside,0.0,False
250,HS10,123,2486,613,123,fully_outside,0.0,False
250,HS10,123,2487,613,123,crosses_boundary,0.9958766299225659,False
250,HS10,123,2488,613,123,crosses_boundary,0.9963106689377033,False
250,HS10,123,2490,617,123,crosses_boundary,0.8756964255220647,False
250,HS10,123,2565,615,123,fully_outside,0.0,False
250,HS10,123,2569,652,123,fully_outside,0.0,False
250,HS10,123,2570,653,123,fully_outside,0.0,False
250,HS10,123,2571,654,123,fully_outside,0.0,False
250,HS10,123,2572,655,123,fully_outside,0.0,False
250,HS10,123,2573,656,123,fully_outside,0.0,False
250,HS10,123,2574,657,123,fully_outside,0.0,False
250,HS10,123,2576,617,123,crosses_boundary,0.9958766299597259,False
250,HS10,123,2580,659,123,fully_outside,0.0,False
250,HS10,123,2581,660,123,fully_outside,0.0,False
250,HS10,123,2582,661,123,fully_outside,0.0,False
250,HS10,123,2681,613,123,fully_inside,0.9999999998753599,False
250,HS10,123,2682,613,123,fully_inside,1.0,False
250,HS10,123,2683,613,123,fully_inside,0.9999999997874656,False
250,HS10,123,2684,613,123,fully_inside,0.9999999999415697,False
250,HS10,123,2685,613,123,crosses_boundary,0.9968640686008701,False
250,HS10,123,2686,613,123,fully_inside,0.9999999998436464,False
250,HS10,123,2687,613,123,fully_inside,0.9999999998437781,False
250,HS10,123,2688,613,123,fully_inside,1.0,False
250,HS10,123,2689,613,123,fully_inside,1.0,False
250,HS10,123,2690,613,123,fully_inside,0.9999999999674702,False
250,HS10,123,2691,613,123,fully_inside,1.0,False
250,HS10,123,2692,613,123,fully_inside,1.0,False
250,HS10,123,2693,613,123,fully_inside,0.9999999990695507,False
250,HS10,123,2716,613,123,fully_inside,0.999999999999756,False
250,HS10,123,2717,613,123,fully_inside,0.9999999999998986,False
250,HS10,123,2718,613,123,fully_inside,1.0,False
250,HS10,123,2719,613,123,fully_inside,0.9999999999995558,False
250,HS10,123,2829,701,123,fully_inside,0.9999999999833425,False
250,HS10,123,2830,702,123,fully_inside,0.9999999999902025,False
250,HS10,123,2831,703,123,fully_inside,1.0,False
250,HS10,123,2832,704,123,fully_inside,0.9999999999743805,False
250,HS10,123,2833,705,123,fully_inside,0.9999999999790617,False
250,HS10,123,3841,653,123,fully_outside,0.0,False
250,HS10,123,3842,653,123,fully_outside,0.0,False
250,HS10,123,3843,653,123,fully_outside,0.0,False
250,HS10,123,3847,981,123,fully_outside,0.0,False
250,HS10,123,3848,981,123,fully_outside,0.0,False
250,HS10,123,3849,656,123,fully_outside,0.0,False
250,HS10,123,3855,660,123,fully_outside,0.0,False
250,HS10,123,3856,660,123,fully_outside,0.0,False
250,HS10,123,3857,987,123,fully_outside,0.0,False
250,HS10,123,3859,988,123,fully_outside,0.0,False
250,HS10,123,3861,653,123,fully_outside,0.0,False
250,HS10,123,3862,654,123,fully_outside,0.0,False
250,HS10,123,3863,655,123,fully_outside,0.0,False
250,HS10,123,3864,656,123,fully_outside,0.0,False
250,HS10,123,3865,660,123,fully_outside,0.0,False
250,HS10,123,3866,661,123,fully_outside,0.0,False
250,HS10,123,4052,653,123,fully_outside,0.0,False
250,HS10,123,4053,653,123,fully_outside,0.0,False
250,HS10,123,4054,1017,123,fully_outside,0.0,False
250,HS10,123,4055,653,123,fully_outside,0.0,False
250,HS10,123,4056,981,123,fully_outside,0.0,False
250,HS10,123,4057,656,123,fully_outside,0.0,False
250,HS10,123,4058,656,123,fully_outside,0.0,False
250,HS10,123,4063,981,123,fully_outside,0.0,False
250,HS10,123,4068,987,123,fully_outside,0.0,False
250,HS10,123,4069,660,123,fully_outside,0.0,False
250,HS10,123,4070,1019,123,fully_outside,0.0,False
250,HS10,123,4071,660,123,fully_outside,0.0,False
250,HS10,123,4072,987,123,fully_outside,0.0,False
250,HS10,123,4075,653,123,fully_outside,0.0,False
250,HS10,123,4076,656,123,fully_outside,0.0,False
250,HS10,123,4078,660,123,fully_outside,0.0,False
250,HS10,123,4156,1026,123,fully_inside,1.0,False
250,HS10,123,4157,1027,123,fully_inside,0.999999999975466,False
250,HS10,123,4158,1026,123,fully_inside,1.0,False
250,HS10,123,4159,1028,123,fully_inside,0.9999999999989208,False
250,HS10,123,4160,1029,123,fully_inside,1.0,False
250,HS10,123,4161,1030,123,fully_inside,1.0,False
250,HS10,123,4162,1031,123,fully_inside,0.9999999999994409,False
250,HS10,123,4163,1032,123,fully_inside,0.9999999999995367,False
250,HS10,123,4164,1033,123,fully_inside,0.999999999994611,False
250,HS10,123,4165,701,123,fully_inside,0.9999999999566481,False
250,HS10,123,4166,1034,123,fully_inside,1.0,False
250,HS10,123,4167,1035,123,fully_inside,0.999999999995206,False
250,HS10,123,4168,1036,123,fully_inside,0.9999999999995367,False
250,HS10,123,4169,704,123,fully_inside,0.9999999999981065,False
250,HS10,123,4170,704,123,fully_inside,0.9999999999789998,False
250,HS10,123,4171,704,123,fully_inside,1.0,False
250,HS10,123,4179,702,123,fully_inside,0.9999999999862897,False
250,HS10,123,4180,704,123,fully_inside,0.999999999993702,False
250,HS10,123,4326,1026,123,fully_inside,1.0,False
250,HS10,123,4327,1027,123,fully_inside,1.0,False
250,HS10,123,4328,1029,123,fully_inside,1.0,False
250,HS10,123,4329,1028,123,fully_inside,0.9999999999989208,False
250,HS10,123,4330,1034,123,fully_inside,0.9999999999701573,False
250,HS10,123,4331,1030,123,fully_inside,0.9999999999701573,False
250,HS10,123,4332,1031,123,fully_inside,0.9999999999994409,False
250,HS10,123,4333,1032,123,fully_inside,0.9999999999817618,False
250,HS10,123,4334,1033,123,fully_inside,0.9999999999989208,False
250,HS10,123,4335,1035,123,fully_inside,0.999999999995206,False
250,HS10,123,4336,1036,123,fully_inside,0.9999999999817618,False
250,HS10,123,4337,704,123,fully_inside,0.9999999999981065,False
250,HS10,123,4338,1026,123,fully_inside,0.999999999997191,False
250,HS10,123,4340,704,123,fully_inside,0.9999999999989139,False
250,HS10,123,4341,704,123,fully_inside,1.0,False
250,HS10,123,4351,701,123,fully_inside,1.0,False
250,HS10,123,4352,704,123,fully_inside,0.9999999999877933,False
250,HS10,123,4353,704,123,fully_inside,0.9999999999725869,False
250,HS10,123,4354,1067,123,fully_inside,0.9999999999523016,False
250,HS10,123,4360,1068,123,fully_inside,1.0,False
250,HS10,123,10047,2516,123,fully_outside,0.0,False
250,HS10,123,10094,2519,123,fully_outside,0.0,False
250,HS10,123,10095,2519,123,fully_outside,0.0,False
250,HS10,123,10096,2519,123,fully_outside,0.0,False
250,HS10,123,10100,613,123,fully_outside,0.0,False
250,HS10,123,10101,613,123,fully_outside,0.0,False
250,HS10,123,10102,613,123,fully_outside,0.0,False
250,HS10,123,10103,613,123,fully_outside,0.0,False
250,HS10,123,10104,2520,123,fully_outside,0.0,False
250,HS10,123,10105,2520,123,fully_outside,0.0,False
250,HS10,123,10106,2520,123,fully_outside,0.0,False
250,HS10,123,10107,2520,123,fully_outside,0.0,False
250,HS10,123,10108,2520,123,fully_outside,0.0,False
250,HS10,123,10109,2520,123,fully_outside,0.0,False
250,HS10,123,10110,613,123,fully_outside,0.0,False
250,HS10,123,10111,613,123,fully_outside,0.0,False
250,HS10,123,10112,613,123,fully_outside,0.0,False
250,HS10,123,10113,2520,123,fully_outside,0.0,False
250,HS10,123,10114,2520,123,fully_outside,0.0,False
250,HS10,123,10115,2520,123,fully_outside,0.0,False
250,HS10,123,10116,2520,123,fully_outside,0.0,False
250,HS10,123,10117,2520,123,fully_outside,0.0,False
250,HS10,123,10118,2520,123,fully_outside,0.0,False
250,HS10,123,10119,613,123,crosses_boundary,0.26864955112406025,False
250,HS10,123,10120,613,123,crosses_boundary,0.39564752074851145,False
250,HS10,123,10121,613,123,crosses_boundary,0.5579644523321786,False
250,HS10,123,10122,613,123,crosses_boundary,0.8679447036250965,False
250,HS10,123,10123,613,123,crosses_boundary,0.4028411120309556,False
250,HS10,123,10124,613,123,crosses_boundary,0.3956475207317271,False
250,HS10,123,10125,613,123,crosses_boundary,0.3885823864431961,False
250,HS10,123,10126,613,123,crosses_boundary,0.3761093715728961,False
250,HS10,123,10127,2519,123,fully_outside,0.0,False
250,HS10,123,10128,2519,123,fully_outside,0.0,False
250,HS10,123,10129,2519,123,fully_outside,0.0,False
250,HS10,123,10130,613,123,crosses_boundary,0.8462460860606947,False
250,HS10,123,10131,2521,110,fully_outside,0.0,False
250,HS10,123,10132,613,123,fully_outside,0.0,False
250,HS10,123,10133,2522,123,fully_outside,0.0,False
250,HS10,123,10134,2523,123,crosses_boundary,0.7637681824032687,False
250,HS10,123,10280,2521,110,fully_outside,0.0,False
250,HS10,123,10281,2521,110,fully_outside,0.0,False
250,HS10,123,10282,2521,110,fully_outside,0.0,False
250,HS10,123,10283,2521,110,fully_outside,0.0,False
250,HS10,123,10284,2521,110,fully_outside,0.0,False
250,HS10,123,10290,2521,110,fully_outside,0.0,False
250,HS10,123,10291,2521,110,fully_outside,0.0,False
250,HS10,123,10292,2521,110,fully_outside,0.0,False
250,HS10,123,10293,2521,110,fully_outside,0.0,False
250,HS10,123,10294,2521,110,fully_outside,0.0,False
250,HS10,123,10295,2521,110,fully_outside,0.0,False
250,HS10,123,10296,2521,110,fully_outside,0.0,False
250,HS10,123,10300,2537,110,fully_outside,0.0,False
250,HS10,123,10307,2521,110,fully_outside,0.0,False
250,HS10,123,10309,2521,110,fully_outside,0.0,False
250,HS10,123,10317,2516,123,fully_outside,0.0,False
250,HS10,123,10320,2540,123,fully_outside,0.0,False
250,HS10,123,10321,2540,123,fully_outside,0.0,False
250,HS10,123,10330,2542,123,fully_outside,0.0,False
250,HS10,123,10390,2564,123,fully_outside,0.0,False
250,HS10,123,10414,2565,123,fully_outside,0.0,False
250,HS10,123,10415,2566,123,fully_outside,0.0,False
250,HS10,123,10416,2540,123,fully_outside,0.0,False
250,HS10,123,10417,2567,123,fully_outside,0.0,False
250,HS10,123,10426,2542,123,fully_outside,0.0,False
250,HS10,123,10526,2564,123,fully_outside,0.0,False
250,HS10,123,10527,2585,123,fully_outside,0.0,False
250,HS10,123,10528,2564,123,fully_outside,0.0,False
250,HS10,123,10529,2585,123,fully_outside,0.0,False
250,HS10,123,10530,2566,123,fully_outside,0.0,False
250,HS10,123,10531,2586,123,fully_outside,0.0,False
250,HS10,123,10532,2587,123,fully_outside,0.0,False
250,HS10,123,10533,2588,123,fully_outside,0.0,False
250,HS10,123,10534,2589,123,fully_outside,0.0,False
250,HS10,123,10535,2589,123,fully_outside,0.0,False
250,HS10,123,10536,2588,123,fully_outside,0.0,False
250,HS10,123,10537,2590,123,fully_outside,0.0,False
250,HS10,123,10538,2542,123,fully_outside,0.0,False
250,HS10,123,10539,2591,123,fully_outside,0.0,False
250,HS10,123,10540,2592,123,fully_outside,0.0,False
250,HS10,123,10541,2592,123,fully_outside,0.0,False
250,HS10,123,10542,2564,123,fully_outside,0.0,False
250,HS10,123,10543,2593,123,fully_outside,0.0,False
250,HS10,123,10544,2593,123,fully_outside,0.0,False
250,HS10,123,10545,2594,123,fully_outside,0.0,False
250,HS10,123,10546,2566,123,fully_outside,0.0,False
250,HS10,123,10547,2566,123,fully_outside,0.0,False
250,HS10,123,10548,2587,123,fully_outside,0.0,False
250,HS10,123,10549,2586,123,fully_outside,0.0,False
250,HS10,123,10550,2595,123,fully_outside,0.0,False
250,HS10,123,10551,2542,123,fully_outside,0.0,False
250,HS10,123,10552,2542,123,fully_outside,0.0,False
250,HS10,123,10553,2591,123,fully_outside,0.0,False
250,HS10,123,10554,2564,123,fully_outside,0.0,False
250,HS10,123,10555,2596,123,fully_outside,0.0,False
250,HS10,123,11200,2791,110,fully_outside,0.0,False
250,HS10,123,11205,2537,110,fully_outside,0.0,False
250,HS10,123,11225,2805,110,fully_outside,0.0,False
250,HS10,123,11248,613,123,fully_inside,0.9999999998758898,False
250,HS10,123,11249,613,123,fully_inside,1.0,False
250,HS10,123,11250,613,123,crosses_boundary,0.9983449250911723,False
250,HS10,123,11251,613,123,fully_inside,1.0,False
250,HS10,123,11252,613,123,fully_inside,0.9999999999894301,False
250,HS10,123,11253,613,123,fully_inside,1.0,False
250,HS10,123,11254,613,123,fully_inside,0.9999999999521849,False
250,HS10,123,11255,613,123,fully_inside,0.9999999999899309,False
250,HS10,123,11256,613,123,fully_inside,0.9999999999698582,False
250,HS10,123,11257,613,123,fully_inside,1.0,False
250,HS10,123,11258,613,123,crosses_boundary,0.99908051393698,False
250,HS10,123,11259,2523,123,crosses_boundary,0.9933797003871145,False
250,HS10,123,11260,613,123,crosses_boundary,0.9990805139389118,False
250,HS10,123,11261,2810,123,fully_inside,1.0,False
250,HS10,123,11262,2810,123,fully_inside,1.0,False
250,HS10,123,11263,2523,123,fully_inside,0.9999999999797636,False
250,HS10,123,11264,2810,123,fully_inside,0.999999999993528,False
250,HS10,123,11265,613,123,fully_inside,1.0,False
250,HS10,123,11266,613,123,fully_inside,0.9999999999997873,False
250,HS10,123,11267,613,123,fully_inside,1.0,False
250,HS10,123,11295,2811,123,fully_inside,0.9999999999790617,False
250,HS10,123,11296,701,123,fully_inside,0.9999999999973985,False
250,HS10,123,11297,2812,123,fully_inside,0.9999999999789998,False
250,HS10,123,11298,2812,123,fully_inside,1.0,False
250,HS10,123,11299,704,123,fully_inside,1.0,False
250,HS10,123,11300,704,123,fully_inside,0.9999999999802768,False
250,HS10,123,11301,2813,123,fully_inside,0.9999999999766311,False
250,HS10,123,11302,2814,123,fully_inside,0.9999999999974906,False
250,HS10,123,11303,2814,123,fully_inside,1.0,False
250,HS10,123,11304,2815,123,fully_inside,0.9999999999994934,False
250,HS10,123,11305,2816,123,fully_inside,1.0,False
250,HS10,123,11382,2521,110,fully_outside,0.0,False
250,HS10,123,11383,2521,110,fully_outside,0.0,False
250,HS10,123,11445,2521,110,fully_outside,0.0,False
250,HS10,123,11446,2521,110,fully_outside,0.0,False
250,HS10,123,11447,2521,110,fully_outside,0.0,False
250,HS10,123,11462,2521,110,fully_outside,0.0,False
250,HS10,123,11463,2521,110,fully_outside,0.0,False
250,HS10,123,11464,2521,110,fully_outside,0.0,False
250,HS10,123,11465,2521,110,fully_outside,0.0,False
250,HS10,123,11466,2521,110,fully_outside,0.0,False
250,HS10,123,11467,2521,110,fully_outside,0.0,False
250,HS10,123,11468,2521,110,fully_outside,0.0,False
250,HS10,123,11469,2521,110,fully_outside,0.0,False
250,HS10,123,11470,2521,110,fully_outside,0.0,False
250,HS10,123,11471,2521,110,fully_outside,0.0,False
250,HS10,123,11472,2521,110,fully_outside,0.0,False
250,HS10,123,11473,2521,110,fully_outside,0.0,False
250,HS10,123,11500,2521,110,fully_outside,0.0,False
250,HS10,123,11504,2521,110,fully_outside,0.0,False
250,HS10,123,11505,2521,110,fully_outside,0.0,False
250,HS10,123,11555,2521,110,fully_outside,0.0,False
250,HS10,123,11556,2521,110,fully_outside,0.0,False
250,HS10,123,11557,2521,110,fully_outside,0.0,False
250,HS10,123,11558,2521,110,fully_outside,0.0,False
250,HS10,123,11559,2521,110,fully_outside,0.0,False
250,HS10,123,11560,2521,110,fully_outside,0.0,False
250,HS10,123,11561,2521,110,fully_outside,0.0,False
250,HS10,123,11562,2521,110,fully_outside,0.0,False
250,HS10,123,11563,2521,110,fully_outside,0.0,False
250,HS10,123,11564,2521,110,fully_outside,0.0,False
250,HS10,123,11565,2521,110,fully_outside,0.0,False
250,HS10,123,11566,2521,110,fully_outside,0.0,False
250,HS10,123,11567,2521,110,fully_outside,0.0,False
250,HS10,123,11568,2521,110,fully_outside,0.0,False
250,HS10,123,11569,2521,110,fully_outside,0.0,False
250,HS10,123,11570,2521,110,fully_outside,0.0,False
250,HS10,123,11571,2521,110,fully_outside,0.0,False
250,HS10,123,11572,2521,110,fully_outside,0.0,False
250,HS10,123,11573,2521,110,fully_outside,0.0,False
250,HS10,123,11574,2842,110,fully_outside,0.0,False
250,HS10,123,11575,2842,110,fully_outside,0.0,False
250,HS10,123,11576,2521,110,fully_outside,0.0,False
250,HS10,123,11577,2521,110,fully_outside,0.0,False
250,HS10,123,11578,2521,110,fully_outside,0.0,False
250,HS10,123,11582,2521,110,fully_outside,0.0,False
250,HS10,123,11848,2951,110,fully_outside,0.0,False
250,HS10,123,11849,2951,110,fully_outside,0.0,False
250,HS10,123,11855,2952,110,fully_outside,0.0,False
250,HS10,123,11856,2953,110,fully_outside,0.0,False
250,HS10,123,11857,2953,110,fully_outside,0.0,False
250,HS10,123,12012,3001,110,fully_outside,0.0,False
250,HS10,123,12013,3002,110,fully_outside,0.0,False
250,HS10,123,12014,3002,110,fully_outside,0.0,False
250,HS10,123,12019,3003,110,fully_outside,0.0,False
250,HS10,123,12020,3004,110,fully_outside,0.0,False
250,HS10,123,12021,3004,110,fully_outside,0.0,False
250,HS10,123,12022,3005,110,fully_outside,0.0,False
250,HS10,123,12023,3006,110,fully_outside,0.0,False
250,HS10,123,12024,3007,110,fully_outside,0.0,False
250,HS10,123,12025,3008,110,fully_outside,0.0,False
250,HS10,123,12056,3031,110,fully_outside,0.0,False
250,HS10,123,12175,3067,110,fully_outside,0.0,False
250,HS10,123,12176,3031,110,fully_outside,0.0,False
250,HS10,123,12177,3031,110,fully_outside,0.0,False
250,HS10,123,12178,3068,110,fully_outside,0.0,False
250,HS10,123,12180,3069,110,fully_outside,0.0,False
250,HS10,123,12256,3093,110,fully_outside,0.0,False
250,HS10,123,12257,3094,110,fully_outside,0.0,False
250,HS10,123,12258,3095,110,fully_outside,0.0,False
250,HS10,123,12259,3096,110,fully_outside,0.0,False
250,HS10,123,12260,3097,110,fully_outside,0.0,False
250,HS10,123,12261,3098,110,fully_outside,0.0,False
250,HS10,123,12262,3068,110,fully_outside,0.0,False
250,HS10,123,12263,3099,110,fully_outside,0.0,False
250,HS10,123,12264,3100,110,fully_outside,0.0,False
250,HS10,123,12265,3101,110,fully_outside,0.0,False
250,HS10,123,12266,3102,110,fully_outside,0.0,False
250,HS10,123,12267,3103,110,fully_outside,0.0,False
250,HS10,123,12268,3104,110,fully_outside,0.0,False
250,HS10,123,12269,3105,110,fully_outside,0.0,False
250,HS10,123,12270,3106,110,fully_outside,0.0,False
250,HS10,123,12271,3107,110,fully_outside,0.0,False
250,HS10,123,12272,3108,110,fully_outside,0.0,False
250,HS10,123,12273,3109,110,fully_outside,0.0,False
250,HS10,123,12274,3110,110,fully_outside,0.0,False
250,HS10,123,12275,3103,110,fully_outside,0.0,False
250,HS10,123,12276,3111,110,fully_outside,0.0,False
250,HS10,123,12277,3112,110,fully_outside,0.0,False
250,HS10,123,12278,3113,110,fully_outside,0.0,False
250,HS10,123,12279,3114,110,fully_outside,0.0,False
250,HS10,123,12280,3115,110,fully_outside,0.0,False
250,HS10,123,12281,3116,110,fully_outside,0.0,False
250,HS10,123,12282,3117,110,fully_outside,0.0,False
250,HS10,123,12283,3118,110,fully_outside,0.0,False
250,HS10,123,12284,3119,110,fully_outside,0.0,False
250,HS10,123,12285,3120,110,fully_outside,0.0,False
250,HS10,123,12286,3121,110,fully_outside,0.0,False
250,HS10,123,12288,3094,110,fully_outside,0.0,False
250,HS10,123,12289,3095,110,fully_outside,0.0,False
250,HS10,123,12290,3106,110,fully_outside,0.0,False
250,HS10,123,12291,3107,110,fully_outside,0.0,False
250,HS10,123,12292,3094,110,fully_outside,0.0,False
250,HS10,123,12293,3096,110,fully_outside,0.0,False
250,HS10,123,12294,3104,110,fully_outside,0.0,False
250,HS10,123,12295,3097,110,fully_outside,0.0,False
250,HS10,123,12296,3098,110,fully_outside,0.0,False
250,HS10,123,12297,3099,110,fully_outside,0.0,False
250,HS10,123,12298,3100,110,fully_outside,0.0,False
250,HS10,123,12299,3093,110,fully_outside,0.0,False
250,HS10,123,12300,3101,110,fully_outside,0.0,False
250,HS10,123,12301,3120,110,fully_outside,0.0,False
250,HS10,123,12302,3102,110,fully_outside,0.0,False
250,HS10,123,12303,3103,110,fully_outside,0.0,False
250,HS10,123,12304,3114,110,fully_outside,0.0,False
250,HS10,123,12305,3109,110,fully_outside,0.0,False
250,HS10,123,12306,3112,110,fully_outside,0.0,False
250,HS10,123,12307,3113,110,fully_outside,0.0,False
250,HS10,123,12308,3109,110,fully_outside,0.0,False
250,HS10,123,12309,3121,110,fully_outside,0.0,False
250,HS10,123,12310,3118,110,fully_outside,0.0,False
250,HS10,123,12311,3121,110,fully_outside,0.0,False
250,HS10,123,12312,3119,110,fully_outside,0.0,False
250,HS10,123,12313,3117,110,fully_outside,0.0,False
250,HS10,123,12337,2540,123,fully_outside,0.0,False
250,HS10,123,12361,2542,123,fully_outside,0.0,False
250,HS10,123,12439,3134,123,fully_outside,0.0,False
250,HS10,123,12440,3135,110,fully_outside,0.0,False
250,HS10,123,12483,3136,123,fully_outside,0.0,False
250,HS10,123,12484,3136,123,fully_outside,0.0,False
250,HS10,123,12485,3136,123,fully_outside,0.0,False
250,HS10,123,12487,3136,123,fully_outside,0.0,False
250,HS10,123,12526,3149,123,fully_outside,0.0,False
250,HS10,123,12527,3149,123,fully_outside,0.0,False
250,HS10,123,12613,3149,123,fully_outside,0.0,False
250,HS10,123,12614,3149,123,fully_outside,0.0,False
250,HS10,123,12615,3149,123,fully_outside,0.0,False
250,HS10,123,12616,3168,123,fully_outside,0.0,False
250,HS10,123,12617,3169,123,fully_outside,0.0,False
250,HS10,123,12618,1017,123,fully_outside,0.0,False
250,HS10,123,12619,2587,123,fully_outside,0.0,False
250,HS10,123,12620,2595,123,fully_outside,0.0,False
250,HS10,123,12621,2595,123,fully_outside,0.0,False
250,HS10,123,12622,2589,123,fully_outside,0.0,False
250,HS10,123,12623,3170,123,fully_outside,0.0,False
250,HS10,123,12624,3171,123,fully_outside,0.0,False
250,HS10,123,12625,2589,123,fully_outside,0.0,False
250,HS10,123,12626,2589,123,fully_outside,0.0,False
250,HS10,123,12627,2588,123,fully_outside,0.0,False
250,HS10,123,12628,2588,123,fully_outside,0.0,False
250,HS10,123,12629,3170,123,fully_outside,0.0,False
250,HS10,123,12630,656,123,fully_outside,0.0,False
250,HS10,123,12631,3172,123,fully_outside,0.0,False
250,HS10,123,12632,2591,123,fully_outside,0.0,False
250,HS10,123,12633,2592,123,fully_outside,0.0,False
250,HS10,123,12634,3173,123,fully_outside,0.0,False
250,HS10,123,12635,2592,123,fully_outside,0.0,False
250,HS10,123,12636,2592,123,fully_outside,0.0,False
250,HS10,123,12637,3173,123,fully_outside,0.0,False
250,HS10,123,12638,3172,123,fully_outside,0.0,False
250,HS10,123,12639,1019,123,fully_outside,0.0,False
250,HS10,123,12640,2596,123,fully_outside,0.0,False
250,HS10,123,12641,2596,123,fully_outside,0.0,False
250,HS10,123,12642,3174,123,fully_outside,0.0,False
250,HS10,123,12643,2593,123,fully_outside,0.0,False
250,HS10,123,12644,2593,123,fully_outside,0.0,False
250,HS10,123,12645,2805,110,fully_outside,0.0,False
250,HS10,123,12646,3136,123,fully_outside,0.0,False
250,HS10,123,12647,3136,123,fully_outside,0.0,False
250,HS10,123,12648,3136,123,fully_outside,0.0,False
250,HS10,123,12649,3136,123,fully_outside,0.0,False
250,HS10,123,12650,3136,123,fully_outside,0.0,False
250,HS10,123,12651,3136,123,fully_outside,0.0,False
250,HS10,123,12652,3136,123,fully_outside,0.0,False
250,HS10,123,12653,3136,123,fully_outside,0.0,False
250,HS10,123,12654,3136,123,fully_outside,0.0,False
250,HS10,123,12655,3175,123,fully_outside,0.0,False
250,HS10,123,12656,3176,123,fully_outside,0.0,False
250,HS10,123,12657,2587,123,fully_outside,0.0,False
250,HS10,123,12658,3176,123,fully_outside,0.0,False
250,HS10,123,12659,2595,123,fully_outside,0.0,False
250,HS10,123,12660,3175,123,fully_outside,0.0,False
250,HS10,123,12661,2589,123,fully_outside,0.0,False
250,HS10,123,12662,3176,123,fully_outside,0.0,False
250,HS10,123,12663,2590,123,fully_outside,0.0,False
250,HS10,123,12664,3177,123,fully_outside,0.0,False
250,HS10,123,12665,3177,123,fully_outside,0.0,False
250,HS10,123,12666,3178,123,fully_outside,0.0,False
250,HS10,123,12667,3179,123,fully_outside,0.0,False
250,HS10,123,12668,3179,123,fully_outside,0.0,False
250,HS10,123,12669,3149,123,fully_outside,0.0,False
250,HS10,123,12670,3149,123,fully_outside,0.0,False
250,HS10,123,12671,3149,123,fully_outside,0.0,False
250,HS10,123,12672,3149,123,fully_outside,0.0,False
250,HS10,123,12673,3149,123,fully_outside,0.0,False
250,HS10,123,12674,3149,123,fully_outside,0.0,False
250,HS10,123,12675,3149,123,fully_outside,0.0,False
250,HS10,123,12676,3149,123,fully_outside,0.0,False
250,HS10,123,12677,3180,123,fully_outside,0.0,False
250,HS10,123,12678,2591,123,fully_outside,0.0,False
250,HS10,123,12679,3180,123,fully_outside,0.0,False
250,HS10,123,12680,2592,123,fully_outside,0.0,False
250,HS10,123,12681,3181,123,fully_outside,0.0,False
250,HS10,123,12682,3181,123,fully_outside,0.0,False
250,HS10,123,12683,3182,123,fully_outside,0.0,False
250,HS10,123,12684,3175,123,fully_outside,0.0,False
250,HS10,123,12685,3176,123,fully_outside,0.0,False
250,HS10,123,12686,2588,123,fully_outside,0.0,False
250,HS10,123,12687,2588,123,fully_outside,0.0,False
250,HS10,123,12688,3183,123,fully_outside,0.0,False
250,HS10,123,12689,2589,123,fully_outside,0.0,False
250,HS10,123,12690,2588,123,fully_outside,0.0,False
250,HS10,123,12691,3176,123,fully_outside,0.0,False
250,HS10,123,12692,3175,123,fully_outside,0.0,False
250,HS10,123,12693,3180,123,fully_outside,0.0,False
250,HS10,123,12694,3184,123,fully_outside,0.0,False
250,HS10,123,12695,2592,123,fully_outside,0.0,False
250,HS10,123,12696,3180,123,fully_outside,0.0,False
250,HS10,123,12697,2592,123,fully_outside,0.0,False
250,HS10,123,12698,3185,123,fully_outside,0.0,False
250,HS10,123,12699,3185,123,fully_outside,0.0,False
250,HS10,123,12700,2596,123,fully_outside,0.0,False
250,HS10,123,12701,3185,123,fully_outside,0.0,False
250,HS10,123,12702,2594,123,fully_outside,0.0,False
250,HS10,123,12703,3186,123,fully_outside,0.0,False
250,HS10,123,12704,3186,123,fully_outside,0.0,False
250,HS10,123,12705,3185,123,fully_outside,0.0,False
250,HS10,123,12706,2593,123,fully_outside,0.0,False
250,HS10,123,12707,2593,123,fully_outside,0.0,False
250,HS10,123,12708,3185,123,fully_outside,0.0,False
250,HS10,123,12709,2593,123,fully_outside,0.0,False
250,HS10,123,12864,2805,110,fully_outside,0.0,False
250,HS10,123,12865,2791,110,fully_outside,0.0,False
250,HS10,123,12866,2805,110,fully_outside,0.0,False
250,HS10,123,12867,2805,110,fully_outside,0.0,False
250,HS10,123,12868,2537,110,fully_outside,0.0,False
250,HS10,123,12871,2537,110,fully_outside,0.0,False
250,HS10,123,12876,3209,110,fully_outside,0.0,False
250,HS10,123,13005,3237,123,fully_outside,0.0,False
250,HS10,123,13006,3238,123,fully_outside,0.0,False
250,HS10,123,13007,3169,123,fully_outside,0.0,False
250,HS10,123,13008,2565,123,fully_outside,0.0,False
250,HS10,123,13040,3246,123,fully_outside,0.0,False
250,HS10,123,13065,3168,123,fully_outside,0.0,False
250,HS10,123,13068,2585,123,fully_outside,0.0,False
250,HS10,123,13174,3237,123,fully_outside,0.0,False
250,HS10,123,13175,3238,123,fully_outside,0.0,False
250,HS10,123,13177,3246,123,fully_outside,0.0,False
250,HS10,123,13179,2565,123,fully_outside,0.0,False
250,HS10,123,13193,2585,123,fully_outside,0.0,False
250,HS10,123,13196,3134,123,fully_outside,0.0,False
250,HS10,123,13197,2805,110,fully_outside,0.0,False
250,HS10,123,13198,2589,123,fully_outside,0.0,False
250,HS10,123,13199,2589,123,fully_outside,0.0,False
250,HS10,123,13200,3170,123,fully_outside,0.0,False
250,HS10,123,13201,3170,123,fully_outside,0.0,False
250,HS10,123,13202,3171,123,fully_outside,0.0,False
250,HS10,123,13203,2592,123,fully_outside,0.0,False
250,HS10,123,13204,3173,123,fully_outside,0.0,False
250,HS10,123,13205,3178,123,fully_outside,0.0,False
250,HS10,123,13206,3178,123,fully_outside,0.0,False
250,HS10,123,13207,2588,123,fully_outside,0.0,False
250,HS10,123,13208,2589,123,fully_outside,0.0,False
250,HS10,123,13209,3182,123,fully_outside,0.0,False
250,HS10,123,13210,3182,123,fully_outside,0.0,False
250,HS10,123,13211,2592,123,fully_outside,0.0,False
250,HS10,123,13212,3172,123,fully_outside,0.0,False
250,HS10,123,13213,3174,123,fully_outside,0.0,False
250,HS10,123,13214,2593,123,fully_outside,0.0,False
250,HS10,123,13215,3278,123,fully_outside,0.0,False
250,HS10,123,13216,3278,123,crosses_boundary,0.7637681826179457,False
250,HS10,123,13217,3278,123,crosses_boundary,0.9994752575721061,False
250,HS10,123,13218,3278,123,fully_inside,0.9999999999921785,False
250,HS10,123,13219,3279,123,fully_inside,1.0,False
250,HS10,123,13220,3178,123,fully_outside,0.0,False
250,HS10,123,13221,2588,123,fully_outside,0.0,False
250,HS10,123,13222,2589,123,fully_outside,0.0,False
250,HS10,123,13223,3182,123,fully_outside,0.0,False
250,HS10,123,13224,2592,123,fully_outside,0.0,False
250,HS10,123,13225,2593,123,fully_outside,0.0,False
250,HS10,123,13239,3031,110,fully_outside,0.0,False
250,HS10,123,13240,2805,110,fully_outside,0.0,False
250,HS10,123,13244,2805,110,fully_outside,0.0,False
250,HS10,123,13245,2805,110,fully_outside,0.0,False
250,HS10,123,13246,2805,110,fully_outside,0.0,False
250,HS10,123,13250,2805,110,fully_outside,0.0,False
250,HS10,123,13251,2805,110,fully_outside,0.0,False
250,HS10,123,13252,2805,110,fully_outside,0.0,False
250,HS10,123,13256,3284,110,fully_outside,0.0,False
250,HS10,123,13257,3284,110,fully_outside,0.0,False
250,HS10,123,13258,3285,110,fully_outside,0.0,False
250,HS10,123,13261,3288,110,fully_outside,0.0,False
250,HS10,123,13263,2537,110,fully_outside,0.0,False
250,HS10,123,13268,3209,110,fully_outside,0.0,False
250,HS10,123,13283,701,123,fully_inside,1.0,False
250,HS10,123,13284,2812,123,fully_inside,0.9999999999963447,False
250,HS10,123,13285,3294,123,fully_inside,0.9999999999995367,False
250,HS10,123,13286,2813,123,fully_inside,1.0,False
250,HS10,123,13287,704,123,fully_inside,1.0,False
250,HS10,123,13288,701,123,fully_inside,0.9999999999973985,False
250,HS10,123,13289,704,123,fully_inside,0.9999999999953543,False
250,HS10,123,13290,2812,123,fully_inside,1.0,False
250,HS10,123,13291,2813,123,fully_inside,0.9999999999634644,False
250,HS10,123,13292,2814,123,fully_inside,1.0,False
250,HS10,123,13293,2814,123,fully_inside,0.9999999999974906,False
250,HS10,123,13294,2815,123,fully_inside,0.9999999999984013,False
250,HS10,123,13295,2816,123,fully_inside,1.0,False
250,HS10,123,13296,2815,123,fully_inside,0.9999999999828467,False
250,HS10,123,13297,3295,123,fully_inside,0.9999999999999132,False
250,HS10,123,13383,701,123,fully_inside,1.0,False
250,HS10,123,13384,2812,123,fully_inside,0.9999999999970055,False
250,HS10,123,13385,3294,123,fully_inside,0.9999999999817618,False
250,HS10,123,13386,2813,123,fully_inside,1.0,False
250,HS10,123,13387,701,123,fully_inside,0.9999999999529806,False
250,HS10,123,13388,701,123,fully_inside,1.0,False
250,HS10,123,13389,704,123,fully_inside,0.9999999999929449,False
250,HS10,123,13390,704,123,fully_inside,1.0,False
250,HS10,123,13391,3318,123,fully_inside,1.0,False
250,HS10,123,13393,3320,123,fully_inside,1.0,False
250,HS10,123,13394,701,123,fully_inside,1.0,False
250,HS10,123,13395,704,123,fully_inside,0.9999999999904909,False
250,HS10,123,13396,2814,123,fully_inside,0.9999999999980088,False
250,HS10,123,13397,3321,123,fully_inside,1.0,False
250,HS10,123,13398,3322,123,fully_inside,1.0,False
250,HS10,123,13628,2951,110,fully_outside,0.0,False
250,HS10,123,13629,3005,110,fully_outside,0.0,False
250,HS10,123,13630,2952,110,fully_outside,0.0,False
250,HS10,123,13828,3423,110,fully_outside,0.0,False
250,HS10,123,13829,3423,110,fully_outside,0.0,False
250,HS10,123,13830,3423,110,fully_outside,0.0,False
250,HS10,123,13831,3423,110,fully_outside,0.0,False
250,HS10,123,13832,3423,110,fully_outside,0.0,False
250,HS10,123,13833,3423,110,fully_outside,0.0,False
250,HS10,123,13845,3106,110,fully_outside,0.0,False
250,HS10,123,13846,3107,110,fully_outside,0.0,False
250,HS10,123,13847,3104,110,fully_outside,0.0,False
250,HS10,123,13848,3105,110,fully_outside,0.0,False
250,HS10,123,13849,3103,110,fully_outside,0.0,False
250,HS10,123,13850,3105,110,fully_outside,0.0,False
250,HS10,123,13851,3110,110,fully_outside,0.0,False
250,HS10,123,13852,3110,110,fully_outside,0.0,False
250,HS10,123,13853,3425,110,fully_outside,0.0,False
250,HS10,123,13854,3426,110,fully_outside,0.0,False
250,HS10,123,13855,3427,110,fully_outside,0.0,False
250,HS10,123,13856,3114,110,fully_outside,0.0,False
250,HS10,123,13857,3112,110,fully_outside,0.0,False
250,HS10,123,13858,3113,110,fully_outside,0.0,False
250,HS10,123,13859,3103,110,fully_outside,0.0,False
250,HS10,123,13860,3116,110,fully_outside,0.0,False
250,HS10,123,13861,3428,110,fully_outside,0.0,False
250,HS10,123,13862,3429,110,fully_outside,0.0,False
250,HS10,123,13863,3110,110,fully_outside,0.0,False
250,HS10,123,13864,3423,110,fully_outside,0.0,False
250,HS10,123,13865,3423,110,fully_outside,0.0,False
250,HS10,123,13866,3423,110,fully_outside,0.0,False
250,HS10,123,13867,3423,110,fully_outside,0.0,False
250,HS10,123,13868,3423,110,fully_outside,0.0,False
250,HS10,123,13869,3430,110,fully_outside,0.0,False
250,HS10,123,13870,3423,110,fully_outside,0.0,False
250,HS10,123,13871,3423,110,fully_outside,0.0,False
250,HS10,123,13872,3423,110,fully_outside,0.0,False
250,HS10,123,13873,3423,110,fully_outside,0.0,False
250,HS10,123,13874,3423,110,fully_outside,0.0,False
250,HS10,123,13875,3423,110,fully_outside,0.0,False
250,HS10,123,13876,3423,110,fully_outside,0.0,False
250,HS10,123,13877,3423,110,fully_outside,0.0,False
250,HS10,123,13878,3423,110,fully_outside,0.0,False
250,HS10,123,13879,3423,110,fully_outside,0.0,False
250,HS10,123,13880,3423,110,fully_outside,0.0,False
250,HS10,123,13881,3423,110,fully_outside,0.0,False
250,HS10,123,13882,3423,110,fully_outside,0.0,False
250,HS10,123,13883,3423,110,fully_outside,0.0,False
250,HS10,123,13884,3423,110,fully_outside,0.0,False
250,HS10,123,13885,3423,110,fully_outside,0.0,False
250,HS10,123,13886,3431,110,fully_outside,0.0,False
250,HS10,123,13887,3430,110,fully_outside,0.0,False
250,HS10,123,13888,3423,110,fully_outside,0.0,False
250,HS10,123,13889,3423,110,fully_outside,0.0,False
250,HS10,123,13890,3423,110,fully_outside,0.0,False
250,HS10,123,13891,3423,110,fully_outside,0.0,False
250,HS10,123,13892,3423,110,fully_outside,0.0,False
250,HS10,123,13893,3423,110,fully_outside,0.0,False
250,HS10,123,13894,3423,110,fully_outside,0.0,False
250,HS10,123,13895,3432,110,fully_outside,0.0,False
250,HS10,123,13896,3433,110,fully_outside,0.0,False
250,HS10,123,13897,3109,110,fully_outside,0.0,False
250,HS10,123,13898,3434,110,fully_outside,0.0,False
250,HS10,123,13899,3432,110,fully_outside,0.0,False
250,HS10,123,13900,3423,110,fully_outside,0.0,False
250,HS10,123,13901,3423,110,fully_outside,0.0,False
250,HS10,123,13902,3423,110,fully_outside,0.0,False
250,HS10,123,13903,3106,110,fully_outside,0.0,False
250,HS10,123,13904,3107,110,fully_outside,0.0,False
250,HS10,123,13905,3431,110,fully_outside,0.0,False
250,HS10,123,13906,3431,110,fully_outside,0.0,False
250,HS10,123,13907,3104,110,fully_outside,0.0,False
250,HS10,123,13908,3430,110,fully_outside,0.0,False
250,HS10,123,13909,3105,110,fully_outside,0.0,False
250,HS10,123,13910,3103,110,fully_outside,0.0,False
250,HS10,123,13911,3435,110,fully_outside,0.0,False
250,HS10,123,13912,3436,110,fully_outside,0.0,False
250,HS10,123,13913,3110,110,fully_outside,0.0,False
250,HS10,123,13914,3432,110,fully_outside,0.0,False
250,HS10,123,13915,3437,110,fully_outside,0.0,False
250,HS10,123,13916,3438,110,fully_outside,0.0,False
250,HS10,123,13917,3111,110,fully_outside,0.0,False
250,HS10,123,13918,3115,110,fully_outside,0.0,False
250,HS10,123,13919,3114,110,fully_outside,0.0,False
250,HS10,123,13920,3439,110,fully_outside,0.0,False
250,HS10,123,13921,3440,110,fully_outside,0.0,False
250,HS10,123,13922,3441,110,fully_outside,0.0,False
250,HS10,123,13923,3112,110,fully_outside,0.0,False
250,HS10,123,13924,3113,110,fully_outside,0.0,False
250,HS10,123,13925,3434,110,fully_outside,0.0,False
250,HS10,123,13926,3116,110,fully_outside,0.0,False
250,HS10,123,13927,3430,110,fully_outside,0.0,False
250,HS10,123,13928,3430,110,fully_outside,0.0,False
250,HS10,123,13929,3104,110,fully_outside,0.0,False
250,HS10,123,13930,3442,110,fully_outside,0.0,False
250,HS10,123,13931,3433,110,fully_outside,0.0,False
250,HS10,123,13932,3443,110,fully_outside,0.0,False
250,HS10,123,13933,3114,110,fully_outside,0.0,False
250,HS10,123,13934,3430,110,fully_outside,0.0,False
250,HS10,123,13935,3105,110,fully_outside,0.0,False
250,HS10,123,13936,3444,110,fully_outside,0.0,False
250,HS10,123,13937,3121,110,fully_outside,0.0,False
250,HS10,123,13950,2953,110,fully_outside,0.0,False
250,HS10,123,13951,3031,110,fully_outside,0.0,False
250,HS10,123,13959,3006,110,fully_outside,0.0,False
250,HS10,123,13960,3001,110,fully_outside,0.0,False
250,HS10,123,13961,3002,110,fully_outside,0.0,False
250,HS10,123,13962,3031,110,fully_outside,0.0,False
250,HS10,123,13964,3007,110,fully_outside,0.0,False
250,HS10,123,13965,3003,110,fully_outside,0.0,False
250,HS10,123,13966,3004,110,fully_outside,0.0,False
250,HS10,123,13967,3031,110,fully_outside,0.0,False
250,HS10,123,13981,3454,110,fully_outside,0.0,False
250,HS10,123,13982,3008,110,fully_outside,0.0,False
250,HS10,123,13983,3067,110,fully_outside,0.0,False
250,HS10,123,13984,3455,110,fully_outside,0.0,False
250,HS10,123,13985,3456,110,fully_outside,0.0,False
250,HS10,123,13986,3031,110,fully_outside,0.0,False
250,HS10,123,13999,3455,110,fully_outside,0.0,False
250,HS10,123,14000,3456,110,fully_outside,0.0,False
250,HS10,123,14001,3461,110,fully_outside,0.0,False
250,HS10,123,14004,3031,110,fully_outside,0.0,False
250,HS10,123,14017,3462,110,fully_outside,0.0,False
250,HS10,123,14018,3461,110,fully_outside,0.0,False
250,HS10,123,14019,3462,110,fully_outside,0.0,False
250,HS10,123,14020,3110,110,fully_outside,0.0,False
250,HS10,123,14021,3110,110,fully_outside,0.0,False
250,HS10,123,14022,3425,110,fully_outside,0.0,False
250,HS10,123,14023,3426,110,fully_outside,0.0,False
250,HS10,123,14024,3427,110,fully_outside,0.0,False
250,HS10,123,14025,3462,110,fully_outside,0.0,False
250,HS10,123,14026,3116,110,fully_outside,0.0,False
250,HS10,123,14027,3428,110,fully_outside,0.0,False
250,HS10,123,14028,3110,110,fully_outside,0.0,False
250,HS10,123,14029,3114,110,fully_outside,0.0,False
250,HS10,123,14030,3462,110,fully_outside,0.0,False
250,HS10,123,14031,3454,110,fully_outside,0.0,False
250,HS10,123,14032,3121,110,fully_outside,0.0,False
250,HS10,123,14033,3110,110,fully_outside,0.0,False
250,HS10,123,14034,3114,110,fully_outside,0.0,False
250,HS10,123,14035,3462,110,fully_outside,0.0,False
250,HS10,123,14036,3463,110,fully_outside,0.0,False
250,HS10,123,14037,3464,110,fully_outside,0.0,False
250,HS10,123,14038,3465,110,fully_outside,0.0,False
250,HS10,123,15485,3689,123,fully_outside,0.0,False
250,HS10,123,15486,3689,123,fully_outside,0.0,False
250,HS10,123,15487,3689,123,fully_outside,0.0,False
250,HS10,123,15488,3689,123,fully_outside,0.0,False
250,HS10,123,15491,3691,123,fully_outside,0.0,False
250,HS10,123,15492,3691,123,fully_outside,0.0,False
250,HS10,123,15499,3693,123,fully_outside,0.0,False
250,HS10,123,15500,3694,123,fully_outside,0.0,False
250,HS10,123,15501,3694,123,fully_outside,0.0,False
250,HS10,123,15502,3694,123,fully_outside,0.0,False
250,HS10,123,15503,3694,123,fully_outside,0.0,False
250,HS10,123,15506,3696,123,fully_outside,0.0,False
250,HS10,123,15508,3694,123,fully_outside,0.0,False
250,HS10,123,15509,3694,123,fully_outside,0.0,False
250,HS10,123,15510,3694,123,fully_outside,0.0,False
250,HS10,123,15511,3694,123,fully_outside,0.0,False
250,HS10,123,15512,3694,123,fully_outside,0.0,False
250,HS10,123,15514,3697,123,fully_outside,0.0,False
250,HS10,123,15515,3697,123,fully_outside,0.0,False
250,HS10,123,15516,987,123,fully_outside,0.0,False
250,HS10,123,15521,987,123,fully_outside,0.0,False
250,HS10,123,15608,2565,123,fully_outside,0.0,False
250,HS10,123,15613,987,123,fully_outside,0.0,False
250,HS10,123,15614,987,123,fully_outside,0.0,False
250,HS10,123,15616,987,123,fully_outside,0.0,False
250,HS10,123,15619,3709,123,fully_outside,0.0,False
250,HS10,123,15628,3716,123,fully_inside,1.0,False
250,HS10,123,15629,3716,123,fully_inside,0.9999999986859324,False
250,HS10,123,15630,3716,123,fully_inside,0.9999999996663562,False
250,HS10,123,15631,3716,123,fully_inside,1.0,False
250,HS10,123,15632,3716,123,fully_inside,1.0,False
250,HS10,123,15633,3716,123,fully_inside,1.0,False
250,HS10,123,15634,3716,123,fully_inside,0.999999999992017,False
250,HS10,123,15635,3716,123,fully_inside,0.999999999946072,False
250,HS10,123,15636,3716,123,fully_inside,1.0,False
250,HS10,123,15637,3716,123,fully_inside,0.9999999999916068,False
250,HS10,123,15638,3716,123,fully_inside,0.9999999999239771,False
250,HS10,123,15639,3716,123,fully_inside,1.0,False
250,HS10,123,15640,3716,123,fully_inside,0.9999999997950513,False
250,HS10,123,15641,3716,123,fully_inside,1.0,False
250,HS10,123,15642,3716,123,fully_inside,1.0,False
250,HS10,123,15643,3716,123,fully_inside,1.0,False
250,HS10,123,15644,3716,123,fully_inside,0.9999999998657031,False
250,HS10,123,15645,3716,123,fully_inside,1.0,False
250,HS10,123,15646,3716,123,fully_inside,1.0,False
250,HS10,123,15647,3717,123,fully_inside,0.9999999999402479,False
250,HS10,123,15648,3718,123,fully_inside,0.9999999997813904,False
250,HS10,123,15649,3718,123,fully_inside,0.999999999660088,False
250,HS10,123,15653,1068,123,fully_inside,0.9999999999806816,False
250,HS10,123,15669,1068,123,fully_inside,1.0,False
250,HS10,123,15670,1068,123,fully_inside,1.0,False
250,HS10,123,15871,2565,123,fully_outside,0.0,False
250,HS10,123,15872,987,123,fully_outside,0.0,False
250,HS10,123,15874,3709,123,fully_outside,0.0,False
250,HS10,123,16009,1068,123,fully_inside,1.0,False
250,HS10,123,17820,4130,123,fully_outside,0.0,False
250,HS10,123,17821,2565,123,fully_outside,0.0,False
250,HS10,123,17822,2565,123,fully_outside,0.0,False
250,HS10,123,17824,2565,123,fully_outside,0.0,False
250,HS10,123,17825,4131,123,fully_outside,0.0,False
250,HS10,123,17826,4131,123,fully_outside,0.0,False
250,HS10,123,17827,4131,123,fully_outside,0.0,False
250,HS10,123,17829,2565,123,fully_outside,0.0,False
250,HS10,123,17830,4131,123,fully_outside,0.0,False
250,HS10,123,17832,2565,123,fully_outside,0.0,False
250,HS10,123,17834,4133,123,fully_outside,0.0,False
250,HS10,123,17835,4134,123,fully_outside,0.0,False
250,HS10,123,17837,4133,123,fully_outside,0.0,False
250,HS10,123,17841,4136,123,fully_outside,0.0,False
250,HS10,123,17842,4136,123,fully_outside,0.0,False
250,HS10,123,17843,4136,123,fully_outside,0.0,False
250,HS10,123,17844,2585,123,fully_outside,0.0,False
250,HS10,123,17846,4136,123,fully_outside,0.0,False
250,HS10,123,17847,2585,123,fully_outside,0.0,False
250,HS10,123,17848,2585,123,fully_outside,0.0,False
250,HS10,123,17849,2585,123,fully_outside,0.0,False
250,HS10,123,17850,4137,123,fully_outside,0.0,False
250,HS10,123,17854,4139,123,fully_outside,0.0,False
250,HS10,123,17855,4140,123,fully_outside,0.0,False
250,HS10,123,17856,4140,123,fully_outside,0.0,False
250,HS10,123,17868,4142,123,fully_outside,0.0,False
250,HS10,123,17869,4142,123,fully_outside,0.0,False
250,HS10,123,17870,2585,123,fully_outside,0.0,False
250,HS10,123,17880,2565,123,fully_outside,0.0,False
250,HS10,123,17894,2585,123,fully_outside,0.0,False
250,HS10,123,17896,3031,110,fully_outside,0.0,False
250,HS10,123,17904,4147,123,fully_outside,0.0,False
250,HS10,123,17905,2589,123,fully_outside,0.0,False
250,HS10,123,17906,4147,123,fully_outside,0.0,False
250,HS10,123,17907,4147,123,fully_outside,0.0,False
250,HS10,123,17908,2589,123,fully_outside,0.0,False
250,HS10,123,17909,2588,123,fully_outside,0.0,False
250,HS10,123,17910,2588,123,fully_outside,0.0,False
250,HS10,123,17911,4147,123,fully_outside,0.0,False
250,HS10,123,17912,2588,123,fully_outside,0.0,False
250,HS10,123,17913,4148,123,fully_outside,0.0,False
250,HS10,123,17914,4148,123,fully_outside,0.0,False
250,HS10,123,17915,4148,123,fully_outside,0.0,False
250,HS10,123,17916,4148,123,fully_outside,0.0,False
250,HS10,123,17917,4148,123,fully_outside,0.0,False
250,HS10,123,17918,4148,123,fully_outside,0.0,False
250,HS10,123,17919,2592,123,fully_outside,0.0,False
250,HS10,123,17920,4149,123,fully_outside,0.0,False
250,HS10,123,17921,4149,123,fully_outside,0.0,False
250,HS10,123,17922,2592,123,fully_outside,0.0,False
250,HS10,123,17923,4149,123,fully_outside,0.0,False
250,HS10,123,17924,4149,123,fully_outside,0.0,False
250,HS10,123,17925,4150,123,fully_outside,0.0,False
250,HS10,123,17926,4150,123,fully_outside,0.0,False
250,HS10,123,17927,4150,123,fully_outside,0.0,False
250,HS10,123,17928,4150,123,fully_outside,0.0,False
250,HS10,123,17929,4150,123,fully_outside,0.0,False
250,HS10,123,17931,2593,123,fully_outside,0.0,False
250,HS10,123,17932,2593,123,fully_outside,0.0,False
250,HS10,123,17933,2593,123,fully_outside,0.0,False
250,HS10,123,17940,3031,110,fully_outside,0.0,False
250,HS10,123,17941,4151,110,fully_outside,0.0,False
250,HS10,123,17942,4151,110,fully_outside,0.0,False
250,HS10,123,17971,4157,110,fully_outside,0.0,False
250,HS10,123,17998,3209,110,fully_outside,0.0,False
250,HS10,123,18025,2585,123,fully_outside,0.0,False
250,HS10,123,18026,4171,110,fully_outside,0.0,False
250,HS10,123,18027,4171,110,fully_outside,0.0,False
250,HS10,123,18036,2565,123,fully_outside,0.0,False
250,HS10,123,18037,2565,123,fully_outside,0.0,False
250,HS10,123,18038,2565,123,fully_outside,0.0,False
250,HS10,123,18039,4172,123,fully_outside,0.0,False
250,HS10,123,18043,2585,123,fully_outside,0.0,False
250,HS10,123,18044,2585,123,fully_outside,0.0,False
250,HS10,123,18049,2585,123,fully_outside,0.0,False
250,HS10,123,18054,3278,123,crosses_boundary,0.3818840913077017,False
250,HS10,123,18055,3279,123,fully_inside,1.0,False
250,HS10,123,18056,3318,123,fully_inside,1.0,False
250,HS10,123,18065,4171,110,fully_outside,0.0,False
250,HS10,123,18066,4171,110,fully_outside,0.0,False
250,HS10,123,18067,4177,110,fully_outside,0.0,False
250,HS10,123,18068,4178,110,fully_outside,0.0,False
250,HS10,123,18069,4178,110,fully_outside,0.0,False
250,HS10,123,18070,4179,110,fully_outside,0.0,False
250,HS10,123,18071,4179,110,fully_outside,0.0,False
250,HS10,123,18075,3031,110,fully_outside,0.0,False
250,HS10,123,18076,4177,110,fully_outside,0.0,False
250,HS10,123,18077,4180,110,fully_outside,0.0,False
250,HS10,123,18078,4180,110,fully_outside,0.0,False
250,HS10,123,18079,4180,110,fully_outside,0.0,False
250,HS10,123,18080,4180,110,fully_outside,0.0,False
250,HS10,123,18082,3031,110,fully_outside,0.0,False
250,HS10,123,18083,3031,110,fully_outside,0.0,False
250,HS10,123,18087,3285,110,fully_outside,0.0,False
250,HS10,123,18101,3716,123,fully_inside,0.9999999994655007,False
250,HS10,123,18102,3716,123,fully_inside,0.9999999999944537,False
250,HS10,123,18103,3716,123,fully_inside,0.9999999999712552,False
250,HS10,123,18104,3716,123,fully_inside,0.9999999996555872,False
250,HS10,123,18105,3716,123,fully_inside,0.9999999997025864,False
250,HS10,123,18106,2814,123,fully_inside,0.9999999999915958,False
250,HS10,123,18107,4184,123,fully_inside,0.9999999999957234,False
250,HS10,123,18108,2814,123,fully_inside,0.9999999999940208,False
250,HS10,123,18109,4184,123,fully_inside,1.0,False
250,HS10,123,18110,4184,123,fully_inside,1.0,False
250,HS10,123,18111,4184,123,fully_inside,1.0,False
250,HS10,123,18165,3318,123,fully_inside,0.9999999999998747,False
250,HS10,123,18166,4195,123,fully_inside,1.0,False
250,HS10,123,18167,4196,123,fully_inside,0.9999999999985443,False
250,HS10,123,18173,4198,110,fully_outside,0.0,False
250,HS10,123,18182,4198,110,fully_outside,0.0,False
250,HS10,123,18183,4200,110,fully_outside,0.0,False
250,HS10,123,18226,3031,110,fully_outside,0.0,False
250,HS10,123,18230,3031,110,fully_outside,0.0,False
250,HS10,123,18231,3031,110,fully_outside,0.0,False
250,HS10,123,18236,4200,110,fully_outside,0.0,False
250,HS10,123,18237,4210,110,fully_outside,0.0,False
250,HS10,123,18238,4210,110,fully_outside,0.0,False
250,HS10,123,18239,4211,110,fully_outside,0.0,False
250,HS10,123,18240,3031,110,fully_outside,0.0,False
250,HS10,123,18241,3031,110,fully_outside,0.0,False
250,HS10,123,18242,3031,110,fully_outside,0.0,False
250,HS10,123,18243,3031,110,fully_outside,0.0,False
250,HS10,123,18244,4211,110,fully_outside,0.0,False
250,HS10,123,18254,3031,110,fully_outside,0.0,False
250,HS10,123,18264,3031,110,fully_outside,0.0,False
250,HS10,123,18265,4217,110,fully_outside,0.0,False
250,HS10,123,18267,3031,110,fully_outside,0.0,False
250,HS10,123,18272,3110,110,fully_outside,0.0,False
250,HS10,123,18282,4220,110,fully_outside,0.0,False
250,HS10,123,18283,4221,110,fully_outside,0.0,False
250,HS10,123,18284,4222,110,fully_outside,0.0,False
250,HS10,123,18285,4223,110,fully_outside,0.0,False
250,HS10,123,18286,4224,110,fully_outside,0.0,False
250,HS10,123,18287,4222,110,fully_outside,0.0,False
250,HS10,123,18288,4223,110,fully_outside,0.0,False
250,HS10,123,18289,4221,110,fully_outside,0.0,False
250,HS10,123,18290,4225,110,fully_outside,0.0,False
250,HS10,123,18291,4226,110,fully_outside,0.0,False
250,HS10,123,18292,3110,110,fully_outside,0.0,False
250,HS10,123,18293,3110,110,fully_outside,0.0,False
250,HS10,123,18294,4227,110,fully_outside,0.0,False
250,HS10,123,18295,3114,110,fully_outside,0.0,False
250,HS10,123,18296,3114,110,fully_outside,0.0,False
250,HS10,123,18297,4224,110,fully_outside,0.0,False
250,HS10,123,18298,4227,110,fully_outside,0.0,False
250,HS10,123,18299,3114,110,fully_outside,0.0,False
250,HS10,123,18300,4225,110,fully_outside,0.0,False
250,HS10,123,18301,4225,110,fully_outside,0.0,False
250,HS10,123,18302,4225,110,fully_outside,0.0,False
250,HS10,123,18303,4225,110,fully_outside,0.0,False
250,HS10,123,18304,4225,110,fully_outside,0.0,False
250,HS10,123,18305,4225,110,fully_outside,0.0,False
250,HS10,123,18306,4225,110,fully_outside,0.0,False
250,HS10,123,18307,4225,110,fully_outside,0.0,False
250,HS10,123,18308,4225,110,fully_outside,0.0,False
250,HS10,123,18309,4225,110,fully_outside,0.0,False
250,HS10,123,18310,4225,110,fully_outside,0.0,False
250,HS10,123,18311,4225,110,fully_outside,0.0,False
250,HS10,123,18312,4225,110,fully_outside,0.0,False
250,HS10,123,18313,4225,110,fully_outside,0.0,False
250,HS10,123,18315,3121,110,fully_outside,0.0,False
250,HS10,123,18316,3121,110,fully_outside,0.0,False
250,HS10,123,18317,3031,110,fully_outside,0.0,False
250,HS10,123,18322,3031,110,fully_outside,0.0,False
250,HS10,123,18323,3031,110,fully_outside,0.0,False
250,HS10,123,18325,3031,110,fully_outside,0.0,False
250,HS10,123,18326,3031,110,fully_outside,0.0,False
250,HS10,123,18327,3031,110,fully_outside,0.0,False
250,HS10,123,18331,4217,110,fully_outside,0.0,False
250,HS10,123,18333,3031,110,fully_outside,0.0,False
250,HS10,123,18335,3031,110,fully_outside,0.0,False
250,HS10,123,18336,3031,110,fully_outside,0.0,False
250,HS10,123,18337,3031,110,fully_outside,0.0,False
250,HS10,123,18339,4233,110,fully_outside,0.0,False
250,HS10,123,18345,4233,110,fully_outside,0.0,False
250,HS10,123,18346,4233,110,fully_outside,0.0,False
250,HS10,123,18352,4233,110,fully_outside,0.0,False
250,HS10,123,18353,3031,110,fully_outside,0.0,False
250,HS10,123,18354,3031,110,fully_outside,0.0,False
250,HS10,123,18355,3454,110,fully_outside,0.0,False
250,HS10,123,18361,3031,110,fully_outside,0.0,False
250,HS10,123,18362,2565,123,fully_outside,0.0,False
250,HS10,123,18375,2585,123,fully_outside,0.0,False
250,HS10,123,18376,2585,123,fully_outside,0.0,False
250,HS10,123,18377,3031,110,fully_outside,0.0,False
250,HS10,123,18378,3031,110,fully_outside,0.0,False
250,HS10,123,18379,3031,110,fully_outside,0.0,False
250,HS10,123,18380,3031,110,fully_outside,0.0,False
250,HS10,123,18381,3031,110,fully_outside,0.0,False
250,HS10,123,18382,3031,110,fully_outside,0.0,False
250,HS10,123,18383,3031,110,fully_outside,0.0,False
250,HS10,123,18390,3031,110,fully_outside,0.0,False
250,HS10,123,18435,4244,123,crosses_boundary,0.7415017705295126,False
250,HS10,123,18436,3031,110,fully_outside,0.0,False
250,HS10,123,18437,3031,110,fully_outside,0.0,False
250,HS10,123,18438,3031,110,fully_outside,0.0,False
250,HS10,123,18440,4245,110,fully_outside,0.0,False
250,HS10,123,18441,4245,110,fully_outside,0.0,False
250,HS10,123,18442,4245,110,fully_outside,0.0,False
250,HS10,123,18443,4245,110,fully_outside,0.0,False
250,HS10,123,18444,4245,110,fully_outside,0.0,False
250,HS10,123,18445,4245,110,fully_outside,0.0,False
250,HS10,123,18454,4248,123,fully_inside,1.0,False
250,HS10,123,18455,4244,123,crosses_boundary,0.7091894917492977,False
250,HS10,123,18456,4244,123,crosses_boundary,0.21227352094133697,False
250,HS10,123,18457,3031,110,fully_outside,0.0,False
250,HS10,123,18458,3031,110,fully_outside,0.0,False
250,HS10,123,18460,3031,110,fully_outside,0.0,False
250,HS10,123,18461,3031,110,fully_outside,0.0,False
250,HS10,123,18464,3031,110,fully_outside,0.0,False
250,HS10,123,18466,4249,110,fully_outside,0.0,False
250,HS10,123,18467,3031,110,fully_outside,0.0,False
250,HS10,123,18468,4245,110,fully_outside,0.0,False
250,HS10,123,18469,4245,110,fully_outside,0.0,False
250,HS10,123,18470,4245,110,fully_outside,0.0,False
250,HS10,123,18471,4245,110,fully_outside,0.0,False
250,HS10,123,18472,4245,110,fully_outside,0.0,False
250,HS10,123,18474,4245,110,fully_outside,0.0,False
250,HS10,123,18475,4245,110,fully_outside,0.0,False
250,HS10,123,18476,4245,110,fully_outside,0.0,False
250,HS10,123,18477,4245,110,fully_outside,0.0,False
250,HS10,123,18479,4245,110,fully_outside,0.0,False
250,HS10,123,18481,3031,110,fully_outside,0.0,False
250,HS10,123,18482,4249,110,fully_outside,0.0,False
250,HS10,123,19044,4384,130,fully_outside,0.0,False
250,HS10,123,19045,4384,130,fully_outside,0.0,False
250,HS10,123,19046,4384,130,fully_outside,0.0,False
250,HS10,123,19047,4384,130,fully_outside,0.0,False
250,HS10,123,19048,4384,130,fully_outside,0.0,False
250,HS10,123,19049,4384,130,fully_outside,0.0,False
250,HS10,123,19050,4384,130,fully_outside,0.0,False
250,HS10,123,19051,4384,130,fully_outside,0.0,False
250,HS10,123,19052,4384,130,fully_outside,0.0,False
250,HS10,123,19053,4384,130,fully_outside,0.0,False
250,HS10,123,19054,4384,130,fully_outside,0.0,False
250,HS10,123,19055,4384,130,fully_outside,0.0,False
250,HS10,123,19056,4384,130,fully_outside,0.0,False
250,HS10,123,19057,4384,130,fully_outside,0.0,False
250,HS10,123,19058,4384,130,fully_outside,0.0,False
250,HS10,123,19059,4384,130,fully_outside,0.0,False
250,HS10,123,19060,4384,130,fully_outside,0.0,False
250,HS10,123,19061,4384,130,fully_outside,0.0,False
250,HS10,123,19062,4384,130,fully_outside,0.0,False
250,HS10,123,19063,4384,130,fully_outside,0.0,False
250,HS10,123,19064,4384,130,fully_outside,0.0,False
250,HS10,123,19065,4384,130,fully_outside,0.0,False
250,HS10,123,19066,4384,130,fully_outside,0.0,False
250,HS10,123,19067,4384,130,fully_outside,0.0,False
250,HS10,123,19068,4384,130,fully_outside,0.0,False
250,HS10,123,19069,4384,130,fully_outside,0.0,False
250,HS10,123,19070,4384,130,fully_outside,0.0,False
250,HS10,123,19071,4384,130,fully_outside,0.0,False
250,HS10,123,19072,4384,130,fully_outside,0.0,False
250,HS10,123,19074,4384,130,fully_outside,0.0,False
250,HS10,123,19075,4384,130,fully_outside,0.0,False
250,HS10,123,19076,4384,130,fully_outside,0.0,False
250,HS10,123,19077,4384,130,fully_outside,0.0,False
250,HS10,123,19078,4384,130,fully_outside,0.0,False
250,HS10,123,19079,4384,130,fully_outside,0.0,False
250,HS10,123,19080,4384,130,fully_outside,0.0,False
250,HS10,123,19081,4384,130,fully_outside,0.0,False
250,HS10,123,19082,4384,130,fully_outside,0.0,False
250,HS10,123,19083,4384,130,fully_outside,0.0,False
250,HS10,123,19084,4384,130,fully_outside,0.0,False
250,HS10,123,19085,4384,130,fully_outside,0.0,False
250,HS10,123,19086,4384,130,fully_outside,0.0,False
250,HS10,123,19087,4384,130,fully_outside,0.0,False
250,HS10,123,19088,4384,130,fully_outside,0.0,False
250,HS10,123,19089,4384,130,fully_outside,0.0,False
250,HS10,123,19090,4384,130,fully_outside,0.0,False
250,HS10,123,19091,4384,130,fully_outside,0.0,False
250,HS10,123,19092,4384,130,fully_outside,0.0,False
250,HS10,123,19093,4384,130,fully_outside,0.0,False
250,HS10,123,19094,4384,130,fully_outside,0.0,False
250,HS10,123,19095,4384,130,fully_outside,0.0,False
250,HS10,123,19096,4384,130,fully_outside,0.0,False
250,HS10,123,19097,4384,130,fully_outside,0.0,False
250,HS10,123,19098,4384,130,fully_outside,0.0,False
250,HS10,123,19099,4384,130,fully_outside,0.0,False
250,HS10,123,19100,4384,130,fully_outside,0.0,False
250,HS10,123,19101,4384,130,fully_outside,0.0,False
250,HS10,123,19102,4384,130,fully_outside,0.0,False
250,HS10,123,19103,4384,130,fully_outside,0.0,False
250,HS10,123,19104,4384,130,fully_outside,0.0,False
250,HS10,123,19105,4384,130,fully_outside,0.0,False
250,HS10,123,19106,4384,130,fully_outside,0.0,False
250,HS10,123,19107,4384,130,fully_outside,0.0,False
250,HS10,123,19108,4384,130,fully_outside,0.0,False
250,HS10,123,19111,4384,130,fully_outside,0.0,False
250,HS10,123,19112,4384,130,fully_outside,0.0,False
250,HS10,123,19143,4384,130,fully_outside,0.0,False
250,HS10,123,19144,4384,130,fully_outside,0.0,False
250,HS10,123,19145,4384,130,fully_outside,0.0,False
250,HS10,123,19146,4384,130,fully_outside,0.0,False
250,HS10,123,19147,4384,130,fully_outside,0.0,False
250,HS10,123,19148,4384,130,fully_outside,0.0,False
250,HS10,123,19149,4384,130,fully_outside,0.0,False
250,HS10,123,19151,4384,130,fully_outside,0.0,False
250,HS10,123,19156,4384,130,fully_outside,0.0,False
250,HS10,123,19157,4384,130,fully_outside,0.0,False
250,HS10,123,19158,4384,130,fully_outside,0.0,False
250,HS10,123,19159,4384,130,fully_outside,0.0,False
250,HS10,123,19160,4384,130,fully_outside,0.0,False
250,HS10,123,19161,4384,130,fully_outside,0.0,False
250,HS10,123,19163,4384,130,fully_outside,0.0,False
250,HS10,123,19215,4395,130,fully_outside,0.0,False
250,HS10,123,19216,4396,130,fully_outside,0.0,False
250,HS10,123,19218,4398,130,fully_outside,0.0,False
250,HS10,123,19219,4398,130,fully_outside,0.0,False
250,HS10,123,19220,4399,130,fully_outside,0.0,False
250,HS10,123,19221,4400,130,fully_outside,0.0,False
250,HS10,123,19222,4401,130,fully_outside,0.0,False
250,HS10,123,19223,4402,130,fully_outside,0.0,False
250,HS10,123,19224,4403,130,fully_outside,0.0,False
250,HS10,123,19225,4403,130,fully_outside,0.0,False
250,HS10,123,19226,4404,130,fully_outside,0.0,False
250,HS10,123,19227,4405,130,fully_outside,0.0,False
250,HS10,123,19228,4406,130,fully_outside,0.0,False
250,HS10,123,19229,4407,130,fully_outside,0.0,False
250,HS10,123,19230,4408,130,fully_outside,0.0,False
250,HS10,123,19232,4410,130,fully_outside,0.0,False
250,HS10,123,19235,4405,130,fully_outside,0.0,False
250,HS10,123,19236,4413,130,fully_outside,0.0,False
250,HS10,123,19237,4414,130,fully_outside,0.0,False
250,HS10,123,19238,4414,130,fully_outside,0.0,False
250,HS10,123,19239,4404,130,fully_outside,0.0,False
250,HS10,123,19240,4415,130,fully_outside,0.0,False
250,HS10,123,19241,4416,130,fully_outside,0.0,False
250,HS10,123,19242,4417,130,fully_outside,0.0,False
250,HS10,123,19243,4418,130,fully_outside,0.0,False
250,HS10,123,19244,4419,130,fully_outside,0.0,False
250,HS10,123,19245,4420,130,fully_outside,0.0,False
250,HS10,123,19246,4421,130,fully_outside,0.0,False
250,HS10,123,19290,4441,130,fully_outside,0.0,False
250,HS10,123,19298,4446,130,fully_outside,0.0,False
250,HS10,123,19340,4457,130,fully_outside,0.0,False
250,HS10,123,19341,4458,130,fully_outside,0.0,False
250,HS10,123,19351,4460,130,fully_outside,0.0,False
250,HS10,123,19352,4460,130,fully_outside,0.0,False
250,HS10,123,19354,4460,130,fully_outside,0.0,False
250,HS10,123,19355,4460,130,fully_outside,0.0,False
250,HS10,123,19384,4457,130,fully_outside,0.0,False
250,HS10,123,19386,4473,130,fully_outside,0.0,False
250,HS10,123,19529,613,123,fully_inside,0.9999999999994251,False
250,HS10,123,19530,613,123,fully_inside,1.0,False
250,HS10,123,19531,613,123,fully_inside,0.9999999999859296,False
250,HS10,123,19532,613,123,fully_inside,1.0,False
250,HS10,123,19533,613,123,fully_inside,1.0,False
250,HS10,123,19535,4489,123,fully_inside,1.0,False
250,HS10,123,19654,4489,123,fully_inside,1.0,False
250,HS10,123,19658,4532,123,fully_inside,0.9999999999548359,False
250,HS10,123,19659,4533,123,fully_inside,1.0,False
250,HS10,123,19663,4384,130,fully_outside,0.0,False
250,HS10,123,19664,4384,130,fully_outside,0.0,False
250,HS10,123,19665,4384,130,fully_outside,0.0,False
250,HS10,123,19666,4384,130,fully_outside,0.0,False
250,HS10,123,19667,4384,130,fully_outside,0.0,False
250,HS10,123,19668,4384,130,fully_outside,0.0,False
250,HS10,123,19669,4384,130,fully_outside,0.0,False
250,HS10,123,19670,4384,130,fully_outside,0.0,False
250,HS10,123,19671,4384,130,fully_outside,0.0,False
250,HS10,123,19672,4384,130,fully_outside,0.0,False
250,HS10,123,19673,4384,130,fully_outside,0.0,False
250,HS10,123,19675,4384,130,fully_outside,0.0,False
250,HS10,123,19676,4384,130,fully_outside,0.0,False
250,HS10,123,19677,4384,130,fully_outside,0.0,False
250,HS10,123,19678,4384,130,fully_outside,0.0,False
250,HS10,123,19679,4384,130,fully_outside,0.0,False
250,HS10,123,19680,4384,130,fully_outside,0.0,False
250,HS10,123,19681,4384,130,fully_outside,0.0,False
250,HS10,123,19682,4384,130,fully_outside,0.0,False
250,HS10,123,19683,4384,130,fully_outside,0.0,False
250,HS10,123,19684,4384,130,fully_outside,0.0,False
250,HS10,123,19685,4384,130,fully_outside,0.0,False
250,HS10,123,19686,4384,130,fully_outside,0.0,False
250,HS10,123,19687,4384,130,fully_outside,0.0,False
250,HS10,123,19688,4384,130,fully_outside,0.0,False
250,HS10,123,19689,4384,130,fully_outside,0.0,False
250,HS10,123,19690,4384,130,fully_outside,0.0,False
250,HS10,123,19691,4384,130,fully_outside,0.0,False
250,HS10,123,19692,4384,130,fully_outside,0.0,False
250,HS10,123,19693,4384,130,fully_outside,0.0,False
250,HS10,123,19694,4384,130,fully_outside,0.0,False
250,HS10,123,19695,4384,130,fully_outside,0.0,False
250,HS10,123,19696,4384,130,fully_outside,0.0,False
250,HS10,123,19697,4384,130,fully_outside,0.0,False
250,HS10,123,19698,4384,130,fully_outside,0.0,False
250,HS10,123,19699,4384,130,fully_outside,0.0,False
250,HS10,123,19700,4384,130,fully_outside,0.0,False
250,HS10,123,19701,4384,130,fully_outside,0.0,False
250,HS10,123,19702,4384,130,fully_outside,0.0,False
250,HS10,123,19703,4384,130,fully_outside,0.0,False
250,HS10,123,19704,4384,130,fully_outside,0.0,False
250,HS10,123,19705,4384,130,fully_outside,0.0,False
250,HS10,123,19706,4384,130,fully_outside,0.0,False
250,HS10,123,19707,4384,130,fully_outside,0.0,False
250,HS10,123,19790,4384,130,fully_outside,0.0,False
250,HS10,123,19791,4384,130,fully_outside,0.0,False
250,HS10,123,19792,4384,130,fully_outside,0.0,False
250,HS10,123,19793,4384,130,fully_outside,0.0,False
250,HS10,123,19794,4384,130,fully_outside,0.0,False
250,HS10,123,19795,4384,130,fully_outside,0.0,False
250,HS10,123,19796,4384,130,fully_outside,0.0,False
250,HS10,123,19797,4384,130,fully_outside,0.0,False
250,HS10,123,19798,4384,130,fully_outside,0.0,False
250,HS10,123,19800,4384,130,fully_outside,0.0,False
250,HS10,123,19801,4384,130,fully_outside,0.0,False
250,HS10,123,19802,613,123,fully_outside,0.0,False
250,HS10,123,19803,613,123,fully_outside,0.0,False
250,HS10,123,19804,4384,130,fully_outside,0.0,False
250,HS10,123,19805,4384,130,fully_outside,0.0,False
250,HS10,123,19806,4384,130,fully_outside,0.0,False
250,HS10,123,19807,613,123,fully_outside,0.0,False
250,HS10,123,19857,4384,130,fully_outside,0.0,False
250,HS10,123,19858,4384,130,fully_outside,0.0,False
250,HS10,123,19859,4548,130,fully_outside,0.0,False
250,HS10,123,19860,4549,130,fully_outside,0.0,False
250,HS10,123,19861,4550,130,fully_outside,0.0,False
250,HS10,123,19862,4551,130,fully_outside,0.0,False
250,HS10,123,19863,4549,130,fully_outside,0.0,False
250,HS10,123,19864,4549,130,fully_outside,0.0,False
250,HS10,123,19865,4549,130,fully_outside,0.0,False
250,HS10,123,19866,4552,130,fully_outside,0.0,False
250,HS10,123,19867,4553,130,fully_outside,0.0,False
250,HS10,123,19868,4550,130,fully_outside,0.0,False
250,HS10,123,19869,4554,130,fully_outside,0.0,False
250,HS10,123,19870,4554,130,fully_outside,0.0,False
250,HS10,123,19871,4554,130,fully_outside,0.0,False
250,HS10,123,19872,4554,130,fully_outside,0.0,False
250,HS10,123,19873,4555,130,fully_outside,0.0,False
250,HS10,123,19874,4554,130,fully_outside,0.0,False
250,HS10,123,19875,4556,130,fully_outside,0.0,False
250,HS10,123,19876,4557,130,fully_outside,0.0,False
250,HS10,123,19877,4557,130,fully_outside,0.0,False
250,HS10,123,19878,4557,130,fully_outside,0.0,False
250,HS10,123,19879,4557,130,fully_outside,0.0,False
250,HS10,123,19880,4557,130,fully_outside,0.0,False
250,HS10,123,19881,4557,130,fully_outside,0.0,False
250,HS10,123,19882,4558,130,fully_outside,0.0,False
250,HS10,123,19883,4558,130,fully_outside,0.0,False
250,HS10,123,19884,4559,130,fully_outside,0.0,False
250,HS10,123,19885,4560,130,fully_outside,0.0,False
250,HS10,123,19886,4560,130,fully_outside,0.0,False
250,HS10,123,19887,4561,130,fully_outside,0.0,False
250,HS10,123,20062,4600,123,fully_outside,0.0,False
250,HS10,123,20063,4600,123,fully_outside,0.0,False
250,HS10,123,20600,4727,130,fully_outside,0.0,False
250,HS10,123,20601,4728,130,fully_outside,0.0,False
250,HS10,123,20602,4729,130,fully_outside,0.0,False
250,HS10,123,20603,4730,130,fully_outside,0.0,False
250,HS10,123,20604,4731,130,fully_outside,0.0,False
250,HS10,123,20605,4732,130,fully_outside,0.0,False
250,HS10,123,20606,4732,130,fully_outside,0.0,False
250,HS10,123,20610,4733,130,fully_outside,0.0,False
250,HS10,123,20611,4734,130,fully_outside,0.0,False
250,HS10,123,20612,4735,130,fully_outside,0.0,False
250,HS10,123,20613,4736,130,fully_outside,0.0,False
250,HS10,123,20614,4737,130,fully_outside,0.0,False
250,HS10,123,20615,4737,130,fully_outside,0.0,False
250,HS10,123,20616,4395,130,fully_outside,0.0,False
250,HS10,123,20617,4395,130,fully_outside,0.0,False
250,HS10,123,20618,4398,130,fully_outside,0.0,False
250,HS10,123,20619,4402,130,fully_outside,0.0,False
250,HS10,123,20620,4414,130,fully_outside,0.0,False
250,HS10,123,20621,4738,130,fully_outside,0.0,False
250,HS10,123,20622,4405,130,fully_outside,0.0,False
250,HS10,123,20624,4410,130,fully_outside,0.0,False
250,HS10,123,20626,4405,130,fully_outside,0.0,False
250,HS10,123,20627,4404,130,fully_outside,0.0,False
250,HS10,123,20628,4737,130,fully_outside,0.0,False
250,HS10,123,20629,4399,130,fully_outside,0.0,False
250,HS10,123,20630,4400,130,fully_outside,0.0,False
250,HS10,123,20631,4414,130,fully_outside,0.0,False
250,HS10,123,20632,4739,130,fully_outside,0.0,False
250,HS10,123,20633,4404,130,fully_outside,0.0,False
250,HS10,123,20636,4741,130,fully_outside,0.0,False
250,HS10,123,20637,4742,130,fully_outside,0.0,False
250,HS10,123,20638,4743,130,fully_outside,0.0,False
250,HS10,123,20639,4744,130,fully_outside,0.0,False
250,HS10,123,20640,4745,130,fully_outside,0.0,False
250,HS10,123,20641,4415,130,fully_outside,0.0,False
250,HS10,123,20642,4746,130,fully_outside,0.0,False
250,HS10,123,20643,4747,130,fully_outside,0.0,False
250,HS10,123,20644,4748,130,fully_outside,0.0,False
250,HS10,123,20645,4749,130,fully_outside,0.0,False
250,HS10,123,20646,4418,130,fully_outside,0.0,False
250,HS10,123,20647,4416,130,fully_outside,0.0,False
250,HS10,123,20648,4417,130,fully_outside,0.0,False
250,HS10,123,20649,4750,130,fully_outside,0.0,False
250,HS10,123,20650,4751,130,fully_outside,0.0,False
250,HS10,123,20651,4752,130,fully_outside,0.0,False
250,HS10,123,20652,4753,130,fully_outside,0.0,False
250,HS10,123,20653,4754,130,fully_outside,0.0,False
250,HS10,123,20654,4755,130,fully_outside,0.0,False
250,HS10,123,20655,4419,130,fully_outside,0.0,False
250,HS10,123,20656,4420,130,fully_outside,0.0,False
250,HS10,123,20670,4761,130,fully_outside,0.0,False
250,HS10,123,20673,4734,130,fully_outside,0.0,False
250,HS10,123,20674,4402,130,fully_outside,0.0,False
250,HS10,123,20675,4403,130,fully_outside,0.0,False
250,HS10,123,20679,4398,130,fully_outside,0.0,False
250,HS10,123,20680,4401,130,fully_outside,0.0,False
250,HS10,123,20681,4405,130,fully_outside,0.0,False
250,HS10,123,20682,4764,130,fully_outside,0.0,False
250,HS10,123,20683,4765,130,fully_outside,0.0,False
250,HS10,123,20684,4405,130,fully_outside,0.0,False
250,HS10,123,20685,4395,130,fully_outside,0.0,False
250,HS10,123,20686,4399,130,fully_outside,0.0,False
250,HS10,123,20687,4407,130,fully_outside,0.0,False
250,HS10,123,20688,4408,130,fully_outside,0.0,False
250,HS10,123,20689,4406,130,fully_outside,0.0,False
250,HS10,123,20690,4766,130,fully_outside,0.0,False
250,HS10,123,20691,4413,130,fully_outside,0.0,False
250,HS10,123,20692,4414,130,fully_outside,0.0,False
250,HS10,123,20693,4767,130,fully_outside,0.0,False
250,HS10,123,20696,4415,130,fully_outside,0.0,False
250,HS10,123,20697,4421,130,fully_outside,0.0,False
250,HS10,123,20698,4416,130,fully_outside,0.0,False
250,HS10,123,20717,4446,130,fully_outside,0.0,False
250,HS10,123,20737,4778,130,fully_outside,0.0,False
250,HS10,123,20746,4783,130,fully_outside,0.0,False
250,HS10,123,20748,4784,130,fully_outside,0.0,False
250,HS10,123,20749,4785,130,fully_outside,0.0,False
250,HS10,123,20751,4787,130,fully_outside,0.0,False
250,HS10,123,20792,4790,130,fully_outside,0.0,False
250,HS10,123,20801,4752,130,fully_outside,0.0,False
250,HS10,123,20802,4727,130,fully_outside,0.0,False
250,HS10,123,20803,4728,130,fully_outside,0.0,False
250,HS10,123,20804,4729,130,fully_outside,0.0,False
250,HS10,123,20805,4730,130,fully_outside,0.0,False
250,HS10,123,20806,4731,130,fully_outside,0.0,False
250,HS10,123,20807,4732,130,fully_outside,0.0,False
250,HS10,123,20810,4752,130,fully_outside,0.0,False
250,HS10,123,20811,4752,130,fully_outside,0.0,False
250,HS10,123,20813,4752,130,fully_outside,0.0,False
250,HS10,123,20814,4732,130,fully_outside,0.0,False
250,HS10,123,20815,4402,130,fully_outside,0.0,False
250,HS10,123,20816,4735,130,fully_outside,0.0,False
250,HS10,123,20817,4736,130,fully_outside,0.0,False
250,HS10,123,20818,4733,130,fully_outside,0.0,False
250,HS10,123,20819,4734,130,fully_outside,0.0,False
250,HS10,123,20820,4752,130,fully_outside,0.0,False
250,HS10,123,20821,4752,130,fully_outside,0.0,False
250,HS10,123,20822,4414,130,fully_outside,0.0,False
250,HS10,123,20823,4738,130,fully_outside,0.0,False
250,HS10,123,20824,4404,130,fully_outside,0.0,False
250,HS10,123,20825,4764,130,fully_outside,0.0,False
250,HS10,123,20827,4737,130,fully_outside,0.0,False
250,HS10,123,20828,4405,130,fully_outside,0.0,False
250,HS10,123,20829,4398,130,fully_outside,0.0,False
250,HS10,123,20830,4395,130,fully_outside,0.0,False
250,HS10,123,20831,4399,130,fully_outside,0.0,False
250,HS10,123,20832,4399,130,fully_outside,0.0,False
250,HS10,123,20833,4405,130,fully_outside,0.0,False
250,HS10,123,20834,4400,130,fully_outside,0.0,False
250,HS10,123,20835,4410,130,fully_outside,0.0,False
250,HS10,123,20838,4739,130,fully_outside,0.0,False
250,HS10,123,20839,4414,130,fully_outside,0.0,False
250,HS10,123,20840,4420,130,fully_outside,0.0,False
250,HS10,123,20841,4404,130,fully_outside,0.0,False
250,HS10,123,20842,4419,130,fully_outside,0.0,False
250,HS10,123,20844,4741,130,fully_outside,0.0,False
250,HS10,123,20846,4793,130,fully_outside,0.0,False
250,HS10,123,20847,4749,130,fully_outside,0.0,False
250,HS10,123,20848,4745,130,fully_outside,0.0,False
250,HS10,123,20849,4742,130,fully_outside,0.0,False
250,HS10,123,20850,4743,130,fully_outside,0.0,False
250,HS10,123,20851,4744,130,fully_outside,0.0,False
250,HS10,123,20852,4415,130,fully_outside,0.0,False
250,HS10,123,20853,4746,130,fully_outside,0.0,False
250,HS10,123,20854,4747,130,fully_outside,0.0,False
250,HS10,123,20855,4748,130,fully_outside,0.0,False
250,HS10,123,20856,4754,130,fully_outside,0.0,False
250,HS10,123,20857,4750,130,fully_outside,0.0,False
250,HS10,123,20858,4752,130,fully_outside,0.0,False
250,HS10,123,20859,4751,130,fully_outside,0.0,False
250,HS10,123,20860,4753,130,fully_outside,0.0,False
250,HS10,123,20861,4752,130,fully_outside,0.0,False
250,HS10,123,20862,4794,130,fully_outside,0.0,False
250,HS10,123,20863,4417,130,fully_outside,0.0,False
250,HS10,123,20864,4418,130,fully_outside,0.0,False
250,HS10,123,20865,4416,130,fully_outside,0.0,False
250,HS10,123,20867,4794,130,fully_outside,0.0,False
250,HS10,123,20868,4796,130,fully_outside,0.0,False
250,HS10,123,20869,4797,130,fully_outside,0.0,False
250,HS10,123,20870,4761,130,fully_outside,0.0,False
250,HS10,123,20874,4398,130,fully_outside,0.0,False
250,HS10,123,20875,4734,130,fully_outside,0.0,False
250,HS10,123,20876,4800,130,fully_outside,0.0,False
250,HS10,123,20877,4764,130,fully_outside,0.0,False
250,HS10,123,20878,4801,130,fully_outside,0.0,False
250,HS10,123,20879,4737,130,fully_outside,0.0,False
250,HS10,123,20880,4395,130,fully_outside,0.0,False
250,HS10,123,20881,4399,130,fully_outside,0.0,False
250,HS10,123,20882,4405,130,fully_outside,0.0,False
250,HS10,123,20883,4400,130,fully_outside,0.0,False
250,HS10,123,20885,4739,130,fully_outside,0.0,False
250,HS10,123,20886,4410,130,fully_outside,0.0,False
250,HS10,123,20887,4802,130,fully_outside,0.0,False
250,HS10,123,20888,4803,130,fully_outside,0.0,False
250,HS10,123,20889,4414,130,fully_outside,0.0,False
250,HS10,123,20890,4419,130,fully_outside,0.0,False
250,HS10,123,20891,4404,130,fully_outside,0.0,False
250,HS10,123,20892,4418,130,fully_outside,0.0,False
250,HS10,123,20893,4804,130,fully_outside,0.0,False
250,HS10,123,20894,4416,130,fully_outside,0.0,False
250,HS10,123,20895,4417,130,fully_outside,0.0,False
250,HS10,123,20896,4420,130,fully_outside,0.0,False
250,HS10,123,20897,4805,130,fully_outside,0.0,False
250,HS10,123,20909,4807,130,fully_outside,0.0,False
250,HS10,123,20927,4785,130,fully_outside,0.0,False
250,HS10,123,20928,4784,130,fully_outside,0.0,False
250,HS10,123,20932,4778,130,fully_outside,0.0,False
250,HS10,123,20934,4783,130,fully_outside,0.0,False
250,HS10,123,20935,4787,130,fully_outside,0.0,False
250,HS10,123,20981,4790,130,fully_outside,0.0,False
250,HS10,123,21079,1068,123,fully_inside,0.9999999999973168,False
250,HS10,123,21081,4829,123,fully_inside,1.0,False
250,HS10,123,21083,4831,123,fully_inside,0.9999999999991614,False
250,HS10,123,21084,4831,123,fully_inside,1.0,False
250,HS10,123,21085,4533,123,fully_inside,0.9999999999869637,False
250,HS10,123,21088,4532,123,fully_inside,0.999999999975599,False
250,HS10,123,21245,1068,123,fully_inside,1.0,False
250,HS10,123,21246,4831,123,fully_inside,0.9999999999996988,False
250,HS10,123,21251,4831,123,fully_inside,0.9999999999952007,False
250,HS10,123,21252,4533,123,fully_inside,0.9999999999949675,False
250,HS10,123,21256,4548,130,fully_outside,0.0,False
250,HS10,123,21257,4549,130,fully_outside,0.0,False
250,HS10,123,21258,4549,130,fully_outside,0.0,False
250,HS10,123,21259,4549,130,fully_outside,0.0,False
250,HS10,123,21260,4549,130,fully_outside,0.0,False
250,HS10,123,21261,4549,130,fully_outside,0.0,False
250,HS10,123,21262,4856,130,fully_outside,0.0,False
250,HS10,123,21263,4549,130,fully_outside,0.0,False
250,HS10,123,21264,4857,130,fully_outside,0.0,False
250,HS10,123,21265,4858,130,fully_outside,0.0,False
250,HS10,123,21266,4550,130,fully_outside,0.0,False
250,HS10,123,21267,4554,130,fully_outside,0.0,False
250,HS10,123,21268,4554,130,fully_outside,0.0,False
250,HS10,123,21269,4554,130,fully_outside,0.0,False
250,HS10,123,21270,4554,130,fully_outside,0.0,False
250,HS10,123,21271,4554,130,fully_outside,0.0,False
250,HS10,123,21272,4859,130,fully_outside,0.0,False
250,HS10,123,21273,4859,130,fully_outside,0.0,False
250,HS10,123,21274,4859,130,fully_outside,0.0,False
250,HS10,123,21275,4860,130,fully_outside,0.0,False
250,HS10,123,21276,4557,130,fully_outside,0.0,False
250,HS10,123,21277,4557,130,fully_outside,0.0,False
250,HS10,123,21278,4557,130,fully_outside,0.0,False
250,HS10,123,21279,4554,130,fully_outside,0.0,False
250,HS10,123,21280,4557,130,fully_outside,0.0,False
250,HS10,123,21281,4860,130,fully_outside,0.0,False
250,HS10,123,21282,4556,130,fully_outside,0.0,False
250,HS10,123,21283,4558,130,fully_outside,0.0,False
250,HS10,123,21284,4861,130,fully_outside,0.0,False
250,HS10,123,21285,4559,130,fully_outside,0.0,False
250,HS10,123,21286,4862,130,fully_outside,0.0,False
250,HS10,123,21287,4862,130,fully_outside,0.0,False
250,HS10,123,21288,4560,130,fully_outside,0.0,False
250,HS10,123,21289,4863,130,fully_outside,0.0,False
250,HS10,123,21290,4864,130,fully_outside,0.0,False
250,HS10,123,21291,4865,130,fully_outside,0.0,False
250,HS10,123,21292,4560,130,fully_outside,0.0,False
250,HS10,123,21293,4866,130,fully_outside,0.0,False
250,HS10,123,21294,4867,130,fully_outside,0.0,False
250,HS10,123,21295,4868,130,fully_outside,0.0,False
250,HS10,123,21296,4869,130,fully_outside,0.0,False
250,HS10,123,21297,4869,130,fully_outside,0.0,False
250,HS10,123,21298,4548,130,fully_outside,0.0,False
250,HS10,123,21299,4550,130,fully_outside,0.0,False
250,HS10,123,21300,4551,130,fully_outside,0.0,False
250,HS10,123,21301,4549,130,fully_outside,0.0,False
250,HS10,123,21302,4550,130,fully_outside,0.0,False
250,HS10,123,21303,4554,130,fully_outside,0.0,False
250,HS10,123,21304,4554,130,fully_outside,0.0,False
250,HS10,123,21305,4555,130,fully_outside,0.0,False
250,HS10,123,21306,4556,130,fully_outside,0.0,False
250,HS10,123,21307,4558,130,fully_outside,0.0,False
250,HS10,123,21308,4560,130,fully_outside,0.0,False
250,HS10,123,21309,4561,130,fully_outside,0.0,False
250,HS10,123,21525,4914,130,fully_outside,0.0,False
250,HS10,123,21526,4600,123,fully_outside,0.0,False
250,HS10,123,21527,4915,123,fully_outside,0.0,False
250,HS10,123,21528,4600,123,fully_outside,0.0,False
250,HS10,123,21529,4600,123,fully_outside,0.0,False
250,HS10,123,21706,4548,130,fully_outside,0.0,False
250,HS10,123,21707,4550,130,fully_outside,0.0,False
250,HS10,123,21708,4549,130,fully_outside,0.0,False
250,HS10,123,21709,4949,130,fully_outside,0.0,False
250,HS10,123,21710,4856,130,fully_outside,0.0,False
250,HS10,123,21711,4858,130,fully_outside,0.0,False
250,HS10,123,21712,4858,130,fully_outside,0.0,False
250,HS10,123,21713,4549,130,fully_outside,0.0,False
250,HS10,123,21714,4549,130,fully_outside,0.0,False
250,HS10,123,21715,4549,130,fully_outside,0.0,False
250,HS10,123,21716,4549,130,fully_outside,0.0,False
250,HS10,123,21717,4950,130,fully_outside,0.0,False
250,HS10,123,21718,4554,130,fully_outside,0.0,False
250,HS10,123,21719,4554,130,fully_outside,0.0,False
250,HS10,123,21720,4859,130,fully_outside,0.0,False
250,HS10,123,21721,4859,130,fully_outside,0.0,False
250,HS10,123,21722,4859,130,fully_outside,0.0,False
250,HS10,123,21723,4951,130,fully_outside,0.0,False
250,HS10,123,21724,4557,130,fully_outside,0.0,False
250,HS10,123,21725,4860,130,fully_outside,0.0,False
250,HS10,123,21726,4807,130,fully_outside,0.0,False
250,HS10,123,21728,4556,130,fully_outside,0.0,False
250,HS10,123,21729,4558,130,fully_outside,0.0,False
250,HS10,123,21730,4861,130,fully_outside,0.0,False
250,HS10,123,21731,4862,130,fully_outside,0.0,False
250,HS10,123,21732,4862,130,fully_outside,0.0,False
250,HS10,123,21733,4953,130,fully_outside,0.0,False
250,HS10,123,21734,4866,130,fully_outside,0.0,False
250,HS10,123,21735,4560,130,fully_outside,0.0,False
250,HS10,123,21736,4560,130,fully_outside,0.0,False
250,HS10,123,21737,4864,130,fully_outside,0.0,False
250,HS10,123,21738,4868,130,fully_outside,0.0,False
250,HS10,123,21739,4868,130,fully_outside,0.0,False
250,HS10,123,21740,4954,130,fully_outside,0.0,False
250,HS10,123,21741,4869,130,fully_outside,0.0,False
250,HS10,123,21742,4554,130,fully_outside,0.0,False
250,HS10,123,21743,4554,130,fully_outside,0.0,False
250,HS10,123,21744,4554,130,fully_outside,0.0,False
250,HS10,123,21745,4554,130,fully_outside,0.0,False
250,HS10,123,21746,4557,130,fully_outside,0.0,False
250,HS10,123,21747,4559,130,fully_outside,0.0,False
250,HS10,123,21748,4865,130,fully_outside,0.0,False
250,HS10,123,21749,4557,130,fully_outside,0.0,False
250,HS10,123,21750,4557,130,fully_outside,0.0,False
250,HS10,123,21751,4560,130,fully_outside,0.0,False
250,HS10,123,21752,4955,130,fully_outside,0.0,False
250,HS10,123,21753,4956,130,fully_outside,0.0,False
250,HS10,123,21754,4549,130,fully_outside,0.0,False
250,HS10,123,21755,4549,130,fully_outside,0.0,False
250,HS10,123,21756,4549,130,fully_outside,0.0,False
250,HS10,123,21757,4549,130,fully_outside,0.0,False
250,HS10,123,21758,4554,130,fully_outside,0.0,False
250,HS10,123,21759,4554,130,fully_outside,0.0,False
250,HS10,123,21760,4554,130,fully_outside,0.0,False
250,HS10,123,21761,4957,130,fully_outside,0.0,False
250,HS10,123,21762,4557,130,fully_outside,0.0,False
250,HS10,123,21763,4559,130,fully_outside,0.0,False
250,HS10,123,21764,4559,130,fully_outside,0.0,False
250,HS10,123,21765,4557,130,fully_outside,0.0,False
250,HS10,123,21766,4557,130,fully_outside,0.0,False
250,HS10,123,21767,4560,130,fully_outside,0.0,False
250,HS10,123,21768,4958,130,fully_outside,0.0,False
250,HS10,123,21769,4557,130,fully_outside,0.0,False
250,HS10,123,21792,4807,130,fully_outside,0.0,False
250,HS10,123,21794,4807,130,fully_outside,0.0,False
250,HS10,123,21795,4963,130,fully_outside,0.0,False
250,HS10,123,21796,4964,130,fully_outside,0.0,False
250,HS10,123,21797,4964,130,fully_outside,0.0,False
250,HS10,123,21798,4600,123,fully_outside,0.0,False
250,HS10,123,21799,4600,123,fully_outside,0.0,False
250,HS10,123,21800,4914,130,fully_outside,0.0,False
250,HS10,123,21801,4915,123,fully_outside,0.0,False
250,HS10,123,21802,4600,123,fully_outside,0.0,False
250,HS10,123,21803,4600,123,fully_outside,0.0,False
250,HS10,123,21804,4965,130,fully_outside,0.0,False
250,HS10,123,22231,5049,130,fully_outside,0.0,False
250,HS10,123,22232,5049,130,fully_outside,0.0,False
250,HS10,123,22234,5049,130,fully_outside,0.0,False
250,HS10,123,22235,5049,130,fully_outside,0.0,False
250,HS10,123,22580,5121,130,fully_outside,0.0,False
250,HS10,123,22582,5123,130,fully_outside,0.0,False
250,HS10,123,22590,5124,130,fully_outside,0.0,False
250,HS10,123,22594,5124,130,fully_outside,0.0,False
250,HS10,123,22595,5121,130,fully_outside,0.0,False
250,HS10,123,22596,5121,130,fully_outside,0.0,False
250,HS10,123,22597,5121,130,fully_outside,0.0,False
250,HS10,123,22598,5121,130,fully_outside,0.0,False
250,HS10,123,22599,5121,130,fully_outside,0.0,False
250,HS10,123,22600,5121,130,fully_outside,0.0,False
250,HS10,123,22601,5121,130,fully_outside,0.0,False
250,HS10,123,22602,5121,130,fully_outside,0.0,False
250,HS10,123,22603,5121,130,fully_outside,0.0,False
250,HS10,123,22604,5121,130,fully_outside,0.0,False
250,HS10,123,22605,5121,130,fully_outside,0.0,False
250,HS10,123,22606,5124,130,fully_outside,0.0,False
250,HS10,123,22607,5124,130,fully_outside,0.0,False
250,HS10,123,22608,5124,130,fully_outside,0.0,False
250,HS10,123,22609,5124,130,fully_outside,0.0,False
250,HS10,123,22610,5124,130,fully_outside,0.0,False
250,HS10,123,22611,5124,130,fully_outside,0.0,False
250,HS10,123,22612,5124,130,fully_outside,0.0,False
250,HS10,123,22613,5124,130,fully_outside,0.0,False
250,HS10,123,22614,613,123,fully_outside,0.0,False
250,HS10,123,22615,613,123,fully_outside,0.0,False
250,HS10,123,22616,613,123,fully_outside,0.0,False
250,HS10,123,22617,613,123,fully_outside,0.0,False
250,HS10,123,22721,5124,130,fully_outside,0.0,False
250,HS10,123,22722,5124,130,fully_outside,0.0,False
250,HS10,123,22723,5124,130,fully_outside,0.0,False
250,HS10,123,22730,613,123,fully_outside,0.0,False
250,HS10,123,22737,5155,130,fully_outside,0.0,False
250,HS10,123,22768,5166,130,fully_outside,0.0,False
250,HS10,123,22812,5166,130,fully_outside,0.0,False
250,HS10,123,23101,5265,130,fully_outside,0.0,False
250,HS10,123,23103,5123,130,fully_outside,0.0,False
250,HS10,123,23104,5265,130,fully_outside,0.0,False
250,HS10,123,23105,5265,130,fully_outside,0.0,False
250,HS10,123,23106,5265,130,fully_outside,0.0,False
250,HS10,123,23120,5272,130,fully_outside,0.0,False
250,HS10,123,23121,5273,130,fully_outside,0.0,False
250,HS10,123,23122,5274,130,fully_outside,0.0,False
250,HS10,123,23123,5273,130,fully_outside,0.0,False
250,HS10,123,23124,5275,130,fully_outside,0.0,False
250,HS10,123,23125,5273,130,fully_outside,0.0,False
250,HS10,123,23126,5275,130,fully_outside,0.0,False
250,HS10,123,23127,5276,130,fully_outside,0.0,False
250,HS10,123,23128,5277,130,fully_outside,0.0,False
250,HS10,123,23129,5278,130,fully_outside,0.0,False
250,HS10,123,23130,5279,130,fully_outside,0.0,False
250,HS10,123,23131,5277,130,fully_outside,0.0,False
250,HS10,123,23132,5280,130,fully_outside,0.0,False
250,HS10,123,23133,5280,130,fully_outside,0.0,False
250,HS10,123,23134,5277,130,fully_outside,0.0,False
250,HS10,123,23204,5155,130,fully_outside,0.0,False
250,HS10,123,23408,5355,130,fully_outside,0.0,False
250,HS10,123,23409,5356,130,fully_outside,0.0,False
250,HS10,123,23410,5357,130,fully_outside,0.0,False
250,HS10,123,23758,5357,130,fully_outside,0.0,False
250,HS10,123,23760,5356,130,fully_outside,0.0,False
250,HS10,123,23768,5355,130,fully_outside,0.0,False
250,HS10,123,24106,4965,130,fully_outside,0.0,False
250,HS10,123,24108,5489,130,fully_outside,0.0,False
250,HS10,123,24109,5489,130,fully_outside,0.0,False
250,HS10,123,24111,5491,130,fully_outside,0.0,False
250,HS10,123,24112,5491,130,fully_outside,0.0,False
250,HS10,123,24115,5491,130,fully_outside,0.0,False
250,HS10,123,24116,5494,130,fully_outside,0.0,False
250,HS10,123,24161,5500,130,fully_outside,0.0,False
250,HS10,123,24180,5491,130,fully_outside,0.0,False
250,HS10,123,24181,5491,130,fully_outside,0.0,False
250,HS10,123,24182,5505,130,fully_outside,0.0,False
250,HS10,123,24183,5506,130,fully_outside,0.0,False
250,HS10,123,24184,5507,130,fully_outside,0.0,False
250,HS10,123,24185,5508,130,fully_outside,0.0,False
250,HS10,123,24186,5273,130,fully_outside,0.0,False
250,HS10,123,24187,5273,130,fully_outside,0.0,False
250,HS10,123,24188,5273,130,fully_outside,0.0,False
250,HS10,123,24189,5273,130,fully_outside,0.0,False
250,HS10,123,24190,5273,130,fully_outside,0.0,False
250,HS10,123,24191,5500,130,fully_outside,0.0,False
250,HS10,123,24192,5500,130,fully_outside,0.0,False
250,HS10,123,24193,5509,130,fully_outside,0.0,False
250,HS10,123,24194,5510,130,fully_outside,0.0,False
250,HS10,123,24195,5511,130,fully_outside,0.0,False
250,HS10,123,24196,5280,130,fully_outside,0.0,False
250,HS10,123,24197,5275,130,fully_outside,0.0,False
250,HS10,123,24198,5512,130,fully_outside,0.0,False
250,HS10,123,24199,5280,130,fully_outside,0.0,False
250,HS10,123,24200,5277,130,fully_outside,0.0,False
250,HS10,123,24201,5275,130,fully_outside,0.0,False
250,HS10,123,24202,5277,130,fully_outside,0.0,False
250,HS10,123,24203,5280,130,fully_outside,0.0,False
250,HS10,123,24204,5277,130,fully_outside,0.0,False
250,HS10,123,24205,5277,130,fully_outside,0.0,False
250,HS10,123,24206,5272,130,fully_outside,0.0,False
250,HS10,123,24207,5276,130,fully_outside,0.0,False
250,HS10,123,24208,5277,130,fully_outside,0.0,False
250,HS10,123,24209,5280,130,fully_outside,0.0,False
250,HS10,123,24210,5513,130,fully_outside,0.0,False
250,HS10,123,24211,5514,130,fully_outside,0.0,False
250,HS10,123,24212,5515,130,fully_outside,0.0,False
250,HS10,123,24258,5155,130,fully_outside,0.0,False
250,HS10,123,24263,5155,130,fully_outside,0.0,False
250,HS10,123,24268,5525,123,fully_outside,0.0,False
250,HS10,123,24271,5526,123,fully_outside,0.0,False
250,HS10,123,24349,4965,130,fully_outside,0.0,False
250,HS10,123,24351,5491,130,fully_outside,0.0,False
250,HS10,123,24353,5489,130,fully_outside,0.0,False
250,HS10,123,24354,5491,130,fully_outside,0.0,False
250,HS10,123,24355,5494,130,fully_outside,0.0,False
250,HS10,123,24356,5500,130,fully_outside,0.0,False
250,HS10,123,24357,5531,130,fully_outside,0.0,False
250,HS10,123,24359,5491,130,fully_outside,0.0,False
250,HS10,123,24360,5491,130,fully_outside,0.0,False
250,HS10,123,24361,5491,130,fully_outside,0.0,False
250,HS10,123,24362,5505,130,fully_outside,0.0,False
250,HS10,123,24363,5506,130,fully_outside,0.0,False
250,HS10,123,24364,5507,130,fully_outside,0.0,False
250,HS10,123,24365,5508,130,fully_outside,0.0,False
250,HS10,123,24366,5273,130,fully_outside,0.0,False
250,HS10,123,24367,5273,130,fully_outside,0.0,False
250,HS10,123,24368,5500,130,fully_outside,0.0,False
250,HS10,123,24369,5500,130,fully_outside,0.0,False
250,HS10,123,24370,5509,130,fully_outside,0.0,False
250,HS10,123,24371,5510,130,fully_outside,0.0,False
250,HS10,123,24372,5511,130,fully_outside,0.0,False
250,HS10,123,24373,5280,130,fully_outside,0.0,False
250,HS10,123,24374,5512,130,fully_outside,0.0,False
250,HS10,123,24375,5275,130,fully_outside,0.0,False
250,HS10,123,24376,5277,130,fully_outside,0.0,False
250,HS10,123,24377,5280,130,fully_outside,0.0,False
250,HS10,123,24378,5280,130,fully_outside,0.0,False
250,HS10,123,24379,5514,130,fully_outside,0.0,False
250,HS10,123,24380,5277,130,fully_outside,0.0,False
250,HS10,123,24381,5275,130,fully_outside,0.0,False
250,HS10,123,24382,5273,130,fully_outside,0.0,False
250,HS10,123,24383,5273,130,fully_outside,0.0,False
250,HS10,123,24384,5277,130,fully_outside,0.0,False
250,HS10,123,24385,5273,130,fully_outside,0.0,False
250,HS10,123,24386,5275,130,fully_outside,0.0,False
250,HS10,123,24387,5277,130,fully_outside,0.0,False
250,HS10,123,24388,5280,130,fully_outside,0.0,False
250,HS10,123,24389,5514,130,fully_outside,0.0,False
250,HS10,123,24390,5277,130,fully_outside,0.0,False
250,HS10,123,24391,5532,130,fully_outside,0.0,False
250,HS10,123,24392,5273,130,fully_outside,0.0,False
250,HS10,123,24412,5155,130,fully_outside,0.0,False
250,HS10,123,24413,5155,130,fully_outside,0.0,False
250,HS10,123,24417,5525,123,fully_outside,0.0,False
250,HS10,123,24490,613,123,fully_inside,0.999999999999822,False
250,HS10,123,24491,613,123,fully_inside,0.9999999999999738,False
250,HS10,123,24492,613,123,fully_inside,0.9999999997019362,False
250,HS10,123,24493,613,123,fully_inside,1.0,False
250,HS10,123,24494,613,123,fully_inside,1.0,False
250,HS10,123,24495,613,123,fully_inside,1.0,False
250,HS10,123,24496,613,123,fully_inside,1.0,False
250,HS10,123,24497,613,123,fully_inside,1.0,False
250,HS10,123,24498,613,123,fully_inside,0.9999999999702931,False
250,HS10,123,24499,613,123,fully_inside,1.0,False
250,HS10,123,24500,613,123,crosses_boundary,0.9618153930141332,False
250,HS10,123,24501,613,123,crosses_boundary,0.7528158557131637,False
250,HS10,123,24502,613,123,fully_inside,0.9999999999992294,False
250,HS10,123,24503,613,123,fully_inside,0.9999999999980171,False
250,HS10,123,24504,613,123,fully_inside,1.0,False
250,HS10,123,24505,613,123,fully_inside,0.9999999999993744,False
250,HS10,123,24506,613,123,fully_inside,1.0,False
250,HS10,123,24507,613,123,fully_inside,0.999999999991006,False
250,HS10,123,24508,613,123,fully_inside,0.9999999999975024,False
250,HS10,123,24509,613,123,crosses_boundary,0.9781434321260698,False
250,HS10,123,24510,613,123,fully_inside,0.9999999998652744,False
250,HS10,123,24511,613,123,fully_inside,1.0,False
250,HS10,123,24512,613,123,fully_inside,0.9999999999703628,False
250,HS10,123,24513,613,123,fully_inside,0.9999999987863957,False
250,HS10,123,24514,613,123,fully_inside,1.0,False
250,HS10,123,24515,613,123,fully_inside,1.0,False
250,HS10,123,24516,613,123,fully_inside,0.999999999353765,False
250,HS10,123,24517,613,123,fully_inside,1.0,False
250,HS10,123,24529,3295,123,fully_inside,0.9999999999999621,False
250,HS10,123,24530,3295,123,fully_inside,1.0,False
250,HS10,123,24531,5553,123,fully_inside,0.9999999999996407,False
250,HS10,123,24532,5554,123,fully_inside,0.9999999999994796,False
250,HS10,123,24533,5554,123,fully_inside,0.999999999999612,False
250,HS10,123,24534,5555,123,fully_inside,0.9999999999970431,False
250,HS10,123,24535,3322,123,fully_inside,0.9999999999985222,False
250,HS10,123,24536,4533,123,fully_inside,1.0,False
250,HS10,123,24537,4533,123,fully_inside,1.0,False
250,HS10,123,24538,5556,123,fully_inside,1.0,False
250,HS10,123,24539,5557,123,fully_inside,0.9999999999992168,False
250,HS10,123,24540,5557,123,fully_inside,0.9999999999856539,False
250,HS10,123,24541,5557,123,fully_inside,1.0,False
250,HS10,123,24542,5557,123,fully_inside,0.9999999999631803,False
250,HS10,123,24543,5557,123,fully_inside,1.0,False
250,HS10,123,24544,5558,123,fully_inside,1.0,False
250,HS10,123,24545,5559,123,fully_inside,0.9999999999698581,False
250,HS10,123,24546,5560,123,fully_inside,0.9999999999491977,False
250,HS10,123,24547,5561,123,fully_inside,1.0,False
250,HS10,123,24548,5554,123,fully_inside,1.0,False
250,HS10,123,24549,5562,123,fully_inside,0.9999999999318189,False
250,HS10,123,24550,5557,123,fully_inside,1.0,False
250,HS10,123,24551,5554,123,fully_inside,0.999999999992385,False
250,HS10,123,24552,5563,123,fully_inside,0.9999999999972914,False
250,HS10,123,24553,5564,123,fully_inside,0.9999999999919922,False
250,HS10,123,24554,5564,123,fully_inside,1.0,False
250,HS10,123,24555,5557,123,fully_inside,1.0,False
250,HS10,123,24556,5557,123,fully_inside,0.9999999999631803,False
250,HS10,123,24557,5557,123,fully_inside,1.0,False
250,HS10,123,24558,5565,123,fully_inside,1.0,False
250,HS10,123,24559,5558,123,fully_inside,0.9999999999823193,False
250,HS10,123,24560,5559,123,fully_inside,1.0,False
250,HS10,123,24561,5558,123,fully_inside,1.0,False
250,HS10,123,24562,5560,123,fully_inside,1.0,False
250,HS10,123,24563,5558,123,fully_inside,0.9999999999698812,False
250,HS10,123,24564,5561,123,fully_inside,1.0,False
250,HS10,123,24577,5571,123,fully_outside,0.0,False
250,HS10,123,24578,5572,123,fully_outside,0.0,False
250,HS10,123,24580,5573,123,fully_outside,0.0,False
250,HS10,123,24581,5574,123,fully_outside,0.0,False
250,HS10,123,24582,613,123,fully_outside,0.0,False
250,HS10,123,24583,613,123,fully_outside,0.0,False
250,HS10,123,24584,613,123,fully_outside,0.0,False
250,HS10,123,24585,613,123,crosses_boundary,0.5108393306728192,False
250,HS10,123,24586,5571,123,fully_outside,0.0,False
250,HS10,123,24587,5571,123,fully_outside,0.0,False
250,HS10,123,24588,5571,123,fully_outside,0.0,False
250,HS10,123,24589,5573,123,fully_outside,0.0,False
250,HS10,123,24590,613,123,crosses_boundary,0.09730272965165476,False
250,HS10,123,24591,613,123,crosses_boundary,0.8032908882458111,False
250,HS10,123,24592,5575,123,fully_outside,0.0,False
250,HS10,123,24593,5575,123,fully_outside,0.0,False
250,HS10,123,24594,5575,123,fully_outside,0.0,False
250,HS10,123,24597,613,123,crosses_boundary,0.14853064650774192,False
250,HS10,123,24598,613,123,fully_outside,0.0,False
250,HS10,123,24599,613,123,fully_outside,0.0,False
250,HS10,123,24600,613,123,fully_outside,0.0,False
250,HS10,123,24601,5576,123,fully_outside,0.0,False
250,HS10,123,24602,5575,123,fully_outside,0.0,False
250,HS10,123,24603,5575,123,fully_outside,0.0,False
250,HS10,123,24604,5575,123,fully_outside,0.0,False
250,HS10,123,24605,5577,123,fully_outside,0.0,False
250,HS10,123,24606,5575,123,fully_outside,0.0,False
250,HS10,123,24611,5572,123,fully_outside,0.0,False
250,HS10,123,24612,5574,123,fully_outside,0.0,False
250,HS10,123,24613,5574,123,fully_outside,0.0,False
250,HS10,123,24614,5574,123,fully_outside,0.0,False
250,HS10,123,24615,613,123,crosses_boundary,0.025702607832198795,False
250,HS10,123,24616,613,123,fully_outside,0.0,False
250,HS10,123,24617,613,123,fully_outside,0.0,False
250,HS10,123,24618,613,123,fully_outside,0.0,False
250,HS10,123,24619,613,123,fully_outside,0.0,False
250,HS10,123,24620,613,123,fully_outside,0.0,False
250,HS10,123,24621,613,123,fully_outside,0.0,False
250,HS10,123,24622,613,123,crosses_boundary,0.025222185258496604,False
250,HS10,123,24623,5575,123,fully_outside,0.0,False
250,HS10,123,24626,5575,123,fully_outside,0.0,False
250,HS10,123,24627,5575,123,fully_outside,0.0,False
250,HS10,123,24628,5575,123,fully_outside,0.0,False
250,HS10,123,24629,5576,123,fully_outside,0.0,False
250,HS10,123,24630,5579,123,fully_outside,0.0,False
250,HS10,123,24631,5575,123,fully_outside,0.0,False
250,HS10,123,24639,5580,123,fully_outside,0.0,False
250,HS10,123,24640,5581,123,fully_outside,0.0,False
250,HS10,123,24641,5582,123,fully_outside,0.0,False
250,HS10,123,24642,613,123,fully_outside,0.0,False
250,HS10,123,24643,5582,123,fully_outside,0.0,False
250,HS10,123,24644,613,123,fully_outside,0.0,False
250,HS10,123,24645,613,123,fully_outside,0.0,False
250,HS10,123,24646,613,123,fully_outside,0.0,False
250,HS10,123,24647,613,123,fully_outside,0.0,False
250,HS10,123,24648,613,123,fully_outside,0.0,False
250,HS10,123,24649,613,123,fully_outside,0.0,False
250,HS10,123,24650,613,123,fully_outside,0.0,False
250,HS10,123,24651,613,123,fully_outside,0.0,False
250,HS10,123,24652,613,123,fully_outside,0.0,False
250,HS10,123,24653,613,123,fully_outside,0.0,False
250,HS10,123,24654,613,123,fully_outside,0.0,False
250,HS10,123,24655,613,123,fully_outside,0.0,False
250,HS10,123,24656,5575,123,fully_outside,0.0,False
250,HS10,123,24657,5575,123,fully_outside,0.0,False
250,HS10,123,24659,613,123,fully_outside,0.0,False
250,HS10,123,24660,613,123,fully_outside,0.0,False
250,HS10,123,24661,613,123,fully_outside,0.0,False
250,HS10,123,24662,613,123,fully_outside,0.0,False
250,HS10,123,24663,613,123,fully_outside,0.0,False
250,HS10,123,24664,613,123,fully_outside,0.0,False
250,HS10,123,24665,613,123,fully_outside,0.0,False
250,HS10,123,24666,613,123,fully_outside,0.0,False
250,HS10,123,24667,5583,123,fully_outside,0.0,False
250,HS10,123,24668,5584,123,fully_outside,0.0,False
250,HS10,123,24670,5585,123,fully_outside,0.0,False
250,HS10,123,24672,5580,123,fully_outside,0.0,False
250,HS10,123,24673,5581,123,fully_outside,0.0,False
250,HS10,123,24674,5581,123,fully_outside,0.0,False
250,HS10,123,24675,5581,123,fully_outside,0.0,False
250,HS10,123,24676,613,123,fully_outside,0.0,False
250,HS10,123,24677,613,123,fully_outside,0.0,False
250,HS10,123,24678,613,123,fully_outside,0.0,False
250,HS10,123,24679,613,123,fully_outside,0.0,False
250,HS10,123,24680,613,123,fully_outside,0.0,False
250,HS10,123,24681,613,123,fully_outside,0.0,False
250,HS10,123,24682,613,123,fully_outside,0.0,False
250,HS10,123,24683,613,123,fully_outside,0.0,False
250,HS10,123,24684,5583,123,fully_outside,0.0,False
250,HS10,123,24685,5584,123,fully_outside,0.0,False
250,HS10,123,24686,5584,123,fully_outside,0.0,False
250,HS10,123,24687,5584,123,fully_outside,0.0,False
250,HS10,123,24688,5584,123,fully_outside,0.0,False
250,HS10,123,24689,5587,123,fully_outside,0.0,False
250,HS10,123,24690,5585,123,fully_outside,0.0,False
250,HS10,123,24691,613,123,fully_outside,0.0,False
250,HS10,123,24692,5585,123,fully_outside,0.0,False
250,HS10,123,24745,5556,123,fully_outside,0.0,False
250,HS10,123,24746,5577,123,fully_outside,0.0,False
250,HS10,123,24747,5588,123,fully_outside,0.0,False
250,HS10,123,24748,5588,123,fully_outside,0.0,False
250,HS10,123,24749,5588,123,fully_outside,0.0,False
250,HS10,123,24750,5588,123,fully_outside,0.0,False
250,HS10,123,24751,5588,123,fully_outside,0.0,False
250,HS10,123,24752,5588,123,fully_outside,0.0,False
250,HS10,123,24753,5561,123,fully_inside,0.999999999987521,False
250,HS10,123,24754,5561,123,crosses_boundary,0.41733680713494364,False
250,HS10,123,24755,5589,123,fully_outside,0.0,False
250,HS10,123,24756,5589,123,fully_outside,0.0,False
250,HS10,123,24757,5589,123,fully_outside,0.0,False
250,HS10,123,24758,5589,123,fully_outside,0.0,False
250,HS10,123,24759,5589,123,fully_outside,0.0,False
250,HS10,123,24760,5589,123,fully_outside,0.0,False
250,HS10,123,24761,5590,123,fully_outside,0.0,False
250,HS10,123,24767,5588,123,fully_outside,0.0,False
250,HS10,123,24768,5588,123,fully_outside,0.0,False
250,HS10,123,24769,5579,123,fully_outside,0.0,False
250,HS10,123,24770,5588,123,fully_outside,0.0,False
250,HS10,123,24771,5588,123,fully_outside,0.0,False
250,HS10,123,24772,5588,123,fully_outside,0.0,False
250,HS10,123,24773,5588,123,fully_outside,0.0,False
250,HS10,123,24780,5561,123,fully_outside,0.0,False
250,HS10,123,24781,5589,123,fully_outside,0.0,False
250,HS10,123,24782,5589,123,fully_outside,0.0,False
250,HS10,123,24783,5589,123,fully_outside,0.0,False
250,HS10,123,24784,5589,123,fully_outside,0.0,False
250,HS10,123,24785,5561,123,fully_inside,0.999999999987521,False
250,HS10,123,24786,5561,123,crosses_boundary,0.9925358584069793,False
250,HS10,123,24787,5590,123,fully_outside,0.0,False
250,HS10,123,24806,5604,123,fully_outside,0.0,False
250,HS10,123,24807,5604,123,fully_outside,0.0,False
250,HS10,123,24808,5604,123,fully_outside,0.0,False
250,HS10,123,24809,5604,123,fully_outside,0.0,False
250,HS10,123,24810,5580,123,fully_outside,0.0,False
250,HS10,123,24811,5605,123,fully_outside,0.0,False
250,HS10,123,24812,5606,123,fully_outside,0.0,False
250,HS10,123,24813,5607,123,fully_outside,0.0,False
250,HS10,123,24814,5606,123,fully_outside,0.0,False
250,HS10,123,24815,5608,123,fully_outside,0.0,False
250,HS10,123,24816,5608,123,fully_outside,0.0,False
250,HS10,123,24817,5608,123,fully_outside,0.0,False
250,HS10,123,24818,5608,123,fully_outside,0.0,False
250,HS10,123,24819,5608,123,fully_outside,0.0,False
250,HS10,123,24820,5609,123,fully_outside,0.0,False
250,HS10,123,24821,5606,123,fully_outside,0.0,False
250,HS10,123,24822,5610,123,fully_outside,0.0,False
250,HS10,123,24823,5611,123,fully_outside,0.0,False
250,HS10,123,24824,5611,123,fully_outside,0.0,False
250,HS10,123,24825,5611,123,fully_outside,0.0,False
250,HS10,123,24826,5611,123,fully_outside,0.0,False
250,HS10,123,24827,5611,123,fully_outside,0.0,False
250,HS10,123,24828,5612,123,fully_outside,0.0,False
250,HS10,123,24829,5613,123,fully_outside,0.0,False
250,HS10,123,24830,5614,123,fully_outside,0.0,False
250,HS10,123,24831,5608,123,fully_outside,0.0,False
250,HS10,123,24832,5615,123,fully_outside,0.0,False
250,HS10,123,24833,5616,123,fully_outside,0.0,False
250,HS10,123,24834,5617,123,fully_outside,0.0,False
250,HS10,123,24835,5608,123,fully_outside,0.0,False
250,HS10,123,24836,5618,123,fully_outside,0.0,False
250,HS10,123,24837,5619,123,fully_outside,0.0,False
250,HS10,123,24839,5604,123,fully_outside,0.0,False
250,HS10,123,24840,5604,123,fully_outside,0.0,False
250,HS10,123,24841,5587,123,fully_outside,0.0,False
250,HS10,123,24842,5604,123,fully_outside,0.0,False
250,HS10,123,24843,5604,123,fully_outside,0.0,False
250,HS10,123,24844,5604,123,fully_outside,0.0,False
250,HS10,123,24845,5620,123,fully_outside,0.0,False
250,HS10,123,24846,5621,123,fully_outside,0.0,False
250,HS10,123,24847,5622,123,fully_outside,0.0,False
250,HS10,123,24848,5623,123,fully_outside,0.0,False
250,HS10,123,24849,5624,123,fully_outside,0.0,False
250,HS10,123,24850,5625,123,fully_outside,0.0,False
250,HS10,123,24851,5625,123,fully_outside,0.0,False
250,HS10,123,24852,5626,123,fully_outside,0.0,False
250,HS10,123,24853,5622,123,fully_outside,0.0,False
250,HS10,123,24854,5627,123,fully_outside,0.0,False
250,HS10,123,24855,5628,123,fully_outside,0.0,False
250,HS10,123,24856,5629,123,fully_outside,0.0,False
250,HS10,123,24857,5629,123,fully_outside,0.0,False
250,HS10,123,24858,5630,123,fully_outside,0.0,False
250,HS10,123,24859,5631,123,fully_outside,0.0,False
250,HS10,123,24860,5632,123,fully_outside,0.0,False
250,HS10,123,24861,5633,123,fully_outside,0.0,False
250,HS10,123,24862,5625,123,fully_outside,0.0,False
250,HS10,123,24863,5634,123,fully_outside,0.0,False
250,HS10,123,24864,5634,123,fully_outside,0.0,False
250,HS10,123,24865,5634,123,fully_outside,0.0,False
250,HS10,123,24866,5635,123,fully_outside,0.0,False
250,HS10,123,24867,5634,123,fully_outside,0.0,False
250,HS10,123,24868,5636,123,fully_outside,0.0,False
250,HS10,123,24869,5634,123,fully_outside,0.0,False
250,HS10,123,24870,5637,123,fully_outside,0.0,False
250,HS10,123,24871,5619,123,fully_outside,0.0,False
250,HS10,123,24872,5608,123,fully_outside,0.0,False
250,HS10,123,24873,5608,123,fully_outside,0.0,False
250,HS10,123,24874,5606,123,fully_outside,0.0,False
250,HS10,123,24875,5606,123,fully_outside,0.0,False
250,HS10,123,24876,5610,123,fully_outside,0.0,False
250,HS10,123,24877,5611,123,fully_outside,0.0,False
250,HS10,123,24878,5611,123,fully_outside,0.0,False
250,HS10,123,24879,5611,123,fully_outside,0.0,False
250,HS10,123,24880,5638,123,fully_outside,0.0,False
250,HS10,123,24881,5638,123,fully_outside,0.0,False
250,HS10,123,24882,5609,123,fully_outside,0.0,False
250,HS10,123,24883,5609,123,fully_outside,0.0,False
250,HS10,123,24884,5582,123,fully_outside,0.0,False
250,HS10,123,24885,5608,123,fully_outside,0.0,False
250,HS10,123,24886,5608,123,fully_outside,0.0,False
250,HS10,123,24887,5613,123,fully_outside,0.0,False
250,HS10,123,24888,5614,123,fully_outside,0.0,False
250,HS10,123,24889,5613,123,fully_outside,0.0,False
250,HS10,123,24890,5615,123,fully_outside,0.0,False
250,HS10,123,24891,5616,123,fully_outside,0.0,False
250,HS10,123,24892,5608,123,fully_outside,0.0,False
250,HS10,123,24893,5617,123,fully_outside,0.0,False
250,HS10,123,24894,5617,123,fully_outside,0.0,False
250,HS10,123,24895,5580,123,fully_outside,0.0,False
250,HS10,123,24896,5618,123,fully_outside,0.0,False
250,HS10,123,24897,5621,123,fully_outside,0.0,False
250,HS10,123,24898,5623,123,fully_outside,0.0,False
250,HS10,123,24899,5622,123,fully_outside,0.0,False
250,HS10,123,24900,5626,123,fully_outside,0.0,False
250,HS10,123,24901,5639,123,fully_outside,0.0,False
250,HS10,123,24902,5640,123,fully_outside,0.0,False
250,HS10,123,24903,5627,123,fully_outside,0.0,False
250,HS10,123,24904,5628,123,fully_outside,0.0,False
250,HS10,123,24905,5628,123,fully_outside,0.0,False
250,HS10,123,24906,5629,123,fully_outside,0.0,False
250,HS10,123,24907,5632,123,fully_outside,0.0,False
250,HS10,123,24908,5634,123,fully_outside,0.0,False
250,HS10,123,24909,5633,123,fully_outside,0.0,False
250,HS10,123,24910,5635,123,fully_outside,0.0,False
250,HS10,123,24911,5630,123,fully_outside,0.0,False
250,HS10,123,24912,5631,123,fully_outside,0.0,False
250,HS10,123,24913,5631,123,fully_outside,0.0,False
250,HS10,123,24914,5633,123,fully_outside,0.0,False
250,HS10,123,24915,5634,123,fully_outside,0.0,False
250,HS10,123,24916,5641,123,fully_outside,0.0,False
250,HS10,123,24917,5641,123,fully_outside,0.0,False
250,HS10,123,24918,5636,123,fully_outside,0.0,False
250,HS10,123,24919,5634,123,fully_outside,0.0,False
250,HS10,123,24920,5637,123,fully_outside,0.0,False
250,HS10,123,24921,5637,123,fully_outside,0.0,False
250,HS10,123,24992,5554,123,fully_inside,0.9999999999966201,False
250,HS10,123,24993,5554,123,fully_inside,0.9999999999929148,False
250,HS10,123,24994,5554,123,fully_inside,0.9999999999994796,False
250,HS10,123,24995,5554,123,fully_inside,1.0,False
250,HS10,123,24996,5553,123,fully_inside,0.9999999999996407,False
250,HS10,123,24997,5555,123,fully_inside,1.0,False
250,HS10,123,24998,3322,123,fully_inside,0.9999999999869915,False
250,HS10,123,24999,5555,123,fully_inside,1.0,False
250,HS10,123,25000,3322,123,fully_inside,1.0,False
250,HS10,123,25001,4533,123,fully_inside,1.0,False
250,HS10,123,25002,5562,123,fully_inside,1.0,False
250,HS10,123,25003,5562,123,fully_inside,1.0,False
250,HS10,123,25004,5562,123,fully_inside,1.0,False
250,HS10,123,25005,5562,123,fully_inside,1.0,False
250,HS10,123,25006,5670,123,fully_inside,0.9999999999796353,False
250,HS10,123,25007,5671,123,fully_inside,0.9999999999929525,False
250,HS10,123,25008,5672,123,fully_inside,1.0,False
250,HS10,123,25009,5672,123,fully_inside,0.9999999999992889,False
250,HS10,123,25010,5672,123,fully_inside,1.0,False
250,HS10,123,25011,5672,123,fully_inside,1.0,False
250,HS10,123,25012,5672,123,fully_inside,1.0,False
250,HS10,123,25013,5672,123,fully_inside,0.9999999997233439,False
250,HS10,123,25014,5672,123,fully_inside,1.0,False
250,HS10,123,25015,5672,123,fully_inside,0.9999999999702307,False
250,HS10,123,25016,5670,123,fully_inside,0.9999999999796353,False
250,HS10,123,25017,5673,123,fully_inside,1.0,False
250,HS10,123,25018,5673,123,fully_inside,0.9999999999390489,False
250,HS10,123,25019,5674,123,fully_inside,0.9999999999402479,False
250,HS10,123,25020,5675,123,fully_inside,0.9999999999130996,False
250,HS10,123,25021,5675,123,fully_inside,0.9999999999259397,False
250,HS10,123,25022,5675,123,fully_inside,0.9999999999411459,False
250,HS10,123,25023,5675,123,fully_inside,0.9999999999910055,False
250,HS10,123,25024,5675,123,fully_inside,1.0,False
250,HS10,123,25025,5675,123,fully_inside,1.0,False
250,HS10,123,25026,5675,123,crosses_boundary,0.9704936332386598,False
250,HS10,123,25027,5675,123,fully_inside,0.99999999998539,False
250,HS10,123,25028,5556,123,fully_inside,1.0,False
250,HS10,123,25029,5554,123,fully_inside,0.9999999999996227,False
250,HS10,123,25030,5554,123,fully_inside,0.9999999999757638,False
250,HS10,123,25031,5554,123,fully_inside,1.0,False
250,HS10,123,25032,5676,123,fully_inside,0.9999999999891332,False
250,HS10,123,25033,5563,123,fully_inside,0.9999999999972914,False
250,HS10,123,25034,4248,123,fully_inside,1.0,False
250,HS10,123,25035,5677,123,fully_inside,0.9999999999891332,False
250,HS10,123,25036,5564,123,fully_inside,1.0,False
250,HS10,123,25037,5671,123,fully_inside,0.9999999999945328,False
250,HS10,123,25038,5564,123,fully_inside,0.9999999999919922,False
250,HS10,123,25042,3321,123,fully_inside,1.0,False
250,HS10,123,25043,3322,123,fully_inside,1.0,False
250,HS10,123,25044,5678,123,fully_inside,0.9999999997813904,False
250,HS10,123,25045,5678,123,fully_inside,0.9999999997813904,False
250,HS10,123,25046,5679,123,fully_inside,0.9999999999582295,False
250,HS10,123,25047,5679,123,fully_inside,0.999999999723432,False
250,HS10,123,25048,5679,123,fully_inside,1.0,False
250,HS10,123,25049,5564,123,fully_inside,1.0,False
250,HS10,123,25050,5564,123,fully_inside,1.0,False
250,HS10,123,25051,5564,123,fully_inside,0.9999999999892577,False
250,HS10,123,25053,4533,123,fully_inside,0.9999999999877931,False
250,HS10,123,25054,4248,123,fully_inside,0.9999999999971976,False
250,HS10,123,25055,5671,123,fully_inside,0.9999999999935838,False
250,HS10,123,25056,5671,123,fully_inside,1.0,False
250,HS10,123,25057,4533,123,fully_inside,1.0,False
250,HS10,123,25058,4533,123,fully_inside,0.9999999999337823,False
250,HS10,123,25059,5680,123,fully_inside,0.9999999999992419,False
250,HS10,123,25060,5680,123,fully_inside,1.0,False
250,HS10,123,25061,5680,123,fully_inside,0.9999999999969618,False
250,HS10,123,25062,5564,123,fully_inside,0.9999999999967931,False
250,HS10,123,25063,5564,123,fully_inside,0.9999999999970438,False
250,HS10,123,25064,5681,123,fully_inside,0.9999999997813904,False
250,HS10,123,25065,5681,123,fully_inside,0.9999999997813904,False
250,HS10,123,25066,5682,123,fully_inside,1.0,False
250,HS10,123,25067,5682,123,fully_inside,1.0,False
250,HS10,123,25068,5564,123,fully_inside,1.0,False
250,HS10,123,25069,5564,123,fully_inside,0.9999999999210474,False
250,HS10,123,25070,5564,123,fully_inside,0.9999999999815221,False
250,HS10,123,25071,5556,123,crosses_boundary,0.8790820778820454,False
250,HS10,123,25072,4600,123,fully_outside,0.0,False
250,HS10,123,25073,5577,123,fully_outside,0.0,False
250,HS10,123,25075,5577,123,fully_outside,0.0,False
250,HS10,123,25076,5684,123,fully_outside,0.0,False
250,HS10,123,25077,5685,123,fully_outside,0.0,False
250,HS10,123,25078,5685,123,fully_outside,0.0,False
250,HS10,123,25079,5684,123,fully_outside,0.0,False
250,HS10,123,25080,5686,123,fully_outside,0.0,False
250,HS10,123,25081,5589,123,fully_outside,0.0,False
250,HS10,123,25082,5561,123,fully_outside,0.0,False
250,HS10,123,25083,5687,123,fully_outside,0.0,False
250,HS10,123,25084,5675,123,crosses_boundary,0.9409872665578787,False
250,HS10,123,25085,5675,123,crosses_boundary,0.4173368071495008,False
250,HS10,123,25086,5675,123,fully_outside,0.0,False
250,HS10,123,25087,5687,123,fully_outside,0.0,False
250,HS10,123,25088,5687,123,fully_outside,0.0,False
250,HS10,123,25089,5687,123,fully_outside,0.0,False
250,HS10,123,25090,5688,123,fully_outside,0.0,False
250,HS10,123,25091,5689,123,fully_outside,0.0,False
250,HS10,123,25092,5690,123,fully_outside,0.0,False
250,HS10,123,25094,5691,123,fully_outside,0.0,False
250,HS10,123,25095,5690,123,fully_outside,0.0,False
250,HS10,123,25096,5690,123,fully_outside,0.0,False
250,HS10,123,25097,5556,123,fully_outside,0.0,False
250,HS10,123,25121,5694,123,fully_outside,0.0,False
250,HS10,123,25122,5695,123,fully_outside,0.0,False
250,HS10,123,25123,5696,123,fully_outside,0.0,False
250,HS10,123,25124,5697,123,fully_outside,0.0,False
250,HS10,123,25125,5606,123,fully_outside,0.0,False
250,HS10,123,25126,5606,123,fully_outside,0.0,False
250,HS10,123,25127,5606,123,fully_outside,0.0,False
250,HS10,123,25128,5695,123,fully_outside,0.0,False
250,HS10,123,25129,5608,123,fully_outside,0.0,False
250,HS10,123,25130,5608,123,fully_outside,0.0,False
250,HS10,123,25131,5608,123,fully_outside,0.0,False
250,HS10,123,25132,5608,123,fully_outside,0.0,False
250,HS10,123,25133,5608,123,fully_outside,0.0,False
250,HS10,123,25135,5699,123,fully_outside,0.0,False
250,HS10,123,25136,5700,123,fully_outside,0.0,False
250,HS10,123,25137,5701,123,fully_outside,0.0,False
250,HS10,123,25138,5699,123,fully_outside,0.0,False
250,HS10,123,25139,5699,123,fully_outside,0.0,False
250,HS10,123,25140,5619,123,fully_outside,0.0,False
250,HS10,123,25141,5621,123,fully_outside,0.0,False
250,HS10,123,25142,5623,123,fully_outside,0.0,False
250,HS10,123,25143,5622,123,fully_outside,0.0,False
250,HS10,123,25144,5623,123,fully_outside,0.0,False
250,HS10,123,25145,5622,123,fully_outside,0.0,False
250,HS10,123,25146,5702,123,fully_outside,0.0,False
250,HS10,123,25147,5703,123,fully_outside,0.0,False
250,HS10,123,25148,5625,123,fully_outside,0.0,False
250,HS10,123,25149,5625,123,fully_outside,0.0,False
250,HS10,123,25150,5625,123,fully_outside,0.0,False
250,HS10,123,25151,5629,123,fully_outside,0.0,False
250,HS10,123,25153,5629,123,fully_outside,0.0,False
250,HS10,123,25155,5629,123,fully_outside,0.0,False
250,HS10,123,25156,5704,123,fully_outside,0.0,False
250,HS10,123,25157,5705,123,fully_outside,0.0,False
250,HS10,123,25158,5630,123,fully_outside,0.0,False
250,HS10,123,25159,5635,123,fully_outside,0.0,False
250,HS10,123,25160,5625,123,fully_outside,0.0,False
250,HS10,123,25161,5706,123,fully_outside,0.0,False
250,HS10,123,25162,5706,123,fully_outside,0.0,False
250,HS10,123,25163,5707,123,fully_outside,0.0,False
250,HS10,123,25164,5708,123,fully_outside,0.0,False
250,HS10,123,25165,5605,123,fully_outside,0.0,False
250,HS10,123,25166,5606,123,fully_outside,0.0,False
250,HS10,123,25167,5706,123,fully_outside,0.0,False
250,HS10,123,25168,5706,123,fully_outside,0.0,False
250,HS10,123,25169,5706,123,fully_outside,0.0,False
250,HS10,123,25170,5709,123,fully_outside,0.0,False
250,HS10,123,25171,5709,123,fully_outside,0.0,False
250,HS10,123,25172,5608,123,fully_outside,0.0,False
250,HS10,123,25173,5608,123,fully_outside,0.0,False
250,HS10,123,25174,5709,123,fully_outside,0.0,False
250,HS10,123,25175,5608,123,fully_outside,0.0,False
250,HS10,123,25176,5608,123,fully_outside,0.0,False
250,HS10,123,25177,5709,123,fully_outside,0.0,False
250,HS10,123,25178,5710,123,fully_outside,0.0,False
250,HS10,123,25179,5710,123,fully_outside,0.0,False
250,HS10,123,25180,5711,123,fully_outside,0.0,False
250,HS10,123,25181,5609,123,fully_outside,0.0,False
250,HS10,123,25182,5706,123,fully_outside,0.0,False
250,HS10,123,25183,5706,123,fully_outside,0.0,False
250,HS10,123,25184,5706,123,fully_outside,0.0,False
250,HS10,123,25185,5706,123,fully_outside,0.0,False
250,HS10,123,25186,5706,123,fully_outside,0.0,False
250,HS10,123,25187,5706,123,fully_outside,0.0,False
250,HS10,123,25188,5706,123,fully_outside,0.0,False
250,HS10,123,25189,5706,123,fully_outside,0.0,False
250,HS10,123,25190,5706,123,fully_outside,0.0,False
250,HS10,123,25191,5706,123,fully_outside,0.0,False
250,HS10,123,25192,5706,123,fully_outside,0.0,False
250,HS10,123,25193,5706,123,fully_outside,0.0,False
250,HS10,123,25194,5706,123,fully_outside,0.0,False
250,HS10,123,25195,5706,123,fully_outside,0.0,False
250,HS10,123,25196,5706,123,fully_outside,0.0,False
250,HS10,123,25197,5706,123,fully_outside,0.0,False
250,HS10,123,25198,5706,123,fully_outside,0.0,False
250,HS10,123,25199,5706,123,fully_outside,0.0,False
250,HS10,123,25200,5706,123,fully_outside,0.0,False
250,HS10,123,25201,5706,123,fully_outside,0.0,False
250,HS10,123,25202,5706,123,fully_outside,0.0,False
250,HS10,123,25203,5706,123,fully_outside,0.0,False
250,HS10,123,25204,5606,123,fully_outside,0.0,False
250,HS10,123,25205,5707,123,fully_outside,0.0,False
250,HS10,123,25206,5707,123,fully_outside,0.0,False
250,HS10,123,25207,5708,123,fully_outside,0.0,False
250,HS10,123,25208,5606,123,fully_outside,0.0,False
250,HS10,123,25209,5606,123,fully_outside,0.0,False
250,HS10,123,25210,5606,123,fully_outside,0.0,False
250,HS10,123,25211,5619,123,fully_outside,0.0,False
250,HS10,123,25212,5712,123,fully_outside,0.0,False
250,HS10,123,25213,5712,123,fully_outside,0.0,False
250,HS10,123,25214,5712,123,fully_outside,0.0,False
250,HS10,123,25215,5713,123,fully_outside,0.0,False
250,HS10,123,25216,5622,123,fully_outside,0.0,False
250,HS10,123,25217,5713,123,fully_outside,0.0,False
250,HS10,123,25218,5712,123,fully_outside,0.0,False
250,HS10,123,25219,5712,123,fully_outside,0.0,False
250,HS10,123,25220,5712,123,fully_outside,0.0,False
250,HS10,123,25221,5714,123,fully_outside,0.0,False
250,HS10,123,25222,5620,123,fully_outside,0.0,False
250,HS10,123,25223,5625,123,fully_outside,0.0,False
250,HS10,123,25224,5714,123,fully_outside,0.0,False
250,HS10,123,25225,5625,123,fully_outside,0.0,False
250,HS10,123,25226,5625,123,fully_outside,0.0,False
250,HS10,123,25227,5714,123,fully_outside,0.0,False
250,HS10,123,25228,5712,123,fully_outside,0.0,False
250,HS10,123,25229,5712,123,fully_outside,0.0,False
250,HS10,123,25230,5712,123,fully_outside,0.0,False
250,HS10,123,25231,5629,123,fully_outside,0.0,False
250,HS10,123,25232,5712,123,fully_outside,0.0,False
250,HS10,123,25233,5712,123,fully_outside,0.0,False
250,HS10,123,25234,5712,123,fully_outside,0.0,False
250,HS10,123,25235,5712,123,fully_outside,0.0,False
250,HS10,123,25236,5712,123,fully_outside,0.0,False
250,HS10,123,25237,5712,123,fully_outside,0.0,False
250,HS10,123,25238,5712,123,fully_outside,0.0,False
250,HS10,123,25239,5712,123,fully_outside,0.0,False
250,HS10,123,25240,5712,123,fully_outside,0.0,False
250,HS10,123,25241,5712,123,fully_outside,0.0,False
250,HS10,123,25242,5712,123,fully_outside,0.0,False
250,HS10,123,25243,5715,123,fully_outside,0.0,False
250,HS10,123,25244,5712,123,fully_outside,0.0,False
250,HS10,123,25245,5712,123,fully_outside,0.0,False
250,HS10,123,25246,5712,123,fully_outside,0.0,False
250,HS10,123,25247,5712,123,fully_outside,0.0,False
250,HS10,123,25248,5712,123,fully_outside,0.0,False
250,HS10,123,25249,5712,123,fully_outside,0.0,False
250,HS10,123,25250,5712,123,fully_outside,0.0,False
250,HS10,123,25251,5712,123,fully_outside,0.0,False
250,HS10,123,25252,5637,123,fully_outside,0.0,False
250,HS10,123,25253,5633,123,fully_outside,0.0,False
250,HS10,123,25254,5714,123,fully_outside,0.0,False
250,HS10,123,25255,5625,123,fully_outside,0.0,False
250,HS10,123,25256,5713,123,fully_outside,0.0,False
250,HS10,123,25257,5716,123,fully_outside,0.0,False
250,HS10,123,25258,5621,123,fully_outside,0.0,False
250,HS10,123,25259,5622,123,fully_outside,0.0,False
250,HS10,123,25260,5623,123,fully_outside,0.0,False
250,HS10,123,25261,5717,123,fully_outside,0.0,False
250,HS10,123,25262,5713,123,fully_outside,0.0,False
250,HS10,123,25263,5622,123,fully_outside,0.0,False
250,HS10,123,25264,5713,123,fully_outside,0.0,False
250,HS10,123,25265,5718,123,fully_outside,0.0,False
250,HS10,123,25266,5625,123,fully_outside,0.0,False
250,HS10,123,25267,5719,123,fully_outside,0.0,False
250,HS10,123,25268,5625,123,fully_outside,0.0,False
250,HS10,123,25269,5714,123,fully_outside,0.0,False
250,HS10,123,25369,5556,123,crosses_boundary,0.5105434010751365,False
250,HS10,123,25370,4600,123,fully_outside,0.0,False
250,HS10,123,25373,5737,123,fully_outside,0.0,False
250,HS10,123,25375,4248,123,fully_outside,0.0,False
250,HS10,123,25376,4248,123,fully_outside,0.0,False
250,HS10,123,25377,5577,123,fully_outside,0.0,False
250,HS10,123,25378,5686,123,fully_outside,0.0,False
250,HS10,123,25379,5685,123,fully_outside,0.0,False
250,HS10,123,25380,5684,123,fully_outside,0.0,False
250,HS10,123,25381,5686,123,fully_outside,0.0,False
250,HS10,123,25386,5740,123,fully_outside,0.0,False
250,HS10,123,25387,5689,123,fully_outside,0.0,False
250,HS10,123,25388,5688,123,fully_outside,0.0,False
250,HS10,123,25389,5691,123,fully_outside,0.0,False
250,HS10,123,25390,5691,123,fully_outside,0.0,False
250,HS10,123,25391,5690,123,fully_outside,0.0,False
250,HS10,123,25392,5690,123,fully_outside,0.0,False
250,HS10,123,25396,4248,123,fully_outside,0.0,False
250,HS10,123,25399,5708,123,fully_outside,0.0,False
250,HS10,123,25400,5606,123,fully_outside,0.0,False
250,HS10,123,25401,5695,123,fully_outside,0.0,False
250,HS10,123,25402,5696,123,fully_outside,0.0,False
250,HS10,123,25403,5697,123,fully_outside,0.0,False
250,HS10,123,25404,5694,123,fully_outside,0.0,False
250,HS10,123,25405,5708,123,fully_outside,0.0,False
250,HS10,123,25406,5741,123,fully_outside,0.0,False
250,HS10,123,25407,5742,123,fully_outside,0.0,False
250,HS10,123,25408,5606,123,fully_outside,0.0,False
250,HS10,123,25409,5708,123,fully_outside,0.0,False
250,HS10,123,25410,5608,123,fully_outside,0.0,False
250,HS10,123,25411,5608,123,fully_outside,0.0,False
250,HS10,123,25413,5700,123,fully_outside,0.0,False
250,HS10,123,25414,5743,123,fully_outside,0.0,False
250,HS10,123,25415,5699,123,fully_outside,0.0,False
250,HS10,123,25416,5699,123,fully_outside,0.0,False
250,HS10,123,25417,5622,123,fully_outside,0.0,False
250,HS10,123,25418,5744,123,fully_outside,0.0,False
250,HS10,123,25419,5718,123,fully_outside,0.0,False
250,HS10,123,25420,5625,123,fully_outside,0.0,False
250,HS10,123,25421,5714,123,fully_outside,0.0,False
250,HS10,123,25422,5703,123,fully_outside,0.0,False
250,HS10,123,25423,5702,123,fully_outside,0.0,False
250,HS10,123,25424,5718,123,fully_outside,0.0,False
250,HS10,123,25425,5625,123,fully_outside,0.0,False
250,HS10,123,25426,5629,123,fully_outside,0.0,False
250,HS10,123,25427,5745,123,fully_outside,0.0,False
250,HS10,123,25428,5746,123,fully_outside,0.0,False
250,HS10,123,25429,5623,123,fully_outside,0.0,False
250,HS10,123,25430,5625,123,fully_outside,0.0,False
250,HS10,123,25431,5718,123,fully_outside,0.0,False
250,HS10,123,25432,5625,123,fully_outside,0.0,False
250,HS10,123,25433,5623,123,fully_outside,0.0,False
250,HS10,123,25434,5629,123,fully_outside,0.0,False
250,HS10,123,25435,5705,123,fully_outside,0.0,False
250,HS10,123,25436,5705,123,fully_outside,0.0,False
250,HS10,123,25439,5606,123,fully_outside,0.0,False
250,HS10,123,25440,5708,123,fully_outside,0.0,False
250,HS10,123,25441,5741,123,fully_outside,0.0,False
250,HS10,123,25442,5742,123,fully_outside,0.0,False
250,HS10,123,25443,5619,123,fully_outside,0.0,False
250,HS10,123,25444,5608,123,fully_outside,0.0,False
250,HS10,123,25445,5608,123,fully_outside,0.0,False
250,HS10,123,25446,5718,123,fully_outside,0.0,False
250,HS10,123,25447,5745,123,fully_outside,0.0,False
250,HS10,123,25448,5629,123,fully_outside,0.0,False
250,HS10,123,25449,5746,123,fully_outside,0.0,False
250,HS10,123,25450,5625,123,fully_outside,0.0,False
250,HS10,123,25451,5625,123,fully_outside,0.0,False
250,HS10,123,25452,5625,123,fully_outside,0.0,False
250,HS10,123,25453,5623,123,fully_outside,0.0,False
250,HS10,123,25486,613,123,fully_outside,0.0,False
250,HS10,123,25487,613,123,fully_outside,0.0,False
250,HS10,123,25488,613,123,fully_outside,0.0,False
250,HS10,123,25489,613,123,fully_outside,0.0,False
250,HS10,123,25490,613,123,fully_outside,0.0,False
250,HS10,123,25491,613,123,fully_outside,0.0,False
250,HS10,123,25492,613,123,fully_outside,0.0,False
250,HS10,123,25493,613,123,fully_outside,0.0,False
250,HS10,123,25494,613,123,fully_outside,0.0,False
250,HS10,123,25495,613,123,fully_outside,0.0,False
250,HS10,123,25496,613,123,fully_outside,0.0,False
250,HS10,123,25497,613,123,fully_outside,0.0,False
250,HS10,123,25498,613,123,fully_outside,0.0,False
250,HS10,123,25499,613,123,fully_outside,0.0,False
250,HS10,123,25500,613,123,fully_outside,0.0,False
250,HS10,123,25501,613,123,fully_outside,0.0,False
250,HS10,123,25502,613,123,fully_outside,0.0,False
250,HS10,123,25503,5748,123,fully_outside,0.0,False
250,HS10,123,25504,5749,123,fully_outside,0.0,False
250,HS10,123,25505,5749,123,fully_outside,0.0,False
250,HS10,123,25506,5748,123,fully_outside,0.0,False
250,HS10,123,25507,5749,123,fully_outside,0.0,False
250,HS10,123,25508,5749,123,fully_outside,0.0,False
250,HS10,123,25572,613,123,fully_outside,0.0,False
250,HS10,123,25573,613,123,fully_outside,0.0,False
250,HS10,123,25579,613,123,fully_outside,0.0,False
250,HS10,123,25580,613,123,fully_outside,0.0,False
250,HS10,123,25581,613,123,fully_outside,0.0,False
250,HS10,123,25608,5525,123,fully_outside,0.0,False
250,HS10,123,25704,5525,123,fully_outside,0.0,False
250,HS10,123,25709,5805,123,fully_outside,0.0,False
250,HS10,123,25818,5525,123,fully_outside,0.0,False
250,HS10,123,25822,5525,123,fully_outside,0.0,False
250,HS10,123,25845,5805,123,fully_outside,0.0,False
250,HS10,123,25848,5845,123,fully_outside,0.0,False
250,HS10,123,25898,5637,123,fully_outside,0.0,False
250,HS10,123,25899,5525,123,fully_outside,0.0,False
250,HS10,123,25900,5525,123,fully_outside,0.0,False
250,HS10,123,25929,5805,123,fully_outside,0.0,False
250,HS10,123,25930,5805,123,fully_outside,0.0,False
250,HS10,123,25935,5805,123,fully_outside,0.0,False
250,HS10,123,25936,5805,123,fully_outside,0.0,False
250,HS10,123,25937,5805,123,fully_outside,0.0,False
250,HS10,123,26124,5882,130,fully_outside,0.0,False
250,HS10,123,26125,5882,130,fully_outside,0.0,False
250,HS10,123,26126,5882,130,fully_outside,0.0,False
250,HS10,123,26127,5882,130,fully_outside,0.0,False
250,HS10,123,26128,5882,130,fully_outside,0.0,False
250,HS10,123,26129,5882,130,fully_outside,0.0,False
250,HS10,123,26130,4752,130,fully_outside,0.0,False
250,HS10,123,26131,5882,130,fully_outside,0.0,False
250,HS10,123,26132,5882,130,fully_outside,0.0,False
250,HS10,123,26133,5882,130,fully_outside,0.0,False
250,HS10,123,26134,5882,130,fully_outside,0.0,False
250,HS10,123,26135,5882,130,fully_outside,0.0,False
250,HS10,123,26136,5882,130,fully_outside,0.0,False
250,HS10,123,26137,5882,130,fully_outside,0.0,False
250,HS10,123,26138,5882,130,fully_outside,0.0,False
250,HS10,123,26139,5882,130,fully_outside,0.0,False
250,HS10,123,26140,5882,130,fully_outside,0.0,False
250,HS10,123,26141,5882,130,fully_outside,0.0,False
250,HS10,123,26142,5882,130,fully_outside,0.0,False
250,HS10,123,26143,5882,130,fully_outside,0.0,False
250,HS10,123,26144,5882,130,fully_outside,0.0,False
250,HS10,123,26145,5882,130,fully_outside,0.0,False
250,HS10,123,26146,5882,130,fully_outside,0.0,False
250,HS10,123,26147,5882,130,fully_outside,0.0,False
250,HS10,123,26148,5882,130,fully_outside,0.0,False
250,HS10,123,26149,5883,130,fully_outside,0.0,False
250,HS10,123,26150,5883,130,fully_outside,0.0,False
250,HS10,123,26151,5883,130,fully_outside,0.0,False
250,HS10,123,26152,5883,130,fully_outside,0.0,False
250,HS10,123,26153,5883,130,fully_outside,0.0,False
250,HS10,123,26154,5883,130,fully_outside,0.0,False
250,HS10,123,26155,5883,130,fully_outside,0.0,False
250,HS10,123,26156,5883,130,fully_outside,0.0,False
250,HS10,123,26157,5883,130,fully_outside,0.0,False
250,HS10,123,26158,4752,130,fully_outside,0.0,False
250,HS10,123,26159,5883,130,fully_outside,0.0,False
250,HS10,123,26160,5883,130,fully_outside,0.0,False
250,HS10,123,26161,5883,130,fully_outside,0.0,False
250,HS10,123,26162,5883,130,fully_outside,0.0,False
250,HS10,123,26163,5883,130,fully_outside,0.0,False
250,HS10,123,26164,5883,130,fully_outside,0.0,False
250,HS10,123,26165,5883,130,fully_outside,0.0,False
250,HS10,123,26166,5883,130,fully_outside,0.0,False
250,HS10,123,26167,5883,130,fully_outside,0.0,False
250,HS10,123,26168,5883,130,fully_outside,0.0,False
250,HS10,123,26169,5883,130,fully_outside,0.0,False
250,HS10,123,26170,5883,130,fully_outside,0.0,False
250,HS10,123,26171,5883,130,fully_outside,0.0,False
250,HS10,123,26172,5883,130,fully_outside,0.0,False
250,HS10,123,26173,5883,130,fully_outside,0.0,False
250,HS10,123,26174,5883,130,fully_outside,0.0,False
250,HS10,123,26175,5883,130,fully_outside,0.0,False
250,HS10,123,26176,5883,130,fully_outside,0.0,False
250,HS10,123,26177,5883,130,fully_outside,0.0,False
250,HS10,123,26178,5883,130,fully_outside,0.0,False
250,HS10,123,26179,5883,130,fully_outside,0.0,False
250,HS10,123,26180,5883,130,fully_outside,0.0,False
250,HS10,123,26181,5883,130,fully_outside,0.0,False
250,HS10,123,26182,4752,130,fully_outside,0.0,False
250,HS10,123,26183,4752,130,fully_outside,0.0,False
250,HS10,123,26186,4761,130,fully_outside,0.0,False
250,HS10,123,26188,5884,130,fully_outside,0.0,False
250,HS10,123,26196,5887,130,fully_outside,0.0,False
250,HS10,123,26197,5887,130,fully_outside,0.0,False
250,HS10,123,26198,5888,130,fully_outside,0.0,False
250,HS10,123,26199,5889,130,fully_outside,0.0,False
250,HS10,123,26209,5891,130,fully_outside,0.0,False
250,HS10,123,26213,5894,130,fully_outside,0.0,False
250,HS10,123,26214,5894,130,fully_outside,0.0,False
250,HS10,123,26215,5894,130,fully_outside,0.0,False
250,HS10,123,26217,5891,130,fully_outside,0.0,False
250,HS10,123,26218,5891,130,fully_outside,0.0,False
250,HS10,123,26219,5891,130,fully_outside,0.0,False
250,HS10,123,26254,4752,130,fully_outside,0.0,False
250,HS10,123,26255,4752,130,fully_outside,0.0,False
250,HS10,123,26256,4752,130,fully_outside,0.0,False
250,HS10,123,26257,4752,130,fully_outside,0.0,False
250,HS10,123,26258,4752,130,fully_outside,0.0,False
250,HS10,123,26259,4752,130,fully_outside,0.0,False
250,HS10,123,26260,4794,130,fully_outside,0.0,False
250,HS10,123,26261,4794,130,fully_outside,0.0,False
250,HS10,123,26263,4796,130,fully_outside,0.0,False
250,HS10,123,26264,4797,130,fully_outside,0.0,False
250,HS10,123,26265,5898,130,fully_outside,0.0,False
250,HS10,123,26270,4950,130,fully_outside,0.0,False
250,HS10,123,26275,4807,130,fully_outside,0.0,False
250,HS10,123,26279,5899,130,fully_outside,0.0,False
250,HS10,123,26283,5901,130,fully_outside,0.0,False
250,HS10,123,26284,5902,130,fully_outside,0.0,False
250,HS10,123,26286,5904,130,fully_outside,0.0,False
250,HS10,123,26299,5908,130,fully_outside,0.0,False
250,HS10,123,26300,5908,130,fully_outside,0.0,False
250,HS10,123,26303,5908,130,fully_outside,0.0,False
250,HS10,123,26311,1068,123,fully_inside,0.9999999999891386,False
250,HS10,123,26314,5911,123,fully_inside,1.0,False
250,HS10,123,26315,5911,123,fully_inside,0.9999999999136294,False
250,HS10,123,26316,5911,123,fully_inside,1.0,False
250,HS10,123,26317,5911,123,fully_inside,1.0,False
250,HS10,123,26320,5913,123,fully_inside,0.9999999999402479,False
250,HS10,123,26328,1068,123,fully_inside,0.9999999999999684,False
250,HS10,123,26336,5916,130,fully_outside,0.0,False
250,HS10,123,26337,5917,130,fully_outside,0.0,False
250,HS10,123,26338,5917,130,fully_outside,0.0,False
250,HS10,123,26339,5917,130,fully_outside,0.0,False
250,HS10,123,26340,5917,130,fully_outside,0.0,False
250,HS10,123,26341,5917,130,fully_outside,0.0,False
250,HS10,123,26342,5917,130,fully_outside,0.0,False
250,HS10,123,26343,5917,130,fully_outside,0.0,False
250,HS10,123,26344,5917,130,fully_outside,0.0,False
250,HS10,123,26345,5917,130,fully_outside,0.0,False
250,HS10,123,26346,5917,130,fully_outside,0.0,False
250,HS10,123,26347,5917,130,fully_outside,0.0,False
250,HS10,123,26348,4807,130,fully_outside,0.0,False
250,HS10,123,26349,5917,130,fully_outside,0.0,False
250,HS10,123,26350,5917,130,fully_outside,0.0,False
250,HS10,123,26351,5917,130,fully_outside,0.0,False
250,HS10,123,26352,5917,130,fully_outside,0.0,False
250,HS10,123,26353,5917,130,fully_outside,0.0,False
250,HS10,123,26354,5917,130,fully_outside,0.0,False
250,HS10,123,26355,5917,130,fully_outside,0.0,False
250,HS10,123,26356,5917,130,fully_outside,0.0,False
250,HS10,123,26357,5917,130,fully_outside,0.0,False
250,HS10,123,26358,5917,130,fully_outside,0.0,False
250,HS10,123,26359,4807,130,fully_outside,0.0,False
250,HS10,123,26360,5918,130,fully_outside,0.0,False
250,HS10,123,26361,5918,130,fully_outside,0.0,False
250,HS10,123,26362,5918,130,fully_outside,0.0,False
250,HS10,123,26363,5918,130,fully_outside,0.0,False
250,HS10,123,26364,5918,130,fully_outside,0.0,False
250,HS10,123,26365,5918,130,fully_outside,0.0,False
250,HS10,123,26366,5918,130,fully_outside,0.0,False
250,HS10,123,26367,5918,130,fully_outside,0.0,False
250,HS10,123,26368,5918,130,fully_outside,0.0,False
250,HS10,123,26369,5918,130,fully_outside,0.0,False
250,HS10,123,26370,5918,130,fully_outside,0.0,False
250,HS10,123,26371,5918,130,fully_outside,0.0,False
250,HS10,123,26372,5918,130,fully_outside,0.0,False
250,HS10,123,26373,5918,130,fully_outside,0.0,False
250,HS10,123,26374,5918,130,fully_outside,0.0,False
250,HS10,123,26375,5918,130,fully_outside,0.0,False
250,HS10,123,26376,5918,130,fully_outside,0.0,False
250,HS10,123,26377,5918,130,fully_outside,0.0,False
250,HS10,123,26378,5918,130,fully_outside,0.0,False
250,HS10,123,26379,5918,130,fully_outside,0.0,False
250,HS10,123,26380,5918,130,fully_outside,0.0,False
250,HS10,123,26381,4807,130,fully_outside,0.0,False
250,HS10,123,26382,4807,130,fully_outside,0.0,False
250,HS10,123,26392,5911,123,crosses_boundary,0.9409872665493095,False
250,HS10,123,26393,5911,123,crosses_boundary,0.6126520813589195,False
250,HS10,123,26394,5911,123,crosses_boundary,0.6126520812965587,False
250,HS10,123,26395,5919,123,fully_outside,0.0,False
250,HS10,123,26396,5920,123,crosses_boundary,0.9262340831805308,False
250,HS10,123,26397,5920,123,crosses_boundary,0.5305682849287837,False
250,HS10,123,26398,5921,130,crosses_boundary,0.33956370241905576,False
250,HS10,123,26399,5921,130,crosses_boundary,0.9262340837492669,False
250,HS10,123,26400,5921,130,crosses_boundary,0.424454627543551,False
250,HS10,123,26407,4807,130,fully_outside,0.0,False
250,HS10,123,26408,4807,130,fully_outside,0.0,False
250,HS10,123,26410,4807,130,fully_outside,0.0,False
250,HS10,123,26428,4807,130,fully_outside,0.0,False
250,HS10,123,26429,4963,130,fully_outside,0.0,False
250,HS10,123,26430,4964,130,fully_outside,0.0,False
250,HS10,123,26431,4964,130,fully_outside,0.0,False
250,HS10,123,26433,5923,123,crosses_boundary,0.7238832595165161,False
250,HS10,123,26435,4965,130,fully_outside,0.0,False
250,HS10,123,26468,5926,130,fully_outside,0.0,False
250,HS10,123,26470,4752,130,fully_outside,0.0,False
250,HS10,123,26471,4752,130,fully_outside,0.0,False
250,HS10,123,26472,5898,130,fully_outside,0.0,False
250,HS10,123,26479,5899,130,fully_outside,0.0,False
250,HS10,123,26480,5901,130,fully_outside,0.0,False
250,HS10,123,26483,5902,130,fully_outside,0.0,False
250,HS10,123,26485,5904,130,fully_outside,0.0,False
250,HS10,123,26492,5926,130,fully_outside,0.0,False
250,HS10,123,26499,5927,130,fully_outside,0.0,False
250,HS10,123,26500,5927,130,fully_outside,0.0,False
250,HS10,123,26501,5927,130,fully_outside,0.0,False
250,HS10,123,26505,5928,130,fully_outside,0.0,False
250,HS10,123,26506,5928,130,fully_outside,0.0,False
250,HS10,123,26507,5928,130,fully_outside,0.0,False
250,HS10,123,26508,5928,130,fully_outside,0.0,False
250,HS10,123,26509,5928,130,fully_outside,0.0,False
250,HS10,123,26510,5928,130,fully_outside,0.0,False
250,HS10,123,26511,5928,130,fully_outside,0.0,False
250,HS10,123,26512,5926,130,fully_outside,0.0,False
250,HS10,123,26513,5926,130,fully_outside,0.0,False
250,HS10,123,26514,5926,130,fully_outside,0.0,False
250,HS10,123,26515,5926,130,fully_outside,0.0,False
250,HS10,123,26516,5928,130,fully_outside,0.0,False
250,HS10,123,26517,5928,130,fully_outside,0.0,False
250,HS10,123,26518,5928,130,fully_outside,0.0,False
250,HS10,123,26519,5928,130,fully_outside,0.0,False
250,HS10,123,26520,5928,130,fully_outside,0.0,False
250,HS10,123,26521,5928,130,fully_outside,0.0,False
250,HS10,123,26522,5928,130,fully_outside,0.0,False
250,HS10,123,26523,5928,130,fully_outside,0.0,False
250,HS10,123,26524,5928,130,fully_outside,0.0,False
250,HS10,123,26525,5928,130,fully_outside,0.0,False
250,HS10,123,26526,5928,130,fully_outside,0.0,False
250,HS10,123,26527,5928,130,fully_outside,0.0,False
250,HS10,123,26528,5928,130,fully_outside,0.0,False
250,HS10,123,26529,5928,130,fully_outside,0.0,False
250,HS10,123,26530,5928,130,fully_outside,0.0,False
250,HS10,123,26531,5928,130,fully_outside,0.0,False
250,HS10,123,26532,5928,130,fully_outside,0.0,False
250,HS10,123,26533,5928,130,fully_outside,0.0,False
250,HS10,123,26534,5928,130,fully_outside,0.0,False
250,HS10,123,26535,5928,130,fully_outside,0.0,False
250,HS10,123,26546,4807,130,fully_outside,0.0,False
250,HS10,123,26547,4807,130,fully_outside,0.0,False
250,HS10,123,26554,5923,123,crosses_boundary,0.06935558855347465,False
250,HS10,123,26555,5928,130,fully_outside,0.0,False
250,HS10,123,26556,5928,130,fully_outside,0.0,False
250,HS10,123,26557,5928,130,fully_outside,0.0,False
250,HS10,123,26558,5928,130,fully_outside,0.0,False
250,HS10,123,26559,5928,130,fully_outside,0.0,False
250,HS10,123,26560,5928,130,fully_outside,0.0,False
250,HS10,123,26561,5926,130,fully_outside,0.0,False
250,HS10,123,26562,5928,130,fully_outside,0.0,False
250,HS10,123,26563,5928,130,fully_outside,0.0,False
250,HS10,123,26564,5928,130,fully_outside,0.0,False
250,HS10,123,26565,5928,130,fully_outside,0.0,False
250,HS10,123,26566,5928,130,fully_outside,0.0,False
250,HS10,123,26567,5928,130,fully_outside,0.0,False
250,HS10,123,26568,5928,130,fully_outside,0.0,False
250,HS10,123,26569,5928,130,fully_outside,0.0,False
250,HS10,123,26570,5928,130,fully_outside,0.0,False
250,HS10,123,26571,5928,130,fully_outside,0.0,False
250,HS10,123,26572,5928,130,fully_outside,0.0,False
250,HS10,123,26573,5928,130,fully_outside,0.0,False
250,HS10,123,26574,5928,130,fully_outside,0.0,False
250,HS10,123,26575,5928,130,fully_outside,0.0,False
250,HS10,123,26576,5928,130,fully_outside,0.0,False
250,HS10,123,26577,5928,130,fully_outside,0.0,False
250,HS10,123,26578,5928,130,fully_outside,0.0,False
250,HS10,123,26579,5928,130,fully_outside,0.0,False
250,HS10,123,26580,5928,130,fully_outside,0.0,False
250,HS10,123,26581,5928,130,fully_outside,0.0,False
250,HS10,123,26582,5928,130,fully_outside,0.0,False
250,HS10,123,26583,5928,130,fully_outside,0.0,False
250,HS10,123,26584,5928,130,fully_outside,0.0,False
250,HS10,123,26585,5928,130,fully_outside,0.0,False
250,HS10,123,26586,5928,130,fully_outside,0.0,False
250,HS10,123,26587,5928,130,fully_outside,0.0,False
250,HS10,123,26588,5926,130,fully_outside,0.0,False
250,HS10,123,26589,5928,130,fully_outside,0.0,False
250,HS10,123,26590,5928,130,fully_outside,0.0,False
250,HS10,123,26591,5928,130,fully_outside,0.0,False
250,HS10,123,26592,5928,130,fully_outside,0.0,False
250,HS10,123,26595,5929,130,fully_outside,0.0,False
250,HS10,123,26596,5930,130,fully_outside,0.0,False
250,HS10,123,26604,5934,130,fully_outside,0.0,False
250,HS10,123,26605,5934,130,fully_outside,0.0,False
250,HS10,123,26606,5934,130,fully_outside,0.0,False
250,HS10,123,26726,5954,130,fully_outside,0.0,False
250,HS10,123,26831,4965,130,fully_outside,0.0,False
250,HS10,123,26832,5981,130,fully_outside,0.0,False
250,HS10,123,26833,5981,130,fully_outside,0.0,False
250,HS10,123,26834,5982,130,fully_outside,0.0,False
250,HS10,123,26835,5983,130,fully_outside,0.0,False
250,HS10,123,26836,5983,130,fully_outside,0.0,False
250,HS10,123,26837,5984,130,fully_outside,0.0,False
250,HS10,123,26838,5985,130,fully_outside,0.0,False
250,HS10,123,26839,5986,130,fully_outside,0.0,False
250,HS10,123,26840,5986,130,fully_outside,0.0,False
250,HS10,123,26841,5987,130,fully_outside,0.0,False
250,HS10,123,26842,5987,130,fully_outside,0.0,False
250,HS10,123,26843,5987,130,fully_outside,0.0,False
250,HS10,123,26844,5983,130,fully_outside,0.0,False
250,HS10,123,26846,5531,130,fully_outside,0.0,False
250,HS10,123,26847,5983,130,fully_outside,0.0,False
250,HS10,123,26848,5983,130,fully_outside,0.0,False
250,HS10,123,26849,5983,130,fully_outside,0.0,False
250,HS10,123,26850,5983,130,fully_outside,0.0,False
250,HS10,123,26851,5983,130,fully_outside,0.0,False
250,HS10,123,26852,5983,130,fully_outside,0.0,False
250,HS10,123,26853,5983,130,fully_outside,0.0,False
250,HS10,123,26854,5983,130,fully_outside,0.0,False
250,HS10,123,26855,5983,130,fully_outside,0.0,False
250,HS10,123,26856,5983,130,fully_outside,0.0,False
250,HS10,123,26857,5983,130,fully_outside,0.0,False
250,HS10,123,26858,5983,130,fully_outside,0.0,False
250,HS10,123,26859,5983,130,fully_outside,0.0,False
250,HS10,123,26860,5983,130,fully_outside,0.0,False
250,HS10,123,26861,5983,130,fully_outside,0.0,False
250,HS10,123,26862,5983,130,fully_outside,0.0,False
250,HS10,123,26863,5983,130,fully_outside,0.0,False
250,HS10,123,26864,5983,130,fully_outside,0.0,False
250,HS10,123,26865,5983,130,fully_outside,0.0,False
250,HS10,123,26866,5983,130,fully_outside,0.0,False
250,HS10,123,26867,5983,130,fully_outside,0.0,False
250,HS10,123,26868,5983,130,fully_outside,0.0,False
250,HS10,123,26920,5155,130,fully_outside,0.0,False
250,HS10,123,26948,5525,123,fully_outside,0.0,False
250,HS10,123,27131,6043,130,fully_outside,0.0,False
250,HS10,123,27132,5531,130,fully_outside,0.0,False
250,HS10,123,27133,5531,130,fully_outside,0.0,False
250,HS10,123,27134,6044,130,fully_outside,0.0,False
250,HS10,123,27139,5531,130,fully_outside,0.0,False
250,HS10,123,27141,5155,130,fully_outside,0.0,False
250,HS10,123,27142,5155,130,fully_outside,0.0,False
250,HS10,123,27163,5954,130,fully_outside,0.0,False
250,HS10,123,27195,6051,130,fully_outside,0.0,False
250,HS10,123,27196,6051,130,fully_outside,0.0,False
250,HS10,123,27197,6051,130,fully_outside,0.0,False
250,HS10,123,27198,6051,130,fully_outside,0.0,False
250,HS10,123,27199,6051,130,fully_outside,0.0,False
250,HS10,123,27207,6051,130,fully_outside,0.0,False
250,HS10,123,27237,6043,130,fully_outside,0.0,False
250,HS10,123,27238,5531,130,fully_outside,0.0,False
250,HS10,123,27239,6044,130,fully_outside,0.0,False
250,HS10,123,27246,5928,130,fully_outside,0.0,False
250,HS10,123,27247,5928,130,fully_outside,0.0,False
250,HS10,123,27248,5928,130,fully_outside,0.0,False
250,HS10,123,27249,5928,130,fully_outside,0.0,False
250,HS10,123,27250,5928,130,fully_outside,0.0,False
250,HS10,123,27251,5928,130,fully_outside,0.0,False
250,HS10,123,27252,5928,130,fully_outside,0.0,False
250,HS10,123,27253,5928,130,fully_outside,0.0,False
250,HS10,123,27254,5928,130,fully_outside,0.0,False
250,HS10,123,27255,5928,130,fully_outside,0.0,False
250,HS10,123,27256,5928,130,fully_outside,0.0,False
250,HS10,123,27257,5928,130,fully_outside,0.0,False
250,HS10,123,27258,5928,130,fully_outside,0.0,False
250,HS10,123,27268,5928,130,fully_outside,0.0,False
250,HS10,123,27269,5928,130,fully_outside,0.0,False
250,HS10,123,27270,5928,130,fully_outside,0.0,False
250,HS10,123,27271,5928,130,fully_outside,0.0,False
250,HS10,123,27272,6056,130,fully_outside,0.0,False
250,HS10,123,27273,6056,130,fully_outside,0.0,False
250,HS10,123,27275,6056,130,fully_outside,0.0,False
250,HS10,123,27283,4184,123,fully_inside,1.0,False
250,HS10,123,27284,4184,123,fully_inside,0.9999999999999044,False
250,HS10,123,27285,4195,123,fully_inside,1.0,False
250,HS10,123,27287,4184,123,fully_inside,0.9999999999649009,False
250,HS10,123,27288,4184,123,fully_inside,1.0,False
250,HS10,123,27289,5671,123,fully_inside,0.9999999999847826,False
250,HS10,123,27290,4248,123,fully_inside,1.0,False
250,HS10,123,27291,4248,123,fully_inside,0.9999999999936148,False
250,HS10,123,27292,4248,123,fully_inside,1.0,False
250,HS10,123,27293,4248,123,fully_inside,1.0,False
250,HS10,123,27294,4248,123,fully_inside,1.0,False
250,HS10,123,27295,4248,123,fully_inside,0.9999999999982844,False
250,HS10,123,27296,5671,123,fully_inside,1.0,False
250,HS10,123,27297,4248,123,fully_inside,0.9999999999975796,False
250,HS10,123,27298,4248,123,fully_inside,0.9999999999898692,False
250,HS10,123,27299,4248,123,fully_inside,1.0,False
250,HS10,123,27300,4196,123,fully_inside,0.9999999999985443,False
250,HS10,123,27301,4248,123,fully_inside,1.0,False
250,HS10,123,27302,5911,123,crosses_boundary,0.6126520812820843,False
250,HS10,123,27311,4248,123,crosses_boundary,0.9016454442576951,False
250,HS10,123,27312,4248,123,fully_outside,0.0,False
250,HS10,123,27324,6063,123,fully_outside,0.0,False
250,HS10,123,27325,6063,123,fully_outside,0.0,False
250,HS10,123,27330,6065,123,fully_outside,0.0,False
250,HS10,123,27331,6066,123,fully_outside,0.0,False
250,HS10,123,27333,6066,123,fully_outside,0.0,False
250,HS10,123,27334,6066,123,fully_outside,0.0,False
250,HS10,123,27336,6068,123,fully_outside,0.0,False
250,HS10,123,27337,6068,123,fully_outside,0.0,False
250,HS10,123,27338,6068,123,fully_outside,0.0,False
250,HS10,123,27361,6074,123,fully_outside,0.0,False
250,HS10,123,27362,6074,123,fully_outside,0.0,False
250,HS10,123,27363,6074,123,fully_outside,0.0,False
250,HS10,123,27364,6074,123,fully_outside,0.0,False
250,HS10,123,27372,6076,123,fully_outside,0.0,False
250,HS10,123,27375,6076,123,fully_outside,0.0,False
250,HS10,123,27377,6079,123,fully_outside,0.0,False
250,HS10,123,27378,6079,123,fully_outside,0.0,False
250,HS10,123,27379,6079,123,fully_outside,0.0,False
250,HS10,123,27380,6079,123,fully_outside,0.0,False
250,HS10,123,27381,6079,123,fully_outside,0.0,False
250,HS10,123,27382,5740,123,fully_outside,0.0,False
250,HS10,123,27384,5606,123,fully_outside,0.0,False
250,HS10,123,27403,5606,123,fully_outside,0.0,False
250,HS10,123,27404,5606,123,fully_outside,0.0,False
250,HS10,123,27405,5606,123,fully_outside,0.0,False
250,HS10,123,27406,6082,123,fully_outside,0.0,False
250,HS10,123,27407,6083,123,fully_outside,0.0,False
250,HS10,123,27408,6084,123,fully_outside,0.0,False
250,HS10,123,27409,5606,123,fully_outside,0.0,False
250,HS10,123,27410,5606,123,fully_outside,0.0,False
250,HS10,123,27411,6082,123,fully_outside,0.0,False
250,HS10,123,27412,6083,123,fully_outside,0.0,False
250,HS10,123,27413,6085,123,fully_outside,0.0,False
250,HS10,123,27414,6085,123,fully_outside,0.0,False
250,HS10,123,27415,6085,123,fully_outside,0.0,False
250,HS10,123,27416,6085,123,fully_outside,0.0,False
250,HS10,123,27417,6085,123,fully_outside,0.0,False
250,HS10,123,27418,6085,123,fully_outside,0.0,False
250,HS10,123,27419,6085,123,fully_outside,0.0,False
250,HS10,123,27420,6085,123,fully_outside,0.0,False
250,HS10,123,27421,6085,123,fully_outside,0.0,False
250,HS10,123,27422,5608,123,fully_outside,0.0,False
250,HS10,123,27423,6084,123,fully_outside,0.0,False
250,HS10,123,27424,5608,123,fully_outside,0.0,False
250,HS10,123,27425,6086,123,fully_outside,0.0,False
250,HS10,123,27426,6086,123,fully_outside,0.0,False
250,HS10,123,27427,5609,123,fully_outside,0.0,False
250,HS10,123,27428,6086,123,fully_outside,0.0,False
250,HS10,123,27429,6087,123,fully_outside,0.0,False
250,HS10,123,27430,5609,123,fully_outside,0.0,False
250,HS10,123,27431,6088,123,fully_outside,0.0,False
250,HS10,123,27432,6089,123,fully_outside,0.0,False
250,HS10,123,27433,6089,123,fully_outside,0.0,False
250,HS10,123,27434,6089,123,fully_outside,0.0,False
250,HS10,123,27435,6090,123,fully_outside,0.0,False
250,HS10,123,27436,6091,123,fully_outside,0.0,False
250,HS10,123,27437,5619,123,fully_outside,0.0,False
250,HS10,123,27438,6092,123,fully_outside,0.0,False
250,HS10,123,27439,6089,123,fully_outside,0.0,False
250,HS10,123,27440,6090,123,fully_outside,0.0,False
250,HS10,123,27441,6088,123,fully_outside,0.0,False
250,HS10,123,27442,6092,123,fully_outside,0.0,False
250,HS10,123,27443,5619,123,fully_outside,0.0,False
250,HS10,123,27444,6087,123,fully_outside,0.0,False
250,HS10,123,27445,6087,123,fully_outside,0.0,False
250,HS10,123,27446,6087,123,fully_outside,0.0,False
250,HS10,123,27447,6087,123,fully_outside,0.0,False
250,HS10,123,27448,6087,123,fully_outside,0.0,False
250,HS10,123,27449,6087,123,fully_outside,0.0,False
250,HS10,123,27450,6087,123,fully_outside,0.0,False
250,HS10,123,27451,6093,123,fully_outside,0.0,False
250,HS10,123,27452,6094,123,fully_outside,0.0,False
250,HS10,123,27453,6095,123,fully_outside,0.0,False
250,HS10,123,27454,6093,123,fully_outside,0.0,False
250,HS10,123,27455,6095,123,fully_outside,0.0,False
250,HS10,123,27456,6096,123,fully_outside,0.0,False
250,HS10,123,27457,6096,123,fully_outside,0.0,False
250,HS10,123,27458,6096,123,fully_outside,0.0,False
250,HS10,123,27459,6096,123,fully_outside,0.0,False
250,HS10,123,27461,6096,123,fully_outside,0.0,False
250,HS10,123,27462,5718,123,fully_outside,0.0,False
250,HS10,123,27473,5625,123,fully_outside,0.0,False
250,HS10,123,27485,6100,123,fully_outside,0.0,False
250,HS10,123,27486,6101,123,fully_outside,0.0,False
250,HS10,123,27487,6102,123,fully_outside,0.0,False
250,HS10,123,27488,6103,123,fully_outside,0.0,False
250,HS10,123,27489,6103,123,fully_outside,0.0,False
250,HS10,123,27490,5623,123,fully_outside,0.0,False
250,HS10,123,27491,6104,123,fully_outside,0.0,False
250,HS10,123,27492,6102,123,fully_outside,0.0,False
250,HS10,123,27493,6102,123,fully_outside,0.0,False
250,HS10,123,27494,6105,123,fully_outside,0.0,False
250,HS10,123,27495,6102,123,fully_outside,0.0,False
250,HS10,123,27496,5623,123,fully_outside,0.0,False
250,HS10,123,27497,6104,123,fully_outside,0.0,False
250,HS10,123,27498,6102,123,fully_outside,0.0,False
250,HS10,123,27499,6102,123,fully_outside,0.0,False
250,HS10,123,27500,6102,123,fully_outside,0.0,False
250,HS10,123,27501,6105,123,fully_outside,0.0,False
250,HS10,123,27502,5625,123,fully_outside,0.0,False
250,HS10,123,27503,6106,123,fully_outside,0.0,False
250,HS10,123,27504,5625,123,fully_outside,0.0,False
250,HS10,123,27505,6106,123,fully_outside,0.0,False
250,HS10,123,27506,6107,123,fully_outside,0.0,False
250,HS10,123,27507,6107,123,fully_outside,0.0,False
250,HS10,123,27508,6107,123,fully_outside,0.0,False
250,HS10,123,27509,6107,123,fully_outside,0.0,False
250,HS10,123,27510,6107,123,fully_outside,0.0,False
250,HS10,123,27511,6107,123,fully_outside,0.0,False
250,HS10,123,27512,6107,123,fully_outside,0.0,False
250,HS10,123,27513,6107,123,fully_outside,0.0,False
250,HS10,123,27514,6107,123,fully_outside,0.0,False
250,HS10,123,27515,6107,123,fully_outside,0.0,False
250,HS10,123,27516,6107,123,fully_outside,0.0,False
250,HS10,123,27517,6107,123,fully_outside,0.0,False
250,HS10,123,27518,6108,123,fully_outside,0.0,False
250,HS10,123,27519,6108,123,fully_outside,0.0,False
250,HS10,123,27520,6108,123,fully_outside,0.0,False
250,HS10,123,27521,5629,123,fully_outside,0.0,False
250,HS10,123,27522,6108,123,fully_outside,0.0,False
250,HS10,123,27523,5629,123,fully_outside,0.0,False
250,HS10,123,27524,6108,123,fully_outside,0.0,False
250,HS10,123,27525,6109,123,fully_outside,0.0,False
250,HS10,123,27526,6109,123,fully_outside,0.0,False
250,HS10,123,27527,6109,123,fully_outside,0.0,False
250,HS10,123,27528,6109,123,fully_outside,0.0,False
250,HS10,123,27529,6110,123,fully_outside,0.0,False
250,HS10,123,27530,6111,123,fully_outside,0.0,False
250,HS10,123,27531,6110,123,fully_outside,0.0,False
250,HS10,123,27532,6111,123,fully_outside,0.0,False
250,HS10,123,27533,6112,123,fully_outside,0.0,False
250,HS10,123,27534,6112,123,fully_outside,0.0,False
250,HS10,123,27535,6108,123,fully_outside,0.0,False
250,HS10,123,27536,6113,123,fully_outside,0.0,False
250,HS10,123,27537,6108,123,fully_outside,0.0,False
250,HS10,123,27538,6113,123,fully_outside,0.0,False
250,HS10,123,27539,5637,123,fully_outside,0.0,False
250,HS10,123,27540,6108,123,fully_outside,0.0,False
250,HS10,123,27541,6113,123,fully_outside,0.0,False
250,HS10,123,27542,6109,123,fully_outside,0.0,False
250,HS10,123,27543,6109,123,fully_outside,0.0,False
250,HS10,123,27544,6109,123,fully_outside,0.0,False
250,HS10,123,27545,5637,123,fully_outside,0.0,False
250,HS10,123,27546,6112,123,fully_outside,0.0,False
250,HS10,123,27601,4248,123,fully_outside,0.0,False
250,HS10,123,27605,6065,123,fully_outside,0.0,False
250,HS10,123,27606,6065,123,fully_outside,0.0,False
250,HS10,123,27608,5740,123,fully_outside,0.0,False
250,HS10,123,27611,5740,123,fully_outside,0.0,False
250,HS10,123,27612,5609,123,fully_outside,0.0,False
250,HS10,123,27613,5740,123,fully_outside,0.0,False
250,HS10,123,27614,5740,123,fully_outside,0.0,False
250,HS10,123,27615,5609,123,fully_outside,0.0,False
250,HS10,123,27616,5637,123,fully_outside,0.0,False
250,HS10,123,27617,5609,123,fully_outside,0.0,False
250,HS10,123,27618,5609,123,fully_outside,0.0,False
250,HS10,123,27620,5609,123,fully_outside,0.0,False
250,HS10,123,27621,6124,123,fully_outside,0.0,False
250,HS10,123,27622,6124,123,fully_outside,0.0,False
250,HS10,123,27623,6124,123,fully_outside,0.0,False
250,HS10,123,27624,5743,123,fully_outside,0.0,False
250,HS10,123,27625,5637,123,fully_outside,0.0,False
250,HS10,123,27626,6125,123,fully_outside,0.0,False
250,HS10,123,27627,5637,123,fully_outside,0.0,False
250,HS10,123,27628,6125,123,fully_outside,0.0,False
250,HS10,123,27629,6125,123,fully_outside,0.0,False
250,HS10,123,27631,4248,123,fully_inside,1.0,False
250,HS10,123,27632,4248,123,fully_inside,0.9999999999999707,False
250,HS10,123,27633,4248,123,fully_inside,0.9999999999999708,False
250,HS10,123,27634,4248,123,fully_inside,1.0,False
250,HS10,123,27635,4248,123,fully_inside,0.9999999999979191,False
250,HS10,123,27636,4248,123,fully_inside,0.9999999999977195,False
250,HS10,123,27637,4248,123,fully_inside,1.0,False
250,HS10,123,27638,4244,123,crosses_boundary,0.7091894917536935,False
250,HS10,123,27639,4244,123,crosses_boundary,0.7091894919169701,False
250,HS10,123,27640,4244,123,crosses_boundary,0.7091894917257047,False
250,HS10,123,27641,4244,123,crosses_boundary,0.7091894917893973,False
250,HS10,123,27642,4244,123,crosses_boundary,0.7057718431035256,False
250,HS10,123,27643,4248,123,crosses_boundary,0.24412553912631058,False
250,HS10,123,27645,6065,123,fully_outside,0.0,False
250,HS10,123,27647,5740,123,fully_outside,0.0,False
250,HS10,123,27648,5740,123,fully_outside,0.0,False
250,HS10,123,27649,5609,123,fully_outside,0.0,False
250,HS10,123,27650,6124,123,fully_outside,0.0,False
250,HS10,123,27651,6124,123,fully_outside,0.0,False
250,HS10,123,27652,5637,123,fully_outside,0.0,False
250,HS10,123,27653,6125,123,fully_outside,0.0,False
250,HS10,123,27654,4244,123,crosses_boundary,0.6757844415607503,False
250,HS10,123,27655,4244,123,crosses_boundary,0.4850694070932384,False
250,HS10,123,27656,4244,123,crosses_boundary,0.04308097746274042,False
250,HS10,123,27657,4244,123,fully_outside,0.0,False
250,HS10,123,27658,4244,123,fully_outside,0.0,False
250,HS10,123,27659,6126,123,fully_outside,0.0,False
250,HS10,123,27660,6126,123,fully_outside,0.0,False
250,HS10,123,27661,6126,123,fully_outside,0.0,False
250,HS10,123,27662,6126,123,fully_outside,0.0,False
250,HS10,123,27663,6126,123,fully_outside,0.0,False
250,HS10,123,27664,6126,123,fully_outside,0.0,False
250,HS10,123,27665,6126,123,fully_outside,0.0,False
250,HS10,123,27666,6126,123,fully_outside,0.0,False
250,HS10,123,27667,6127,123,fully_outside,0.0,False
250,HS10,123,27696,5525,123,fully_outside,0.0,False
250,HS10,123,27752,5805,123,fully_outside,0.0,False
250,HS10,123,27783,5637,123,fully_outside,0.0,False
250,HS10,123,27786,5525,123,fully_outside,0.0,False
250,HS10,123,27796,5805,123,fully_outside,0.0,False
250,HS10,123,27817,6127,123,fully_outside,0.0,False
250,HS10,123,27818,6127,123,fully_outside,0.0,False
250,HS10,123,27819,6127,123,fully_outside,0.0,False
250,HS10,123,27823,6127,123,fully_outside,0.0,False
250,HS10,123,37635,8119,110,fully_outside,0.0,False
250,HS10,123,37636,2521,110,fully_outside,0.0,False
250,HS10,123,37637,2842,110,fully_outside,0.0,False
250,HS10,123,37638,2842,110,fully_outside,0.0,False
250,HS10,123,37639,2842,110,fully_outside,0.0,False
250,HS10,123,37640,2842,110,fully_outside,0.0,False
250,HS10,123,37641,2842,110,fully_outside,0.0,False
250,HS10,123,37642,2842,110,fully_outside,0.0,False
250,HS10,123,37643,2842,110,fully_outside,0.0,False
250,HS10,123,37644,2842,110,fully_outside,0.0,False
250,HS10,123,37645,2842,110,fully_outside,0.0,False
250,HS10,123,37646,2842,110,fully_outside,0.0,False
250,HS10,123,37647,2842,110,fully_outside,0.0,False
250,HS10,123,37648,2842,110,fully_outside,0.0,False
250,HS10,123,37649,2842,110,fully_outside,0.0,False
250,HS10,123,37650,2842,110,fully_outside,0.0,False
250,HS10,123,39295,8521,110,fully_outside,0.0,False
250,HS10,123,39296,8522,110,fully_outside,0.0,False
250,HS10,123,39297,8523,110,fully_outside,0.0,False
250,HS10,123,39307,8521,110,fully_outside,0.0,False
250,HS10,123,39308,3121,110,fully_outside,0.0,False
250,HS10,123,39309,8522,110,fully_outside,0.0,False
250,HS10,123,39310,8523,110,fully_outside,0.0,False
250,HS10,123,52531,8523,110,fully_outside,0.0,False
250,HS10,123,52536,4233,110,fully_outside,0.0,False
250,HS10,123,52537,4233,110,fully_outside,0.0,False
250,HS10,123,52540,4233,110,fully_outside,0.0,False
250,HS10,123,52541,4233,110,fully_outside,0.0,False
